idx,fold,true,pred,prob_true,top1,top3,top5,top5_with_delta
0,0,alginate,alginate,0.998,PL17,PL17;PL6;binding,PL17;PL6;binding;2;PfkB,PL17:+0.1187;PL6:+0.0272;binding:+0.0262;2:+0.0247;PfkB:+0.0203
9,0,alginate,alginate,0.7934718235041479,PL17,PL17;PL6;2.A.1,PL17;PL6;2.A.1;1;binding,PL17:+0.0869;PL6:+0.0736;2.A.1:+0.0597;1:+0.0402;binding:+0.0367
12,0,alginate,alginate,1.0,PL17,PL17;PL6;1,PL17;PL6;1;2;1.B.14,PL17:+0.1766;PL6:+0.1336;1:+0.1063;2:+0.0573;1.B.14:+0.0570
15,0,alginate,alginate,0.7890626756162584,PL17,PL17;PL6;2.A.1,PL17;PL6;2.A.1;binding;1,PL17:+0.0846;PL6:+0.0731;2.A.1:+0.0602;binding:+0.0375;1:+0.0371
19,0,alginate,alginate,1.0,PL6,PL6;1;1.B.14,PL6;1;1.B.14;LacI;null,PL6:+0.2730;1:+0.1869;1.B.14:+0.1546;LacI:+0.1087;null:+0.0823
31,0,alginate,alginate,1.0,PL17,PL17;PL6;1,PL17;PL6;1;2;2.A.1,PL17:+0.2239;PL6:+0.1598;1:+0.0915;2:+0.0774;2.A.1:+0.0467
34,0,alginate,alginate,0.8671162127359078,PL17,PL17;PL6;2.A.1,PL17;PL6;2.A.1;2;1,PL17:+0.1862;PL6:+0.1473;2.A.1:+0.0826;2:+0.0696;1:+0.0618
41,0,alginate,alginate,0.8826366386989578,PL5,PL5;PL15;1,PL5;PL15;1;3.A.1;PL7,PL5:+0.1682;PL15:+0.1558;1:+0.1454;3.A.1:+0.1245;PL7:+0.1044
46,0,alginate,alginate,0.7487283631946553,PL6,PL6;1;PL7,PL6;1;PL7,PL6:+0.2207;1:+0.0970;PL7:+0.0657
47,0,alginate,alginate,0.8976833976833977,PL17,PL17;1.B.14;PL6,PL17;1.B.14;PL6;1;binding,PL17:+0.0742;1.B.14:+0.0517;PL6:+0.0512;1:+0.0462;binding:+0.0392
48,0,alpha-glucan,alpha-glucan,1.0,GH97,GH97;GH31;1.B.14,GH97;GH31;1.B.14;8.A.46;null,GH97:+0.4244;GH31:+0.2087;1.B.14:+0.1378;8.A.46:+0.1190;null:+0.0444
58,0,alpha-glucan,alpha-glucan,1.0,LacI,LacI;GH32;2.A.1,LacI;GH32;2.A.1,LacI:+1.0000;GH32:+0.2512;2.A.1:+0.1801
64,0,alpha-glucan,beta-glucan,0.34716114660080155,GH13,GH13,GH13,GH13:+0.2826
70,0,alpha-glucan,alpha-glucan,1.0,GH13,GH13;20;3.A.1,GH13;20;3.A.1;CBM34;null,GH13:+0.2915;20:+0.1354;3.A.1:+0.1121;CBM34:+0.0851;null:+0.0139
71,0,alpha-glucan,alpha-glucan,0.8351324921435149,GH13,GH13;GT5;GT35,GH13;GT5;GT35;CBM48;null,GH13:+0.1919;GT5:+0.1109;GT35:+0.0908;CBM48:+0.0617;null:+0.0247
72,0,alpha-glucan,alpha-glucan,1.0,GH13,GH13;GT5;9,GH13;GT5;9;CBM48;GT35,GH13:+0.1833;GT5:+0.1095;9:+0.1074;CBM48:+0.0828;GT35:+0.0757
74,0,alpha-glucan,alpha-glucan,1.0,GH13,GH13;GT5;9,GH13;GT5;9;CBM48;null,GH13:+0.1679;GT5:+0.1041;9:+0.0608;CBM48:+0.0564;null:+0.0080
75,0,alpha-glucan,alpha-glucan,0.8260038240917782,18,18;LacI;PfkB,18;LacI;PfkB;GH13;GH32,18:+0.1728;LacI:+0.1629;PfkB:+0.1475;GH13:+0.1470;GH32:+0.1444
81,0,alpha-glucan,alpha-glucan,0.9982873313298342,GH97,GH97;GH13;1.B.14,GH97;GH13;1.B.14;8.A.46;null,GH97:+0.1831;GH13:+0.1627;1.B.14:+0.0730;8.A.46:+0.0657;null:+0.0225
87,0,alpha-glucan,alpha-glucan,0.9150391644908616,GH13,GH13;LacI;30,GH13;LacI;30;3.A.1,GH13:+0.3145;LacI:+0.2892;30:+0.1268;3.A.1:+0.0139
102,0,alpha-glucan,alpha-glucan,1.0,GH66,GH66;GH31;8.A.46,GH66;GH31;8.A.46;1.B.14;null,GH66:+0.4244;GH31:+0.3408;8.A.46:+0.1915;1.B.14:+0.0695;null:+0.0492
108,0,alpha-glucan,alpha-glucan,0.6432038834951457,GH32,GH32;SBP;bac,GH32;SBP;bac;1;3.A.1,GH32:+0.3912;SBP:+0.1809;bac:+0.1632;1:+0.1213;3.A.1:+0.0593
116,0,alpha-glucan,alpha-glucan,1.0,GH97,GH97;GH13;1.B.14,GH97;GH13;1.B.14;null,GH97:+0.2840;GH13:+0.2727;1.B.14:+0.0888;null:+0.0143
120,0,alpha-glucan,alpha-glucan,0.4850498338870432,GH97,GH97;GH13;null,GH97;GH13;null,GH97:+0.2258;GH13:+0.1271;null:+0.0077
125,0,alpha-glucan,alpha-glucan,0.9552529182879377,GH77,GH77;LacI;GT35,GH77;LacI;GT35;3.A.1,GH77:+0.3524;LacI:+0.3126;GT35:+0.2531;3.A.1:+0.0659
126,0,alpha-glucan,alpha-glucan,1.0,LacI,LacI;GH77;GT35,LacI;GH77;GT35;3.A.1;null,LacI:+0.3628;GH77:+0.3384;GT35:+0.2697;3.A.1:+0.1399;null:+0.0447
127,0,alpha-glucan,alpha-glucan,0.8893605363755892,LacI,LacI;GH77;GT35,LacI;GH77;GT35,LacI:+0.2335;GH77:+0.1798;GT35:+0.1673
135,0,alpha-glucan,alpha-glucan,1.0,GH32,GH32;LacI;SBP,GH32;LacI;SBP;bac;1,GH32:+0.6224;LacI:+0.3568;SBP:+0.3490;bac:+0.3218;1:+0.2714
145,0,alpha-glucan,alpha-glucan,0.7105517646734437,GH32,GH32;LacI,GH32;LacI,GH32:+0.2307;LacI:+0.1474
150,0,alpha-glucan,alpha-glucan,0.8252788104089219,GH13,GH13;20;CBM34,GH13;20;CBM34;3.A.1,GH13:+0.1139;20:+0.0714;CBM34:+0.0590;3.A.1:+0.0147
152,0,alpha-glucan,alpha-glucan,0.800804828973843,GH13,GH13;CBM34;39,GH13;CBM34;39;CBM20;null,GH13:+0.3255;CBM34:+0.0767;39:+0.0097;CBM20:+0.0070;null:+0.0029
154,0,alpha-glucan,alpha-glucan,0.8252788104089219,GH13,GH13;20;CBM34,GH13;20;CBM34;3.A.1,GH13:+0.1139;20:+0.0714;CBM34:+0.0590;3.A.1:+0.0147
155,0,alpha-glucan,alpha-glucan,1.0,3.A.2,3.A.2;GH32;null,3.A.2;GH32;null,3.A.2:+0.3729;GH32:+0.3622;null:+0.2041
156,0,alpha-glucan,alpha-glucan,0.9880239520958084,GH97,GH97;GH13;1.B.14,GH97;GH13;1.B.14;8.A.46;46,GH97:+0.2304;GH13:+0.1167;1.B.14:+0.0797;8.A.46:+0.0446;46:+0.0375
165,0,alpha-glucan,alpha-glucan,1.0,LacI,LacI;GH32;4.A.1,LacI;GH32;4.A.1,LacI:+0.3714;GH32:+0.2156;4.A.1:+0.1801
170,0,alpha-glucan,alpha-glucan,1.0,GH13,GH13;GT5;9,GH13;GT5;9;Pyr;redox,GH13:+0.1134;GT5:+0.0528;9:+0.0354;Pyr:+0.0257;redox:+0.0199
183,0,alpha-mannan,alpha-mannan,0.9132947976878611,GH76,GH76;GH125;GH92,GH76;GH125;GH92;GH97;GH67,GH76:+0.2225;GH125:+0.2133;GH92:+0.1795;GH97:+0.1676;GH67:+0.1045
190,0,alpha-mannan,alpha-mannan,1.0,null,null;GH92;1.B.14,null;GH92;1.B.14,null:+0.2662;GH92:+0.2645;1.B.14:+0.2244
191,0,alpha-mannan,alpha-mannan,0.9723320158102766,GH92,GH92;null;1.B.14,GH92;null;1.B.14;9.B.14;GH99,GH92:+0.1749;null:+0.1604;1.B.14:+0.1476;9.B.14:+0.0275;GH99:+0.0197
194,0,alpha-mannan,alpha-mannan,1.0,null,null;GH92;1.B.14,null;GH92;1.B.14;9.B.14,null:+0.1881;GH92:+0.1794;1.B.14:+0.1675;9.B.14:+0.0180
200,0,arabinogalactan,arabinogalactan,0.9608610567514677,9.B.28,9.B.28;GH43;2.A.3,9.B.28;GH43;2.A.3;34;22,9.B.28:+0.2287;GH43:+0.1995;2.A.3:+0.1888;34:+0.1340;22:+0.1262
209,0,arabinogalactan,arabinogalactan,0.9902937925642052,1.B.14,1.B.14;GH16;AraC,1.B.14;GH16;AraC;CBM32;HTH,1.B.14:+0.2848;GH16:+0.2330;AraC:+0.1681;CBM32:+0.1586;HTH:+0.1324
215,0,arabinogalactan,arabinogalactan,0.8115384615384614,4,4;GH43;29,4;GH43;29;1.B.14;GH51,4:+0.2575;GH43:+0.2292;29:+0.2208;1.B.14:+0.1979;GH51:+0.1318
218,0,arabinogalactan,host glycan,0.11264538512810826,GH51,GH51;4;2,GH51;4;2;HTH;null,GH51:+0.0626;4:+0.0538;2:+0.0524;HTH:+0.0170;null:+0.0057
225,0,arabinogalactan,arabinogalactan,0.9959919839679359,null,null;AraC;24,null;AraC;24;HTH;GH35,null:+0.1945;AraC:+0.1757;24:+0.1725;HTH:+0.1678;GH35:+0.1620
232,0,arabinogalactan,arabinogalactan,1.0,24,24;GH154;GH105,24;GH154;GH105;17;GH43,24:+0.2377;GH154:+0.1968;GH105:+0.1703;17:+0.1599;GH43:+0.1570
233,0,arabinogalactan,arabinogalactan,0.29206991026731316,GH51,GH51;3.A.1;GH127,GH51;3.A.1;GH127,GH51:+0.0810;3.A.1:+0.0783;GH127:+0.0309
236,0,beta-glucan,beta-glucan,0.8079847393606354,3,3;GH3;GH16,3;GH3;GH16;1.B.14,3:+0.3044;GH3:+0.2624;GH16:+0.0925;1.B.14:+0.0006
240,0,beta-glucan,beta-glucan,0.9820674646354733,GH1,GH1;LacI;1.B.14,GH1;LacI;1.B.14;2.A.2;Peripla,GH1:+0.4858;LacI:+0.2714;1.B.14:+0.1902;2.A.2:+0.0685;Peripla:+0.0043
245,0,beta-glucan,beta-glucan,1.0,LacI,LacI;GH3;GH1,LacI;GH3;GH1;1.B.14;GH16,LacI:+0.1614;GH3:+0.1302;GH1:+0.0905;1.B.14:+0.0854;GH16:+0.0785
246,0,beta-glucan,beta-glucan,0.8209379815353817,GH3,GH3;GH30;1.B.14,GH3;GH30;1.B.14;GH16;8.A.46,GH3:+0.1291;GH30:+0.0748;1.B.14:+0.0687;GH16:+0.0661;8.A.46:+0.0556
255,0,beta-glucan,beta-glucan,1.0,CBM4,CBM4;1.B.14;null,CBM4;1.B.14;null,CBM4:+0.6522;1.B.14:+0.3147;null:+0.1410
262,0,beta-glucan,beta-glucan,1.0,GH1,GH1;4.A.1,GH1;4.A.1,GH1:+0.7143;4.A.1:+0.4654
267,0,beta-glucan,beta-glucan,1.0,LacI,LacI;GH3;GH1,LacI;GH3;GH1;3;1.B.14,LacI:+0.1693;GH3:+0.1459;GH1:+0.1286;3:+0.1200;1.B.14:+0.0937
272,0,beta-glucan,beta-glucan,1.0,GH5,GH5;GH3;GH31,GH5;GH3;GH31;4;GH2,GH5:+0.1824;GH3:+0.1472;GH31:+0.1468;4:+0.1453;GH2:+0.1060
284,0,beta-glucan,beta-glucan,1.0,GH158,GH158;GerE;GH3,GH158;GerE;GH3;1.B.14;null,GH158:+0.4709;GerE:+0.4435;GH3:+0.3057;1.B.14:+0.2236;null:+0.1448
287,0,beta-glucan,pectin,0.3356009070294784,GH3,GH3;HTH;1.B.14,GH3;HTH;1.B.14;AraC;null,GH3:+0.2744;HTH:+0.1452;1.B.14:+0.1077;AraC:+0.1028;null:+0.0384
291,0,beta-glucan,beta-glucan,1.0,GH3,GH3;8.A.46;GH16,GH3;8.A.46;GH16;1.B.14;3,GH3:+0.2833;8.A.46:+0.2177;GH16:+0.2023;1.B.14:+0.1716;3:+0.0766
297,0,beta-glucan,beta-glucan,0.9524438573315719,GH9,GH9;GH8;CBM4,GH9;GH8;CBM4;CBM3;GH48,GH9:+0.1239;GH8:+0.0298;CBM4:+0.0212;CBM3:+0.0186;GH48:+0.0027
300,0,beta-glucan,beta-glucan,0.8871595330739299,GH5,GH5;4;1.B.14,GH5;4;1.B.14;CBM4;null,GH5:+0.2230;4:+0.1760;1.B.14:+0.1156;CBM4:+0.0855;null:+0.0689
308,0,beta-glucan,beta-glucan,1.0,1.B.3,1.B.3;GntR;GH1,1.B.3;GntR;GH1;4.A.3,1.B.3:+0.5179;GntR:+0.4860;GH1:+0.4312;4.A.3:+0.3458
316,0,beta-glucan,pectin,0.3356009070294784,GH3,GH3;HTH;1.B.14,GH3;HTH;1.B.14;AraC;null,GH3:+0.2744;HTH:+0.1452;1.B.14:+0.1077;AraC:+0.1028;null:+0.0384
318,0,beta-glucan,beta-glucan,0.39469026548672564,CBM4,CBM4;GH16,CBM4;GH16,CBM4:+0.1490;GH16:+0.0582
322,0,beta-glucan,beta-glucan,1.0,GH1,GH1;LacI;3.A.1,GH1;LacI;3.A.1,GH1:+0.8857;LacI:+0.4732;3.A.1:+0.2493
327,0,beta-glucan,beta-glucan,0.9709154785513701,GH5,GH5;4;1.B.14,GH5;4;1.B.14;GH36;AraC,GH5:+0.3203;4:+0.2697;1.B.14:+0.1533;GH36:+0.1264;AraC:+0.1122
332,0,beta-glucan,beta-glucan,0.9842209072978304,M23,M23;GH73;null,M23;GH73;null;Peptidase;9.B.154,M23:+0.1686;GH73:+0.1356;null:+0.1288;Peptidase:+0.1148;9.B.154:+0.1010
333,0,beta-glucan,beta-glucan,1.0,M23,M23;null;GH73,M23;null;GH73;Peptidase;9.B.154,M23:+0.1705;null:+0.1446;GH73:+0.1433;Peptidase:+0.1207;9.B.154:+0.1025
334,0,beta-glucan,beta-glucan,1.0,M23,M23;null;GH73,M23;null;GH73;Peptidase;9.B.154,M23:+0.1754;null:+0.1446;GH73:+0.1392;Peptidase:+0.1265;9.B.154:+0.0971
344,0,beta-glucan,beta-glucan,1.0,GH4,GH4;11;4.A.3,GH4;11;4.A.3;Mga;HTH,GH4:+0.5010;11:+0.3841;4.A.3:+0.3582;Mga:+0.3462;HTH:+0.2146
351,0,beta-glucan,beta-glucan,0.6738684396407709,GH73,GH73;9.B.154;null,GH73;9.B.154;null,GH73:+0.2422;9.B.154:+0.1798;null:+0.0459
352,0,beta-glucan,beta-glucan,1.0,M23,M23;null;GH73,M23;null;GH73;Peptidase;9.B.154,M23:+0.1719;null:+0.1446;GH73:+0.1371;Peptidase:+0.1337;9.B.154:+0.1036
355,0,beta-glucan,beta-glucan,0.7941379275885156,GH31,GH31;GH9;3,GH31;GH9;3;1.B.14;9.B.27,GH31:+0.1251;GH9:+0.1075;3:+0.1036;1.B.14:+0.0414;9.B.27:+0.0217
357,0,beta-mannan,beta-mannan,0.5258356362462258,LacI,LacI;2.A.2;GH2,LacI;2.A.2;GH2,LacI:+0.3402;2.A.2:+0.1922;GH2:+0.1677
359,0,beta-mannan,galactan,0.3894974194432412,LacI,LacI;2.A.2;GH2,LacI;2.A.2;GH2,LacI:+0.2905;2.A.2:+0.1853;GH2:+0.1318
369,0,beta-mannan,beta-mannan,0.6081644471982396,4.A.3,4.A.3;GH1,4.A.3;GH1,4.A.3:+0.4419;GH1:+0.2679
370,0,beta-mannan,beta-mannan,1.0,GH26,GH26;4.A.3;GntR,GH26;4.A.3;GntR;null;GH1,GH26:+0.5627;4.A.3:+0.4388;GntR:+0.4000;null:+0.2607;GH1:+0.1600
374,0,beta-mannan,beta-mannan,1.0,GH3,GH3;CBM23;CBM27,GH3;CBM23;CBM27,GH3:+0.3315;CBM23:+0.0721;CBM27:+0.0447
386,0,beta-mannan,beta-mannan,0.7915318004024583,GH130,GH130;GH26;2.A.2,GH130;GH26;2.A.2;null,GH130:+0.4204;GH26:+0.2417;2.A.2:+0.1764;null:+0.0073
388,0,beta-mannan,beta-mannan,0.5517241379310345,CE7,CE7;AraC;HTH,CE7;AraC;HTH;GH26;7,CE7:+0.2435;AraC:+0.1213;HTH:+0.1204;GH26:+0.0768;7:+0.0480
393,0,beta-mannan,beta-mannan,0.8827160493827161,GH130,GH130;2;1,GH130;2;1;CE7;GH26,GH130:+0.1861;2:+0.1786;1:+0.1373;CE7:+0.0801;GH26:+0.0759
396,0,beta-mannan,beta-mannan,0.996290510574705,GH42,GH42;3.A.1,GH42;3.A.1,GH42:+0.7719;3.A.1:+0.3152
404,0,beta-mannan,beta-mannan,0.9986451827299143,GH130,GH130;GH26;1.B.14,GH130;GH26;1.B.14;2.A.2;HTH,GH130:+0.2556;GH26:+0.2341;1.B.14:+0.1086;2.A.2:+0.1036;HTH:+0.0942
410,0,beta-mannan,beta-mannan,1.0,31,31;4.A.1;LacI,31;4.A.1;LacI;GH13;GH32,31:+0.6727;4.A.1:+0.5300;LacI:+0.4710;GH13:+0.4072;GH32:+0.3829
413,0,beta-mannan,beta-mannan,0.8238636363636364,GH130,GH130;GH26;2.A.21,GH130;GH26;2.A.21;HTH;AraC,GH130:+0.2119;GH26:+0.1460;2.A.21:+0.0923;HTH:+0.0847;AraC:+0.0734
417,0,beta-mannan,beta-mannan,0.9747784478705366,GH130,GH130;GH26;2.A.2,GH130;GH26;2.A.2;1.B.14;HTH,GH130:+0.2779;GH26:+0.2463;2.A.2:+0.1357;1.B.14:+0.1351;HTH:+0.1093
429,0,chitin,chitin,0.5309278350515463,3.A.1,3.A.1;GH18;CBM5,3.A.1;GH18;CBM5;PIG-L;SBP,3.A.1:+0.0708;GH18:+0.0652;CBM5:+0.0500;PIG-L:+0.0484;SBP:+0.0069
433,0,chitin,chitin,0.9898580121703854,GH4,GH4;4.A.3;null,GH4;4.A.3;null,GH4:+0.6130;4.A.3:+0.6021;null:+0.1481
437,0,chitin,chitin,1.0,4.A.3,4.A.3;GH4;AraC,4.A.3;GH4;AraC;HTH,4.A.3:+0.7069;GH4:+0.2775;AraC:+0.1164;HTH:+0.0554
445,0,chitin,chitin,1.0,GH18,GH18;CBM5,GH18;CBM5,GH18:+0.3499;CBM5:+0.1221
453,0,chitin,chitin,1.0,4.A.3,4.A.3;GH4;CE4,4.A.3;GH4;CE4,4.A.3:+0.5312;GH4:+0.4857;CE4:+0.1583
456,0,chitin,chitin,1.0,4.A.3,4.A.3;GH4;AraC,4.A.3;GH4;AraC;HTH,4.A.3:+1.0000;GH4:+0.2760;AraC:+0.1501;HTH:+0.0833
465,0,chitin,chitin,1.0,GH20,GH20;reg;3.A.1,GH20;reg;3.A.1;GH9;Response,GH20:+0.2462;reg:+0.2027;3.A.1:+0.2007;GH9:+0.1730;Response:+0.1360
466,0,chitin,chitin,0.941738797105633,AA10,AA10;1;1.E.2,AA10;1;1.E.2;GH18;HTH,AA10:+0.2371;1:+0.2006;1.E.2:+0.1397;GH18:+0.1289;HTH:+0.0952
470,0,chitin,chitin,1.0,4.A.3,4.A.3;GH4;AraC,4.A.3;GH4;AraC;HTH,4.A.3:+0.7069;GH4:+0.2775;AraC:+0.1164;HTH:+0.0554
474,0,chitin,chitin,0.7751445250242839,4.A.3,4.A.3;GH4;AraC,4.A.3;GH4;AraC;HTH,4.A.3:+0.5662;GH4:+0.2647;AraC:+0.0923;HTH:+0.0118
481,0,chitin,chitin,1.0,GH4,GH4;4.A.3;null,GH4;4.A.3;null,GH4:+0.6274;4.A.3:+0.6240;null:+0.1583
485,0,chitin,chitin,1.0,4.A.3,4.A.3;GH4;AraC,4.A.3;GH4;AraC;HTH,4.A.3:+0.5968;GH4:+0.3160;AraC:+0.0664;HTH:+0.0244
486,0,chitin,arabinogalactan,0.015597920277296357,SIS,SIS,SIS,SIS:+0.0156
489,0,fructan,fructan,1.0,GH68,GH68;2.A.3;GH32,GH68;2.A.3;GH32,GH68:+0.3083;2.A.3:+0.2624;GH32:+0.2399
495,0,fructan,fructan,1.0,GH32,GH32;1.B.14;null,GH32;1.B.14;null,GH32:+0.8082;1.B.14:+0.4163;null:+0.2421
504,0,fructan,fructan,0.8381642512077294,GH32,GH32;2.A.1;HTH,GH32;2.A.1;HTH;PfkB;AraC,GH32:+0.3912;2.A.1:+0.1289;HTH:+0.0973;PfkB:+0.0940;AraC:+0.0910
507,0,fructan,fructan,0.5018889083012024,3.A.1,3.A.1;GH32;null,3.A.1;GH32;null,3.A.1:+0.4256;GH32:+0.1476;null:+0.0170
511,0,fructan,fructan,1.0,GH32,GH32;1.B.14;null,GH32;1.B.14;null,GH32:+0.8082;1.B.14:+0.4163;null:+0.2421
513,0,fructan,fructan,1.0,null,null;4.A.1;LacI,null;4.A.1;LacI;GH32,null:+1.0000;4.A.1:+0.7954;LacI:+0.6644;GH32:+0.4029
520,0,galactan,galactan,0.918560606060606,16,16;GH16;null,16;GH16;null,16:+0.6992;GH16:+0.3377;null:+0.0406
523,0,galactan,galactan,1.0,GH4,GH4;AraC;HTH,GH4;AraC;HTH,GH4:+0.4303;AraC:+0.3382;HTH:+0.2639
537,0,galactan,galactan,0.6595365418894831,GntR,GntR;null;2.A.1,GntR;null;2.A.1;GH16;CBM16,GntR:+0.1386;null:+0.1386;2.A.1:+0.1148;GH16:+0.1146;CBM16:+0.0263
542,0,galactan,galactan,0.9964107294138159,GH2,GH2;HTH;GH53,GH2;HTH;GH53;8.A.46;AraC,GH2:+0.3671;HTH:+0.3294;GH53:+0.3133;8.A.46:+0.2735;AraC:+0.2718
547,0,galactan,host glycan,0.32475247524752476,GH117,GH117;null;MarR,GH117;null;MarR,GH117:+0.1475;null:+0.0573;MarR:+0.0172
549,0,galactan,galactan,0.6539162112932604,GH36,GH36;18;3.A.1,GH36;18;3.A.1;31;GH13,GH36:+0.2371;18:+0.2323;3.A.1:+0.1934;31:+0.1521;GH13:+0.0767
550,0,galactan,galactan,1.0,GH4,GH4;CE19;LacI,GH4;CE19;LacI;bac;SBP,GH4:+0.4444;CE19:+0.3535;LacI:+0.3443;bac:+0.1935;SBP:+0.1889
554,0,galactan,galactan,0.8632162661737524,GH16,GH16;null;GH154,GH16;null;GH154;GH2;GH117,GH16:+0.1445;null:+0.1191;GH154:+0.0949;GH2:+0.0932;GH117:+0.0837
561,0,galactan,galactan,0.410896239384021,GH53,GH53;HTH;AraC,GH53;HTH;AraC;8.A.46,GH53:+0.2946;HTH:+0.2187;AraC:+0.1972;8.A.46:+0.0668
563,0,galactan,beta-mannan,0.47416436375377424,2.A.2,2.A.2;GH2,2.A.2;GH2,2.A.2:+0.1912;GH2:+0.1188
565,0,galactan,galactan,1.0,GH42,GH42;LacI;3.A.1,GH42;LacI;3.A.1,GH42:+0.8334;LacI:+0.7583;3.A.1:+0.5566
567,0,galactan,galactan,1.0,GH42,GH42;LacI;3.A.1,GH42;LacI;3.A.1,GH42:+0.8334;LacI:+0.7583;3.A.1:+0.5566
580,0,galactan,galactan,0.5140350877192983,GH110,GH110;1.B.14;null,GH110;1.B.14;null,GH110:+0.4992;1.B.14:+0.0851;null:+0.0798
589,0,galactan,galactan,0.949119373776908,1,1;TPR;42,1;TPR;42;GH5;null,1:+0.2983;TPR:+0.2793;42:+0.2302;GH5:+0.1759;null:+0.0121
590,0,galactan,galactan,0.8724202626641651,TPR,TPR;1;42,TPR;1;42;GH5;null,TPR:+0.2470;1:+0.2364;42:+0.2331;GH5:+0.1685;null:+0.0155
592,0,host glycan,host glycan,1.0,GH20,GH20;0043143,GH20;0043143,GH20:+0.4330;0043143:+0.2905
593,0,host glycan,host glycan,0.8493408662900188,GH2,GH2;CBM32;GH29,GH2;CBM32;GH29;GH20;GH18,GH2:+0.1138;CBM32:+0.0919;GH29:+0.0726;GH20:+0.0601;GH18:+0.0486
607,0,host glycan,host glycan,1.0,GH18,GH18;8.A.46;null,GH18;8.A.46;null,GH18:+0.4952;8.A.46:+0.4252;null:+0.0982
608,0,host glycan,host glycan,0.9735234215885947,8.A.46,8.A.46;GH18;null,8.A.46;GH18;null,8.A.46:+0.4140;GH18:+0.3811;null:+0.0717
611,0,host glycan,host glycan,1.0,DeoR,DeoR;GH31;13,DeoR;GH31;13;PfkB;1.B.35,DeoR:+0.3103;GH31:+0.1874;13:+0.1682;PfkB:+0.1667;1.B.35:+0.1479
612,0,host glycan,host glycan,1.0,DeoR,DeoR;GH31;13,DeoR;GH31;13;PfkB;1.B.35,DeoR:+0.3136;GH31:+0.1881;13:+0.1715;PfkB:+0.1706;1.B.35:+0.1567
618,0,host glycan,host glycan,0.25386590744152293,null,null;GH95,null;GH95,null:+0.0905;GH95:+0.0512
621,0,host glycan,host glycan,1.0,CE9,CE9;4.A.1,CE9;4.A.1,CE9:+0.8242;4.A.1:+0.0376
623,0,host glycan,beta-mannan,0.3918355528017604,4.A.3,4.A.3,4.A.3,4.A.3:+0.0286
625,0,host glycan,host glycan,1.0,GH88,GH88;4.A.6;PfkB,GH88;4.A.6;PfkB;null;Nitroreductase,GH88:+0.2867;4.A.6:+0.1835;PfkB:+0.1053;null:+0.0918;Nitroreductase:+0.0721
626,0,host glycan,host glycan,1.0,CE9,CE9;GntR;SIS,CE9;GntR;SIS;4.A.6;GH35,CE9:+0.3377;GntR:+0.0876;SIS:+0.0668;4.A.6:+0.0652;GH35:+0.0060
632,0,host glycan,host glycan,0.9139773126978544,GH18,GH18;8.A.46;null,GH18;8.A.46;null;FecR,GH18:+0.2734;8.A.46:+0.2345;null:+0.1021;FecR:+0.0592
639,0,host glycan,host glycan,1.0,GH88,GH88;4.A.6;PL12,GH88;4.A.6;PL12;null;PfkB,GH88:+0.1883;4.A.6:+0.1142;PL12:+0.0577;null:+0.0480;PfkB:+0.0351
642,0,host glycan,host glycan,1.0,CBM93,CBM93;GH33;GH20,CBM93;GH33;GH20;GH2;CE20,CBM93:+0.1100;GH33:+0.0874;GH20:+0.0675;GH2:+0.0456;CE20:+0.0381
643,0,host glycan,host glycan,1.0,CBM93,CBM93;GH20;GH33,CBM93;GH20;GH33;CE20;GH2,CBM93:+0.1174;GH20:+0.0942;GH33:+0.0883;CE20:+0.0575;GH2:+0.0470
644,0,host glycan,host glycan,0.9721115537848606,CBM93,CBM93;GH33;GH20,CBM93;GH33;GH20;GH2;CE20,CBM93:+0.1369;GH33:+0.1179;GH20:+0.1042;GH2:+0.0760;CE20:+0.0616
652,0,host glycan,host glycan,1.0,CE9,CE9;GH2;GH20,CE9;GH2;GH20;GH92;CE3,CE9:+0.1351;GH2:+0.0696;GH20:+0.0642;GH92:+0.0533;CE3:+0.0180
660,0,host glycan,host glycan,1.0,GH18,GH18;8.A.46;FecR,GH18;8.A.46;FecR;null;1.B.14,GH18:+0.2665;8.A.46:+0.2359;FecR:+0.1486;null:+0.0317;1.B.14:+0.0060
662,0,host glycan,host glycan,1.0,GH18,GH18;8.A.46;FecR,GH18;8.A.46;FecR;null;GerE,GH18:+0.2108;8.A.46:+0.1897;FecR:+0.1619;null:+0.0317;GerE:+0.0269
669,0,host glycan,host glycan,1.0,8.A.46,8.A.46;GH18;FecR,8.A.46;GH18;FecR;null;GerE,8.A.46:+0.3094;GH18:+0.2943;FecR:+0.1444;null:+0.1185;GerE:+0.1014
682,0,host glycan,host glycan,1.0,null,null;4.A.3;GH170,null;4.A.3;GH170,null:+0.2558;4.A.3:+0.2055;GH170:+0.0551
684,0,host glycan,host glycan,1.0,GH33,GH33;CBM93;CE20,GH33;CBM93;CE20;CE3;GH20,GH33:+0.2083;CBM93:+0.2022;CE20:+0.1188;CE3:+0.0769;GH20:+0.0615
687,0,host glycan,host glycan,0.7094719041038132,GH20,GH20,GH20,GH20:+0.4088
688,0,host glycan,host glycan,1.0,GH20,GH20;GH38;GH125,GH20;GH38;GH125;GH92;null,GH20:+0.2998;GH38:+0.2483;GH125:+0.1922;GH92:+0.1901;null:+0.0648
690,0,host glycan,host glycan,0.9387351778656126,CE9,CE9;GntR;4.A.6,CE9;GntR;4.A.6;SIS;GH35,CE9:+0.2622;GntR:+0.0819;4.A.6:+0.0566;SIS:+0.0529;GH35:+0.0135
691,0,host glycan,host glycan,1.0,GH20,GH20;TetR;N,GH20;TetR;N,GH20:+0.4448;TetR:+0.1634;N:+0.1305
692,0,host glycan,galactan,0.12596846254416003,GH2,GH2,GH2,GH2:+0.0724
708,0,host glycan,host glycan,0.8757637474541751,GH2,GH2;GH33,GH2;GH33,GH2:+0.1845;GH33:+0.0672
719,0,host glycan,host glycan,1.0,8.A.46,8.A.46;GH18;null,8.A.46;GH18;null;FecR;GerE,8.A.46:+0.3544;GH18:+0.3385;null:+0.1469;FecR:+0.1269;GerE:+0.0751
721,0,host glycan,host glycan,1.0,GH18,GH18;8.A.46;GH163,GH18;8.A.46;GH163;GH130;GH92,GH18:+0.2191;8.A.46:+0.1813;GH163:+0.1726;GH130:+0.1331;GH92:+0.1124
722,0,host glycan,host glycan,1.0,GH18,GH18;8.A.46;GH130,GH18;8.A.46;GH130;GH163;GH92,GH18:+0.1840;8.A.46:+0.1721;GH130:+0.1627;GH163:+0.1558;GH92:+0.1149
723,0,host glycan,host glycan,0.673545966228893,GH163,GH163;8.A.46;GH130,GH163;8.A.46;GH130;GH92;null,GH163:+0.2620;8.A.46:+0.1440;GH130:+0.0896;GH92:+0.0697;null:+0.0316
724,0,host glycan,host glycan,0.8258426966292134,GH163,GH163;FecR;null,GH163;FecR;null;GerE;GH92,GH163:+0.0772;FecR:+0.0744;null:+0.0572;GerE:+0.0508;GH92:+0.0425
729,0,host glycan,host glycan,0.20924574209245742,HTH,HTH;AraC;1.B.14,HTH;AraC;1.B.14;null,HTH:+0.0725;AraC:+0.0604;1.B.14:+0.0260;null:+0.0174
731,0,host glycan,host glycan,0.91635687732342,CE9,CE9,CE9,CE9:+0.5808
736,0,host glycan,host glycan,1.0,CBM32,CBM32;2.A.115;GH2,CBM32;2.A.115;GH2;1.B.14;FecR,CBM32:+0.1380;2.A.115:+0.1066;GH2:+0.1036;1.B.14:+0.0866;FecR:+0.0846
738,0,host glycan,host glycan,1.0,CBM32,CBM32;GH92;1.B.14,CBM32;GH92;1.B.14;null;HTH,CBM32:+0.3706;GH92:+0.2550;1.B.14:+0.1188;null:+0.1079;HTH:+0.0580
746,0,host glycan,host glycan,0.998003992015968,CE9,CE9;4.A.6;DeoR,CE9;4.A.6;DeoR;SIS;HTH,CE9:+0.1378;4.A.6:+0.0576;DeoR:+0.0435;SIS:+0.0278;HTH:+0.0160
757,0,host glycan,host glycan,1.0,CE9,CE9,CE9,CE9:+0.6599
767,0,host glycan,host glycan,1.0,GH88,GH88;4.A.6;PL12,GH88;4.A.6;PL12;1;null,GH88:+0.1961;4.A.6:+0.1215;PL12:+0.0997;1:+0.0844;null:+0.0388
780,0,host glycan,host glycan,1.0,4.A.3,4.A.3;null;GH1,4.A.3;null;GH1,4.A.3:+0.5346;null:+0.4276;GH1:+0.2535
792,0,host glycan,host glycan,0.9982409637386547,GerE,GerE;CE20;3,GerE;CE20;3;GH92;8,GerE:+0.1379;CE20:+0.1243;3:+0.1207;GH92:+0.1065;8:+0.1048
794,0,host glycan,host glycan,1.0,DeoR,DeoR;4.A.6;null,DeoR;4.A.6;null;GH95;HTH,DeoR:+0.1801;4.A.6:+0.1650;null:+0.1165;GH95:+0.0905;HTH:+0.0763
807,0,host glycan,host glycan,0.5012224938875306,GH2,GH2,GH2,GH2:+0.4423
808,0,host glycan,host glycan,0.7278225806451614,GH20,GH20;GH33;GH2,GH20;GH33;GH2,GH20:+0.1629;GH33:+0.1436;GH2:+0.1118
811,0,host glycan,host glycan,0.966,GH88,GH88;4.A.6;PL12,GH88;4.A.6;PL12;PfkB;null,GH88:+0.2393;4.A.6:+0.1299;PL12:+0.1195;PfkB:+0.0435;null:+0.0373
814,0,host glycan,xylan,0.09658246656760773,AraC,AraC;2;HTH,AraC;2;HTH;TPR;null,AraC:+0.0355;2:+0.0319;HTH:+0.0230;TPR:+0.0020;null:+0.0018
816,0,host glycan,host glycan,1.0,GH88,GH88;4.A.6;PL12,GH88;4.A.6;PL12;1;null,GH88:+0.1961;4.A.6:+0.1215;PL12:+0.0997;1:+0.0844;null:+0.0388
833,0,pectin,pectin,1.0,GH144,GH144;GH3,GH144;GH3,GH144:+0.3714;GH3:+0.3219
840,0,pectin,pectin,1.0,GH105,GH105;GH28;LacI,GH105;GH28;LacI;CE12;CE8,GH105:+0.0714;GH28:+0.0696;LacI:+0.0614;CE12:+0.0601;CE8:+0.0409
841,0,pectin,pectin,0.7326793602119416,PL10,PL10;CE8;1,PL10;CE8;1,PL10:+0.2270;CE8:+0.1343;1:+0.0864
842,0,pectin,pectin,1.0,GH3,GH3;GH133;1.B.14,GH3;GH133;1.B.14;GT4;GH57,GH3:+0.3277;GH133:+0.2494;1.B.14:+0.2330;GT4:+0.2308;GH57:+0.2064
848,0,pectin,host glycan,0.14589469510547032,1.B.35,1.B.35;CE10,1.B.35;CE10,1.B.35:+0.0682;CE10:+0.0169
854,0,pectin,pectin,0.5978374797098088,GH28,GH28;PL1;GH105,GH28;PL1;GH105;PL11;2,GH28:+0.1213;PL1:+0.0368;GH105:+0.0321;PL11:+0.0221;2:+0.0042
858,0,pectin,pectin,0.9841269841269841,GH105,GH105;CE12;GH28,GH105;CE12;GH28;1.B.14;2,GH105:+0.1133;CE12:+0.0950;GH28:+0.0918;1.B.14:+0.0738;2:+0.0681
864,0,pectin,pectin,1.0,GH147,GH147;10;GH53,GH147;10;GH53;GH133;GH13,GH147:+0.3081;10:+0.2397;GH53:+0.2394;GH133:+0.2327;GH13:+0.2070
865,0,pectin,pectin,1.0,GH3,GH3;GH144;1.B.14,GH3;GH144;1.B.14,GH3:+0.2941;GH144:+0.1351;1.B.14:+0.1350
868,0,pectin,pectin,1.0,GH3,GH3,GH3,GH3:+0.3077
876,0,pectin,pectin,0.5644891122278056,GH28,GH28;GH105;8.A.46,GH28;GH105;8.A.46;1.B.14;AraC,GH28:+0.1674;GH105:+0.0446;8.A.46:+0.0359;1.B.14:+0.0262;AraC:+0.0019
894,0,pectin,pectin,0.9763313609467456,GH105,GH105;GH28;GH42,GH105;GH28;GH42;CE12;HTH,GH105:+0.1137;GH28:+0.0999;GH42:+0.0927;CE12:+0.0805;HTH:+0.0701
898,0,pectin,pectin,1.0,CE12,CE12;8.A.46;1,CE12;8.A.46;1;1.B.14;GH105,CE12:+0.1229;8.A.46:+0.1117;1:+0.0983;1.B.14:+0.0954;GH105:+0.0821
903,0,pectin,pectin,0.7924782053906386,PL1,PL1;1.B.14;2,PL1;1.B.14;2,PL1:+0.3337;1.B.14:+0.0879;2:+0.0534
915,0,pectin,pectin,1.0,GH28,GH28;PfkB;GH105,GH28;PfkB;GH105;CE12;2.A.56,GH28:+0.1468;PfkB:+0.1353;GH105:+0.1326;CE12:+0.1077;2.A.56:+0.1004
916,0,pectin,pectin,1.0,GH28,GH28;GH105;PfkB,GH28;GH105;PfkB;CE12;null,GH28:+0.1431;GH105:+0.1306;PfkB:+0.1291;CE12:+0.1058;null:+0.0965
920,0,pectin,pectin,0.9920318725099602,18,18;GH95;CBM67,18;GH95;CBM67;GH33;GH140,18:+0.1236;GH95:+0.0924;CBM67:+0.0903;GH33:+0.0898;GH140:+0.0727
922,0,pectin,pectin,0.8740223337022588,GH28,GH28;GH105;2.A.56,GH28;GH105;2.A.56;PfkB;LacI,GH28:+0.1072;GH105:+0.0898;2.A.56:+0.0736;PfkB:+0.0529;LacI:+0.0508
931,0,pectin,pectin,0.996290510574705,GH105,GH105;CE12;GH42,GH105;CE12;GH42;PL11;AraC,GH105:+0.2019;CE12:+0.1859;GH42:+0.1847;PL11:+0.1830;AraC:+0.1654
932,0,pectin,pectin,1.0,2,2;PL1;5,2;PL1;5;TrmB;null,2:+0.2225;PL1:+0.2047;5:+0.0931;TrmB:+0.0731;null:+0.0359
935,0,xylan,xylan,0.8273809523809523,GH115,GH115;12;10,GH115;12;10;GH43;HTH,GH115:+0.1247;12:+0.1176;10:+0.1111;GH43:+0.1039;HTH:+0.0816
936,0,xylan,xylan,0.8333333333333333,GH10,GH10;GH43;1,GH10;GH43;1;null;1.B.14,GH10:+0.2708;GH43:+0.0944;1:+0.0376;null:+0.0172;1.B.14:+0.0012
939,0,xylan,host glycan,0.24645213546852066,GH20,GH20;8.A.46;1.B.14,GH20;8.A.46;1.B.14,GH20:+0.1535;8.A.46:+0.1284;1.B.14:+0.1170
946,0,xylan,xylan,1.0,7,7;17;GH43,7;17;GH43;CBM6;CE1,7:+0.2854;17:+0.2173;GH43:+0.1730;CBM6:+0.0927;CE1:+0.0877
950,0,xylan,xylan,0.9046183618026868,7,7;GH43;17,7;GH43;17;CBM6;2,7:+0.2451;GH43:+0.1793;17:+0.1761;CBM6:+0.1116;2:+0.0949
952,0,xylan,xylan,1.0,GH10,GH10;HTH;GH95,GH10;HTH;GH95;GH3;AraC,GH10:+0.2174;HTH:+0.1910;GH95:+0.1896;GH3:+0.1735;AraC:+0.1557
958,0,xylan,xylan,0.8653611245758605,10,10;GH43;12,10;GH43;12;GH67;GH115,10:+0.0635;GH43:+0.0631;12:+0.0628;GH67:+0.0611;GH115:+0.0549
965,0,xylan,xylan,0.6353529738743746,8.A.46,8.A.46;CBM32;GH20,8.A.46;CBM32;GH20;1.B.14,8.A.46:+0.3973;CBM32:+0.3889;GH20:+0.2769;1.B.14:+0.2187
967,0,xylan,xylan,0.8277153558052434,7,7;GH3;1.B.14,7;GH3;1.B.14;1;PL11,7:+0.2129;GH3:+0.1912;1.B.14:+0.1558;1:+0.1529;PL11:+0.1453
972,0,xylan,xylan,1.0,GH35,GH35;1.B.14;null,GH35;1.B.14;null,GH35:+0.8347;1.B.14:+0.3759;null:+0.2631
979,0,xylan,xylan,1.0,11,11;2.A.2;CBM91,11;2.A.2;CBM91;GH43;null,11:+0.3626;2.A.2:+0.3093;CBM91:+0.1846;GH43:+0.1838;null:+0.0742
980,0,xylan,xylan,0.9880239520958084,GH97,GH97;GH67;12,GH97;GH67;12;GH10;CE1,GH97:+0.0734;GH67:+0.0675;12:+0.0641;GH10:+0.0582;CE1:+0.0464
989,0,xylan,xylan,1.0,GH10,GH10;GH67;2.A.2,GH10;GH67;2.A.2;1;CE20,GH10:+0.2216;GH67:+0.1830;2.A.2:+0.1323;1:+0.0965;CE20:+0.0957
990,0,xylan,xylan,1.0,GH10,GH10;GH67;2.A.2,GH10;GH67;2.A.2;GH43;1,GH10:+0.1402;GH67:+0.1287;2.A.2:+0.0975;GH43:+0.0909;1:+0.0841
995,0,xylan,xylan,1.0,7,7;17;GH43,7;17;GH43;CBM6;CE1,7:+0.2669;17:+0.2151;GH43:+0.1691;CBM6:+0.0848;CE1:+0.0840
997,0,xylan,xylan,1.0,GH10,GH10;1.B.14;8,GH10;1.B.14;8;AraC;HTH,GH10:+0.2601;1.B.14:+0.1832;8:+0.1751;AraC:+0.1478;HTH:+0.1370
1008,0,xylan,xylan,0.4391110065037329,GH67,GH67;GH10;GH43,GH67;GH10;GH43;GH3;CBM6,GH67:+0.1267;GH10:+0.1046;GH43:+0.0168;GH3:+0.0073;CBM6:+0.0021
1009,0,xylan,xylan,0.7942258723290092,GH67,GH67;2.A.2;GH10,GH67;2.A.2;GH10;GH43;1,GH67:+0.1238;2.A.2:+0.1097;GH10:+0.0965;GH43:+0.0620;1:+0.0525
1022,0,xylan,xylan,0.7047451669595781,GH67,GH67;2.A.2;GerE,GH67;2.A.2;GerE;1.B.14;null,GH67:+0.3572;2.A.2:+0.2047;GerE:+0.0974;1.B.14:+0.0780;null:+0.0481
3,1,alginate,alginate,0.9722772277227723,PL17,PL17;PL6;1,PL17;PL6;1;2;1.B.14,PL17:+0.3249;PL6:+0.1861;1:+0.1552;2:+0.0769;1.B.14:+0.0632
4,1,alginate,alginate,0.8363273453093812,PL6,PL6;GntR;1,PL6;GntR;1;3.D.2;PfkB,PL6:+0.1909;GntR:+0.1703;1:+0.1496;3.D.2:+0.1123;PfkB:+0.0661
6,1,alginate,alginate,0.8363273453093812,PL6,PL6;GntR;1,PL6;GntR;1;3.D.2;PfkB,PL6:+0.1909;GntR:+0.1703;1:+0.1496;3.D.2:+0.1123;PfkB:+0.0661
13,1,alginate,alginate,0.5856905158069883,PL6,PL6;PL7;1,PL6;PL7;1;GntR;5,PL6:+0.1156;PL7:+0.0901;1:+0.0565;GntR:+0.0425;5:+0.0222
21,1,alginate,alginate,0.954,PL7,PL7;GntR;1.B.14,PL7;GntR;1.B.14;null,PL7:+0.4845;GntR:+0.3719;1.B.14:+0.1986;null:+0.1481
23,1,alginate,alginate,0.9327902240325865,PL17,PL17;2;PL6,PL17;2;PL6;1;null,PL17:+0.2227;2:+0.0829;PL6:+0.0702;1:+0.0573;null:+0.0252
25,1,alginate,alginate,0.9327902240325865,PL17,PL17;2;PL6,PL17;2;PL6;1;null,PL17:+0.2227;2:+0.0829;PL6:+0.0702;1:+0.0573;null:+0.0252
36,1,alginate,alginate,0.5499875370426787,PL15,PL15;1;binding,PL15;1;binding;null;AraC,PL15:+0.2259;1:+0.1471;binding:+0.0803;null:+0.0313;AraC:+0.0114
43,1,alginate,alginate,0.6187240110801925,PL6,PL6;1;1.B.14,PL6;1;1.B.14;null,PL6:+0.4184;1:+0.1961;1.B.14:+0.0893;null:+0.0560
44,1,alginate,alginate,0.9488369566693372,PL6,PL6;1;PL7,PL6;1;PL7;5;1.B.14,PL6:+0.2029;1:+0.1999;PL7:+0.1520;5:+0.1412;1.B.14:+0.1200
55,1,alpha-glucan,alpha-glucan,0.7219447397493426,GH13,GH13;2.A.1,GH13;2.A.1,GH13:+0.2256;2.A.1:+0.0710
57,1,alpha-glucan,alpha-glucan,1.0,GH32,GH32;2.A.1,GH32;2.A.1,GH32:+0.5551;2.A.1:+0.3230
59,1,alpha-glucan,alpha-glucan,1.0,LacI,LacI;2.A.21;redox,LacI;2.A.21;redox;GH13;38,LacI:+0.1680;2.A.21:+0.1354;redox:+0.1133;GH13:+0.1114;38:+0.1017
63,1,alpha-glucan,alpha-glucan,0.6467486818980667,20,20;GH13;CBM34,20;GH13;CBM34;3.A.1;8.A.9,20:+0.1043;GH13:+0.0861;CBM34:+0.0721;3.A.1:+0.0495;8.A.9:+0.0164
66,1,alpha-glucan,alpha-glucan,0.9302788844621515,GH31,GH31;GH66;8.A.46,GH31;GH66;8.A.46;null;GH97,GH31:+0.1355;GH66:+0.0830;8.A.46:+0.0239;null:+0.0234;GH97:+0.0199
69,1,alpha-glucan,alpha-glucan,0.7408829174664108,GH97,GH97;1.B.14;8.A.9,GH97;1.B.14;8.A.9;null,GH97:+0.5013;1.B.14:+0.0882;8.A.9:+0.0289;null:+0.0012
76,1,alpha-glucan,alpha-glucan,0.5721784776902886,GH13,GH13;Pyr;redox,GH13;Pyr;redox;null,GH13:+0.3037;Pyr:+0.0600;redox:+0.0482;null:+0.0108
82,1,alpha-glucan,alpha-glucan,0.6785714285714285,GH13,GH13;18;null,GH13;18;null,GH13:+0.3837;18:+0.0508;null:+0.0277
88,1,alpha-glucan,alpha-glucan,0.9841269841269841,LacI,LacI;GH13;30,LacI;GH13;30;3.A.1;GH77,LacI:+0.2400;GH13:+0.0442;30:+0.0296;3.A.1:+0.0228;GH77:+0.0219
89,1,alpha-glucan,alpha-glucan,1.0,GH13,GH13;20;CBM34,GH13;20;CBM34;3.A.1;31,GH13:+0.2398;20:+0.1109;CBM34:+0.0971;3.A.1:+0.0645;31:+0.0020
91,1,alpha-glucan,alpha-glucan,0.998266050352449,31,31;GH13;null,31;GH13;null;SBP;bac,31:+0.3515;GH13:+0.3253;null:+0.2076;SBP:+0.2034;bac:+0.1985
100,1,alpha-glucan,alpha-glucan,1.0,GH66,GH66;GH31;8.A.46,GH66;GH31;8.A.46;null,GH66:+0.2887;GH31:+0.2860;8.A.46:+0.1442;null:+0.0218
117,1,alpha-glucan,alpha-glucan,1.0,GH97,GH97;GH13;1.B.14,GH97;GH13;1.B.14;null,GH97:+0.2983;GH13:+0.2721;1.B.14:+0.0722;null:+0.0122
128,1,alpha-glucan,alpha-glucan,0.9537223340040241,GH77,GH77;LacI;GT35,GH77;LacI;GT35,GH77:+0.2690;LacI:+0.2689;GT35:+0.1955
129,1,alpha-glucan,alpha-glucan,1.0,GH13,GH13;GT5;GT35,GH13;GT5;GT35;CBM48;null,GH13:+0.1682;GT5:+0.1267;GT35:+0.0866;CBM48:+0.0832;null:+0.0120
131,1,alpha-glucan,alpha-glucan,1.0,GH13,GH13;GT5;CBM48,GH13;GT5;CBM48;9;null,GH13:+0.1287;GT5:+0.1104;CBM48:+0.0673;9:+0.0162;null:+0.0041
137,1,alpha-glucan,fructan,0.3927855711422846,,,,
138,1,alpha-glucan,alpha-glucan,1.0,LacI,LacI;PfkB;GH32,LacI;PfkB;GH32;3.A.1;null,LacI:+0.6075;PfkB:+0.6072;GH32:+0.2154;3.A.1:+0.0933;null:+0.0499
142,1,alpha-glucan,alpha-glucan,0.6706547837056932,GH97,GH97;GH13;1.B.14,GH97;GH13;1.B.14;8.A.9;null,GH97:+0.1911;GH13:+0.1437;1.B.14:+0.0903;8.A.9:+0.0153;null:+0.0101
147,1,alpha-glucan,alpha-glucan,1.0,LacI,LacI;GH32;2.A.1,LacI;GH32;2.A.1,LacI:+1.0000;GH32:+0.1985;2.A.1:+0.0789
149,1,alpha-glucan,alpha-glucan,1.0,LacI,LacI;GH13;18,LacI;GH13;18;null,LacI:+0.3214;GH13:+0.2729;18:+0.1616;null:+0.0220
159,1,alpha-glucan,alpha-glucan,1.0,GH13,GH13;GT5;CBM48,GH13;GT5;CBM48;9;GT35,GH13:+0.0920;GT5:+0.0709;CBM48:+0.0650;9:+0.0398;GT35:+0.0222
160,1,alpha-glucan,alpha-glucan,0.7277205498136785,GH13,GH13;GH65;1.B.14,GH13;GH65;1.B.14;null;LacI,GH13:+0.2477;GH65:+0.0928;1.B.14:+0.0785;null:+0.0646;LacI:+0.0636
167,1,alpha-glucan,fructan,0.4743421052631563,PfkB,PfkB;LacI;GH32,PfkB;LacI;GH32,PfkB:+0.4743;LacI:+0.2092;GH32:+0.0206
173,1,alpha-glucan,alpha-glucan,0.5721784776902886,GH13,GH13;Pyr;redox,GH13;Pyr;redox;null,GH13:+0.3037;Pyr:+0.0600;redox:+0.0482;null:+0.0108
177,1,alpha-mannan,alpha-mannan,0.9116306575916017,GH125,GH125;GH84;GntR,GH125;GH84;GntR;GH38;GH1,GH125:+0.2948;GH84:+0.2948;GntR:+0.2699;GH38:+0.2314;GH1:+0.2290
180,1,alpha-mannan,alpha-mannan,0.9922771451765068,GH76,GH76;GH125;GH92,GH76;GH125;GH92;GT32;GH130,GH76:+0.2319;GH125:+0.1916;GH92:+0.1884;GT32:+0.1651;GH130:+0.1363
185,1,alpha-mannan,alpha-mannan,1.0,GH99,GH99;GH92;null,GH99;GH92;null;1.B.14,GH99:+0.4188;GH92:+0.2660;null:+0.2232;1.B.14:+0.1782
186,1,alpha-mannan,alpha-mannan,0.581151832460733,GH92,GH92;null;1.B.14,GH92;null;1.B.14,GH92:+0.5395;null:+0.2834;1.B.14:+0.2054
193,1,alpha-mannan,alpha-mannan,0.908773052400649,GH125,GH125;LacI;GH92,GH125;LacI;GH92;8.A.46;GH2,GH125:+0.2453;LacI:+0.2447;GH92:+0.1562;8.A.46:+0.1496;GH2:+0.1186
199,1,arabinogalactan,arabinogalactan,1.0,18,18;CBM67;GH143,18;CBM67;GH143;GH78;GH142,18:+0.2735;CBM67:+0.2437;GH143:+0.2404;GH78:+0.2286;GH142:+0.2166
201,1,arabinogalactan,xylan,0.21818181818181817,9.B.28,9.B.28;22;2.A.3,9.B.28;22;2.A.3;HTH;GH43,9.B.28:+0.1036;22:+0.0587;2.A.3:+0.0535;HTH:+0.0065;GH43:+0.0044
207,1,arabinogalactan,pectin,0.15674561510151303,29,29;1.B.14;GH43,29;1.B.14;GH43,29:+0.0554;1.B.14:+0.0313;GH43:+0.0249
211,1,arabinogalactan,arabinogalactan,0.5283757338551858,24,24;1.B.14;AraC,24;1.B.14;AraC;HTH;GH43,24:+0.2606;1.B.14:+0.1064;AraC:+0.1001;HTH:+0.0841;GH43:+0.0621
212,1,arabinogalactan,arabinogalactan,1.0,GH35,GH35;AraC;null,GH35;AraC;null;1.A.30;HTH,GH35:+0.2938;AraC:+0.2549;null:+0.2319;1.A.30:+0.2180;HTH:+0.2162
223,1,arabinogalactan,arabinogalactan,1.0,GH105,GH105;GH154;17,GH105;GH154;17;GH43;24,GH105:+0.2283;GH154:+0.2088;17:+0.1946;GH43:+0.1760;24:+0.1596
231,1,arabinogalactan,arabinogalactan,0.9724950884086444,AraC,AraC;GH35;HTH,AraC;GH35;HTH;null;1.A.30,AraC:+0.2088;GH35:+0.2067;HTH:+0.1740;null:+0.1703;1.A.30:+0.1539
237,1,beta-glucan,beta-glucan,0.9821782178217822,GH5,GH5;4;GH31,GH5;4;GH31;GH3;GH2,GH5:+0.2021;4:+0.1919;GH31:+0.1556;GH3:+0.1537;GH2:+0.1223
241,1,beta-glucan,beta-glucan,0.8892878488132357,GH5,GH5;4;GH31,GH5;4;GH31;1.B.14;AraC,GH5:+0.2656;4:+0.2296;GH31:+0.1408;1.B.14:+0.0874;AraC:+0.0813
259,1,beta-glucan,xylan,0.3905996758508914,GH30,GH30;GH95;GH62,GH30;GH95;GH62;CE6;GH59,GH30:+0.1142;GH95:+0.0825;GH62:+0.0824;CE6:+0.0699;GH59:+0.0644
261,1,beta-glucan,beta-glucan,0.9987574513597256,GH1,GH1;4.A.1,GH1;4.A.1,GH1:+0.8044;4.A.1:+0.3351
268,1,beta-glucan,beta-glucan,1.0,GH16,GH16;GH3;1.B.14,GH16;GH3;1.B.14;8.A.46;null,GH16:+0.3439;GH3:+0.2699;1.B.14:+0.1234;8.A.46:+0.0601;null:+0.0400
274,1,beta-glucan,beta-mannan,0.11632270168855537,GH30,GH30;1,GH30;1,GH30:+0.1123;1:+0.0048
276,1,beta-glucan,beta-glucan,0.9702052264826361,4,4;GH5;GH31,4;GH5;GH31;1.B.14;GH26,4:+0.1526;GH5:+0.1440;GH31:+0.1380;1.B.14:+0.0663;GH26:+0.0577
277,1,beta-glucan,xylan,0.1328125,GH31,GH31;1.B.14;GH95,GH31;1.B.14;GH95,GH31:+0.1065;1.B.14:+0.0207;GH95:+0.0094
281,1,beta-glucan,beta-glucan,0.9879971449519546,4,4;GH5;1.B.14,4;GH5;1.B.14;AraC;GH36,4:+0.4094;GH5:+0.3976;1.B.14:+0.1442;AraC:+0.1226;GH36:+0.1140
282,1,beta-glucan,beta-glucan,1.0,GH3,GH3;1.B.14;3,GH3;1.B.14;3;GH158;GerE,GH3:+0.1650;1.B.14:+0.0838;3:+0.0520;GH158:+0.0437;GerE:+0.0373
295,1,beta-glucan,beta-glucan,1.0,3,3;GH30;GH3,3;GH30;GH3;7;1.B.14,3:+0.3503;GH30:+0.1930;GH3:+0.1626;7:+0.1292;1.B.14:+0.1151
296,1,beta-glucan,beta-glucan,1.0,3,3;GH30;GH3,3;GH30;GH3;7;1.B.14,3:+0.3462;GH30:+0.1731;GH3:+0.1487;7:+0.1227;1.B.14:+0.1179
302,1,beta-glucan,beta-mannan,0.24064171122994651,GH26,GH26;GH5;null,GH26;GH5;null,GH26:+0.0293;GH5:+0.0155;null:+0.0103
303,1,beta-glucan,beta-glucan,0.9209498402759793,GH8,GH8;GT2;4.D.3,GH8;GT2;4.D.3,GH8:+0.1293;GT2:+0.0906;4.D.3:+0.0765
306,1,beta-glucan,beta-glucan,0.7747968365303768,GH9,GH9;CBM3,GH9;CBM3,GH9:+0.3295;CBM3:+0.0611
310,1,beta-glucan,beta-glucan,1.0,GH8,GH8;1.B.55;4.D.3,GH8;1.B.55;4.D.3,GH8:+0.1239;1.B.55:+0.0791;4.D.3:+0.0674
317,1,beta-glucan,beta-glucan,0.9361702127659574,GH16,GH16;GH3;8.A.46,GH16;GH3;8.A.46;1.B.14;null,GH16:+0.4644;GH3:+0.3212;8.A.46:+0.2833;1.B.14:+0.1472;null:+0.0468
319,1,beta-glucan,beta-glucan,1.0,GH3,GH3;GH16;8.A.46,GH3;GH16;8.A.46;3;1.B.14,GH3:+0.2636;GH16:+0.2523;8.A.46:+0.1927;3:+0.1395;1.B.14:+0.1290
320,1,beta-glucan,beta-glucan,0.30941769336675257,GH5,GH5;GH94;HTH,GH5;GH94;HTH;GH36;1.B.14,GH5:+0.1414;GH94:+0.0555;HTH:+0.0440;GH36:+0.0292;1.B.14:+0.0229
328,1,beta-glucan,beta-glucan,0.8194444444444444,3,3;GH30;1.B.14,3;GH30;1.B.14;GH3;null,3:+0.4569;GH30:+0.1270;1.B.14:+0.1046;GH3:+0.0768;null:+0.0473
331,1,beta-glucan,beta-glucan,1.0,9.B.154,9.B.154;GH73;null,9.B.154;GH73;null;M23;Peptidase,9.B.154:+0.2026;GH73:+0.1916;null:+0.0621;M23:+0.0080;Peptidase:+0.0020
340,1,beta-glucan,beta-glucan,0.7721021611001964,GH16,GH16;GH3;8.A.46,GH16;GH3;8.A.46;1.B.14;GH17,GH16:+0.2334;GH3:+0.1801;8.A.46:+0.1146;1.B.14:+0.0902;GH17:+0.0400
346,1,beta-glucan,beta-glucan,0.9801963312746567,GH5,GH5;GH3;GH31,GH5;GH3;GH31;4;AraC,GH5:+0.1383;GH3:+0.1311;GH31:+0.1072;4:+0.1034;AraC:+0.0785
347,1,beta-glucan,beta-glucan,1.0,4,4;GH5;1.B.14,4;GH5;1.B.14;GH36;AraC,4:+0.3637;GH5:+0.3448;1.B.14:+0.1369;GH36:+0.1260;AraC:+0.1186
356,1,beta-glucan,beta-glucan,1.0,CBM57,CBM57;GH2;1.B.14,CBM57;GH2;1.B.14;null;3,CBM57:+0.1422;GH2:+0.1359;1.B.14:+0.1314;null:+0.1260;3:+0.0567
358,1,beta-mannan,beta-mannan,0.5009771986970719,LacI,LacI;2.A.2;GH2,LacI;2.A.2;GH2,LacI:+0.5010;2.A.2:+0.2034;GH2:+0.1427
363,1,beta-mannan,beta-mannan,0.998266050352449,C,C;2.A.1;GH29,C;2.A.1;GH29;AraC;1.B.14,C:+0.1545;2.A.1:+0.1480;GH29:+0.1296;AraC:+0.1168;1.B.14:+0.1114
364,1,beta-mannan,beta-mannan,0.998266050352449,C,C;2.A.1;GH29,C;2.A.1;GH29;AraC;1.B.14,C:+0.1545;2.A.1:+0.1480;GH29:+0.1296;AraC:+0.1168;1.B.14:+0.1114
366,1,beta-mannan,galactan,0.024999999999999998,CBM61,CBM61;GH42;GH53,CBM61;GH42;GH53,CBM61:+0.0250;GH42:+0.0025;GH53:+0.0010
367,1,beta-mannan,beta-mannan,0.9356111484217595,LacI,LacI;GH2;3.A.3,LacI;GH2;3.A.3;bac;9.B.36,LacI:+0.2985;GH2:+0.2857;3.A.3:+0.2291;bac:+0.2268;9.B.36:+0.2215
376,1,beta-mannan,beta-mannan,0.998266050352449,GH130,GH130;LacI;bac,GH130;LacI;bac;1;SBP,GH130:+0.2322;LacI:+0.2082;bac:+0.1341;1:+0.1320;SBP:+0.1169
391,1,beta-mannan,beta-glucan,0.10532460216684181,GH3,GH3,GH3,GH3:+0.0584
397,1,beta-mannan,beta-mannan,1.0,GH42,GH42;3.A.1,GH42;3.A.1,GH42:+0.8379;3.A.1:+0.2804
405,1,beta-mannan,beta-mannan,0.9498997995991983,GH130,GH130;GH26;AraC,GH130;GH26;AraC;2.A.2;1.B.14,GH130:+0.2060;GH26:+0.1743;AraC:+0.0754;2.A.2:+0.0639;1.B.14:+0.0566
407,1,beta-mannan,beta-mannan,0.733739837398374,GH35,GH35;GH42;LacI,GH35;GH42;LacI;3.A.1;bac,GH35:+0.3925;GH42:+0.2966;LacI:+0.1853;3.A.1:+0.0704;bac:+0.0148
412,1,beta-mannan,arabinogalactan,0.002293616082808477,AraC,AraC;HTH,AraC;HTH,AraC:+0.0023;HTH:+0.0023
419,1,beta-mannan,beta-mannan,0.9495798319327731,GH130,GH130;GH26;2.A.2,GH130;GH26;2.A.2;AraC;1.B.14,GH130:+0.2603;GH26:+0.2260;2.A.2:+0.1187;AraC:+0.0707;1.B.14:+0.0625
423,1,beta-mannan,beta-mannan,0.5279624749147707,GH42,GH42;LacI;3.A.1,GH42;LacI;3.A.1;SBP;bac,GH42:+0.4016;LacI:+0.0648;3.A.1:+0.0419;SBP:+0.0022;bac:+0.0007
431,1,chitin,chitin,1.0,4.A.3,4.A.3;GH4;AraC,4.A.3;GH4;AraC;HTH,4.A.3:+0.7366;GH4:+0.2464;AraC:+0.1147;HTH:+0.0273
435,1,chitin,chitin,0.9987574513597256,4.A.3,4.A.3;AraC;HTH,4.A.3;AraC;HTH;GH1,4.A.3:+0.5451;AraC:+0.5354;HTH:+0.4840;GH1:+0.2135
444,1,chitin,chitin,1.0,AA10,AA10;GH18;CBM5,AA10;GH18;CBM5,AA10:+0.3931;GH18:+0.2789;CBM5:+0.2561
447,1,chitin,chitin,0.44214732426706504,GH18,GH18;CBM5,GH18;CBM5,GH18:+0.2084;CBM5:+0.2009
450,1,chitin,chitin,0.9984683689098276,1.B.25,1.B.25;GH20;null,1.B.25;GH20;null,1.B.25:+0.7411;GH20:+0.3839;null:+0.2356
451,1,chitin,host glycan,0.2195625688924987,PIG-L,PIG-L;GH18;null,PIG-L;GH18;null;3.A.1;SIS,PIG-L:+0.1419;GH18:+0.0144;null:+0.0092;3.A.1:+0.0071;SIS:+0.0060
454,1,chitin,chitin,1.0,4.A.3,4.A.3;GH4;CE4,4.A.3;GH4;CE4,4.A.3:+0.4883;GH4:+0.4362;CE4:+0.0966
461,1,chitin,chitin,1.0,4.A.3,4.A.3;GH4;AraC,4.A.3;GH4;AraC;HTH,4.A.3:+0.6809;GH4:+0.2667;AraC:+0.0818;HTH:+0.0103
462,1,chitin,chitin,1.0,4.A.3,4.A.3;GH4;AraC,4.A.3;GH4;AraC;HTH,4.A.3:+1.0000;GH4:+0.2323;AraC:+0.1332;HTH:+0.0636
477,1,chitin,chitin,1.0,4.A.3,4.A.3;GH4;AraC,4.A.3;GH4;AraC;HTH,4.A.3:+0.6383;GH4:+0.2759;AraC:+0.0832;HTH:+0.0082
479,1,chitin,chitin,1.0,4.A.3,4.A.3;GH4;AraC,4.A.3;GH4;AraC;HTH;null,4.A.3:+0.6809;GH4:+0.2419;AraC:+0.1867;HTH:+0.1149;null:+0.1123
482,1,chitin,chitin,1.0,4.A.3,4.A.3;GH4;AraC,4.A.3;GH4;AraC;HTH;null,4.A.3:+0.6809;GH4:+0.2419;AraC:+0.1867;HTH:+0.1149;null:+0.1123
487,1,chitin,host glycan,0.02591792656587473,3.A.1,3.A.1,3.A.1,3.A.1:+0.0259
488,1,fructan,fructan,0.2841530054644808,GH32,GH32;null;AraC,GH32;null;AraC;HTH,GH32:+0.2614;null:+0.0710;AraC:+0.0188;HTH:+0.0173
494,1,fructan,fructan,0.7806324110671937,GH32,GH32;1.B.14;0039384,GH32;1.B.14;0039384;null,GH32:+0.2806;1.B.14:+0.2475;0039384:+0.1116;null:+0.1041
508,1,fructan,fructan,0.4885654885654885,3.A.1,3.A.1;GH32;LacI,3.A.1;GH32;LacI,3.A.1:+0.4886;GH32:+0.4078;LacI:+0.1896
509,1,fructan,fructan,1.0,null,null;LacI;4.A.1,null;LacI;4.A.1;GH32,null:+1.0000;LacI:+0.6454;4.A.1:+0.5631;GH32:+0.4230
510,1,fructan,fructan,1.0,null,null;LacI;4.A.1,null;LacI;4.A.1;GH32,null:+1.0000;LacI:+0.6454;4.A.1:+0.5631;GH32:+0.4230
517,1,fructan,fructan,0.5256578947368437,3.A.1,3.A.1;GH32;null,3.A.1;GH32;null,3.A.1:+0.4384;GH32:+0.1436;null:+0.0985
522,1,galactan,beta-mannan,0.04580152671755725,1.B.52,1.B.52,1.B.52,1.B.52:+0.0458
527,1,galactan,galactan,0.6102202801720392,GH36,GH36;18;3.A.1,GH36;18;3.A.1;AraC;HTH,GH36:+0.1826;18:+0.1551;3.A.1:+0.0758;AraC:+0.0614;HTH:+0.0433
534,1,galactan,galactan,0.5689655172413792,16,16;GH16;null,16;GH16;null,16:+0.5690;GH16:+0.1090;null:+0.0235
538,1,galactan,beta-glucan,0.15643451096191238,18,18;3.A.1;HTH,18;3.A.1;HTH;AraC,18:+0.1465;3.A.1:+0.0388;HTH:+0.0126;AraC:+0.0123
540,1,galactan,galactan,0.8193621378279241,null,null;2.A.1;GH117,null;2.A.1;GH117;2.A.21;3.A.1,null:+0.1072;2.A.1:+0.0938;GH117:+0.0902;2.A.21:+0.0837;3.A.1:+0.0655
545,1,galactan,galactan,0.5605068785661768,GH53,GH53;AraC;8.A.46,GH53;AraC;8.A.46;HTH,GH53:+0.3806;AraC:+0.1537;8.A.46:+0.1170;HTH:+0.1122
551,1,galactan,galactan,1.0,GH4,GH4;AraC;HTH,GH4;AraC;HTH,GH4:+0.5243;AraC:+0.4399;HTH:+0.3778
558,1,galactan,galactan,1.0,18,18;3.A.1;GH36,18;3.A.1;GH36;31;GH13,18:+0.2872;3.A.1:+0.2318;GH36:+0.2061;31:+0.1952;GH13:+0.1942
560,1,galactan,galactan,1.0,GH4,GH4;AraC;HTH,GH4;AraC;HTH,GH4:+0.5195;AraC:+0.3185;HTH:+0.2920
571,1,galactan,galactan,1.0,GH36,GH36;0044258;bac,GH36;0044258;bac;3.A.1;SBP,GH36:+0.3110;0044258:+0.2374;bac:+0.1654;3.A.1:+0.1393;SBP:+0.1345
577,1,galactan,galactan,0.8797820663706962,2.A.1,2.A.1;GH129;GH127,2.A.1;GH129;GH127;AraC;null,2.A.1:+0.2291;GH129:+0.2038;GH127:+0.1642;AraC:+0.1248;null:+0.0999
582,1,galactan,galactan,0.6286883241055737,2.A.2,2.A.2;GH42;null,2.A.2;GH42;null;LacI,2.A.2:+0.3301;GH42:+0.0817;null:+0.0614;LacI:+0.0197
583,1,galactan,galactan,0.7961783439490445,2.A.1,2.A.1;GntR;null,2.A.1;GntR;null;GH16;1.B.14,2.A.1:+0.2602;GntR:+0.2442;null:+0.2047;GH16:+0.1336;1.B.14:+0.0744
586,1,galactan,galactan,0.555793991416309,GH42,GH42;null;SBP,GH42;null;SBP;bac;1,GH42:+0.2625;null:+0.2292;SBP:+0.2181;bac:+0.2064;1:+0.1398
594,1,host glycan,host glycan,0.900398406374502,GH2,GH2;GH29;GH18,GH2;GH29;GH18;null;CBM32,GH2:+0.0922;GH29:+0.0657;GH18:+0.0501;null:+0.0369;CBM32:+0.0363
595,1,host glycan,host glycan,1.0,GH163,GH163;8.A.46;GH92,GH163;8.A.46;GH92;GH130;1.B.14,GH163:+0.1911;8.A.46:+0.1573;GH92:+0.1276;GH130:+0.1069;1.B.14:+0.0626
597,1,host glycan,host glycan,1.0,GH18,GH18;FecR;8.A.46,GH18;FecR;8.A.46;null;GerE,GH18:+0.1765;FecR:+0.1499;8.A.46:+0.1382;null:+0.0703;GerE:+0.0432
602,1,host glycan,host glycan,0.7477886074496618,CBM93,CBM93;GH33;2.A.4,CBM93;GH33;2.A.4;null;AraC,CBM93:+0.0829;GH33:+0.0822;2.A.4:+0.0351;null:+0.0320;AraC:+0.0202
605,1,host glycan,host glycan,0.8756856728526092,CBM32,CBM32;GH92;null,CBM32;GH92;null;1.B.14,CBM32:+0.2883;GH92:+0.0627;null:+0.0490;1.B.14:+0.0380
616,1,host glycan,host glycan,0.3372781065088757,GH33,GH33;GH20;GH29,GH33;GH20;GH29;GH2,GH33:+0.1237;GH20:+0.0623;GH29:+0.0423;GH2:+0.0165
630,1,host glycan,host glycan,0.87890625,GH33,GH33;CBM93;8.A.46,GH33;CBM93;8.A.46;MarR;3,GH33:+0.2357;CBM93:+0.1646;8.A.46:+0.1234;MarR:+0.0985;3:+0.0813
637,1,host glycan,host glycan,0.7911877394636014,2.A.4,2.A.4;null;GH78,2.A.4;null;GH78;CBM67;AraC,2.A.4:+0.1692;null:+0.1461;GH78:+0.0859;CBM67:+0.0781;AraC:+0.0537
638,1,host glycan,host glycan,1.0,GH88,GH88;4.A.6;PL12,GH88;4.A.6;PL12;null;PL8,GH88:+0.1879;4.A.6:+0.1487;PL12:+0.0516;null:+0.0351;PL8:+0.0276
650,1,host glycan,host glycan,1.0,CE9,CE9;4.A.1,CE9;4.A.1,CE9:+0.7962;4.A.1:+0.0219
653,1,host glycan,host glycan,1.0,CE9,CE9;GH20;GH2,CE9;GH20;GH2;GH92;CE3,CE9:+0.1230;GH20:+0.0806;GH2:+0.0664;GH92:+0.0262;CE3:+0.0142
659,1,host glycan,host glycan,1.0,GH18,GH18;FecR;8.A.46,GH18;FecR;8.A.46;null;1.B.14,GH18:+0.1781;FecR:+0.1258;8.A.46:+0.0992;null:+0.0200;1.B.14:+0.0158
667,1,host glycan,host glycan,1.0,GH18,GH18;FecR;8.A.46,GH18;FecR;8.A.46;null;1.B.14,GH18:+0.1781;FecR:+0.1258;8.A.46:+0.0992;null:+0.0200;1.B.14:+0.0158
668,1,host glycan,host glycan,0.9860557768924303,GH18,GH18;8.A.46;FecR,GH18;8.A.46;FecR;null;GerE,GH18:+0.1833;8.A.46:+0.1484;FecR:+0.1377;null:+0.0563;GerE:+0.0330
673,1,host glycan,host glycan,1.0,4.A.3,4.A.3;null;GH1,4.A.3;null;GH1,4.A.3:+0.9988;null:+0.3972;GH1:+0.2392
674,1,host glycan,host glycan,1.0,4.A.3,4.A.3;null;GH1,4.A.3;null;GH1,4.A.3:+0.9988;null:+0.5815;GH1:+0.3214
681,1,host glycan,beta-glucan,0.0012425486402743036,,,,
683,1,host glycan,host glycan,1.0,GH20,GH20;0043143,GH20;0043143,GH20:+0.3342;0043143:+0.2192
685,1,host glycan,host glycan,1.0,GH33,GH33;CBM93;CE20,GH33;CBM93;CE20;GH20;GH2,GH33:+0.2111;CBM93:+0.1538;CE20:+0.0904;GH20:+0.0877;GH2:+0.0636
694,1,host glycan,host glycan,1.0,GH20,GH20;GH92;GH38,GH20;GH92;GH38;GH125;null,GH20:+0.1923;GH92:+0.1434;GH38:+0.1392;GH125:+0.0808;null:+0.0139
701,1,host glycan,host glycan,1.0,GH2,GH2;null,GH2;null,GH2:+0.5460;null:+0.0737
702,1,host glycan,host glycan,0.9900199600798403,GH20,GH20;GH33;CBM93,GH20;GH33;CBM93;GH2;CE20,GH20:+0.1066;GH33:+0.0715;CBM93:+0.0465;GH2:+0.0282;CE20:+0.0264
707,1,host glycan,pectin,0.005895287109067581,,,,
715,1,host glycan,host glycan,1.0,GH35,GH35;19;GH43,GH35;19;GH43;9;CBM91,GH35:+0.3094;19:+0.1906;GH43:+0.1547;9:+0.0652;CBM91:+0.0515
718,1,host glycan,host glycan,0.9880952380952381,GH18,GH18;FecR;8.A.46,GH18;FecR;8.A.46;null;GerE,GH18:+0.1477;FecR:+0.1184;8.A.46:+0.1123;null:+0.0515;GerE:+0.0271
725,1,host glycan,host glycan,1.0,CBM32,CBM32;GH92;AraC,CBM32;GH92;AraC;HTH;1.B.14,CBM32:+0.2025;GH92:+0.1652;AraC:+0.0864;HTH:+0.0802;1.B.14:+0.0775
730,1,host glycan,host glycan,1.0,2.A.4,2.A.4;GH3;AraC,2.A.4;GH3;AraC;HTH;GH78,2.A.4:+0.1755;GH3:+0.1633;AraC:+0.1567;HTH:+0.1486;GH78:+0.1450
734,1,host glycan,host glycan,0.9940357852882704,CE9,CE9;4.A.6;GntR,CE9;4.A.6;GntR;SIS;GH35,CE9:+0.3088;4.A.6:+0.0953;GntR:+0.0885;SIS:+0.0542;GH35:+0.0349
742,1,host glycan,host glycan,0.9056603773584905,GH2,GH2;1.B.14;AraC,GH2;1.B.14;AraC;null;HTH,GH2:+0.5334;1.B.14:+0.1690;AraC:+0.1180;null:+0.0734;HTH:+0.0680
745,1,host glycan,host glycan,1.0,GH88,GH88;8.A.46;2.A.1,GH88;8.A.46;2.A.1;2;PL12,GH88:+0.2145;8.A.46:+0.1551;2.A.1:+0.1332;2:+0.1278;PL12:+0.1126
753,1,host glycan,galactan,0.14394443658005465,GH29,GH29;GH95;null,GH29;GH95;null,GH29:+0.1049;GH95:+0.0294;null:+0.0087
754,1,host glycan,host glycan,0.39218142987897886,GH88,GH88;PL8,GH88;PL8,GH88:+0.1856;PL8:+0.1033
762,1,host glycan,host glycan,1.0,GH33,GH33;CBM93;CE20,GH33;CBM93;CE20;GH20;GH2,GH33:+0.2052;CBM93:+0.1630;CE20:+0.1158;GH20:+0.0911;GH2:+0.0644
765,1,host glycan,host glycan,0.9654471544715447,2,2;PL8;8.A.46,2;PL8;8.A.46;1.B.14;HTH,2:+0.1142;PL8:+0.1020;8.A.46:+0.0816;1.B.14:+0.0803;HTH:+0.0802
770,1,host glycan,host glycan,1.0,CBM32,CBM32;null;1.B.14,CBM32;null;1.B.14,CBM32:+0.7339;null:+0.1108;1.B.14:+0.0788
773,1,host glycan,host glycan,0.7960588972860383,GH33,GH33;CBM93;GH20,GH33;CBM93;GH20;8.A.46;CE3,GH33:+0.1199;CBM93:+0.1081;GH20:+0.0368;8.A.46:+0.0273;CE3:+0.0250
778,1,host glycan,host glycan,1.0,GH130,GH130;GerE;CE20,GH130;GerE;CE20;GH92;8,GH130:+0.1309;GerE:+0.1279;CE20:+0.1250;GH92:+0.1157;8:+0.1136
785,1,host glycan,host glycan,0.8477801268498942,GH18,GH18;8.A.46,GH18;8.A.46,GH18:+0.5470;8.A.46:+0.2333
797,1,host glycan,host glycan,0.9229074889867841,GH29,GH29;HTH;AraC,GH29;HTH;AraC;GH97;10,GH29:+0.2207;HTH:+0.1784;AraC:+0.1718;GH97:+0.1459;10:+0.1451
798,1,host glycan,host glycan,1.0,AraC,AraC;HTH;GH29,AraC;HTH;GH29;GH97;10,AraC:+0.1450;HTH:+0.1341;GH29:+0.1179;GH97:+0.0835;10:+0.0793
799,1,host glycan,host glycan,0.9784313725490196,GH163,GH163;GH130;8.A.46,GH163;GH130;8.A.46;GH92;GH18,GH163:+0.2157;GH130:+0.1525;8.A.46:+0.1467;GH92:+0.1457;GH18:+0.0482
801,1,host glycan,host glycan,1.0,GH163,GH163;8.A.46;GH130,GH163;8.A.46;GH130;GH92;1.B.14,GH163:+0.2197;8.A.46:+0.1558;GH130:+0.1512;GH92:+0.1481;1.B.14:+0.0774
804,1,host glycan,host glycan,0.9861932938856016,GH163,GH163;GH92;8.A.46,GH163;GH92;8.A.46;GH130;1.B.14,GH163:+0.2019;GH92:+0.1472;8.A.46:+0.1468;GH130:+0.1457;1.B.14:+0.0670
810,1,host glycan,host glycan,0.998,GH1,GH1;3.A.1;AraC,GH1;3.A.1;AraC;HTH;null,GH1:+0.1812;3.A.1:+0.1585;AraC:+0.1459;HTH:+0.1423;null:+0.1353
817,1,host glycan,host glycan,1.0,GH88,GH88;4.A.6;PL12,GH88;4.A.6;PL12;null;PL8,GH88:+0.1879;4.A.6:+0.1487;PL12:+0.0516;null:+0.0351;PL8:+0.0276
822,1,host glycan,host glycan,0.8429906542056075,GH88,GH88;PL12;2.A.1,GH88;PL12;2.A.1;2;null,GH88:+0.2338;PL12:+0.1353;2.A.1:+0.0987;2:+0.0865;null:+0.0462
825,1,host glycan,host glycan,0.9337349397590361,8.A.46,8.A.46;1.B.14;PL8,8.A.46;1.B.14;PL8;2;HTH,8.A.46:+0.0879;1.B.14:+0.0563;PL8:+0.0557;2:+0.0526;HTH:+0.0455
827,1,host glycan,host glycan,0.8937007874015748,8.A.46,8.A.46;PL8;2,8.A.46;PL8;2;HTH;AraC,8.A.46:+0.0780;PL8:+0.0600;2:+0.0502;HTH:+0.0426;AraC:+0.0413
834,1,pectin,pectin,1.0,GH3,GH3;GH144;1.B.14,GH3;GH144;1.B.14,GH3:+0.2731;GH144:+0.1239;1.B.14:+0.1118
836,1,pectin,pectin,0.7599112950429098,GH144,GH144;GH3,GH144;GH3,GH144:+0.0905;GH3:+0.0534
837,1,pectin,pectin,1.0,GH3,GH3;GH133;GT4,GH3;GH133;GT4;GH57;1.B.14,GH3:+0.3088;GH133:+0.2783;GT4:+0.2222;GH57:+0.1973;1.B.14:+0.1919
843,1,pectin,pectin,0.6816976127320955,CE20,CE20;1.B.14;null,CE20;1.B.14;null,CE20:+0.4086;1.B.14:+0.1685;null:+0.1258
849,1,pectin,pectin,0.9900199600798403,GH105,GH105;GH28;2.A.56,GH105;GH28;2.A.56;1.B.14;LacI,GH105:+0.1289;GH28:+0.1041;2.A.56:+0.0882;1.B.14:+0.0774;LacI:+0.0702
851,1,pectin,pectin,0.9341085271317829,GH105,GH105;GH28;1.B.14,GH105;GH28;1.B.14;10;CE12,GH105:+0.1480;GH28:+0.1046;1.B.14:+0.0801;10:+0.0705;CE12:+0.0663
857,1,pectin,pectin,0.8794123748103363,GH105,GH105;CE12;GH28,GH105;CE12;GH28;PL1;1.B.14,GH105:+0.1476;CE12:+0.1054;GH28:+0.0561;PL1:+0.0511;1.B.14:+0.0458
873,1,pectin,pectin,1.0,GH28,GH28;GH92;GerE,GH28;GH92;GerE;FecR;1.B.14,GH28:+0.6031;GH92:+0.3219;GerE:+0.3064;FecR:+0.2602;1.B.14:+0.1176
882,1,pectin,pectin,0.5697211155378485,null,null;34;1.B.14,null;34;1.B.14;10;GH97,null:+0.5583;34:+0.2613;1.B.14:+0.1866;10:+0.1508;GH97:+0.1341
886,1,pectin,host glycan,0.08502772643253234,GH147,GH147;null,GH147;null,GH147:+0.0791;null:+0.0044
887,1,pectin,host glycan,0.312039312039312,GH92,GH92;GerE;FecR,GH92;GerE;FecR;1.B.14;null,GH92:+0.1644;GerE:+0.1351;FecR:+0.1317;1.B.14:+0.1170;null:+0.0103
893,1,pectin,pectin,1.0,GH105,GH105;CE12;PL1,GH105;CE12;PL1;GH28;8.A.46,GH105:+0.1469;CE12:+0.1010;PL1:+0.0761;GH28:+0.0741;8.A.46:+0.0648
904,1,pectin,pectin,1.0,PL1,PL1;2;1.B.14,PL1;2;1.B.14;null,PL1:+0.3583;2:+0.2074;1.B.14:+0.1681;null:+0.0312
905,1,pectin,pectin,0.9817444219066936,CE20,CE20;1.B.14;null,CE20;1.B.14;null,CE20:+0.5057;1.B.14:+0.3055;null:+0.2717
907,1,pectin,pectin,0.815929203539823,GH28,GH28;2.A.66;1.B.14,GH28;2.A.66;1.B.14;null,GH28:+0.2676;2.A.66:+0.1433;1.B.14:+0.0888;null:+0.0266
910,1,pectin,pectin,0.950920245398773,CE1,CE1;1.B.14;null,CE1;1.B.14;null,CE1:+0.5498;1.B.14:+0.3499;null:+0.1994
911,1,pectin,pectin,1.0,CE1,CE1;1.B.14;null,CE1;1.B.14;null,CE1:+0.5057;1.B.14:+0.3514;null:+0.2484
914,1,pectin,pectin,1.0,null,null;CBM32;34,null;CBM32;34;10;GH97,null:+1.0000;CBM32:+0.3292;34:+0.3073;10:+0.2533;GH97:+0.2357
919,1,pectin,pectin,1.0,GH3,GH3;1.B.14;null,GH3;1.B.14;null;8.A.46,GH3:+0.3439;1.B.14:+0.3291;null:+0.2966;8.A.46:+0.1514
924,1,pectin,pectin,0.7762121761015882,PL10,PL10;CE8;1,PL10;CE8;1,PL10:+0.2334;CE8:+0.1810;1:+0.1805
930,1,pectin,pectin,1.0,GH105,GH105;CE12;HTH,GH105;CE12;HTH;GH42;AraC,GH105:+0.2296;CE12:+0.1939;HTH:+0.1702;GH42:+0.1608;AraC:+0.1572
941,1,xylan,xylan,0.596448893813056,GH115,GH115;12;10,GH115;12;10;GH97;GH146,GH115:+0.1534;12:+0.1313;10:+0.1018;GH97:+0.0962;GH146:+0.0885
947,1,xylan,xylan,0.9861660079051383,7,7;17;GH43,7;17;GH43;CE1;2,7:+0.2320;17:+0.1798;GH43:+0.1767;CE1:+0.0952;2:+0.0792
955,1,xylan,xylan,1.0,GH10,GH10;GH43;1,GH10;GH43;1,GH10:+0.3380;GH43:+0.2141;1:+0.2110
962,1,xylan,xylan,0.7922794117647058,GH128,GH128;19;1.B.14,GH128;19;1.B.14;GH43;null,GH128:+0.3449;19:+0.1915;1.B.14:+0.1527;GH43:+0.1407;null:+0.1084
964,1,xylan,xylan,0.9089184060721062,GH97,GH97;GH3;HTH,GH97;GH3;HTH;8;1,GH97:+0.1870;GH3:+0.1428;HTH:+0.1251;8:+0.1213;1:+0.1196
969,1,xylan,xylan,1.0,GH30,GH30;8;GH43,GH30;8;GH43;CBM6;16,GH30:+0.3068;8:+0.2781;GH43:+0.1721;CBM6:+0.1658;16:+0.1377
974,1,xylan,xylan,0.9609856262833675,GH67,GH67;LacI;12,GH67;LacI;12;10;GH43,GH67:+0.0849;LacI:+0.0774;12:+0.0737;10:+0.0719;GH43:+0.0719
986,1,xylan,xylan,0.8851224105461395,GH128,GH128;GH51;19,GH128;GH51;19;GH43;1.B.14,GH128:+0.2560;GH51:+0.1987;19:+0.1834;GH43:+0.1604;1.B.14:+0.1232
992,1,xylan,xylan,0.9861660079051383,7,7;17;GH43,7;17;GH43;CE1;2,7:+0.2320;17:+0.1798;GH43:+0.1767;CE1:+0.0952;2:+0.0792
994,1,xylan,xylan,1.0,7,7;17;GH43,7;17;GH43;CE1;CBM6,7:+0.2435;17:+0.1818;GH43:+0.1797;CE1:+0.0900;CBM6:+0.0728
1000,1,xylan,xylan,0.8413284132841328,GH10,GH10;2.A.2;GH67,GH10;2.A.2;GH67;1.B.14;1,GH10:+0.0945;2.A.2:+0.0586;GH67:+0.0529;1.B.14:+0.0338;1:+0.0256
1002,1,xylan,xylan,0.3876651982378855,11,11;GH43;HTH,11;GH43;HTH;bac;AraC,11:+0.1552;GH43:+0.0536;HTH:+0.0495;bac:+0.0443;AraC:+0.0406
1005,1,xylan,xylan,1.0,2.A.2,2.A.2;11;CBM91,2.A.2;11;CBM91;GH43;null,2.A.2:+0.3189;11:+0.3143;CBM91:+0.2714;GH43:+0.2056;null:+0.0863
1013,1,xylan,xylan,0.8158995815899582,11,11;CE20;CBM91,11;CE20;CBM91;GH43;LacI,11:+0.1575;CE20:+0.1391;CBM91:+0.1262;GH43:+0.1135;LacI:+0.1114
1014,1,xylan,xylan,1.0,LacI,LacI;12;GH43,LacI;12;GH43;11;CBM91,LacI:+0.1602;12:+0.1446;GH43:+0.1188;11:+0.1175;CBM91:+0.1063
1018,1,xylan,xylan,1.0,LacI,LacI;12;GH43,LacI;12;GH43;11;CBM91,LacI:+0.1449;12:+0.1375;GH43:+0.1107;11:+0.1068;CBM91:+0.0900
1023,1,xylan,xylan,0.5939675174013921,1,1;PL11;GH43,1;PL11;GH43;GH3;7,1:+0.1849;PL11:+0.1635;GH43:+0.1482;GH3:+0.1372;7:+0.1116
1026,1,xylan,xylan,0.669603524229075,GH43,GH43;11;2.A.2,GH43;11;2.A.2;null,GH43:+0.2218;11:+0.2013;2.A.2:+0.1792;null:+0.0253
1027,1,xylan,xylan,0.7633451957295373,GH67,GH67;GH10;PfkB,GH67;GH10;PfkB;bac;AraC,GH67:+0.1049;GH10:+0.0783;PfkB:+0.0578;bac:+0.0527;AraC:+0.0464
1,2,alginate,alginate,1.0,PL17,PL17;PL6;1,PL17;PL6;1;2;null,PL17:+0.1784;PL6:+0.1213;1:+0.0927;2:+0.0763;null:+0.0759
8,2,alginate,alginate,0.956356629620178,1,1;PL5;null,1;PL5;null;binding;1.B.13,1:+0.1696;PL5:+0.1000;null:+0.0625;binding:+0.0460;1.B.13:+0.0270
16,2,alginate,alginate,0.53226345703778,PL15,PL15;1;GntR,PL15;1;GntR;null,PL15:+0.2131;1:+0.1676;GntR:+0.0700;null:+0.0148
17,2,alginate,alginate,1.0,PL17,PL17;GntR;2,PL17;GntR;2;2.A.1;null,PL17:+0.2580;GntR:+0.1253;2:+0.1253;2.A.1:+0.1102;null:+0.0686
24,2,alginate,alginate,1.0,PL6,PL6;PL17;2.A.1,PL6;PL17;2.A.1;1;binding,PL6:+0.0848;PL17:+0.0655;2.A.1:+0.0603;1:+0.0592;binding:+0.0356
28,2,alginate,alginate,1.0,PL17,PL17;binding;2,PL17;binding;2;GntR;2.A.1,PL17:+0.1608;binding:+0.0953;2:+0.0884;GntR:+0.0843;2.A.1:+0.0671
35,2,alginate,alginate,0.9461607180441808,1,1;PL5;3.A.1,1;PL5;3.A.1;PL15;PL7,1:+0.2015;PL5:+0.1851;3.A.1:+0.1415;PL15:+0.1352;PL7:+0.1321
39,2,alginate,alginate,1.0,PL17,PL17;PL6;1,PL17;PL6;1;2;GntR,PL17:+0.1659;PL6:+0.1466;1:+0.0994;2:+0.0538;GntR:+0.0349
42,2,alginate,alginate,0.8148148148148148,PL17,PL17;PL6;1,PL17;PL6;1;2;8.A.46,PL17:+0.2470;PL6:+0.2165;1:+0.1194;2:+0.0780;8.A.46:+0.0242
45,2,alginate,alginate,0.9443254817987151,PL6,PL6;PL17;1,PL6;PL17;1;2;1.B.14,PL6:+0.1757;PL17:+0.1730;1:+0.1036;2:+0.0284;1.B.14:+0.0227
50,2,alpha-glucan,alpha-glucan,1.0,GH31,GH31;GH66;8.A.46,GH31;GH66;8.A.46;null,GH31:+0.2794;GH66:+0.2748;8.A.46:+0.1889;null:+0.0375
52,2,alpha-glucan,alpha-glucan,0.9984672826882981,GH97,GH97;GH13;1.B.14,GH97;GH13;1.B.14;null,GH97:+0.2807;GH13:+0.2783;1.B.14:+0.0502;null:+0.0179
60,2,alpha-glucan,alpha-glucan,1.0,LacI,LacI;GH13;redox,LacI;GH13;redox;2;Pyr,LacI:+0.1579;GH13:+0.1431;redox:+0.1265;2:+0.1181;Pyr:+0.1151
67,2,alpha-glucan,alpha-glucan,1.0,GH13,GH13;CBM34;20,GH13;CBM34;20;3.A.1;null,GH13:+0.2309;CBM34:+0.1300;20:+0.1087;3.A.1:+0.0845;null:+0.0235
80,2,alpha-glucan,alpha-glucan,0.9984672826882981,GH97,GH97;GH13;8.A.46,GH97;GH13;8.A.46;1.B.14;null,GH97:+0.1669;GH13:+0.1441;8.A.46:+0.0671;1.B.14:+0.0347;null:+0.0159
84,2,alpha-glucan,alpha-glucan,0.850420169784706,GH13,GH13;20;8.A.9,GH13;20;8.A.9;3.A.1,GH13:+0.2938;20:+0.1232;8.A.9:+0.0154;3.A.1:+0.0126
92,2,alpha-glucan,alpha-glucan,0.9984672826882981,GH97,GH97;GH13;1.B.14,GH97;GH13;1.B.14;null;46,GH97:+0.2031;GH13:+0.1094;1.B.14:+0.0344;null:+0.0236;46:+0.0179
94,2,alpha-glucan,alpha-glucan,0.9854166666666666,LacI,LacI;GH77;GH13,LacI;GH77;GH13;9.B.28;3.A.1,LacI:+0.1642;GH77:+0.1429;GH13:+0.0594;9.B.28:+0.0310;3.A.1:+0.0270
95,2,alpha-glucan,alpha-glucan,0.9984672826882981,LacI,LacI;GH77;GH13,LacI;GH77;GH13;3.A.1;9.B.28,LacI:+0.2092;GH77:+0.0605;GH13:+0.0333;3.A.1:+0.0235;9.B.28:+0.0119
98,2,alpha-glucan,alpha-glucan,0.7622092173900106,GH13,GH13;2.A.2;LacI,GH13;2.A.2;LacI;1.B.14;7,GH13:+0.2770;2.A.2:+0.0965;LacI:+0.0828;1.B.14:+0.0703;7:+0.0525
105,2,alpha-glucan,alpha-glucan,0.6050955414012739,4.A.1,4.A.1;GH32,4.A.1;GH32,4.A.1:+0.2724;GH32:+0.1145
107,2,alpha-glucan,host glycan,0.34087917873124507,GH32,GH32;SBP;bac,GH32;SBP;bac;1;3.A.1,GH32:+0.2327;SBP:+0.0916;bac:+0.0873;1:+0.0354;3.A.1:+0.0322
109,2,alpha-glucan,alpha-glucan,1.0,GH32,GH32;bac;SBP,GH32;bac;SBP;1;3.A.1,GH32:+0.6087;bac:+0.2689;SBP:+0.2355;1:+0.1829;3.A.1:+0.0352
121,2,alpha-glucan,alpha-glucan,1.0,8.A.46,8.A.46;GH31;null,8.A.46;GH31;null,8.A.46:+0.1163;GH31:+0.0759;null:+0.0279
122,2,alpha-glucan,alpha-glucan,0.868312757201646,GH97,GH97;GH66;GH31,GH97;GH66;GH31;null,GH97:+0.1455;GH66:+0.0773;GH31:+0.0438;null:+0.0062
124,2,alpha-glucan,alpha-glucan,0.49500532681581744,GH4,GH4;GntR,GH4;GntR,GH4:+0.3071;GntR:+0.1342
130,2,alpha-glucan,alpha-glucan,1.0,GH13,GH13;GT35;GT5,GH13;GT35;GT5;CBM48;null,GH13:+0.1797;GT35:+0.1260;GT5:+0.0976;CBM48:+0.0577;null:+0.0120
132,2,alpha-glucan,alpha-glucan,0.8639175257731959,GH13,GH13;GT5;CBM48,GH13;GT5;CBM48;null,GH13:+0.2699;GT5:+0.1074;CBM48:+0.0702;null:+0.0061
153,2,alpha-glucan,alpha-glucan,0.9984672826882981,GH97,GH97;GH13;1.B.14,GH97;GH13;1.B.14;null;46,GH97:+0.2000;GH13:+0.0853;1.B.14:+0.0303;null:+0.0236;46:+0.0141
157,2,alpha-glucan,alpha-glucan,0.9940119760479041,GH97,GH97;GH13;8.A.46,GH97;GH13;8.A.46;1.B.14;null,GH97:+0.3118;GH13:+0.1018;8.A.46:+0.0601;1.B.14:+0.0443;null:+0.0258
161,2,alpha-glucan,alpha-glucan,0.9838709677419355,GH13,GH13;GT35;GT5,GH13;GT35;GT5;CBM48;9,GH13:+0.1166;GT35:+0.0993;GT5:+0.0644;CBM48:+0.0497;9:+0.0280
163,2,alpha-glucan,alpha-glucan,0.9754601226993865,PfkB,PfkB;LacI;PadR,PfkB;LacI;PadR;MarR;GH32,PfkB:+0.4541;LacI:+0.3798;PadR:+0.1680;MarR:+0.1584;GH32:+0.1537
166,2,alpha-glucan,alpha-glucan,1.0,LacI,LacI;GH32;null,LacI;GH32;null;3.A.1,LacI:+0.6051;GH32:+0.2142;null:+0.1089;3.A.1:+0.0729
168,2,alpha-glucan,alpha-glucan,0.5222810662729721,LacI,LacI;PfkB;GH32,LacI;PfkB;GH32;null;GH13,LacI:+0.1667;PfkB:+0.0618;GH32:+0.0592;null:+0.0337;GH13:+0.0279
172,2,alpha-glucan,alpha-glucan,1.0,GH13,GH13;GT35;GT5,GH13;GT35;GT5;CBM48;9,GH13:+0.1092;GT35:+0.0714;GT5:+0.0501;CBM48:+0.0319;9:+0.0220
176,2,alpha-mannan,alpha-mannan,0.29120161510700765,GH125,GH125;1.B.14;GH92,GH125;1.B.14;GH92;LacI;8.A.46,GH125:+0.2246;1.B.14:+0.0676;GH92:+0.0236;LacI:+0.0161;8.A.46:+0.0109
179,2,alpha-mannan,alpha-mannan,0.9823633731619786,GH76,GH76;GH125;GH92,GH76;GH125;GH92;GH130;null,GH76:+0.1744;GH125:+0.1690;GH92:+0.1591;GH130:+0.1197;null:+0.1180
181,2,alpha-mannan,alpha-mannan,0.9844057156633657,GH76,GH76;GH125;GH92,GH76;GH125;GH92;GH130;GT32,GH76:+0.1984;GH125:+0.1753;GH92:+0.1599;GH130:+0.1572;GT32:+0.1430
195,2,alpha-mannan,alpha-mannan,1.0,null,null;GH92;1.B.14,null;GH92;1.B.14;9.B.14,null:+0.1660;GH92:+0.1550;1.B.14:+0.1371;9.B.14:+0.0160
197,2,alpha-mannan,alpha-mannan,0.6205595151515151,GH125,GH125;GH76;GH97,GH125;GH76;GH97;GH67;GH92,GH125:+0.1713;GH76:+0.1421;GH97:+0.1235;GH67:+0.1123;GH92:+0.1017
203,2,arabinogalactan,arabinogalactan,0.4901636999570921,9.B.28,9.B.28;2.A.3;22,9.B.28;2.A.3;22;GH43;34,9.B.28:+0.0659;2.A.3:+0.0513;22:+0.0408;GH43:+0.0395;34:+0.0317
204,2,arabinogalactan,arabinogalactan,0.4901636999570921,9.B.28,9.B.28;2.A.3;22,9.B.28;2.A.3;22;GH43;34,9.B.28:+0.0659;2.A.3:+0.0513;22:+0.0408;GH43:+0.0395;34:+0.0317
213,2,arabinogalactan,arabinogalactan,1.0,4,4;GH43;GH51,4;GH43;GH51;1.B.14;29,4:+0.2932;GH43:+0.2575;GH51:+0.2189;1.B.14:+0.1887;29:+0.1874
217,2,arabinogalactan,arabinogalactan,1.0,GH51,GH51;3.A.1;null,GH51;3.A.1;null,GH51:+0.5523;3.A.1:+0.3658;null:+0.1669
221,2,arabinogalactan,host glycan,0.10412573673870333,GH43,GH43;GH27;HTH,GH43;GH27;HTH;AraC;null,GH43:+0.0456;GH27:+0.0446;HTH:+0.0178;AraC:+0.0017;null:+0.0011
224,2,arabinogalactan,arabinogalactan,1.0,24,24;HTH;1.A.30,24;HTH;1.A.30;GH35;null,24:+0.2433;HTH:+0.2318;1.A.30:+0.2298;GH35:+0.2211;null:+0.2148
229,2,arabinogalactan,arabinogalactan,0.4804162208561045,GH51,GH51;3.A.1;null,GH51;3.A.1;null;1,GH51:+0.3864;3.A.1:+0.1699;null:+0.0736;1:+0.0728
239,2,beta-glucan,beta-glucan,0.9822834645669292,GH5,GH5;4;GH31,GH5;4;GH31;GH3;GH2,GH5:+0.1787;4:+0.1356;GH31:+0.1315;GH3:+0.1257;GH2:+0.0988
247,2,beta-glucan,xylan,0.14926009234047588,GH16,GH16;GH3,GH16;GH3,GH16:+0.1106;GH3:+0.0108
248,2,beta-glucan,beta-glucan,1.0,GH1,GH1;4.A.1,GH1;4.A.1,GH1:+0.8075;4.A.1:+0.7595
250,2,beta-glucan,beta-mannan,0.12355849944740914,GH1,GH1;HTH,GH1;HTH,GH1:+0.0368;HTH:+0.0133
251,2,beta-glucan,beta-glucan,1.0,LacI,LacI;GH1;Glucokinase,LacI;GH1;Glucokinase;4.A.3,LacI:+0.5928;GH1:+0.4884;Glucokinase:+0.3456;4.A.3:+0.2025
254,2,beta-glucan,beta-glucan,1.0,CBM4,CBM4;1.B.14;null,CBM4;1.B.14;null,CBM4:+0.6339;1.B.14:+0.3159;null:+0.1200
256,2,beta-glucan,beta-glucan,1.0,GH3,GH3;1.B.14;3,GH3;1.B.14;3;GH158;GerE,GH3:+0.2214;1.B.14:+0.0837;3:+0.0509;GH158:+0.0424;GerE:+0.0334
257,2,beta-glucan,beta-glucan,0.5971074380165289,GH16,GH16;8.A.46;null,GH16;8.A.46;null;GerE,GH16:+0.3861;8.A.46:+0.0378;null:+0.0216;GerE:+0.0196
264,2,beta-glucan,beta-glucan,0.5101140910651611,GH16,GH16;GH3;1.B.14,GH16;GH3;1.B.14;2.A.1;2.A.35,GH16:+0.2280;GH3:+0.1478;1.B.14:+0.0927;2.A.1:+0.0476;2.A.35:+0.0390
266,2,beta-glucan,beta-glucan,1.0,GH1,GH1;LacI;3,GH1;LacI;3;GH3;1.B.14,GH1:+0.1891;LacI:+0.1651;3:+0.1567;GH3:+0.1189;1.B.14:+0.1033
269,2,beta-glucan,beta-glucan,0.5609284332688588,4,4;GH36;GH3,4;GH36;GH3;GH5;7,4:+0.2523;GH36:+0.2136;GH3:+0.1469;GH5:+0.1421;7:+0.1223
285,2,beta-glucan,beta-glucan,0.8961303462321792,GH5,GH5;4;GH31,GH5;4;GH31;GH3;1.B.14,GH5:+0.1612;4:+0.1345;GH31:+0.1210;GH3:+0.1114;1.B.14:+0.0882
286,2,beta-glucan,beta-glucan,1.0,3,3;GH3;GH30,3;GH3;GH30;1.B.14;7,3:+0.3108;GH3:+0.2088;GH30:+0.1837;1.B.14:+0.1309;7:+0.0600
288,2,beta-glucan,beta-glucan,0.9981394586877919,GH5,GH5;4;GH3,GH5;4;GH3;GH31;GH2,GH5:+0.1329;4:+0.1259;GH3:+0.1253;GH31:+0.1094;GH2:+0.0875
292,2,beta-glucan,beta-glucan,1.0,GH3,GH3;GH16;1.B.14,GH3;GH16;1.B.14;8.A.46;null,GH3:+0.3163;GH16:+0.2572;1.B.14:+0.1258;8.A.46:+0.0587;null:+0.0364
294,2,beta-glucan,beta-glucan,1.0,GH3,GH3;8.A.46;GH16,GH3;8.A.46;GH16;1.B.14;3,GH3:+0.2767;8.A.46:+0.1697;GH16:+0.1670;1.B.14:+0.1636;3:+0.1070
301,2,beta-glucan,beta-glucan,0.6777251184834122,GH5,GH5;4;null,GH5;4;null,GH5:+0.2891;4:+0.2369;null:+0.0470
304,2,beta-glucan,pectin,0.0877795588123044,GH94,GH94,GH94,GH94:+0.0721
314,2,beta-glucan,beta-glucan,1.0,3,3;GH3;GH30,3;GH3;GH30;1.B.14;7,3:+0.2845;GH3:+0.1907;GH30:+0.1670;1.B.14:+0.1150;7:+0.0605
330,2,beta-glucan,beta-glucan,1.0,4.A.1,4.A.1;GH1,4.A.1;GH1,4.A.1:+1.0000;GH1:+0.7449
336,2,beta-glucan,host glycan,0.0,,,,
341,2,beta-glucan,beta-glucan,0.7852998065764023,3,3;GH31;1.B.14,3;GH31;1.B.14;GH9;9.B.27,3:+0.1598;GH31:+0.0995;1.B.14:+0.0659;GH9:+0.0564;9.B.27:+0.0368
343,2,beta-glucan,beta-glucan,0.6636155606407321,GH26,GH26;GH9;GH31,GH26;GH9;GH31,GH26:+0.1624;GH9:+0.1373;GH31:+0.0932
354,2,beta-glucan,beta-glucan,0.9612244897959183,GT2,GT2;GT4;null,GT2;GT4;null,GT2:+0.4153;GT4:+0.2119;null:+0.0613
365,2,beta-mannan,beta-mannan,1.0,GH42,GH42;3.A.1,GH42;3.A.1,GH42:+0.7183;3.A.1:+0.3218
368,2,beta-mannan,beta-mannan,0.8089188887677042,LacI,LacI;GH2;3.A.3,LacI;GH2;3.A.3;9.B.36;SBP,LacI:+0.2920;GH2:+0.2403;3.A.3:+0.1825;9.B.36:+0.1666;SBP:+0.1369
372,2,beta-mannan,beta-mannan,0.5686695278969958,GH26,GH26;4.A.3;GntR,GH26;4.A.3;GntR;null,GH26:+0.3352;4.A.3:+0.2169;GntR:+0.2050;null:+0.1064
377,2,beta-mannan,beta-mannan,0.7812499999999999,GH130,GH130;GH26;2,GH130;GH26;2;HTH;AraC,GH130:+0.1698;GH26:+0.1024;2:+0.0784;HTH:+0.0636;AraC:+0.0628
378,2,beta-mannan,beta-mannan,0.8157389635316699,GH130,GH130;GH26;2,GH130;GH26;2;AraC;GH27,GH130:+0.1688;GH26:+0.1023;2:+0.0983;AraC:+0.0833;GH27:+0.0733
379,2,beta-mannan,beta-mannan,0.9661016949152542,AraC,AraC;HTH;CE7,AraC;HTH;CE7;GH26;1.B.14,AraC:+0.1847;HTH:+0.1611;CE7:+0.1509;GH26:+0.1161;1.B.14:+0.0740
380,2,beta-mannan,beta-mannan,0.5570244622343622,GH130,GH130;CE7;1,GH130;CE7;1;LacI;bac,GH130:+0.2831;CE7:+0.0500;1:+0.0117;LacI:+0.0036;bac:+0.0008
382,2,beta-mannan,beta-mannan,1.0,31,31;4.A.1;LacI,31;4.A.1;LacI;GH13;GH32,31:+0.6431;4.A.1:+0.5716;LacI:+0.4793;GH13:+0.4224;GH32:+0.3709
398,2,beta-mannan,beta-mannan,0.5666041275797373,GH130,GH130;GH26;GH27,GH130;GH26;GH27;AraC;HTH,GH130:+0.1651;GH26:+0.0938;GH27:+0.0706;AraC:+0.0483;HTH:+0.0223
403,2,beta-mannan,beta-mannan,0.9960079840319361,GH130,GH130;GH26;2.A.2,GH130;GH26;2.A.2;1.B.14;HTH,GH130:+0.2755;GH26:+0.2115;2.A.2:+0.1507;1.B.14:+0.1060;HTH:+0.1012
414,2,beta-mannan,beta-mannan,0.8542413028553049,GH42,GH42;null;3.A.1,GH42;null;3.A.1,GH42:+0.6874;null:+0.5679;3.A.1:+0.2651
416,2,beta-mannan,beta-mannan,1.0,null,null;GH42;3.A.1,null;GH42;3.A.1;LacI,null:+1.0000;GH42:+0.7816;3.A.1:+0.4108;LacI:+0.1325
422,2,beta-mannan,beta-mannan,0.9858585858585859,GH130,GH130;GH26;2.A.2,GH130;GH26;2.A.2;1.B.14;HTH,GH130:+0.2737;GH26:+0.2365;2.A.2:+0.1667;1.B.14:+0.1268;HTH:+0.1114
424,2,beta-mannan,beta-mannan,0.9613152804642165,GH42,GH42;LacI;CBM61,GH42;LacI;CBM61;3.A.1;SBP,GH42:+0.5267;LacI:+0.3097;CBM61:+0.2946;3.A.1:+0.1624;SBP:+0.0552
428,2,chitin,xylan,0.014863001895571257,3.A.1,3.A.1,3.A.1,3.A.1:+0.0096
442,2,chitin,chitin,1.0,4.A.3,4.A.3;GH4;CE4,4.A.3;GH4;CE4,4.A.3:+0.4849;GH4:+0.4351;CE4:+0.0507
443,2,chitin,chitin,1.0,4.A.3,4.A.3;GH4;CE4,4.A.3;GH4;CE4,4.A.3:+0.4608;GH4:+0.4218;CE4:+0.0580
446,2,chitin,chitin,1.0,GH18,GH18;CBM5,GH18;CBM5,GH18:+0.3506;CBM5:+0.1213
463,2,chitin,chitin,1.0,4.A.3,4.A.3;GH4;AraC,4.A.3;GH4;AraC;HTH,4.A.3:+0.6388;GH4:+0.2872;AraC:+0.0766;HTH:+0.0222
464,2,chitin,chitin,1.0,4.A.3,4.A.3;GH4;null,4.A.3;GH4;null;AraC;HTH,4.A.3:+0.6388;GH4:+0.3134;null:+0.1953;AraC:+0.1475;HTH:+0.1271
467,2,chitin,chitin,0.8962818003913895,4.A.3,4.A.3;GH4;AraC,4.A.3;GH4;AraC;HTH;null,4.A.3:+0.6650;GH4:+0.2006;AraC:+0.1696;HTH:+0.0959;null:+0.0915
468,2,chitin,chitin,1.0,4.A.3,4.A.3;GH4;AraC,4.A.3;GH4;AraC;HTH,4.A.3:+0.7688;GH4:+0.2542;AraC:+0.1137;HTH:+0.0365
469,2,chitin,chitin,1.0,4.A.3,4.A.3;GH4;AraC,4.A.3;GH4;AraC;HTH,4.A.3:+0.6034;GH4:+0.2927;AraC:+0.0660;HTH:+0.0242
475,2,chitin,chitin,1.0,HTH,HTH;AraC;4.A.3,HTH;AraC;4.A.3;GH1,HTH:+0.5145;AraC:+0.5052;4.A.3:+0.4928;GH1:+0.3043
476,2,chitin,chitin,1.0,4.A.3,4.A.3;GH4;AraC,4.A.3;GH4;AraC;HTH,4.A.3:+0.6388;GH4:+0.2872;AraC:+0.0766;HTH:+0.0222
478,2,chitin,chitin,1.0,4.A.3,4.A.3;GH4;AraC,4.A.3;GH4;AraC;HTH,4.A.3:+0.6388;GH4:+0.2872;AraC:+0.0766;HTH:+0.0222
483,2,chitin,chitin,1.0,4.A.3,4.A.3;GH4;AraC,4.A.3;GH4;AraC;HTH,4.A.3:+0.6388;GH4:+0.2872;AraC:+0.0766;HTH:+0.0222
490,2,fructan,fructan,0.9982530571499876,PfkB,PfkB;GH32;2.A.1,PfkB;GH32;2.A.1,PfkB:+0.9983;GH32:+0.2815;2.A.1:+0.1636
501,2,fructan,fructan,0.9982530571499876,2.A.3,2.A.3;GH68;GH32,2.A.3;GH68;GH32;1,2.A.3:+0.3306;GH68:+0.3068;GH32:+0.2655;1:+0.2632
502,2,fructan,fructan,0.7350979126318055,GH68,GH68;2.A.3;GH32,GH68;2.A.3;GH32,GH68:+0.2593;2.A.3:+0.2472;GH32:+0.1742
506,2,fructan,alpha-glucan,0.29433328944260917,3.A.1,3.A.1;GH32;LacI,3.A.1;GH32;LacI,3.A.1:+0.1985;GH32:+0.1957;LacI:+0.0865
512,2,fructan,fructan,0.9410520750726935,GH32,GH32;1.B.14;0039384,GH32;1.B.14;0039384;2.A.1;null,GH32:+0.3058;1.B.14:+0.1280;0039384:+0.1124;2.A.1:+0.0986;null:+0.0736
518,2,fructan,fructan,1.0,30,30;GH13;GH36,30;GH13;GH36;SBP;bac,30:+0.6359;GH13:+0.3377;GH36:+0.3045;SBP:+0.2841;bac:+0.2828
519,2,galactan,galactan,1.0,GntR,GntR;2.A.1;null,GntR;2.A.1;null;GH16;1.B.14,GntR:+0.2756;2.A.1:+0.2415;null:+0.2269;GH16:+0.1937;1.B.14:+0.1663
521,2,galactan,galactan,0.9495967741935484,16,16;GH16;null,16;GH16;null,16:+0.7391;GH16:+0.3147;null:+0.0016
524,2,galactan,galactan,1.0,GH36,GH36;MarR;null,GH36;MarR;null;3.A.1;bac,GH36:+0.3581;MarR:+0.3509;null:+0.1526;3.A.1:+0.1354;bac:+0.0665
525,2,galactan,galactan,1.0,GH42,GH42;LacI;3.A.1,GH42;LacI;3.A.1,GH42:+0.8232;LacI:+0.7455;3.A.1:+0.4097
536,2,galactan,galactan,0.6882661996497373,GntR,GntR;2.A.1;null,GntR;2.A.1;null;GH16;1.B.14,GntR:+0.1766;2.A.1:+0.1230;null:+0.1228;GH16:+0.1148;1.B.14:+0.0567
541,2,galactan,galactan,0.2891413966022587,GH16,GH16;GH117;null,GH16;GH117;null;GH154;GH2,GH16:+0.1195;GH117:+0.0785;null:+0.0311;GH154:+0.0299;GH2:+0.0264
543,2,galactan,galactan,0.6481113320079523,GH53,GH53;AraC;HTH,GH53;AraC;HTH;8.A.46;GH2,GH53:+0.3182;AraC:+0.2910;HTH:+0.2447;8.A.46:+0.1942;GH2:+0.1078
544,2,galactan,pectin,0.0,,,,
559,2,galactan,galactan,1.0,GH4,GH4;AraC;HTH,GH4;AraC;HTH,GH4:+0.5968;AraC:+0.3844;HTH:+0.3271
564,2,galactan,beta-mannan,0.4547484725213497,LacI,LacI;2.A.2;GH2,LacI;2.A.2;GH2,LacI:+0.4547;2.A.2:+0.1862;GH2:+0.1257
568,2,galactan,galactan,1.0,2.A.2,2.A.2;null;GH2,2.A.2;null;GH2,2.A.2:+0.4510;null:+0.2916;GH2:+0.2637
575,2,galactan,galactan,0.32244897959183677,1.B.14,1.B.14;GH86;GH16,1.B.14;GH86;GH16;null,1.B.14:+0.1377;GH86:+0.1365;GH16:+0.0827;null:+0.0209
585,2,galactan,galactan,0.7374429223744292,null,null;GH42;LacI,null;GH42;LacI;SBP;bac,null:+0.7046;GH42:+0.3869;LacI:+0.3354;SBP:+0.2246;bac:+0.2074
588,2,galactan,galactan,0.728310502283105,null,null;GH42;LacI,null;GH42;LacI;SBP;bac,null:+0.6954;GH42:+0.3918;LacI:+0.3295;SBP:+0.2090;bac:+0.1909
601,2,host glycan,host glycan,0.8984375,GH20,GH20;GH33;GH2,GH20;GH33;GH2;CE9;CBM93,GH20:+0.0654;GH33:+0.0368;GH2:+0.0366;CE9:+0.0350;CBM93:+0.0340
609,2,host glycan,host glycan,0.5095320623916811,GH20,GH20;GH29;GH92,GH20;GH29;GH92;GH2;GH18,GH20:+0.0855;GH29:+0.0802;GH92:+0.0520;GH2:+0.0384;GH18:+0.0276
614,2,host glycan,host glycan,0.998193633143313,GH20,GH20;CE9;GH2,GH20;CE9;GH2;reg;GH92,GH20:+0.1130;CE9:+0.1062;GH2:+0.0928;reg:+0.0729;GH92:+0.0531
615,2,host glycan,host glycan,0.998193633143313,GH20,GH20;CE9;GH2,GH20;CE9;GH2;reg;GH92,GH20:+0.1130;CE9:+0.1062;GH2:+0.0928;reg:+0.0729;GH92:+0.0531
617,2,host glycan,host glycan,1.0,GH112,GH112;3.A.1;null,GH112;3.A.1;null;0043669,GH112:+0.2579;3.A.1:+0.1647;null:+0.1613;0043669:+0.1370
619,2,host glycan,host glycan,1.0,CE9,CE9;4.A.1,CE9;4.A.1,CE9:+0.7676;4.A.1:+0.0517
620,2,host glycan,host glycan,1.0,CE9,CE9,CE9,CE9:+0.5797
622,2,host glycan,host glycan,1.0,CE9,CE9,CE9,CE9:+0.5797
624,2,host glycan,host glycan,1.0,null,null;GH1,null;GH1,null:+0.5817;GH1:+0.2910
629,2,host glycan,host glycan,0.8551859099804305,GH33,GH33;CBM93;MarR,GH33;CBM93;MarR;3;8.A.46,GH33:+0.2543;CBM93:+0.1892;MarR:+0.1165;3:+0.0905;8.A.46:+0.0732
636,2,host glycan,host glycan,1.0,2.A.4,2.A.4;AraC;CBM67,2.A.4;AraC;CBM67;null;HTH,2.A.4:+0.2048;AraC:+0.1786;CBM67:+0.1674;null:+0.1670;HTH:+0.1642
651,2,host glycan,host glycan,1.0,GH2,GH2;CE9;GH20,GH2;CE9;GH20;GH92,GH2:+0.0989;CE9:+0.0978;GH20:+0.0455;GH92:+0.0241
656,2,host glycan,host glycan,0.9500998003992015,CE9,CE9;null,CE9;null,CE9:+0.4501;null:+0.0018
678,2,host glycan,host glycan,1.0,null,null;GH170;4.A.3,null;GH170;4.A.3,null:+0.2486;GH170:+0.0430;4.A.3:+0.0202
689,2,host glycan,host glycan,1.0,GH20,GH20;GH38;GH125,GH20;GH38;GH125;GH92;null,GH20:+0.2033;GH38:+0.1437;GH125:+0.1257;GH92:+0.0950;null:+0.0472
696,2,host glycan,host glycan,1.0,GH20,GH20;GH33;GH2,GH20;GH33;GH2;CBM93;CE20,GH20:+0.0602;GH33:+0.0586;GH2:+0.0397;CBM93:+0.0245;CE20:+0.0161
700,2,host glycan,host glycan,0.9960159362549801,GH2,GH2;GH20;2.A.115,GH2;GH20;2.A.115;1.C.39;null,GH2:+0.0885;GH20:+0.0697;2.A.115:+0.0553;1.C.39:+0.0456;null:+0.0455
703,2,host glycan,host glycan,0.9538152610441767,GH2,GH2;2.A.115;null,GH2;2.A.115;null;GH20;1.C.39,GH2:+0.1071;2.A.115:+0.0622;null:+0.0542;GH20:+0.0534;1.C.39:+0.0375
709,2,host glycan,host glycan,0.7166281333657823,19,19;GH43;CBM91,19;GH43;CBM91;9;GH35,19:+0.1750;GH43:+0.1589;CBM91:+0.1356;9:+0.1237;GH35:+0.0773
711,2,host glycan,xylan,0.22930294153055902,GH35,GH35;2;19,GH35;2;19;GH43;GH51,GH35:+0.1009;2:+0.0440;19:+0.0428;GH43:+0.0207;GH51:+0.0086
712,2,host glycan,host glycan,0.837573385518591,GH29,GH29;CBM91;10,GH29;CBM91;10;GH97;AraC,GH29:+0.2615;CBM91:+0.2115;10:+0.1583;GH97:+0.1343;AraC:+0.1241
714,2,host glycan,xylan,0.22930294153055902,GH35,GH35;2;19,GH35;2;19;GH43;GH51,GH35:+0.1009;2:+0.0440;19:+0.0428;GH43:+0.0207;GH51:+0.0086
720,2,host glycan,host glycan,1.0,GH20,GH20;GH38;GH125,GH20;GH38;GH125;GH92;null,GH20:+0.2779;GH38:+0.2274;GH125:+0.1683;GH92:+0.1602;null:+0.0549
732,2,host glycan,host glycan,0.839924670433145,CE9,CE9,CE9,CE9:+0.5177
733,2,host glycan,host glycan,1.0,CE9,CE9;GntR;null,CE9;GntR;null,CE9:+0.5753;GntR:+0.0506;null:+0.0375
735,2,host glycan,host glycan,0.5706051873198847,null,null;HATPase;c,null;HATPase;c;GH1;AraC,null:+0.1728;HATPase:+0.1073;c:+0.1009;GH1:+0.0624;AraC:+0.0353
740,2,host glycan,host glycan,1.0,GH112,GH112;3.A.1;GH136,GH112;3.A.1;GH136;HTH;AraC,GH112:+0.2646;3.A.1:+0.2036;GH136:+0.1425;HTH:+0.0989;AraC:+0.0963
744,2,host glycan,host glycan,0.837573385518591,GH29,GH29;CBM91;10,GH29;CBM91;10;GH97;AraC,GH29:+0.2615;CBM91:+0.2115;10:+0.1583;GH97:+0.1343;AraC:+0.1241
748,2,host glycan,host glycan,1.0,CE9,CE9;4.A.6;DeoR,CE9;4.A.6;DeoR;SIS;HTH,CE9:+0.1455;4.A.6:+0.0814;DeoR:+0.0609;SIS:+0.0182;HTH:+0.0100
750,2,host glycan,host glycan,0.8850806451612904,DeoR,DeoR;1.B.35;PfkB,DeoR;1.B.35;PfkB;GH31;13,DeoR:+0.3193;1.B.35:+0.1884;PfkB:+0.1867;GH31:+0.1821;13:+0.1602
761,2,host glycan,host glycan,1.0,GH33,GH33;CBM93;GH20,GH33;CBM93;GH20;GH2;CE20,GH33:+0.1744;CBM93:+0.1426;GH20:+0.1086;GH2:+0.0973;CE20:+0.0952
764,2,host glycan,host glycan,1.0,CBM32,CBM32;null;1.B.14,CBM32;null;1.B.14,CBM32:+0.7398;null:+0.1078;1.B.14:+0.0797
766,2,host glycan,host glycan,1.0,null,null;GH1,null;GH1,null:+0.5817;GH1:+0.2910
772,2,host glycan,host glycan,0.6970802919708029,CBM32,CBM32;null;1.B.14,CBM32;null;1.B.14,CBM32:+0.5461;null:+0.0835;1.B.14:+0.0591
774,2,host glycan,host glycan,0.7007434944237918,GH33,GH33;CBM93;GH20,GH33;CBM93;GH20;null;CE20,GH33:+0.2745;CBM93:+0.1753;GH20:+0.0712;null:+0.0224;CE20:+0.0154
781,2,host glycan,host glycan,1.0,GH18,GH18;8.A.46;GerE,GH18;8.A.46;GerE;gnl;null,GH18:+0.1865;8.A.46:+0.1263;GerE:+0.0625;gnl:+0.0277;null:+0.0161
788,2,host glycan,host glycan,1.0,CBM32,CBM32;2.A.115;GH2,CBM32;2.A.115;GH2;1.B.14;null,CBM32:+0.0684;2.A.115:+0.0499;GH2:+0.0409;1.B.14:+0.0312;null:+0.0295
793,2,host glycan,host glycan,1.0,3,3;CE20;GerE,3;CE20;GerE;GH130;CBM67,3:+0.1527;CE20:+0.1337;GerE:+0.1283;GH130:+0.1241;CBM67:+0.1153
805,2,host glycan,host glycan,1.0,GH18,GH18;8.A.46;FecR,GH18;8.A.46;FecR;null;GerE,GH18:+0.2058;8.A.46:+0.1411;FecR:+0.0725;null:+0.0202;GerE:+0.0080
806,2,host glycan,host glycan,0.9403578528827037,GH163,GH163;8.A.46;GH130,GH163;8.A.46;GH130;GH92;GH18,GH163:+0.2127;8.A.46:+0.1762;GH130:+0.1429;GH92:+0.1100;GH18:+0.0548
812,2,host glycan,host glycan,0.9261363636363635,GH88,GH88;4.A.6;PL12,GH88;4.A.6;PL12;PfkB;null,GH88:+0.2731;4.A.6:+0.1170;PL12:+0.0770;PfkB:+0.0518;null:+0.0415
813,2,host glycan,host glycan,1.0,GH88,GH88;4.A.6;PL12,GH88;4.A.6;PL12;PfkB;null,GH88:+0.2823;4.A.6:+0.1206;PL12:+0.0873;PfkB:+0.0734;null:+0.0426
815,2,host glycan,host glycan,1.0,GH88,GH88;4.A.6;PL12,GH88;4.A.6;PL12;1;null,GH88:+0.2255;4.A.6:+0.1477;PL12:+0.0758;1:+0.0682;null:+0.0120
819,2,host glycan,host glycan,0.8678500986193294,GH3,GH3;CE8;2,GH3;CE8;2;PL1;HTH,GH3:+0.3735;CE8:+0.3005;2:+0.2426;PL1:+0.2104;HTH:+0.2045
820,2,host glycan,host glycan,0.8796296296296295,GH88,GH88;PL12;2,GH88;PL12;2;PL15;null,GH88:+0.2589;PL12:+0.1312;2:+0.0983;PL15:+0.0761;null:+0.0538
824,2,host glycan,host glycan,0.5524079320113314,PL8,PL8;2;null,PL8;2;null;8.A.46;HTH,PL8:+0.2299;2:+0.0524;null:+0.0428;8.A.46:+0.0394;HTH:+0.0147
826,2,host glycan,host glycan,0.9920477137176938,GH2,GH2;2;HTH,GH2;2;HTH;PL8;PL29,GH2:+0.1176;2:+0.0847;HTH:+0.0838;PL8:+0.0834;PL29:+0.0798
828,2,host glycan,host glycan,1.0,GH88,GH88;4.A.6;PL12,GH88;4.A.6;PL12;null;PfkB,GH88:+0.2398;4.A.6:+0.1181;PL12:+0.0593;null:+0.0388;PfkB:+0.0387
831,2,pectin,pectin,0.7804089433721069,GH105,GH105;2.A.56;LacI,GH105;2.A.56;LacI;GH28;CE8,GH105:+0.0806;2.A.56:+0.0775;LacI:+0.0750;GH28:+0.0679;CE8:+0.0588
832,2,pectin,pectin,0.6880733944954129,GH140,GH140;AraC;1.B.14,GH140;AraC;1.B.14;HTH;null,GH140:+0.4862;AraC:+0.1269;1.B.14:+0.1254;HTH:+0.0888;null:+0.0276
844,2,pectin,host glycan,0.13637469231013805,2,2,2,2:+0.1221
845,2,pectin,pectin,1.0,GH5,GH5;GH140;GH130,GH5;GH140;GH130;2.A.2;2,GH5:+0.2218;GH140:+0.2010;GH130:+0.1983;2.A.2:+0.1964;2:+0.1952
846,2,pectin,pectin,0.8385321100917431,GH140,GH140;GH5;2,GH140;GH5;2;5;GH130,GH140:+0.1907;GH5:+0.1572;2:+0.1535;5:+0.1287;GH130:+0.1245
859,2,pectin,pectin,0.8901038367871257,CE12,CE12;GH105;2,CE12;GH105;2;PL1;1.B.14,CE12:+0.0721;GH105:+0.0670;2:+0.0502;PL1:+0.0461;1.B.14:+0.0386
861,2,pectin,pectin,0.8505893019038985,GH105,GH105;CE12;GH28,GH105;CE12;GH28;GH106;1.B.14,GH105:+0.1208;CE12:+0.0749;GH28:+0.0654;GH106:+0.0465;1.B.14:+0.0448
862,2,pectin,pectin,0.9612329247264781,GH105,GH105;GH28;AraC,GH105;GH28;AraC;1.B.14;PL11,GH105:+0.1264;GH28:+0.0904;AraC:+0.0894;1.B.14:+0.0846;PL11:+0.0825
866,2,pectin,pectin,0.8669275929549902,GH144,GH144;GH3,GH144;GH3,GH144:+0.4923;GH3:+0.3325
872,2,pectin,pectin,0.8998407910598839,GH28,GH28;PfkB;2.A.56,GH28;PfkB;2.A.56;CE12;GH105,GH28:+0.1544;PfkB:+0.1263;2.A.56:+0.1237;CE12:+0.1101;GH105:+0.1059
877,2,pectin,host glycan,0.0,,,,
888,2,pectin,pectin,0.4374120956399437,GH140,GH140;GH28;PL1,GH140;GH28;PL1;2;1.B.14,GH140:+0.0928;GH28:+0.0665;PL1:+0.0175;2:+0.0145;1.B.14:+0.0133
889,2,pectin,pectin,0.4727272727272728,GH140,GH140;GH28;PL1,GH140;GH28;PL1;2;1.B.14,GH140:+0.0950;GH28:+0.0737;PL1:+0.0219;2:+0.0175;1.B.14:+0.0108
891,2,pectin,pectin,0.7546218487394959,18,18;GH28;GH2,18;GH28;GH2;GH106;GH33,18:+0.0747;GH28:+0.0744;GH2:+0.0590;GH106:+0.0572;GH33:+0.0559
895,2,pectin,pectin,0.8379888268156425,GH28,GH28;18;GH2,GH28;18;GH2;GH33;GH78,GH28:+0.0884;18:+0.0863;GH2:+0.0746;GH33:+0.0727;GH78:+0.0682
897,2,pectin,pectin,0.9742574257425742,2.A.21,2.A.21;1.B.35;PfkB,2.A.21;1.B.35;PfkB;MarR;binding,2.A.21:+0.2152;1.B.35:+0.2038;PfkB:+0.1825;MarR:+0.1678;binding:+0.1548
899,2,pectin,pectin,0.9531568228105906,CE20,CE20;1.B.14;null,CE20;1.B.14;null,CE20:+0.6072;1.B.14:+0.2695;null:+0.2090
902,2,pectin,pectin,1.0,GH3,GH3;1.B.14;null,GH3;1.B.14;null;8.A.46,GH3:+0.3775;1.B.14:+0.3568;null:+0.2597;8.A.46:+0.1813
921,2,pectin,pectin,0.8524305555555556,18,18;GH33;GH28,18;GH33;GH28;2;GH95,18:+0.0919;GH33:+0.0808;GH28:+0.0732;2:+0.0614;GH95:+0.0606
925,2,pectin,pectin,1.0,PL1,PL1;1.B.14;2,PL1;1.B.14;2;null,PL1:+0.3686;1.B.14:+0.2144;2:+0.1954;null:+0.0456
927,2,pectin,pectin,0.994223921191106,GH28,GH28;GH105;PL1,GH28;GH105;PL1;CE20;1.B.14,GH28:+0.0960;GH105:+0.0767;PL1:+0.0616;CE20:+0.0611;1.B.14:+0.0510
938,2,xylan,xylan,0.7678916827852998,11,11;GH43;2.A.2,11;GH43;2.A.2;CBM91,11:+0.3170;GH43:+0.1982;2.A.2:+0.1789;CBM91:+0.0486
940,2,xylan,xylan,1.0,GH20,GH20;8.A.46;1.B.14,GH20;8.A.46;1.B.14;CBM32,GH20:+0.4839;8.A.46:+0.4799;1.B.14:+0.2715;CBM32:+0.0553
945,2,xylan,xylan,1.0,7,7;17;GH43,7;17;GH43;GH3;CE1,7:+0.2004;17:+0.1816;GH43:+0.1631;GH3:+0.0930;CE1:+0.0765
956,2,xylan,xylan,0.5368421052631579,GH10,GH10,GH10,GH10:+0.5368
957,2,xylan,xylan,0.8969465648854961,GH97,GH97;10;12,GH97;10;12;GH43;GH8,GH97:+0.0752;10:+0.0746;12:+0.0624;GH43:+0.0575;GH8:+0.0530
963,2,xylan,xylan,0.7925364806214678,GH128,GH128;19;GH43,GH128;19;GH43;GH51;1.B.14,GH128:+0.2793;19:+0.1969;GH43:+0.1334;GH51:+0.1047;1.B.14:+0.0995
978,2,xylan,xylan,0.7678916827852998,11,11;GH43;2.A.2,11;GH43;2.A.2;CBM91,11:+0.3170;GH43:+0.1982;2.A.2:+0.1789;CBM91:+0.0486
981,2,xylan,xylan,0.8683206106870229,10,10;GH115;GH43,10;GH115;GH43;12;CE1,10:+0.1129;GH115:+0.1006;GH43:+0.0891;12:+0.0859;CE1:+0.0823
983,2,xylan,beta-glucan,0.2842712842712843,GH10,GH10;GH43;CE1,GH10;GH43;CE1;10;CBM6,GH10:+0.0741;GH43:+0.0603;CE1:+0.0077;10:+0.0017;CBM6:+0.0007
985,2,xylan,xylan,1.0,GH10,GH10;1;GH43,GH10;1;GH43,GH10:+0.3615;1:+0.2449;GH43:+0.2037
993,2,xylan,xylan,1.0,7,7;17;GH43,7;17;GH43;GH3;CE1,7:+0.2004;17:+0.1816;GH43:+0.1631;GH3:+0.0930;CE1:+0.0765
996,2,xylan,xylan,0.9048507462686567,7,7;17;GH43,7;17;GH43;CBM6;2,7:+0.2039;17:+0.1870;GH43:+0.1563;CBM6:+0.0800;2:+0.0614
999,2,xylan,xylan,0.5368421052631579,GH10,GH10,GH10,GH10:+0.5368
1004,2,xylan,xylan,1.0,GH10,GH10;GH3;GH95,GH10;GH3;GH95;CE1;HTH,GH10:+0.2828;GH3:+0.2454;GH95:+0.2277;CE1:+0.2275;HTH:+0.1734
1006,2,xylan,xylan,0.5911602209944752,GH95,GH95;GH3;AraC,GH95;GH3;AraC;HTH;1,GH95:+0.2254;GH3:+0.2103;AraC:+0.1889;HTH:+0.1452;1:+0.0709
1019,2,xylan,xylan,0.5023493602835571,GH67,GH67;3.A.1;HTH,GH67;3.A.1;HTH;8.A.59,GH67:+0.3387;3.A.1:+0.0385;HTH:+0.0182;8.A.59:+0.0105
1024,2,xylan,arabinogalactan,0.13773395927029444,GH43,GH43;26;LacI,GH43;26;LacI;1;null,GH43:+0.0862;26:+0.0147;LacI:+0.0100;1:+0.0061;null:+0.0058
1025,2,xylan,xylan,0.5851420707780396,11,11;GH43;12,11;GH43;12;3.A.1,11:+0.1926;GH43:+0.1595;12:+0.0521;3.A.1:+0.0259
1028,2,xylan,xylan,0.8112449799196788,GH67,GH67;GH10;AraC,GH67;GH10;AraC;HTH;9.B.28,GH67:+0.1381;GH10:+0.1327;AraC:+0.0757;HTH:+0.0629;9.B.28:+0.0485
2,3,alginate,alginate,0.9983498349834984,PL17,PL17;2;PL6,PL17;2;PL6;2.A.1;binding,PL17:+0.1165;2:+0.0404;PL6:+0.0293;2.A.1:+0.0249;binding:+0.0204
5,3,alginate,alginate,0.893183847401011,1,1;PL6;3.D.2,1;PL6;3.D.2;GntR;PfkB,1:+0.1996;PL6:+0.1935;3.D.2:+0.0918;GntR:+0.0917;PfkB:+0.0663
7,3,alginate,alginate,0.6799410029498525,PL5,PL5;1;null,PL5;1;null;binding;1.B.13,PL5:+0.1301;1:+0.1181;null:+0.0417;binding:+0.0414;1.B.13:+0.0305
14,3,alginate,alginate,0.9858299595141701,PL17,PL17;PL6;GntR,PL17;PL6;GntR;2.A.1;2,PL17:+0.3408;PL6:+0.1351;GntR:+0.1326;2.A.1:+0.1259;2:+0.1128
18,3,alginate,alginate,0.6799410029498525,PL5,PL5;1;null,PL5;1;null;binding;1.B.13,PL5:+0.1301;1:+0.1181;null:+0.0417;binding:+0.0414;1.B.13:+0.0305
22,3,alginate,alginate,0.8638559417846937,PL17,PL17;GntR;2,PL17;GntR;2;2.A.1;null,PL17:+0.4085;GntR:+0.1393;2:+0.1322;2.A.1:+0.0988;null:+0.0756
33,3,alginate,alginate,0.9963531353135314,PL17,PL17;PL6;1,PL17;PL6;1;2;PfkB,PL17:+0.2104;PL6:+0.1617;1:+0.0987;2:+0.0886;PfkB:+0.0773
37,3,alginate,alginate,1.0,PL17,PL17;1;PL6,PL17;1;PL6;2;1.B.14,PL17:+0.2084;1:+0.1022;PL6:+0.0980;2:+0.0413;1.B.14:+0.0366
40,3,alginate,alginate,0.9979959919839679,PL17,PL17;1;PL6,PL17;1;PL6;2;1.B.14,PL17:+0.1962;1:+0.1056;PL6:+0.0910;2:+0.0436;1.B.14:+0.0365
51,3,alpha-glucan,alpha-glucan,1.0,GH31,GH31;null;8.A.46,GH31;null;8.A.46,GH31:+0.0901;null:+0.0331;8.A.46:+0.0138
61,3,alpha-glucan,alpha-glucan,1.0,GH13,GH13;20;CBM34,GH13;20;CBM34;3.A.1;31,GH13:+0.2384;20:+0.1104;CBM34:+0.1026;3.A.1:+0.0282;31:+0.0099
65,3,alpha-glucan,alpha-glucan,0.6441351888667992,GH32,GH32,GH32,GH32:+0.1263
73,3,alpha-glucan,alpha-glucan,1.0,GH13,GH13;GT5;CBM48,GH13;GT5;CBM48;9;GT35,GH13:+0.1407;GT5:+0.0941;CBM48:+0.0593;9:+0.0296;GT35:+0.0134
77,3,alpha-glucan,alpha-glucan,1.0,GH13,GH13;LacI;10,GH13;LacI;10;8.A.46;1.B.14,GH13:+0.3059;LacI:+0.2506;10:+0.2494;8.A.46:+0.1184;1.B.14:+0.0812
79,3,alpha-glucan,alpha-glucan,0.9503105590062111,GH97,GH97;GH13;1.B.14,GH97;GH13;1.B.14;8.A.46;null,GH97:+0.2293;GH13:+0.1346;1.B.14:+0.0720;8.A.46:+0.0698;null:+0.0062
83,3,alpha-glucan,alpha-glucan,1.0,GH13,GH13;18;null,GH13;18;null,GH13:+0.2301;18:+0.1635;null:+0.0358
85,3,alpha-glucan,alpha-glucan,1.0,LacI,LacI;GH13;30,LacI;GH13;30;3.A.1,LacI:+0.3851;GH13:+0.3695;30:+0.2585;3.A.1:+0.0327
96,3,alpha-glucan,alpha-glucan,1.0,GH13,GH13;GH97;8.A.46,GH13;GH97;8.A.46;1.B.14;null,GH13:+0.1235;GH97:+0.1086;8.A.46:+0.0415;1.B.14:+0.0352;null:+0.0139
99,3,alpha-glucan,alpha-glucan,0.9438967981420573,GH66,GH66;GH31;8.A.46,GH66;GH31;8.A.46;null;14,GH66:+0.2912;GH31:+0.2627;8.A.46:+0.1521;null:+0.0327;14:+0.0209
101,3,alpha-glucan,alpha-glucan,0.40240458163014425,GH31,GH31;CBM20,GH31;CBM20,GH31:+0.2180;CBM20:+0.0157
103,3,alpha-glucan,alpha-glucan,1.0,GH32,GH32;2.A.1,GH32;2.A.1,GH32:+0.5031;2.A.1:+0.3202
104,3,alpha-glucan,alpha-glucan,0.9798387096774194,GH32,GH32,GH32,GH32:+0.2831
106,3,alpha-glucan,alpha-glucan,1.0,GH32,GH32;4.A.1,GH32;4.A.1,GH32:+0.4821;4.A.1:+0.1450
111,3,alpha-glucan,alpha-glucan,0.6073500967117988,GH4,GH4;4.A.1,GH4;4.A.1,GH4:+0.1548;4.A.1:+0.1450
114,3,alpha-glucan,alpha-glucan,0.9257812499999999,GH13,GH13;GH97;2.A.2,GH13;GH97;2.A.2;LacI;GH65,GH13:+0.1162;GH97:+0.0819;2.A.2:+0.0754;LacI:+0.0657;GH65:+0.0651
118,3,alpha-glucan,alpha-glucan,1.0,GH97,GH97;GH13;1.B.14,GH97;GH13;1.B.14;null,GH97:+0.2422;GH13:+0.2284;1.B.14:+0.0596;null:+0.0176
133,3,alpha-glucan,alpha-glucan,1.0,GH13,GH13;LacI;10,GH13;LacI;10;8.A.46;1.B.14,GH13:+0.3059;LacI:+0.2506;10:+0.2494;8.A.46:+0.1184;1.B.14:+0.0812
134,3,alpha-glucan,alpha-glucan,0.9798387096774194,GH32,GH32,GH32,GH32:+0.2831
141,3,alpha-glucan,alpha-glucan,1.0,GH13,GH13;18;2.A.1,GH13;18;2.A.1,GH13:+0.1410;18:+0.0937;2.A.1:+0.0358
143,3,alpha-glucan,alpha-glucan,1.0,GH13,GH13;LacI;31,GH13;LacI;31,GH13:+0.2113;LacI:+0.2081;31:+0.1053
144,3,alpha-glucan,alpha-glucan,0.7414845643348704,GH13,GH13;LacI,GH13;LacI,GH13:+0.5974;LacI:+0.0905
148,3,alpha-glucan,alpha-glucan,1.0,GH77,GH77;LacI;GT35,GH77;LacI;GT35;3.A.1,GH77:+0.3782;LacI:+0.3156;GT35:+0.2750;3.A.1:+0.0076
162,3,alpha-glucan,alpha-glucan,0.9533570619640835,PfkB,PfkB;LacI;GH32,PfkB;LacI;GH32;PadR;MarR,PfkB:+0.4243;LacI:+0.3408;GH32:+0.1646;PadR:+0.1405;MarR:+0.1111
164,3,alpha-glucan,alpha-glucan,0.9983498349834984,LacI,LacI;PfkB;GH32,LacI;PfkB;GH32;4.A.1,LacI:+0.4028;PfkB:+0.3542;GH32:+0.2055;4.A.1:+0.0636
171,3,alpha-glucan,alpha-glucan,0.9764705882352941,GH13,GH13;GT5;CBM48,GH13;GT5;CBM48;9;GT35,GH13:+0.1093;GT5:+0.0390;CBM48:+0.0350;9:+0.0267;GT35:+0.0204
178,3,alpha-mannan,alpha-mannan,0.8922078839810617,GH125,GH125;GH84;GntR,GH125;GH84;GntR;GH38;GH1,GH125:+0.3340;GH84:+0.2975;GntR:+0.2935;GH38:+0.2890;GH1:+0.2373
182,3,alpha-mannan,alpha-mannan,0.8058455114822547,GH125,GH125;GH76;GH92,GH125;GH76;GH92;GH97;1.B.14,GH125:+0.2369;GH76:+0.2016;GH92:+0.1672;GH97:+0.1014;1.B.14:+0.0948
184,3,alpha-mannan,alpha-mannan,1.0,GH92,GH92;1.B.14;null,GH92;1.B.14;null,GH92:+0.2659;1.B.14:+0.1826;null:+0.1816
189,3,alpha-mannan,alpha-mannan,1.0,GH92,GH92;1.B.14;null,GH92;1.B.14;null;9.B.14,GH92:+0.1781;1.B.14:+0.1272;null:+0.1185;9.B.14:+0.0102
202,3,arabinogalactan,arabinogalactan,0.9385796545105566,9.B.28,9.B.28;GH43;2.A.3,9.B.28;GH43;2.A.3;34;22,9.B.28:+0.2602;GH43:+0.1799;2.A.3:+0.1546;34:+0.1540;22:+0.1296
206,3,arabinogalactan,arabinogalactan,0.5117796506885917,24,24;GH43;HTH,24;GH43;HTH;AraC;GH154,24:+0.2497;GH43:+0.0704;HTH:+0.0661;AraC:+0.0533;GH154:+0.0353
208,3,arabinogalactan,host glycan,0.1979434447300771,1.B.14,1.B.14;CBM32;HTH,1.B.14;CBM32;HTH;AraC;GH16,1.B.14:+0.1154;CBM32:+0.1091;HTH:+0.0627;AraC:+0.0548;GH16:+0.0512
210,3,arabinogalactan,arabinogalactan,0.9764243614931237,24,24;GH16;1.B.14,24;GH16;1.B.14;HTH;GH43,24:+0.3010;GH16:+0.2565;1.B.14:+0.2295;HTH:+0.1687;GH43:+0.1590
214,3,arabinogalactan,arabinogalactan,1.0,4,4;GH43;1.B.14,4;GH43;1.B.14;29;GH51,4:+0.2879;GH43:+0.2844;1.B.14:+0.2706;29:+0.2318;GH51:+0.2196
220,3,arabinogalactan,pectin,0.30270881768703845,1.B.14,1.B.14;AraC;HTH,1.B.14;AraC;HTH;GH43;29,1.B.14:+0.1239;AraC:+0.0937;HTH:+0.0812;GH43:+0.0507;29:+0.0491
226,3,arabinogalactan,pectin,0.14711033274956217,AraC,AraC;HTH;2,AraC;HTH;2;GH51,AraC:+0.0348;HTH:+0.0185;2:+0.0164;GH51:+0.0135
227,3,arabinogalactan,xylan,0.31621187800963085,GH51,GH51;3.A.1;GH27,GH51;3.A.1;GH27;GH127;GH43,GH51:+0.1088;3.A.1:+0.0423;GH27:+0.0397;GH127:+0.0183;GH43:+0.0130
235,3,beta-glucan,beta-glucan,1.0,GH1,GH1;LacI;1.B.14,GH1;LacI;1.B.14;2.A.2,GH1:+0.7150;LacI:+0.4071;1.B.14:+0.3401;2.A.2:+0.1999
242,3,beta-glucan,beta-glucan,0.8215226883283424,GH8,GH8;4.D.3;1.B.55,GH8;4.D.3;1.B.55,GH8:+0.2808;4.D.3:+0.1823;1.B.55:+0.0447
243,3,beta-glucan,beta-glucan,1.0,GT2,GT2;GH8;4.D.3,GT2;GH8;4.D.3,GT2:+0.1785;GH8:+0.1478;4.D.3:+0.1189
252,3,beta-glucan,beta-glucan,0.4728813559322034,GH30,GH30;GH95;CBM32,GH30;GH95;CBM32;CE6;GH62,GH30:+0.1152;GH95:+0.1125;CBM32:+0.1024;CE6:+0.0845;GH62:+0.0722
263,3,beta-glucan,beta-glucan,0.7456896551724137,GH16,GH16;GH3;1.B.14,GH16;GH3;1.B.14;8.A.46;null,GH16:+0.4038;GH3:+0.3133;1.B.14:+0.1832;8.A.46:+0.1621;null:+0.0647
265,3,beta-glucan,beta-glucan,1.0,21,21;GH16;null,21;GH16;null,21:+0.5313;GH16:+0.3944;null:+0.0869
271,3,beta-glucan,beta-glucan,0.700348432055749,3,3;GH30;1.B.14,3;GH30;1.B.14;CBM57;null,3:+0.2216;GH30:+0.1577;1.B.14:+0.0876;CBM57:+0.0808;null:+0.0335
275,3,beta-glucan,beta-glucan,1.0,GH88,GH88;GH2;PL38,GH88;GH2;PL38;1.B.14;CBM57,GH88:+0.2281;GH2:+0.1421;PL38:+0.1371;1.B.14:+0.1320;CBM57:+0.1284
280,3,beta-glucan,beta-glucan,1.0,GH5,GH5;4;1.B.14,GH5;4;1.B.14;AraC;GH36,GH5:+0.3944;4:+0.2823;1.B.14:+0.1619;AraC:+0.1459;GH36:+0.1379
283,3,beta-glucan,beta-glucan,1.0,GH3,GH3;GerE;GH158,GH3;GerE;GH158;1.B.14;null,GH3:+0.3091;GerE:+0.3053;GH158:+0.2673;1.B.14:+0.1929;null:+0.1111
293,3,beta-glucan,beta-glucan,1.0,GH3,GH3;GH16;8.A.46,GH3;GH16;8.A.46;1.B.14;3,GH3:+0.3171;GH16:+0.2114;8.A.46:+0.1909;1.B.14:+0.1659;3:+0.1447
299,3,beta-glucan,beta-glucan,0.9055876685934489,GH5,GH5;4;CBM4,GH5;4;CBM4;1.B.14;null,GH5:+0.2528;4:+0.1594;CBM4:+0.0888;1.B.14:+0.0806;null:+0.0249
307,3,beta-glucan,beta-glucan,0.6721311475409836,GH9,GH9;CBM3;GH5,GH9;CBM3;GH5;17,GH9:+0.1962;CBM3:+0.0511;GH5:+0.0437;17:+0.0035
309,3,beta-glucan,beta-glucan,1.0,GT2,GT2;GH8;4.D.3,GT2;GH8;4.D.3,GT2:+0.1785;GH8:+0.1478;4.D.3:+0.1189
311,3,beta-glucan,beta-glucan,0.9433180416097103,GT2,GT2;GT4;null,GT2;GT4;null,GT2:+0.4185;GT4:+0.2168;null:+0.0823
323,3,beta-glucan,beta-glucan,1.0,LacI,LacI;GH1;Glucokinase,LacI;GH1;Glucokinase;4.A.3,LacI:+0.5568;GH1:+0.5317;Glucokinase:+0.2678;4.A.3:+0.1668
324,3,beta-glucan,beta-glucan,1.0,GH1,GH1;LacI;3.A.1,GH1;LacI;3.A.1,GH1:+0.8583;LacI:+0.4985;3.A.1:+0.2417
337,3,beta-glucan,beta-glucan,0.46871134284107757,GH16,GH16;null,GH16;null,GH16:+0.3066;null:+0.0458
339,3,beta-glucan,beta-glucan,0.5623836126629422,4,4;GH36;GH5,4;GH36;GH5;GH3;7,4:+0.2326;GH36:+0.1553;GH5:+0.1469;GH3:+0.1338;7:+0.1215
342,3,beta-glucan,beta-glucan,0.9109311740890688,GH5,GH5;4;GH31,GH5;4;GH31;1.B.14;GH26,GH5:+0.1535;4:+0.1222;GH31:+0.0840;1.B.14:+0.0837;GH26:+0.0773
345,3,beta-glucan,beta-glucan,1.0,GH31,GH31;GH3;GH5,GH31;GH3;GH5;HTH;4,GH31:+0.1537;GH3:+0.1498;GH5:+0.1161;HTH:+0.0947;4:+0.0924
348,3,beta-glucan,beta-glucan,0.966,GH5,GH5;4;1.B.14,GH5;4;1.B.14;GH36;AraC,GH5:+0.4593;4:+0.3184;1.B.14:+0.1424;GH36:+0.1336;AraC:+0.1278
349,3,beta-glucan,beta-glucan,1.0,GH73,GH73;9.B.154;null,GH73;9.B.154;null;Peptidase;M23,GH73:+0.2298;9.B.154:+0.2251;null:+0.0727;Peptidase:+0.0180;M23:+0.0099
350,3,beta-glucan,beta-glucan,0.5109489051094891,GH31,GH31;GH9;3,GH31;GH9;3;1.B.14;GH30,GH31:+0.1125;GH9:+0.1102;3:+0.0799;1.B.14:+0.0377;GH30:+0.0316
361,3,beta-mannan,beta-mannan,0.9920477137176938,2.A.1,2.A.1;HTH;C,2.A.1;HTH;C;AraC;TrkA,2.A.1:+0.1792;HTH:+0.1608;C:+0.1559;AraC:+0.1459;TrkA:+0.1408
371,3,beta-mannan,beta-mannan,0.9964911098498548,GH26,GH26;4.A.3;GntR,GH26;4.A.3;GntR;null;GH1,GH26:+0.5815;4.A.3:+0.4694;GntR:+0.3609;null:+0.2393;GH1:+0.1444
373,3,beta-mannan,beta-mannan,0.5014495387125927,4.A.3,4.A.3;GH1,4.A.3;GH1,4.A.3:+0.3283;GH1:+0.1722
381,3,beta-mannan,beta-mannan,0.4204818407678113,GH130,GH130;GH27;GH5,GH130;GH27;GH5,GH130:+0.2402;GH27:+0.0959;GH5:+0.0156
383,3,beta-mannan,beta-mannan,0.5014495387125927,4.A.3,4.A.3;GH1,4.A.3;GH1,4.A.3:+0.3283;GH1:+0.1722
384,3,beta-mannan,beta-mannan,0.5137694393267737,GH130,GH130;LacI;GH113,GH130;LacI;GH113;CE2;SBP,GH130:+0.1951;LacI:+0.0905;GH113:+0.0651;CE2:+0.0552;SBP:+0.0500
385,3,beta-mannan,beta-mannan,0.9020833333333332,GH130,GH130;GH26;2.A.2,GH130;GH26;2.A.2;null,GH130:+0.4189;GH26:+0.2880;2.A.2:+0.2236;null:+0.0606
389,3,beta-mannan,beta-mannan,0.9964911098498548,GH26,GH26;4.A.3;GntR,GH26;4.A.3;GntR;null;GH1,GH26:+0.5815;4.A.3:+0.4694;GntR:+0.3609;null:+0.2393;GH1:+0.1444
394,3,beta-mannan,beta-mannan,0.9920318725099602,2,2;GH130;GH26,2;GH130;GH26;HTH;2.A.2,2:+0.1651;GH130:+0.1507;GH26:+0.0927;HTH:+0.0799;2.A.2:+0.0684
401,3,beta-mannan,beta-mannan,0.9857723577235772,GH130,GH130;GH26;2.A.2,GH130;GH26;2.A.2;1.B.14;AraC,GH130:+0.2763;GH26:+0.2587;2.A.2:+0.1264;1.B.14:+0.1187;AraC:+0.1012
406,3,beta-mannan,beta-mannan,0.5013020833333348,LacI,LacI;2.A.2;GH2,LacI;2.A.2;GH2,LacI:+0.5013;2.A.2:+0.1775;GH2:+0.1738
408,3,beta-mannan,beta-mannan,0.944223107569721,GH35,GH35;GH42;LacI,GH35;GH42;LacI;3.A.1;bac,GH35:+0.8512;GH42:+0.4954;LacI:+0.3112;3.A.1:+0.0903;bac:+0.0772
409,3,beta-mannan,beta-mannan,0.9020833333333332,GH130,GH130;GH26;2.A.2,GH130;GH26;2.A.2;null,GH130:+0.4189;GH26:+0.2880;2.A.2:+0.2236;null:+0.0606
421,3,beta-mannan,beta-mannan,0.5994897959183673,GH130,GH130;LacI;SBP,GH130;LacI;SBP;1;9.B.28,GH130:+0.4069;LacI:+0.1243;SBP:+0.0933;1:+0.0790;9.B.28:+0.0763
427,3,chitin,chitin,1.0,AA10,AA10;GH18;1,AA10;GH18;1;1.E.2;HTH,AA10:+0.2737;GH18:+0.1883;1:+0.1583;1.E.2:+0.1265;HTH:+0.0953
434,3,chitin,chitin,0.7417158924472654,AraC,AraC;HTH;4.A.3,AraC;HTH;4.A.3;GH1,AraC:+0.4762;HTH:+0.4545;4.A.3:+0.4116;GH1:+0.0950
436,3,chitin,chitin,1.0,4.A.3,4.A.3;GH4;AraC,4.A.3;GH4;AraC;HTH,4.A.3:+1.0000;GH4:+0.2779;AraC:+0.1480;HTH:+0.0680
438,3,chitin,chitin,1.0,4.A.3,4.A.3;GH4;AraC,4.A.3;GH4;AraC;HTH,4.A.3:+1.0000;GH4:+0.2779;AraC:+0.1480;HTH:+0.0680
440,3,chitin,chitin,0.9985214202046969,4.A.3,4.A.3;GH4;CE4,4.A.3;GH4;CE4,4.A.3:+0.5733;GH4:+0.4887;CE4:+0.1024
441,3,chitin,chitin,0.9985214202046969,4.A.3,4.A.3;GH4;CE4,4.A.3;GH4;CE4,4.A.3:+0.5458;GH4:+0.4429;CE4:+0.0476
449,3,chitin,chitin,0.7345431646439202,PIG-L,PIG-L;GH18;LytTR,PIG-L;GH18;LytTR;GH20;8.A.46,PIG-L:+0.2272;GH18:+0.2020;LytTR:+0.1783;GH20:+0.1670;8.A.46:+0.0545
452,3,chitin,chitin,0.9985214202046969,4.A.3,4.A.3;GH4;null,4.A.3;GH4;null,4.A.3:+0.6694;GH4:+0.6036;null:+0.1024
471,3,chitin,chitin,1.0,4.A.3,4.A.3;GH4;AraC,4.A.3;GH4;AraC;HTH,4.A.3:+0.6237;GH4:+0.2886;AraC:+0.0929;HTH:+0.0279
472,3,chitin,chitin,1.0,GH20,GH20;3.A.1;GH9,GH20;3.A.1;GH9;GH94;reg,GH20:+0.2456;3.A.1:+0.2034;GH9:+0.1886;GH94:+0.1532;reg:+0.1509
480,3,chitin,chitin,1.0,4.A.3,4.A.3;GH4;AraC,4.A.3;GH4;AraC;HTH,4.A.3:+0.6237;GH4:+0.2886;AraC:+0.0929;HTH:+0.0279
484,3,chitin,chitin,1.0,4.A.3,4.A.3;GH4;AraC,4.A.3;GH4;AraC;null;HTH,4.A.3:+0.6577;GH4:+0.2951;AraC:+0.2098;null:+0.1565;HTH:+0.1077
493,3,fructan,fructan,1.0,GH32,GH32;1.B.14;null,GH32;1.B.14;null,GH32:+0.8528;1.B.14:+0.3387;null:+0.2064
496,3,fructan,fructan,1.0,GH32,GH32;1.B.14;null,GH32;1.B.14;null,GH32:+0.8528;1.B.14:+0.3387;null:+0.2064
498,3,fructan,fructan,0.9507311546223842,GH32,GH32;2.A.1;HTH,GH32;2.A.1;HTH;PfkB;AraC,GH32:+0.3294;2.A.1:+0.0854;HTH:+0.0722;PfkB:+0.0473;AraC:+0.0332
500,3,fructan,fructan,1.0,30,30;GH13;SBP,30;GH13;SBP;GH36;bac,30:+0.6452;GH13:+0.3810;SBP:+0.3194;GH36:+0.3110;bac:+0.2926
503,3,fructan,fructan,0.6311246428835607,GH32,GH32;2.A.40;HTH,GH32;2.A.40;HTH;LacI;3.A.1,GH32:+0.1463;2.A.40:+0.1254;HTH:+0.1125;LacI:+0.1072;3.A.1:+0.0942
505,3,fructan,fructan,0.9507311546223842,GH32,GH32;2.A.1;HTH,GH32;2.A.1;HTH;PfkB;AraC,GH32:+0.3294;2.A.1:+0.0854;HTH:+0.0722;PfkB:+0.0473;AraC:+0.0332
514,3,fructan,fructan,0.9302788844621515,4.A.1,4.A.1;LacI;null,4.A.1;LacI;null;GH32,4.A.1:+0.7558;LacI:+0.5894;null:+0.5863;GH32:+0.3266
526,3,galactan,galactan,1.0,GH42,GH42;LacI;3.A.1,GH42;LacI;3.A.1,GH42:+0.8471;LacI:+0.7390;3.A.1:+0.5716
533,3,galactan,galactan,0.3819826105347476,GH117,GH117;16;GH2,GH117;16;GH2;GH16;null,GH117:+0.0870;16:+0.0729;GH2:+0.0450;GH16:+0.0445;null:+0.0235
539,3,galactan,galactan,0.7284990895921106,null,null;GH2;GH117,null;GH2;GH117;2.A.1;GntR,null:+0.0924;GH2:+0.0855;GH117:+0.0849;2.A.1:+0.0739;GntR:+0.0677
546,3,galactan,galactan,1.0,2.A.2,2.A.2;null;GH2,2.A.2;null;GH2,2.A.2:+0.4283;null:+0.3110;GH2:+0.2756
552,3,galactan,beta-mannan,0.4279661016949153,GH42,GH42;LacI;3.A.1,GH42;LacI;3.A.1,GH42:+0.2455;LacI:+0.2258;3.A.1:+0.0126
553,3,galactan,beta-glucan,0.2336283185840708,GH42,GH42;LacI,GH42;LacI,GH42:+0.1300;LacI:+0.0865
556,3,galactan,galactan,0.7201071568584745,GH129,GH129;2.A.1;HTH,GH129;2.A.1;HTH;AraC;GH127,GH129:+0.2090;2.A.1:+0.1905;HTH:+0.1480;AraC:+0.1454;GH127:+0.1325
557,3,galactan,galactan,1.0,GH53,GH53;HTH;AraC,GH53;HTH;AraC;GH2;8.A.46,GH53:+0.3903;HTH:+0.3496;AraC:+0.3241;GH2:+0.2191;8.A.46:+0.2095
562,3,galactan,beta-mannan,0.12395309882747069,GH53,GH53;LacI,GH53;LacI,GH53:+0.1222;LacI:+0.0153
574,3,galactan,galactan,0.9258404832883498,42,42;1;TPR,42;1;TPR;GH5;null,42:+0.4177;1:+0.2272;TPR:+0.1822;GH5:+0.1730;null:+0.0461
576,3,galactan,galactan,0.8119683008507187,2.A.1,2.A.1;GH127;GH129,2.A.1;GH127;GH129;HTH;AraC,2.A.1:+0.2173;GH127:+0.1832;GH129:+0.1728;HTH:+0.1621;AraC:+0.1530
578,3,galactan,galactan,0.7416666666666667,GntR,GntR;null;2.A.1,GntR;null;2.A.1;GH16;1.B.14,GntR:+0.3377;null:+0.2254;2.A.1:+0.2094;GH16:+0.1515;1.B.14:+0.0927
581,3,galactan,galactan,0.5706639534535755,GH110,GH110;null;1.B.14,GH110;null;1.B.14,GH110:+0.5516;null:+0.0576;1.B.14:+0.0518
584,3,galactan,host glycan,0.23658629759671415,GH16,GH16;CBM16;null,GH16;CBM16;null,GH16:+0.1643;CBM16:+0.0171;null:+0.0128
591,3,host glycan,host glycan,1.0,CBM32,CBM32;null;1.B.14,CBM32;null;1.B.14,CBM32:+0.4830;null:+0.1329;1.B.14:+0.0743
596,3,host glycan,host glycan,1.0,GH18,GH18;8.A.46;null,GH18;8.A.46;null,GH18:+0.5815;8.A.46:+0.3531;null:+0.1202
598,3,host glycan,host glycan,1.0,GH18,GH18;8.A.46;FecR,GH18;8.A.46;FecR;null;GerE,GH18:+0.3782;8.A.46:+0.3757;FecR:+0.1484;null:+0.1313;GerE:+0.0468
600,3,host glycan,host glycan,0.986111111111111,GH20,GH20;GH33;GH2,GH20;GH33;GH2;CBM93;CE20,GH20:+0.0673;GH33:+0.0581;GH2:+0.0501;CBM93:+0.0263;CE20:+0.0198
606,3,host glycan,host glycan,0.9141716566866268,GH2,GH2;1.B.14;HTH,GH2;1.B.14;HTH;AraC;null,GH2:+0.5606;1.B.14:+0.1554;HTH:+0.0734;AraC:+0.0648;null:+0.0241
613,3,host glycan,host glycan,0.9233870967741935,GH2,GH2;GH20;null,GH2;GH20;null;2.A.115;1.B.14,GH2:+0.1946;GH20:+0.0629;null:+0.0553;2.A.115:+0.0534;1.B.14:+0.0364
627,3,host glycan,host glycan,1.0,CE9,CE9;4.A.6;DeoR,CE9;4.A.6;DeoR;SIS;HTH,CE9:+0.1213;4.A.6:+0.0545;DeoR:+0.0379;SIS:+0.0281;HTH:+0.0120
633,3,host glycan,host glycan,0.9364754098360655,GH2,GH2;GH20;null,GH2;GH20;null;2.A.115;1.B.14,GH2:+0.1875;GH20:+0.0632;null:+0.0574;2.A.115:+0.0530;1.B.14:+0.0424
635,3,host glycan,host glycan,0.8704061895551257,CBM67,CBM67;2.A.4;GH78,CBM67;2.A.4;GH78;AraC;null,CBM67:+0.1745;2.A.4:+0.1631;GH78:+0.1542;AraC:+0.1329;null:+0.1254
640,3,host glycan,host glycan,0.9802015460693037,GH33,GH33;GH20;GH2,GH33;GH20;GH2;CBM93;CE20,GH33:+0.0992;GH20:+0.0690;GH2:+0.0687;CBM93:+0.0686;CE20:+0.0123
645,3,host glycan,host glycan,1.0,GH20,GH20;GH33;GH2,GH20;GH33;GH2;CBM93;CE20,GH20:+0.1067;GH33:+0.0939;GH2:+0.0629;CBM93:+0.0589;CE20:+0.0262
646,3,host glycan,host glycan,1.0,CE9,CE9;GH20;GH2,CE9;GH20;GH2;GH92;CE3,CE9:+0.1042;GH20:+0.0987;GH2:+0.0855;GH92:+0.0339;CE3:+0.0163
649,3,host glycan,host glycan,1.0,CE9,CE9;4.A.1,CE9;4.A.1,CE9:+0.7669;4.A.1:+0.0276
654,3,host glycan,host glycan,0.9940357852882704,GH20,GH20;GH33;GH2,GH20;GH33;GH2;CBM93;CE20,GH20:+0.0666;GH33:+0.0615;GH2:+0.0483;CBM93:+0.0299;CE20:+0.0198
663,3,host glycan,host glycan,1.0,GH18,GH18;8.A.46;FecR,GH18;8.A.46;FecR;1.B.14;null,GH18:+0.2908;8.A.46:+0.2466;FecR:+0.0966;1.B.14:+0.0756;null:+0.0597
664,3,host glycan,host glycan,1.0,GH18,GH18;8.A.46;GerE,GH18;8.A.46;GerE;gnl;null,GH18:+0.2321;8.A.46:+0.1580;GerE:+0.0444;gnl:+0.0370;null:+0.0218
665,3,host glycan,host glycan,0.6047008547008548,FecR,FecR;GerE;null,FecR;GerE;null;GH20,FecR:+0.1834;GerE:+0.0825;null:+0.0327;GH20:+0.0286
666,3,host glycan,host glycan,1.0,GH89,GH89;FecR;GerE,GH89;FecR;GerE;1.B.14;null,GH89:+0.4608;FecR:+0.3031;GerE:+0.2004;1.B.14:+0.0812;null:+0.0404
671,3,host glycan,host glycan,0.8980769230769231,CBM67,CBM67;GH78;2.A.4,CBM67;GH78;2.A.4;HTH;AraC,CBM67:+0.1815;GH78:+0.1706;2.A.4:+0.1702;HTH:+0.1495;AraC:+0.1467
686,3,host glycan,host glycan,0.9979959919839679,GH33,GH33;CBM93;GH20,GH33;CBM93;GH20;CE20;GH2,GH33:+0.2084;CBM93:+0.1532;GH20:+0.1002;CE20:+0.0748;GH2:+0.0575
693,3,host glycan,host glycan,1.0,CBM32,CBM32;null;GH29,CBM32;null;GH29,CBM32:+0.2097;null:+0.1002;GH29:+0.0832
695,3,host glycan,host glycan,0.9802015460693037,GH33,GH33;GH20;GH2,GH33;GH20;GH2;CBM93;CE20,GH33:+0.0992;GH20:+0.0690;GH2:+0.0687;CBM93:+0.0686;CE20:+0.0123
704,3,host glycan,host glycan,0.7049742710120068,GH2,GH2;CBM32;GH20,GH2;CBM32;GH20;2.A.115;null,GH2:+0.1076;CBM32:+0.0783;GH20:+0.0565;2.A.115:+0.0541;null:+0.0499
705,3,host glycan,host glycan,0.7440273037542663,GH2,GH2;CBM32;GH20,GH2;CBM32;GH20;2.A.115;null,GH2:+0.0921;CBM32:+0.0740;GH20:+0.0674;2.A.115:+0.0478;null:+0.0414
706,3,host glycan,host glycan,0.7371134020618557,GH2,GH2;CBM32;GH20,GH2;CBM32;GH20;2.A.115;null,GH2:+0.0959;CBM32:+0.0772;GH20:+0.0649;2.A.115:+0.0485;null:+0.0408
726,3,host glycan,host glycan,0.9863329791990154,CBM32,CBM32;GH92;1.B.14,CBM32;GH92;1.B.14;AraC;HTH,CBM32:+0.2735;GH92:+0.1650;1.B.14:+0.0583;AraC:+0.0465;HTH:+0.0367
727,3,host glycan,host glycan,0.7906137184115523,CBM32,CBM32;null,CBM32;null,CBM32:+0.4745;null:+0.0902
728,3,host glycan,host glycan,1.0,CBM32,CBM32;GH92;HTH,CBM32;GH92;HTH;AraC;null,CBM32:+0.3544;GH92:+0.2345;HTH:+0.1447;AraC:+0.1218;null:+0.0926
741,3,host glycan,host glycan,0.6526858153574039,GH112,GH112;GH136;3.A.1,GH112;GH136;3.A.1;null;HTH,GH112:+0.2219;GH136:+0.1217;3.A.1:+0.0867;null:+0.0230;HTH:+0.0217
743,3,host glycan,host glycan,0.9141716566866268,GH2,GH2;1.B.14;HTH,GH2;1.B.14;HTH;AraC;null,GH2:+0.5606;1.B.14:+0.1554;HTH:+0.0734;AraC:+0.0648;null:+0.0241
747,3,host glycan,host glycan,1.0,CE9,CE9;4.A.6;DeoR,CE9;4.A.6;DeoR;SIS;HTH,CE9:+0.1301;4.A.6:+0.0550;DeoR:+0.0457;SIS:+0.0341;HTH:+0.0180
751,3,host glycan,host glycan,0.9983498349834984,DeoR,DeoR;GH31;PfkB,DeoR;GH31;PfkB;13;1.B.35,DeoR:+0.3556;GH31:+0.2277;PfkB:+0.2231;13:+0.2157;1.B.35:+0.1627
752,3,host glycan,host glycan,0.9983498349834984,DeoR,DeoR;PfkB;GH31,DeoR;PfkB;GH31;13;2.A.2,DeoR:+0.3504;PfkB:+0.2294;GH31:+0.2290;13:+0.2082;2.A.2:+0.1651
755,3,host glycan,host glycan,1.0,CE9,CE9;MarR,CE9;MarR,CE9:+0.5299;MarR:+0.0276
759,3,host glycan,host glycan,0.9983498349834984,GH88,GH88;4.A.6;PfkB,GH88;4.A.6;PfkB;Nitroreductase;null,GH88:+0.2800;4.A.6:+0.1743;PfkB:+0.1063;Nitroreductase:+0.0678;null:+0.0604
760,3,host glycan,galactan,0.1341303941714926,null,null;8.A.46,null;8.A.46,null:+0.0465;8.A.46:+0.0101
763,3,host glycan,host glycan,1.0,GH20,GH20;GH33;CBM93,GH20;GH33;CBM93;GH2;CE20,GH20:+0.1071;GH33:+0.0883;CBM93:+0.0608;GH2:+0.0534;CE20:+0.0301
775,3,host glycan,host glycan,1.0,CE9,CE9;null;GntR,CE9;null;GntR,CE9:+0.6660;null:+0.0714;GntR:+0.0223
777,3,host glycan,host glycan,0.996,GH130,GH130;CE20;3,GH130;CE20;3;GH92;GerE,GH130:+0.1407;CE20:+0.1325;3:+0.1279;GH92:+0.1213;GerE:+0.1163
783,3,host glycan,host glycan,1.0,GH18,GH18;8.A.46;null,GH18;8.A.46;null,GH18:+0.5815;8.A.46:+0.3531;null:+0.1202
784,3,host glycan,host glycan,1.0,GH18,GH18;8.A.46;FecR,GH18;8.A.46;FecR;null;1.B.14,GH18:+0.3340;8.A.46:+0.2602;FecR:+0.1303;null:+0.0374;1.B.14:+0.0158
787,3,host glycan,host glycan,0.9899598393574297,CBM32,CBM32;2.A.115;GH2,CBM32;2.A.115;GH2;GH109;null,CBM32:+0.0961;2.A.115:+0.0578;GH2:+0.0522;GH109:+0.0446;null:+0.0425
789,3,host glycan,host glycan,0.9881422924901185,CBM32,CBM32;GH2;1.B.14,CBM32;GH2;1.B.14;2.A.115;FecR,CBM32:+0.1136;GH2:+0.1030;1.B.14:+0.0811;2.A.115:+0.0736;FecR:+0.0646
790,3,host glycan,host glycan,1.0,CBM32,CBM32;GH2;1.B.14,CBM32;GH2;1.B.14;2.A.115;FecR,CBM32:+0.1147;GH2:+0.1105;1.B.14:+0.0775;2.A.115:+0.0765;FecR:+0.0618
795,3,host glycan,host glycan,1.0,CE9,CE9,CE9,CE9:+0.4569
800,3,host glycan,host glycan,1.0,GH18,GH18;8.A.46;FecR,GH18;8.A.46;FecR;null;1.B.14,GH18:+0.2908;8.A.46:+0.2480;FecR:+0.1213;null:+0.0374;1.B.14:+0.0236
823,3,host glycan,host glycan,0.9070208728652751,GH88,GH88;2;PL12,GH88;2;PL12;2.A.1;PL15,GH88:+0.2289;2:+0.1254;PL12:+0.1219;2.A.1:+0.0830;PL15:+0.0535
830,3,host glycan,host glycan,1.0,GH20,GH20;TetR;N,GH20;TetR;N,GH20:+0.3091;TetR:+0.0994;N:+0.0944
838,3,pectin,pectin,0.5456204379562043,NUDIX,NUDIX;2.A.21;GH146,NUDIX;2.A.21;GH146;1.B.14;GH51,NUDIX:+0.1993;2.A.21:+0.1489;GH146:+0.1176;1.B.14:+0.0802;GH51:+0.0366
839,3,pectin,pectin,1.0,CE1,CE1;1.B.14;null,CE1;1.B.14;null,CE1:+0.6327;1.B.14:+0.3104;null:+0.2006
847,3,pectin,pectin,0.5950920245398772,GH140,GH140;GH28;GH95,GH140;GH28;GH95;18;GH106,GH140:+0.0761;GH28:+0.0638;GH95:+0.0426;18:+0.0389;GH106:+0.0271
852,3,pectin,pectin,0.9880952380952381,GH28,GH28;GH105;PL11,GH28;GH105;PL11;CE20;2,GH28:+0.0999;GH105:+0.0889;PL11:+0.0706;CE20:+0.0698;2:+0.0681
853,3,pectin,pectin,1.0,GH92,GH92;GerE;FecR,GH92;GerE;FecR;GH28;1.B.14,GH92:+0.2829;GerE:+0.2665;FecR:+0.2359;GH28:+0.1967;1.B.14:+0.1282
855,3,pectin,pectin,0.9105510132584635,GH105,GH105;CE12;CE8,GH105;CE12;CE8;2;AAA,GH105:+0.1522;CE12:+0.1372;CE8:+0.0608;2:+0.0520;AAA:+0.0476
874,3,pectin,pectin,0.6042340728936678,GH28,GH28;CE12;GH105,GH28;CE12;GH105;GH106;1.B.14,GH28:+0.1406;CE12:+0.1234;GH105:+0.0314;GH106:+0.0300;1.B.14:+0.0099
878,3,pectin,pectin,0.47910419484023536,GH3,GH3;1.B.14;null,GH3;1.B.14;null,GH3:+0.2187;1.B.14:+0.1803;null:+0.0231
881,3,pectin,pectin,1.0,null,null;34;GH29,null;34;GH29;10;GH43,null:+0.9982;34:+0.4080;GH29:+0.2866;10:+0.2685;GH43:+0.2637
883,3,pectin,pectin,0.7763157894736842,NUDIX,NUDIX;2.A.21;GH146,NUDIX;2.A.21;GH146;GH51;4,NUDIX:+0.1759;2.A.21:+0.1593;GH146:+0.1419;GH51:+0.1361;4:+0.1322
885,3,pectin,pectin,1.0,GH140,GH140;GH5;2,GH140;GH5;2;5;2.A.2,GH140:+0.2025;GH5:+0.1970;2:+0.1828;5:+0.1784;2.A.2:+0.1776
890,3,pectin,pectin,0.7145522388059701,GH140,GH140;1.B.14;HTH,GH140;1.B.14;HTH;AraC;null,GH140:+0.5601;1.B.14:+0.1146;HTH:+0.0718;AraC:+0.0440;null:+0.0059
896,3,pectin,pectin,0.8696040208558411,1.B.35,1.B.35;2.A.21;PL9,1.B.35;2.A.21;PL9;PL22;MarR,1.B.35:+0.1683;2.A.21:+0.1578;PL9:+0.1536;PL22:+0.1243;MarR:+0.1154
900,3,pectin,pectin,0.998,GH28,GH28;GH105;1.B.14,GH28;GH105;1.B.14;LacI;CE12,GH28:+0.1116;GH105:+0.0749;1.B.14:+0.0558;LacI:+0.0534;CE12:+0.0433
908,3,pectin,pectin,0.46819390996668303,PL1,PL1;1.B.14,PL1;1.B.14,PL1:+0.3550;1.B.14:+0.1251
913,3,pectin,host glycan,0.2467532467532467,GH105,GH105;PL1;bac,GH105;PL1;bac;AraC;SBP,GH105:+0.1118;PL1:+0.0969;bac:+0.0198;AraC:+0.0173;SBP:+0.0071
917,3,pectin,pectin,0.9983498349834984,2.A.56,2.A.56;GH28;PfkB,2.A.56;GH28;PfkB;LacI;1.B.14,2.A.56:+0.1371;GH28:+0.1308;PfkB:+0.1243;LacI:+0.1196;1.B.14:+0.1147
918,3,pectin,pectin,0.4341680587661708,GH28,GH28;GH105;TrmB,GH28;GH105;TrmB;PfkB;null,GH28:+0.2001;GH105:+0.0516;TrmB:+0.0375;PfkB:+0.0280;null:+0.0010
926,3,pectin,pectin,0.9821428571428571,GH28,GH28;LacI;GH105,GH28;LacI;GH105;2.A.56;1.B.14,GH28:+0.1182;LacI:+0.0997;GH105:+0.0930;2.A.56:+0.0824;1.B.14:+0.0722
929,3,pectin,pectin,0.46819390996668303,PL1,PL1;1.B.14,PL1;1.B.14,PL1:+0.3550;1.B.14:+0.1251
937,3,xylan,xylan,1.0,GH35,GH35;1.B.14;null,GH35;1.B.14;null,GH35:+0.7939;1.B.14:+0.3487;null:+0.2517
943,3,xylan,arabinogalactan,0.015864024143890033,HTH,HTH,HTH,HTH:+0.0008
944,3,xylan,xylan,0.7134724857685009,7,7;17;GH43,7;17;GH43;CE6;GH3,7:+0.1531;17:+0.1207;GH43:+0.1101;CE6:+0.0685;GH3:+0.0398
949,3,xylan,xylan,0.97,7,7;17;GH43,7;17;GH43;2;CBM6,7:+0.2109;17:+0.2060;GH43:+0.1614;2:+0.1178;CBM6:+0.0979
953,3,xylan,xylan,1.0,AraC,AraC;GH3;HTH,AraC;GH3;HTH;GH95;GH10,AraC:+0.1534;GH3:+0.1512;HTH:+0.1472;GH95:+0.1459;GH10:+0.0219
954,3,xylan,xylan,0.6847014925373134,GH10,GH10;GH43;1,GH10;GH43;1;2.A.2;2.A.1,GH10:+0.2505;GH43:+0.1387;1:+0.0651;2.A.2:+0.0383;2.A.1:+0.0180
961,3,xylan,xylan,0.9411764705882353,GH128,GH128;GH51;19,GH128;GH51;19;GH43;1.B.14,GH128:+0.2819;GH51:+0.2130;19:+0.1866;GH43:+0.1727;1.B.14:+0.1552
971,3,xylan,xylan,1.0,GH97,GH97;GH10;GH67,GH97;GH10;GH67;GH115;12,GH97:+0.0649;GH10:+0.0568;GH67:+0.0554;GH115:+0.0531;12:+0.0528
976,3,xylan,xylan,0.6136363636363636,12,12;GH43;CE6,12;GH43;CE6;GH115;GH95,12:+0.0536;GH43:+0.0520;CE6:+0.0503;GH115:+0.0488;GH95:+0.0475
982,3,xylan,xylan,0.7619047619047619,12,12;GH43;GH115,12;GH43;GH115;HTH;GH97,12:+0.1255;GH43:+0.0751;GH115:+0.0748;HTH:+0.0726;GH97:+0.0715
984,3,xylan,xylan,1.0,8,8;GH30;GH43,8;GH30;GH43;16;CBM6,8:+0.3292;GH30:+0.2859;GH43:+0.2138;16:+0.2134;CBM6:+0.1918
988,3,xylan,xylan,0.5117499112777546,GH67,GH67;GH10;null,GH67;GH10;null;HTH;11,GH67:+0.1300;GH10:+0.1001;null:+0.0277;HTH:+0.0216;11:+0.0178
991,3,xylan,xylan,0.8838951310861423,GH97,GH97;GH16;HTH,GH97;GH16;HTH;GH3;3,GH97:+0.1636;GH16:+0.1106;HTH:+0.1100;GH3:+0.1069;3:+0.1053
998,3,xylan,xylan,1.0,GH10,GH10;GH67;2.A.2,GH10;GH67;2.A.2;1;HTH,GH10:+0.1945;GH67:+0.1538;2.A.2:+0.0907;1:+0.0854;HTH:+0.0716
1003,3,xylan,xylan,0.9897330595482546,GH10,GH10;1.B.14;HTH,GH10;1.B.14;HTH;AraC;8,GH10:+0.2917;1.B.14:+0.1481;HTH:+0.1437;AraC:+0.1312;8:+0.1258
1011,3,xylan,xylan,0.8513513513513513,26,26;GH5;13,26;GH5;13;GH127;GH43,26:+0.2480;GH5:+0.2232;13:+0.2131;GH127:+0.1637;GH43:+0.1434
1012,3,xylan,xylan,1.0,LacI,LacI;CE20;11,LacI;CE20;11;CBM91;GH43,LacI:+0.1444;CE20:+0.1265;11:+0.1203;CBM91:+0.1151;GH43:+0.1116
1017,3,xylan,xylan,1.0,LacI,LacI;CE20;11,LacI;CE20;11;CBM91;GH43,LacI:+0.1444;CE20:+0.1265;11:+0.1203;CBM91:+0.1151;GH43:+0.1116
1020,3,xylan,xylan,0.8646464646464647,GH10,GH10;GH67;1,GH10;GH67;1;1.B.14;GH43,GH10:+0.1980;GH67:+0.1252;1:+0.0463;1.B.14:+0.0427;GH43:+0.0419
1021,3,xylan,xylan,0.5949367088607594,GH67,GH67;2.A.2;1.B.14,GH67;2.A.2;1.B.14;null,GH67:+0.4432;2.A.2:+0.1052;1.B.14:+0.0544;null:+0.0016
10,4,alginate,alginate,0.5601886875485915,PL17,PL17;PL6;binding,PL17;PL6;binding;PfkB;GntR,PL17:+0.1176;PL6:+0.0772;binding:+0.0669;PfkB:+0.0361;GntR:+0.0301
11,4,alginate,alginate,1.0,PL17,PL17;PL6;1,PL17;PL6;1;2;1.B.14,PL17:+0.1888;PL6:+0.1538;1:+0.1070;2:+0.0542;1.B.14:+0.0518
20,4,alginate,alginate,0.9641434262948206,PL7,PL7;GntR;1.B.14,PL7;GntR;1.B.14;null,PL7:+0.4717;GntR:+0.3240;1.B.14:+0.2094;null:+0.1900
26,4,alginate,alginate,1.0,PL6,PL6;PL17;2.A.1,PL6;PL17;2.A.1;1;5,PL6:+0.1097;PL17:+0.0772;2.A.1:+0.0601;1:+0.0553;5:+0.0502
27,4,alginate,alginate,0.5464114295337805,PL5,PL5;1;null,PL5;1;null,PL5:+0.4188;1:+0.1727;null:+0.0213
29,4,alginate,alginate,1.0,PL17,PL17;GntR;binding,PL17;GntR;binding;2;2.A.1,PL17:+0.2051;GntR:+0.0896;binding:+0.0851;2:+0.0843;2.A.1:+0.0793
30,4,alginate,alginate,0.9675456389452333,PL17,PL17;PL6;2,PL17;PL6;2;1;2.A.1,PL17:+0.1418;PL6:+0.1392;2:+0.0897;1:+0.0651;2.A.1:+0.0540
32,4,alginate,alginate,0.9675456389452333,PL17,PL17;PL6;2,PL17;PL6;2;1;2.A.1,PL17:+0.1418;PL6:+0.1392;2:+0.0897;1:+0.0651;2.A.1:+0.0540
38,4,alginate,alginate,1.0,PL17,PL17;PL6;1,PL17;PL6;1;2;1.B.14,PL17:+0.1888;PL6:+0.1538;1:+0.1070;2:+0.0542;1.B.14:+0.0518
49,4,alpha-glucan,alpha-glucan,1.0,GH66,GH66;GH31;8.A.46,GH66;GH31;8.A.46;null;1.B.14,GH66:+0.4087;GH31:+0.3649;8.A.46:+0.2155;null:+0.0724;1.B.14:+0.0449
53,4,alpha-glucan,alpha-glucan,0.7716262975778546,GH13,GH13;GH97;1.B.14,GH13;GH97;1.B.14;null,GH13:+0.2285;GH97:+0.2235;1.B.14:+0.0428;null:+0.0147
54,4,alpha-glucan,alpha-glucan,1.0,GH31,GH31;null;8.A.46,GH31;null;8.A.46,GH31:+0.0941;null:+0.0316;8.A.46:+0.0179
56,4,alpha-glucan,alpha-glucan,1.0,GH13,GH13;18;2.A.1,GH13;18;2.A.1,GH13:+0.1399;18:+0.0327;2.A.1:+0.0326
62,4,alpha-glucan,alpha-glucan,1.0,LacI,LacI;GH13;30,LacI;GH13;30;3.A.1,LacI:+0.3876;GH13:+0.2987;30:+0.1351;3.A.1:+0.0187
68,4,alpha-glucan,alpha-glucan,0.8304420299848688,GH77,GH77;LacI;9.B.28,GH77;LacI;9.B.28;8.A.9,GH77:+0.2717;LacI:+0.2060;9.B.28:+0.0534;8.A.9:+0.0325
78,4,alpha-glucan,alpha-glucan,1.0,GH13,GH13;LacI;10,GH13;LacI;10;8.A.46;1.B.14,GH13:+0.2686;LacI:+0.2476;10:+0.1551;8.A.46:+0.1138;1.B.14:+0.0551
86,4,alpha-glucan,alpha-glucan,1.0,LacI,LacI;GH13;GH77,LacI;GH13;GH77;3.A.1;30,LacI:+0.2368;GH13:+0.0801;GH77:+0.0417;3.A.1:+0.0210;30:+0.0040
90,4,alpha-glucan,alpha-glucan,1.0,LacI,LacI;GH13;31,LacI;GH13;31,LacI:+0.2244;GH13:+0.2026;31:+0.0569
93,4,alpha-glucan,alpha-glucan,1.0,GH97,GH97;GH13;1.B.14,GH97;GH13;1.B.14;null;46,GH97:+0.1648;GH13:+0.0730;1.B.14:+0.0692;null:+0.0276;46:+0.0161
97,4,alpha-glucan,alpha-glucan,1.0,GH97,GH97;GH13;1.B.14,GH97;GH13;1.B.14;null;46,GH97:+0.1708;GH13:+0.0852;1.B.14:+0.0675;null:+0.0276;46:+0.0238
110,4,alpha-glucan,alpha-glucan,1.0,31,31;GH13;null,31;GH13;null;GH36;bac,31:+0.3986;GH13:+0.3177;null:+0.2088;GH36:+0.2070;bac:+0.1601
112,4,alpha-glucan,alpha-glucan,0.9898373983739838,GH4,GH4,GH4,GH4:+0.4491
113,4,alpha-glucan,alpha-glucan,0.9880239520958084,GH31,GH31;GH97;GH66,GH31;GH97;GH66;null;1.B.14,GH31:+0.0616;GH97:+0.0446;GH66:+0.0278;null:+0.0175;1.B.14:+0.0020
115,4,alpha-glucan,alpha-glucan,0.9350359777319346,GH13,GH13;GH97;LacI,GH13;GH97;LacI;1.B.14;8.A.46,GH13:+0.1307;GH97:+0.0974;LacI:+0.0784;1.B.14:+0.0554;8.A.46:+0.0534
119,4,alpha-glucan,alpha-glucan,0.7716262975778546,GH13,GH13;GH97;1.B.14,GH13;GH97;1.B.14;null,GH13:+0.2285;GH97:+0.2235;1.B.14:+0.0428;null:+0.0147
123,4,alpha-glucan,alpha-glucan,1.0,GH97,GH97;GH31;8.A.46,GH97;GH31;8.A.46;1.B.14;null,GH97:+0.4087;GH31:+0.1628;8.A.46:+0.1384;1.B.14:+0.0643;null:+0.0462
136,4,alpha-glucan,fructan,0.4419928396542705,PfkB,PfkB;LacI;GH32,PfkB;LacI;GH32,PfkB:+0.4402;LacI:+0.1318;GH32:+0.0336
139,4,alpha-glucan,alpha-glucan,1.0,LacI,LacI;GH32;null,LacI;GH32;null;3.A.1;PfkB,LacI:+0.4987;GH32:+0.2376;null:+0.0621;3.A.1:+0.0351;PfkB:+0.0015
140,4,alpha-glucan,alpha-glucan,1.0,LacI,LacI;GH32;4.A.1,LacI;GH32;4.A.1;PfkB,LacI:+0.3007;GH32:+0.1741;4.A.1:+0.0040;PfkB:+0.0015
146,4,alpha-glucan,alpha-glucan,0.9985214202046969,GH32,GH32;4.A.1,GH32;4.A.1,GH32:+0.2187;4.A.1:+0.1184
151,4,alpha-glucan,alpha-glucan,1.0,GH13,GH13;20;3.A.1,GH13;20;3.A.1;CBM34;null,GH13:+0.2546;20:+0.1624;3.A.1:+0.0724;CBM34:+0.0573;null:+0.0040
158,4,alpha-glucan,alpha-glucan,1.0,3.A.2,3.A.2;GH32;null,3.A.2;GH32;null,3.A.2:+0.3855;GH32:+0.3482;null:+0.1189
169,4,alpha-glucan,alpha-glucan,0.9321875814393679,LacI,LacI;18;PfkB,LacI;18;PfkB;GH13;GH32,LacI:+0.2877;18:+0.2199;PfkB:+0.2095;GH13:+0.1964;GH32:+0.1407
174,4,alpha-glucan,alpha-glucan,0.582392776523702,GH13,GH13;36;1,GH13;36;1,GH13:+0.0775;36:+0.0608;1:+0.0010
175,4,alpha-glucan,alpha-glucan,0.582392776523702,GH13,GH13;36;1,GH13;36;1,GH13:+0.0775;36:+0.0608;1:+0.0010
187,4,alpha-mannan,alpha-mannan,0.9735234215885947,GH92,GH92;null;1.B.14,GH92;null;1.B.14;9.B.14,GH92:+0.4449;null:+0.2892;1.B.14:+0.2388;9.B.14:+0.0211
188,4,alpha-mannan,alpha-mannan,1.0,GH92,GH92;null;1.B.14,GH92;null;1.B.14,GH92:+0.2505;null:+0.2143;1.B.14:+0.1722
192,4,alpha-mannan,alpha-mannan,1.0,LacI,LacI;GH125;GH92,LacI;GH125;GH92;GH2;8.A.46,LacI:+0.2589;GH125:+0.2277;GH92:+0.1780;GH2:+0.1548;8.A.46:+0.1343
196,4,alpha-mannan,alpha-mannan,0.998,GH125,GH125;GH92;GH76,GH125;GH92;GH76;GT32;GH130,GH125:+0.2324;GH92:+0.1721;GH76:+0.1712;GT32:+0.1321;GH130:+0.1137
198,4,arabinogalactan,arabinogalactan,1.0,18,18;GH142;GH143,18;GH142;GH143;GH78;CBM67,18:+0.3072;GH142:+0.2345;GH143:+0.2290;GH78:+0.2121;CBM67:+0.2065
205,4,arabinogalactan,xylan,0.16639741518578352,GH51,GH51;GH127;4,GH51;GH127;4;GH43;5,GH51:+0.0664;GH127:+0.0309;4:+0.0288;GH43:+0.0238;5:+0.0077
216,4,arabinogalactan,arabinogalactan,0.8674195900891983,GH51,GH51;1;3.A.1,GH51;1;3.A.1;null,GH51:+0.5254;1:+0.3587;3.A.1:+0.2762;null:+0.1446
219,4,arabinogalactan,arabinogalactan,0.6111755218605622,GH51,GH51;3.A.1;null,GH51;3.A.1;null,GH51:+0.4693;3.A.1:+0.2458;null:+0.2161
222,4,arabinogalactan,galactan,0.002257670325334678,1,1;3.A.1;null,1;3.A.1;null,1:+0.0023;3.A.1:+0.0023;null:+0.0000
228,4,arabinogalactan,arabinogalactan,0.8674195900891983,GH51,GH51;1;3.A.1,GH51;1;3.A.1;null,GH51:+0.5254;1:+0.3587;3.A.1:+0.2762;null:+0.1446
230,4,arabinogalactan,arabinogalactan,0.9983903648865391,GH51,GH51;1;3.A.1,GH51;1;3.A.1;null,GH51:+0.5101;1:+0.3872;3.A.1:+0.3062;null:+0.2756
234,4,beta-glucan,beta-glucan,0.9985214202046969,GH1,GH1;LacI;1.B.14,GH1;LacI;1.B.14;2.A.2,GH1:+0.7571;LacI:+0.3964;1.B.14:+0.3462;2.A.2:+0.1839
238,4,beta-glucan,beta-glucan,0.8650793650793651,GH5,GH5;4;GH31,GH5;4;GH31;GH3;HTH,GH5:+0.2726;4:+0.1533;GH31:+0.1464;GH3:+0.1048;HTH:+0.0861
244,4,beta-glucan,beta-glucan,1.0,LacI,LacI;GH3;GH1,LacI;GH3;GH1;GH16;1.B.14,LacI:+0.1364;GH3:+0.1215;GH1:+0.1153;GH16:+0.1123;1.B.14:+0.1042
249,4,beta-glucan,beta-glucan,0.9985214202046969,LacI,LacI;GH1;Glucokinase,LacI;GH1;Glucokinase;4.A.3,LacI:+0.4881;GH1:+0.4873;Glucokinase:+0.2671;4.A.3:+0.1882
253,4,beta-glucan,beta-glucan,0.7365771812080536,GH9,GH9;CBM3;1,GH9;CBM3;1;GH8;CBM4,GH9:+0.0694;CBM3:+0.0461;1:+0.0183;GH8:+0.0155;CBM4:+0.0102
258,4,beta-glucan,beta-glucan,0.9940239043824701,GH16,GH16;8.A.46;1.B.14,GH16;8.A.46;1.B.14;null;GerE,GH16:+0.4862;8.A.46:+0.1960;1.B.14:+0.1607;null:+0.0627;GerE:+0.0254
260,4,beta-glucan,beta-glucan,1.0,1.B.3,1.B.3;GH1;GntR,1.B.3;GH1;GntR;4.A.3,1.B.3:+0.4943;GH1:+0.4783;GntR:+0.4564;4.A.3:+0.3320
270,4,beta-glucan,beta-glucan,0.6339285774254199,GH9,GH9,GH9,GH9:+0.3976
273,4,beta-glucan,beta-glucan,0.8951082247930515,GH5,GH5;4;GH31,GH5;4;GH31;GH3;1.B.14,GH5:+0.1503;4:+0.1457;GH31:+0.1186;GH3:+0.1076;1.B.14:+0.1003
278,4,beta-glucan,beta-glucan,0.4663290344434438,4,4;GH5;GH3,4;GH5;GH3,4:+0.2083;GH5:+0.1952;GH3:+0.0134
279,4,beta-glucan,xylan,0.003776663519447067,,,,
289,4,beta-glucan,beta-glucan,0.9679358717434869,GH5,GH5;GH3;GH31,GH5;GH3;GH31;HTH;4,GH5:+0.1385;GH3:+0.1260;GH31:+0.1203;HTH:+0.1134;4:+0.1033
290,4,beta-glucan,beta-glucan,0.9494736842105262,GH16,GH16;GH3;1.B.14,GH16;GH3;1.B.14;8.A.46;null,GH16:+0.3070;GH3:+0.3064;1.B.14:+0.2097;8.A.46:+0.1631;null:+0.0716
298,4,beta-glucan,beta-glucan,0.9535353535353535,GH9,GH9;CBM3;GH5,GH9;CBM3;GH5;17;PL11,GH9:+0.1348;CBM3:+0.0936;GH5:+0.0807;17:+0.0785;PL11:+0.0418
305,4,beta-glucan,beta-glucan,1.0,4,4;GH5;GH31,4;GH5;GH31;GH3;GH2,4:+0.1684;GH5:+0.1614;GH31:+0.1581;GH3:+0.1472;GH2:+0.1159
312,4,beta-glucan,beta-glucan,1.0,GH4,GH4;11;Mga,GH4;11;Mga;4.A.3;HTH,GH4:+0.4134;11:+0.3748;Mga:+0.3735;4.A.3:+0.3168;HTH:+0.2759
313,4,beta-glucan,beta-glucan,1.0,3,3;GH30;GH3,3;GH30;GH3;1.B.14;7,3:+0.3275;GH30:+0.1986;GH3:+0.1722;1.B.14:+0.1146;7:+0.0960
315,4,beta-glucan,beta-glucan,1.0,3,3;GH30;GH3,3;GH30;GH3;1.B.14;7,3:+0.2761;GH30:+0.1563;GH3:+0.1499;1.B.14:+0.1008;7:+0.0862
321,4,beta-glucan,beta-glucan,0.9985214202046969,GH1,GH1;LacI;1.B.14,GH1;LacI;1.B.14;2.A.2,GH1:+0.7571;LacI:+0.3964;1.B.14:+0.3462;2.A.2:+0.1839
325,4,beta-glucan,beta-glucan,0.7094188376753507,GH1,GH1;LacI,GH1;LacI,GH1:+0.5080;LacI:+0.1802
326,4,beta-glucan,host glycan,0.4503171247357294,CBM57,CBM57;PL38;GH88,CBM57;PL38;GH88;1.B.14;null,CBM57:+0.1839;PL38:+0.1675;GH88:+0.0712;1.B.14:+0.0519;null:+0.0217
329,4,beta-glucan,beta-glucan,0.9663909632920792,GH5,GH5;4;GH31,GH5;4;GH31;GH3;HTH,GH5:+0.2100;4:+0.1697;GH31:+0.1576;GH3:+0.1087;HTH:+0.1042
335,4,beta-glucan,beta-glucan,0.8004484304932735,GH31,GH31;1.B.14;GH5,GH31;1.B.14;GH5;4;GH26,GH31:+0.1307;1.B.14:+0.1205;GH5:+0.0899;4:+0.0659;GH26:+0.0516
338,4,beta-glucan,beta-glucan,1.0,GH16,GH16;null,GH16;null,GH16:+0.4195;null:+0.0869
353,4,beta-glucan,beta-glucan,1.0,9.B.154,9.B.154;GH73;null,9.B.154;GH73;null;Peptidase;M23,9.B.154:+0.2106;GH73:+0.1698;null:+0.0642;Peptidase:+0.0040;M23:+0.0020
360,4,beta-mannan,beta-mannan,0.8697225572979493,C,C;2.A.38;HTH,C;2.A.38;HTH;TrkA;GH29,C:+0.1810;2.A.38:+0.1522;HTH:+0.1517;TrkA:+0.1335;GH29:+0.1294
362,4,beta-mannan,beta-mannan,0.9984683689098276,HTH,HTH;C;GH29,HTH;C;GH29;2.A.1;AraC,HTH:+0.1394;C:+0.1355;GH29:+0.1280;2.A.1:+0.1247;AraC:+0.1141
375,4,beta-mannan,beta-mannan,0.892,GH130,GH130;LacI;bac,GH130;LacI;bac;1;9.B.28,GH130:+0.2551;LacI:+0.2127;bac:+0.0859;1:+0.0751;9.B.28:+0.0731
387,4,beta-mannan,beta-mannan,0.586864406779661,GH130,GH130;GH26;HTH,GH130;GH26;HTH;AraC;1.B.14,GH130:+0.2339;GH26:+0.1502;HTH:+0.1029;AraC:+0.0932;1.B.14:+0.0173
390,4,beta-mannan,beta-mannan,0.6935779816513761,GH130,GH130;GH26;GH27,GH130;GH26;GH27;HTH;GH5,GH130:+0.1743;GH26:+0.1154;GH27:+0.1144;HTH:+0.0839;GH5:+0.0681
392,4,beta-mannan,beta-mannan,1.0,GH3,GH3;CBM27;CBM23,GH3;CBM27;CBM23,GH3:+0.2833;CBM27:+0.0106;CBM23:+0.0042
395,4,beta-mannan,beta-mannan,0.9714285714285714,2,2;GH130;HTH,2;GH130;HTH;1;AraC,2:+0.1915;GH130:+0.1278;HTH:+0.0974;1:+0.0857;AraC:+0.0812
399,4,beta-mannan,beta-mannan,0.4524207011686143,GH130,GH130;GH26;2.A.2,GH130;GH26;2.A.2;CE7,GH130:+0.1287;GH26:+0.0720;2.A.2:+0.0623;CE7:+0.0140
400,4,beta-mannan,alpha-glucan,0.0,,,,
402,4,beta-mannan,beta-mannan,1.0,GH130,GH130;GH26;2.A.2,GH130;GH26;2.A.2;HTH;1.B.14,GH130:+0.2779;GH26:+0.2212;2.A.2:+0.1341;HTH:+0.0984;1.B.14:+0.0837
411,4,beta-mannan,beta-mannan,1.0,31,31;LacI;4.A.1,31;LacI;4.A.1;GH13;GH32,31:+0.6253;LacI:+0.5747;4.A.1:+0.5205;GH13:+0.4498;GH32:+0.4081
415,4,beta-mannan,beta-mannan,0.9981408452805139,null,null;GH42;3.A.1,null;GH42;3.A.1;LacI,null:+0.9967;GH42:+0.7764;3.A.1:+0.2787;LacI:+0.1385
418,4,beta-mannan,beta-mannan,0.986,GH130,GH130;GH26;2.A.2,GH130;GH26;2.A.2;HTH;1.B.14,GH130:+0.2211;GH26:+0.1615;2.A.2:+0.0916;HTH:+0.0811;1.B.14:+0.0549
420,4,beta-mannan,beta-mannan,0.4212678936605317,GH130,GH130;1;bac,GH130;1;bac;SBP;AraC,GH130:+0.3640;1:+0.0318;bac:+0.0228;SBP:+0.0205;AraC:+0.0136
425,4,chitin,chitin,1.0,1.B.25,1.B.25;GH20;null,1.B.25;GH20;null,1.B.25:+0.7049;GH20:+0.4505;null:+0.2299
426,4,chitin,chitin,1.0,1.B.25,1.B.25;GH20;null,1.B.25;GH20;null,1.B.25:+0.7049;GH20:+0.4505;null:+0.2299
430,4,chitin,chitin,1.0,4.A.3,4.A.3;GH4;AraC,4.A.3;GH4;AraC;HTH,4.A.3:+1.0000;GH4:+0.2737;AraC:+0.1543;HTH:+0.0899
432,4,chitin,chitin,1.0,4.A.3,4.A.3;GH4;AraC,4.A.3;GH4;AraC;HTH,4.A.3:+1.0000;GH4:+0.2737;AraC:+0.1543;HTH:+0.0899
439,4,chitin,chitin,1.0,AA10,AA10;GH18;1.E.2,AA10;GH18;1.E.2;1;HTH,AA10:+0.2099;GH18:+0.1525;1.E.2:+0.1368;1:+0.1320;HTH:+0.1046
448,4,chitin,chitin,0.7575757575757575,GH18,GH18;PIG-L;GH20,GH18;PIG-L;GH20;8.A.46;1.B.14,GH18:+0.2765;PIG-L:+0.2511;GH20:+0.1915;8.A.46:+0.1306;1.B.14:+0.1073
455,4,chitin,chitin,1.0,4.A.3,4.A.3;GH4;null,4.A.3;GH4;null,4.A.3:+0.6709;GH4:+0.6388;null:+0.1590
457,4,chitin,chitin,1.0,4.A.3,4.A.3;GH4;AraC,4.A.3;GH4;AraC;HTH,4.A.3:+0.6590;GH4:+0.3077;AraC:+0.0786;HTH:+0.0243
458,4,chitin,chitin,1.0,4.A.3,4.A.3;GH4;AraC,4.A.3;GH4;AraC;HTH,4.A.3:+1.0000;GH4:+0.2737;AraC:+0.1543;HTH:+0.0899
459,4,chitin,chitin,1.0,4.A.3,4.A.3;GH4;AraC,4.A.3;GH4;AraC;null;HTH,4.A.3:+0.6590;GH4:+0.2737;AraC:+0.1770;null:+0.1546;HTH:+0.1185
460,4,chitin,chitin,1.0,4.A.3,4.A.3;GH4;AraC,4.A.3;GH4;AraC;HTH,4.A.3:+1.0000;GH4:+0.2737;AraC:+0.1543;HTH:+0.0899
473,4,chitin,chitin,1.0,GH20,GH20;3.A.1;GH9,GH20;3.A.1;GH9;reg;HisKA,GH20:+0.2606;3.A.1:+0.1844;GH9:+0.1839;reg:+0.1607;HisKA:+0.1410
491,4,fructan,fructan,0.7675617175500443,3.A.1,3.A.1;GH32;LacI,3.A.1;GH32;LacI,3.A.1:+0.7302;GH32:+0.5537;LacI:+0.4609
492,4,fructan,fructan,0.9982506384442797,GH32,GH32;1.B.14;null,GH32;1.B.14;null,GH32:+0.8295;1.B.14:+0.4540;null:+0.3497
497,4,fructan,fructan,0.9942576358905025,GH32,GH32;1.B.14;2.A.1,GH32;1.B.14;2.A.1;null;0039384,GH32:+0.2963;1.B.14:+0.1453;2.A.1:+0.1019;null:+0.0917;0039384:+0.0629
499,4,fructan,fructan,0.5354138589397057,PfkB,PfkB;GH32,PfkB;GH32,PfkB:+0.2335;GH32:+0.2295
515,4,fructan,fructan,0.7475149105367793,LacI,LacI;4.A.1;GH32,LacI;4.A.1;GH32;null;2.A.40,LacI:+0.2163;4.A.1:+0.1527;GH32:+0.1457;null:+0.1411;2.A.40:+0.0801
516,4,fructan,fructan,0.9982506384442797,PfkB,PfkB;2.A.1;GH32,PfkB;2.A.1;GH32,PfkB:+0.9983;2.A.1:+0.4488;GH32:+0.3008
528,4,galactan,beta-mannan,0.005708873022386731,,,,
529,4,galactan,galactan,0.9981345543523027,GH4,GH4;LacI;CE19,GH4;LacI;CE19;SBP;bac,GH4:+0.4375;LacI:+0.3781;CE19:+0.3578;SBP:+0.2109;bac:+0.1822
530,4,galactan,galactan,1.0,18,18;3.A.1;GH36,18;3.A.1;GH36;GH13;31,18:+0.3205;3.A.1:+0.2215;GH36:+0.2022;GH13:+0.1857;31:+0.1343
531,4,galactan,galactan,0.3971539456662354,GntR,GntR;null;GH16,GntR;null;GH16;GH50;16,GntR:+0.0340;null:+0.0335;GH16:+0.0326;GH50:+0.0284;16:+0.0264
532,4,galactan,galactan,0.4196547144754316,GntR,GntR;null;GH16,GntR;null;GH16;GH50;16,GntR:+0.0375;null:+0.0357;GH16:+0.0349;GH50:+0.0280;16:+0.0258
535,4,galactan,galactan,1.0,GntR,GntR;null;2.A.1,GntR;null;2.A.1;GH16;1.B.14,GntR:+0.2833;null:+0.2454;2.A.1:+0.2233;GH16:+0.1694;1.B.14:+0.1515
548,4,galactan,galactan,1.0,GH36,GH36;0044258;SBP,GH36;0044258;SBP;bac;1,GH36:+0.3172;0044258:+0.2313;SBP:+0.1955;bac:+0.1723;1:+0.1169
555,4,galactan,galactan,0.7644469940750965,GH16,GH16;null;GH117,GH16;null;GH117;2.A.1;GH29,GH16:+0.1446;null:+0.1099;GH117:+0.0954;2.A.1:+0.0846;GH29:+0.0692
566,4,galactan,galactan,0.48502994011976047,18,18;3.A.1;GH36,18;3.A.1;GH36;31;GH13,18:+0.1965;3.A.1:+0.1854;GH36:+0.1420;31:+0.1127;GH13:+0.0651
569,4,galactan,host glycan,0.28087649402390436,null,null;2.A.2;GH2,null;2.A.2;GH2,null:+0.2809;2.A.2:+0.2378;GH2:+0.1063
570,4,galactan,galactan,0.7584650112866816,GntR,GntR;null;GH16,GntR;null;GH16;2.A.1;1.B.14,GntR:+0.3378;null:+0.2564;GH16:+0.1863;2.A.1:+0.1594;1.B.14:+0.1389
572,4,galactan,galactan,0.5093371290525636,GH36,GH36;MarR;3.A.1,GH36;MarR;3.A.1;null,GH36:+0.3163;MarR:+0.1257;3.A.1:+0.0466;null:+0.0193
573,4,galactan,galactan,1.0,GH36,GH36;MarR;SBP,GH36;MarR;SBP;bac;null,GH36:+0.3109;MarR:+0.2809;SBP:+0.1782;bac:+0.1778;null:+0.1287
579,4,galactan,galactan,0.6904376231332546,GH42,GH42;LacI;GH53,GH42;LacI;GH53;2.A.2;null,GH42:+0.2957;LacI:+0.2457;GH53:+0.2132;2.A.2:+0.0483;null:+0.0121
587,4,galactan,galactan,0.8601182857721372,null,null;GH42;LacI,null;GH42;LacI;SBP;bac,null:+0.7159;GH42:+0.5007;LacI:+0.3497;SBP:+0.1969;bac:+0.1821
599,4,host glycan,host glycan,0.4557956777996071,GH88,GH88;null;GH2,GH88;null;GH2,GH88:+0.0357;null:+0.0286;GH2:+0.0021
603,4,host glycan,arabinogalactan,0.12062256809338522,GH18,GH18;null;1.B.14,GH18;null;1.B.14,GH18:+0.0882;null:+0.0049;1.B.14:+0.0044
604,4,host glycan,host glycan,0.8304136731162798,CBM32,CBM32;null,CBM32;null,CBM32:+0.5768;null:+0.1145
610,4,host glycan,host glycan,0.5206437184826368,CE9,CE9;SIS,CE9;SIS,CE9:+0.3823;SIS:+0.0332
628,4,host glycan,host glycan,1.0,CE9,CE9;4.A.6;DeoR,CE9;4.A.6;DeoR;SIS;HTH,CE9:+0.1623;4.A.6:+0.0755;DeoR:+0.0477;SIS:+0.0222;HTH:+0.0080
631,4,host glycan,host glycan,0.7812366651088126,GH18,GH18;8.A.46;null,GH18;8.A.46;null,GH18:+0.3379;8.A.46:+0.3066;null:+0.0996
634,4,host glycan,host glycan,0.8304136731162798,CBM32,CBM32;null,CBM32;null,CBM32:+0.5768;null:+0.1145
641,4,host glycan,host glycan,0.9823168131230017,GH33,GH33;CBM93;GH20,GH33;CBM93;GH20;CE20;GH2,GH33:+0.0995;CBM93:+0.0713;GH20:+0.0642;CE20:+0.0376;GH2:+0.0316
647,4,host glycan,host glycan,1.0,CE9,CE9;GH2;GH20,CE9;GH2;GH20;GH92;CE3,CE9:+0.1440;GH2:+0.1139;GH20:+0.0942;GH92:+0.0299;CE3:+0.0261
648,4,host glycan,host glycan,1.0,GH20,GH20;CE9;GH2,GH20;CE9;GH2;HATPase;CE20,GH20:+0.1250;CE9:+0.0996;GH2:+0.0882;HATPase:+0.0478;CE20:+0.0474
655,4,host glycan,host glycan,1.0,CE9,CE9;MarR,CE9;MarR,CE9:+0.5193;MarR:+0.0141
657,4,host glycan,pectin,0.19006770110592486,GH89,GH89;null,GH89;null,GH89:+0.1007;null:+0.0144
658,4,host glycan,host glycan,0.9206642066420664,GH18,GH18;8.A.46;FecR,GH18;8.A.46;FecR;null;GerE,GH18:+0.3013;8.A.46:+0.2669;FecR:+0.1976;null:+0.0864;GerE:+0.0304
661,4,host glycan,host glycan,1.0,FecR,FecR;GH18;8.A.46,FecR;GH18;8.A.46;1.B.14;null,FecR:+0.2163;GH18:+0.2149;8.A.46:+0.1791;1.B.14:+0.0885;null:+0.0373
670,4,host glycan,host glycan,1.0,GH112,GH112;3.A.1;GH136,GH112;3.A.1;GH136;HTH;AraC,GH112:+0.2616;3.A.1:+0.1994;GH136:+0.1407;HTH:+0.1358;AraC:+0.1216
672,4,host glycan,beta-mannan,0.3487077222975371,GH1,GH1,GH1,GH1:+0.0527
675,4,host glycan,host glycan,0.690721649484536,GH2,GH2;GH88;HTH,GH2;GH88;HTH;AraC;null,GH2:+0.1017;GH88:+0.0729;HTH:+0.0565;AraC:+0.0435;null:+0.0379
676,4,host glycan,host glycan,0.6113207547169811,GH88,GH88;GH2;HTH,GH88;GH2;HTH;AraC;1.B.14,GH88:+0.0934;GH2:+0.0834;HTH:+0.0530;AraC:+0.0383;1.B.14:+0.0191
677,4,host glycan,host glycan,0.7087576374745417,GH170,GH170;null;4.A.3,GH170;null;4.A.3,GH170:+0.1269;null:+0.0731;4.A.3:+0.0389
679,4,host glycan,host glycan,0.950592885375494,8.A.46,8.A.46;GH18;1.B.14,8.A.46;GH18;1.B.14;null,8.A.46:+0.4720;GH18:+0.3389;1.B.14:+0.2697;null:+0.1179
680,4,host glycan,host glycan,1.0,GH18,GH18;FecR;8.A.46,GH18;FecR;8.A.46;1.B.14;null,GH18:+0.2149;FecR:+0.2115;8.A.46:+0.1976;1.B.14:+0.1188;null:+0.0412
697,4,host glycan,host glycan,1.0,CE9,CE9;GH2;GH20,CE9;GH2;GH20;GH92,CE9:+0.1465;GH2:+0.1012;GH20:+0.0627;GH92:+0.0263
698,4,host glycan,host glycan,0.9898484161558022,null,null;GH29;CBM32,null;GH29;CBM32,null:+0.0419;GH29:+0.0227;CBM32:+0.0003
699,4,host glycan,host glycan,1.0,GH2,GH2;2.A.115;GH20,GH2;2.A.115;GH20;null;1.C.39,GH2:+0.0946;2.A.115:+0.0671;GH20:+0.0588;null:+0.0581;1.C.39:+0.0408
710,4,host glycan,host glycan,0.9983896156241338,GH35,GH35;19;GH43,GH35;19;GH43;9;CBM91,GH35:+0.2855;19:+0.2102;GH43:+0.1455;9:+0.0591;CBM91:+0.0534
713,4,host glycan,host glycan,1.0,CBM91,CBM91;CBM32;HTH,CBM91;CBM32;HTH;GH29;AraC,CBM91:+0.3074;CBM32:+0.2954;HTH:+0.1409;GH29:+0.1312;AraC:+0.1153
716,4,host glycan,host glycan,1.0,FecR,FecR;GH89;GerE,FecR;GH89;GerE;1.B.14;null,FecR:+0.4174;GH89:+0.3823;GerE:+0.2387;1.B.14:+0.1024;null:+0.0389
717,4,host glycan,host glycan,0.9223659889094269,GH18,GH18;8.A.46;FecR,GH18;8.A.46;FecR;null;GerE,GH18:+0.3313;8.A.46:+0.3174;FecR:+0.1709;null:+0.0970;GerE:+0.0196
737,4,host glycan,host glycan,1.0,CBM32,CBM32;GH92;1.B.14,CBM32;GH92;1.B.14;34;HTH,CBM32:+0.2576;GH92:+0.1770;1.B.14:+0.0857;34:+0.0494;HTH:+0.0456
739,4,host glycan,host glycan,0.6113207547169811,GH88,GH88;GH2;HTH,GH88;GH2;HTH;AraC;1.B.14,GH88:+0.0934;GH2:+0.0834;HTH:+0.0530;AraC:+0.0383;1.B.14:+0.0191
749,4,host glycan,host glycan,0.9983699776526781,DeoR,DeoR;4.A.6;GH95,DeoR;4.A.6;GH95;null;CBM47,DeoR:+0.1163;4.A.6:+0.1093;GH95:+0.1063;null:+0.0788;CBM47:+0.0446
756,4,host glycan,host glycan,1.0,CE9,CE9,CE9,CE9:+0.6135
758,4,host glycan,host glycan,1.0,CE9,CE9,CE9,CE9:+0.6135
768,4,host glycan,host glycan,1.0,CE9,CE9;4.A.6;DeoR,CE9;4.A.6;DeoR;SIS;HTH,CE9:+0.1623;4.A.6:+0.0755;DeoR:+0.0477;SIS:+0.0222;HTH:+0.0080
769,4,host glycan,host glycan,1.0,CE9,CE9;4.A.6;DeoR,CE9;4.A.6;DeoR;SIS;HTH,CE9:+0.1557;4.A.6:+0.0737;DeoR:+0.0501;SIS:+0.0342;HTH:+0.0120
771,4,host glycan,host glycan,1.0,CBM32,CBM32;null;1.B.14,CBM32;null;1.B.14,CBM32:+0.4700;null:+0.2104;1.B.14:+0.0634
776,4,host glycan,host glycan,0.9960159362549801,GH88,GH88;4.A.6;PL12,GH88;4.A.6;PL12;PfkB;null,GH88:+0.2146;4.A.6:+0.0862;PL12:+0.0591;PfkB:+0.0550;null:+0.0292
779,4,host glycan,host glycan,0.9980885263199465,GH92,GH92;GH130;CE20,GH92;GH130;CE20;3;GerE,GH92:+0.1434;GH130:+0.1364;CE20:+0.1308;3:+0.1272;GerE:+0.1247
782,4,host glycan,host glycan,0.782608695652174,GH18,GH18;8.A.46;gnl,GH18;8.A.46;gnl;1.B.14;null,GH18:+0.2884;8.A.46:+0.1982;gnl:+0.0735;1.B.14:+0.0694;null:+0.0413
786,4,host glycan,host glycan,1.0,GH2,GH2;null,GH2;null,GH2:+0.5322;null:+0.0689
791,4,host glycan,host glycan,1.0,CBM32,CBM32;GH29;null,CBM32;GH29;null,CBM32:+0.2413;GH29:+0.1467;null:+0.0799
796,4,host glycan,host glycan,1.0,CE9,CE9;4.A.6;GntR,CE9;4.A.6;GntR;SIS;GH35,CE9:+0.3142;4.A.6:+0.1146;GntR:+0.0719;SIS:+0.0585;GH35:+0.0259
802,4,host glycan,host glycan,1.0,FecR,FecR;GH18;8.A.46,FecR;GH18;8.A.46;1.B.14;null,FecR:+0.2163;GH18:+0.2149;8.A.46:+0.1791;1.B.14:+0.0885;null:+0.0373
803,4,host glycan,host glycan,1.0,GH112,GH112;null;3.A.1,GH112;null;3.A.1;0043669,GH112:+0.2391;null:+0.1837;3.A.1:+0.1632;0043669:+0.1455
809,4,host glycan,host glycan,0.9920634920634921,GH1,GH1;null;AraC,GH1;null;AraC;3.A.1;HTH,GH1:+0.2166;null:+0.1621;AraC:+0.1591;3.A.1:+0.1453;HTH:+0.1353
818,4,host glycan,host glycan,0.7679324894514767,GH3,GH3;CE8;AraC,GH3;CE8;AraC;2;HTH,GH3:+0.2865;CE8:+0.2480;AraC:+0.2334;2:+0.2309;HTH:+0.2021
821,4,host glycan,host glycan,1.0,GH88,GH88;2;PL12,GH88;2;PL12;2.A.1;1.B.14,GH88:+0.2428;2:+0.1843;PL12:+0.1060;2.A.1:+0.0959;1.B.14:+0.0880
829,4,host glycan,host glycan,1.0,GH88,GH88;4.A.6;PL12,GH88;4.A.6;PL12;PL8;PfkB,GH88:+0.2316;4.A.6:+0.1057;PL12:+0.0688;PL8:+0.0593;PfkB:+0.0514
835,4,pectin,pectin,1.0,GH3,GH3;1.B.14,GH3;1.B.14,GH3:+0.3202;1.B.14:+0.2614
850,4,pectin,pectin,0.9214825690717842,GH28,GH28;GH105;CE12,GH28;GH105;CE12;LacI;CE8,GH28:+0.1127;GH105:+0.1015;CE12:+0.0867;LacI:+0.0823;CE8:+0.0781
856,4,pectin,pectin,0.9717114846075753,GH105,GH105;CE12;PL1,GH105;CE12;PL1;1.B.14;CE8,GH105:+0.1237;CE12:+0.0910;PL1:+0.0718;1.B.14:+0.0412;CE8:+0.0367
860,4,pectin,pectin,0.9695678936353563,GH105,GH105;CE12;PL1,GH105;CE12;PL1;1.B.14;CE8,GH105:+0.1193;CE12:+0.0892;PL1:+0.0723;1.B.14:+0.0417;CE8:+0.0348
863,4,pectin,pectin,0.6238938053097346,GH105,GH105;GH28;GH42,GH105;GH28;GH42;GH106;CE12,GH105:+0.0645;GH28:+0.0519;GH42:+0.0443;GH106:+0.0411;CE12:+0.0396
867,4,pectin,pectin,1.0,GH3,GH3;GH144,GH3;GH144,GH3:+0.4345;GH144:+0.3995
869,4,pectin,pectin,0.990450340525667,GH147,GH147;GH133;GH53,GH147;GH133;GH53;GH2;10,GH147:+0.3417;GH133:+0.2637;GH53:+0.2147;GH2:+0.2115;10:+0.2101
870,4,pectin,pectin,0.5996302836331531,GH105,GH105;CE12;PL9,GH105;CE12;PL9;PL11;PL26,GH105:+0.0895;CE12:+0.0812;PL9:+0.0507;PL11:+0.0491;PL26:+0.0448
871,4,pectin,pectin,0.4346429273092565,GH28,GH28,GH28,GH28:+0.3824
875,4,pectin,galactan,0.0,,,,
879,4,pectin,pectin,0.2766455450502456,GH28,GH28;1.B.14;GH43,GH28;1.B.14;GH43;2.A.21;null,GH28:+0.1739;1.B.14:+0.0184;GH43:+0.0164;2.A.21:+0.0118;null:+0.0088
880,4,pectin,pectin,0.6921205265767559,NUDIX,NUDIX;2.A.21;GH146,NUDIX;2.A.21;GH146;1;GH51,NUDIX:+0.1950;2.A.21:+0.1775;GH146:+0.1299;1:+0.1159;GH51:+0.0978
884,4,pectin,pectin,0.507791736018898,NUDIX,NUDIX;2.A.21;1.B.14,NUDIX;2.A.21;1.B.14;GH146;null,NUDIX:+0.1696;2.A.21:+0.1319;1.B.14:+0.0997;GH146:+0.0993;null:+0.0550
892,4,pectin,pectin,0.998,GH105,GH105;GH28;CE12,GH105;GH28;CE12;2;1.B.14,GH105:+0.1057;GH28:+0.1024;CE12:+0.0986;2:+0.0938;1.B.14:+0.0726
901,4,pectin,pectin,0.8900329593232487,GH28,GH28;1.B.14;2.A.66,GH28;1.B.14;2.A.66;null,GH28:+0.3136;1.B.14:+0.2081;2.A.66:+0.1115;null:+0.0596
906,4,pectin,pectin,1.0,GH105,GH105;1.B.14;null,GH105;1.B.14;null;PL11;PL9,GH105:+0.1265;1.B.14:+0.0876;null:+0.0785;PL11:+0.0766;PL9:+0.0730
909,4,pectin,pectin,0.7385833423376521,GH144,GH144;GH3;null,GH144;GH3;null,GH144:+0.3510;GH3:+0.2482;null:+0.0159
912,4,pectin,pectin,0.4010198043347215,CE1,CE1;1.B.14;null,CE1;1.B.14;null,CE1:+0.2863;1.B.14:+0.0918;null:+0.0832
923,4,pectin,pectin,0.9592233009708737,GH28,GH28;GH105;LacI,GH28;GH105;LacI;CE12;1.B.14,GH28:+0.0845;GH105:+0.0732;LacI:+0.0699;CE12:+0.0581;1.B.14:+0.0560
928,4,pectin,pectin,1.0,2,2;PL1;TrmB,2;PL1;TrmB;5;null,2:+0.2103;PL1:+0.1954;TrmB:+0.1137;5:+0.0868;null:+0.0385
933,4,xylan,xylan,1.0,7,7;17;GH43,7;17;GH43;CE1;2,7:+0.2749;17:+0.1872;GH43:+0.1822;CE1:+0.0984;2:+0.0723
934,4,xylan,xylan,1.0,GH67,GH67;GH10;2.A.2,GH67;GH10;2.A.2;1;GH43,GH67:+0.1553;GH10:+0.1299;2.A.2:+0.1100;1:+0.0945;GH43:+0.0798
942,4,xylan,xylan,0.8951310861423221,GH67,GH67;PfkB;HTH,GH67;PfkB;HTH;AraC;GH10,GH67:+0.1279;PfkB:+0.0826;HTH:+0.0824;AraC:+0.0810;GH10:+0.0605
948,4,xylan,xylan,0.9145631067961164,7,7;17;GH43,7;17;GH43;CE1;GH3,7:+0.1703;17:+0.1626;GH43:+0.1095;CE1:+0.0822;GH3:+0.0427
951,4,xylan,xylan,0.5009235549202257,GH10,GH10;CE6;GH5,GH10;CE6;GH5;null,GH10:+0.2022;CE6:+0.0329;GH5:+0.0166;null:+0.0023
959,4,xylan,xylan,0.7392920788633549,GH97,GH97;10;GH115,GH97;10;GH115;CE1;GH43,GH97:+0.1074;10:+0.0678;GH115:+0.0611;CE1:+0.0597;GH43:+0.0569
960,4,xylan,xylan,0.8961303462321792,GH5,GH5;13;26,GH5;13;26;GH127;GH2,GH5:+0.2347;13:+0.2273;26:+0.2208;GH127:+0.2143;GH2:+0.1535
966,4,xylan,xylan,0.9984683689098276,GH20,GH20;8.A.46;1.B.14,GH20;8.A.46;1.B.14;CBM32,GH20:+0.4902;8.A.46:+0.4345;1.B.14:+0.2886;CBM32:+0.0676
968,4,xylan,xylan,1.0,GH10,GH10;8;HTH,GH10;8;HTH;1.B.14;AraC,GH10:+0.2590;8:+0.1814;HTH:+0.1806;1.B.14:+0.1555;AraC:+0.1456
970,4,xylan,chitin,0.010639430716055078,LacI,LacI;GH3,LacI;GH3,LacI:+0.0106;GH3:+0.0055
973,4,xylan,beta-glucan,0.35126582278481006,GH10,GH10;AraC;HTH,GH10;AraC;HTH;1.B.14;null,GH10:+0.2575;AraC:+0.0121;HTH:+0.0115;1.B.14:+0.0101;null:+0.0053
975,4,xylan,xylan,0.7318647296647188,GH97,GH97;GH115;12,GH97;GH115;12;10;8,GH97:+0.1050;GH115:+0.0841;12:+0.0613;10:+0.0588;8:+0.0495
977,4,xylan,xylan,0.8772277227722772,GH67,GH67;GH43;GH10,GH67;GH43;GH10;12;GH115,GH67:+0.0974;GH43:+0.0780;GH10:+0.0688;12:+0.0685;GH115:+0.0567
987,4,xylan,xylan,0.5666041275797374,GH10,GH10;GH43;2.A.2,GH10;GH43;2.A.2;1;12,GH10:+0.1704;GH43:+0.0675;2.A.2:+0.0378;1:+0.0348;12:+0.0281
1001,4,xylan,xylan,0.79175704989154,GH67,GH67;GH10;AraC,GH67;GH10;AraC;HTH;12,GH67:+0.1403;GH10:+0.1266;AraC:+0.0230;HTH:+0.0153;12:+0.0102
1007,4,xylan,xylan,0.9983699776526781,GH3,GH3;HTH;GH95,GH3;HTH;GH95;AraC;SBP,GH3:+0.1621;HTH:+0.1383;GH95:+0.1330;AraC:+0.1153;SBP:+0.0139
1010,4,xylan,xylan,0.5484460694698354,GH67,GH67;2.A.2;1.B.14,GH67;2.A.2;1.B.14;14;null,GH67:+0.3720;2.A.2:+0.1100;1.B.14:+0.0448;14:+0.0249;null:+0.0188
1015,4,xylan,xylan,1.0,LacI,LacI;CE20;CBM91,LacI;CE20;CBM91;11;10,LacI:+0.1737;CE20:+0.1387;CBM91:+0.1151;11:+0.1112;10:+0.1068
1016,4,xylan,xylan,1.0,LacI,LacI;CE20;11,LacI;CE20;11;10;CBM91,LacI:+0.1684;CE20:+0.1286;11:+0.1043;10:+0.1020;CBM91:+0.0915
1029,4,xylan,xylan,0.3771929824561404,GH10,GH10;Fer4;1,GH10;Fer4;1,GH10:+0.2638;Fer4:+0.0282;1:+0.0009
