idx,fold,true,pred,prob_true,top1,top3,top5,top5_with_delta
8,0,alginate,alginate,0.7984926973163536,binding,binding;1;PL,binding;1;PL;PL5;2.A.50,binding:+0.1143;1:+0.0882;PL:+0.0789;PL5:+0.0666;2.A.50:+0.0568
10,0,alginate,alginate,0.4901960784313725,PL17,PL17;PL6;binding,PL17;PL6;binding;PL;2,PL17:+0.0985;PL6:+0.0685;binding:+0.0518;PL:+0.0478;2:+0.0246
11,0,alginate,alginate,1.0,PL17,PL17;PL;PL6,PL17;PL;PL6;1;1.B.14,PL17:+0.1459;PL:+0.1404;PL6:+0.0832;1:+0.0755;1.B.14:+0.0391
12,0,alginate,alginate,1.0,PL17,PL17;PL;PL6,PL17;PL;PL6;1;1.B.14,PL17:+0.1571;PL:+0.1370;PL6:+0.0932;1:+0.0739;1.B.14:+0.0391
19,0,alginate,alginate,1.0,PL,PL;1;PL6,PL;1;PL6;PL7;5,PL:+0.1840;1:+0.1639;PL6:+0.1522;PL7:+0.1260;5:+0.0973
24,0,alginate,alginate,1.0,PL,PL;GntR;PL6,PL;GntR;PL6;PL17;2.A.1,PL:+0.0820;GntR:+0.0725;PL6:+0.0636;PL17:+0.0607;2.A.1:+0.0496
27,0,alginate,alginate,0.5219090821349289,PL5,PL5;1;PL,PL5;1;PL;null,PL5:+0.2385;1:+0.1177;PL:+0.0908;null:+0.0096
30,0,alginate,alginate,1.0,PL17,PL17;PL;PL6,PL17;PL;PL6;1;2,PL17:+0.1468;PL:+0.1253;PL6:+0.0943;1:+0.0709;2:+0.0639
33,0,alginate,alginate,0.9960159362549801,PL17,PL17;PL;PL6,PL17;PL;PL6;1;PfkB,PL17:+0.1579;PL:+0.1271;PL6:+0.0927;1:+0.0855;PfkB:+0.0644
43,0,alginate,alginate,0.695820013269799,PL6,PL6;1;PL,PL6;1;PL;1.B.14;null,PL6:+0.2985;1:+0.1507;PL:+0.1437;1.B.14:+0.0648;null:+0.0475
58,0,alpha-glucan,alpha-glucan,1.0,LacI,LacI;GH32;GH,LacI;GH32;GH;2.A.1,LacI:+1.0000;GH32:+0.2191;GH:+0.0709;2.A.1:+0.0537
60,0,alpha-glucan,alpha-glucan,1.0,LacI,LacI;GH13;redox,LacI;GH13;redox;Pyr;2.A.21,LacI:+0.1569;GH13:+0.1476;redox:+0.1091;Pyr:+0.0984;2.A.21:+0.0914
62,0,alpha-glucan,alpha-glucan,1.0,LacI,LacI;GH13;30,LacI;GH13;30;GH;3.A.1,LacI:+0.3111;GH13:+0.3090;30:+0.1961;GH:+0.0477;3.A.1:+0.0244
64,0,alpha-glucan,beta-glucan,0.39326596716323176,GH13,GH13;LacI;GH,GH13;LacI;GH,GH13:+0.2673;LacI:+0.0544;GH:+0.0253
67,0,alpha-glucan,alpha-glucan,1.0,GH13,GH13;20;3.A.1,GH13;20;3.A.1;GH;CBM34,GH13:+0.2118;20:+0.1411;3.A.1:+0.0670;GH:+0.0399;CBM34:+0.0300
69,0,alpha-glucan,alpha-glucan,0.7565852296933994,GH97,GH97;1.B.14;GH,GH97;1.B.14;GH;null;8.A.9,GH97:+0.4483;1.B.14:+0.0620;GH:+0.0582;null:+0.0384;8.A.9:+0.0311
70,0,alpha-glucan,alpha-glucan,1.0,GH13,GH13;20;CBM34,GH13;20;CBM34;3.A.1;GH,GH13:+0.2484;20:+0.1619;CBM34:+0.0766;3.A.1:+0.0736;GH:+0.0443
71,0,alpha-glucan,alpha-glucan,0.8552082190081264,GH13,GH13;GT5;GT35,GH13;GT5;GT35;CBM48;GT,GH13:+0.1084;GT5:+0.1052;GT35:+0.0720;CBM48:+0.0659;GT:+0.0519
83,0,alpha-glucan,alpha-glucan,1.0,GH13,GH13;18;GH,GH13;18;GH;null,GH13:+0.2316;18:+0.1130;GH:+0.0532;null:+0.0269
90,0,alpha-glucan,alpha-glucan,1.0,GH13,GH13;LacI;31,GH13;LacI;31;GH,GH13:+0.2165;LacI:+0.1813;31:+0.0805;GH:+0.0559
96,0,alpha-glucan,alpha-glucan,1.0,GH97,GH97;GH13;1.B.14,GH97;GH13;1.B.14;GH;8.A.46,GH97:+0.1783;GH13:+0.1027;1.B.14:+0.0680;GH:+0.0507;8.A.46:+0.0345
100,0,alpha-glucan,alpha-glucan,1.0,GH31,GH31;GH66;8.A.46,GH31;GH66;8.A.46;GH;null,GH31:+0.2899;GH66:+0.2412;8.A.46:+0.1380;GH:+0.1155;null:+0.0354
103,0,alpha-glucan,alpha-glucan,1.0,GH32,GH32;2.A.1;GH,GH32;2.A.1;GH,GH32:+0.5101;2.A.1:+0.2764;GH:+0.0893
109,0,alpha-glucan,alpha-glucan,1.0,GH32,GH32;SBP;bac,GH32;SBP;bac;1;GH,GH32:+0.4857;SBP:+0.2733;bac:+0.2410;1:+0.1250;GH:+0.0420
115,0,alpha-glucan,alpha-glucan,0.8707949064156453,GH13,GH13;GH97;LacI,GH13;GH97;LacI;1.B.14;GH,GH13:+0.1274;GH97:+0.1183;LacI:+0.0623;1.B.14:+0.0588;GH:+0.0510
118,0,alpha-glucan,alpha-glucan,1.0,GH97,GH97;GH13;GH,GH97;GH13;GH;1.B.14;null,GH97:+0.3108;GH13:+0.2426;GH:+0.0930;1.B.14:+0.0925;null:+0.0259
127,0,alpha-glucan,alpha-glucan,0.9260525470789338,LacI,LacI;GH77;GT35,LacI;GH77;GT35;GT;GH,LacI:+0.1958;GH77:+0.1185;GT35:+0.0848;GT:+0.0537;GH:+0.0444
128,0,alpha-glucan,alpha-glucan,0.9606299212598425,LacI,LacI;GH77;GT35,LacI;GH77;GT35;GT;GH,LacI:+0.2302;GH77:+0.2244;GT35:+0.1450;GT:+0.1254;GH:+0.0394
136,0,alpha-glucan,fructan,0.0,,,,
144,0,alpha-glucan,alpha-glucan,0.8038594382011023,GH13,GH13;LacI;GH,GH13;LacI;GH,GH13:+0.4756;LacI:+0.1521;GH:+0.0476
150,0,alpha-glucan,alpha-glucan,1.0,GH13,GH13;CBM34;20,GH13;CBM34;20;3.A.1;31,GH13:+0.1585;CBM34:+0.0964;20:+0.0953;3.A.1:+0.0916;31:+0.0849
152,0,alpha-glucan,alpha-glucan,0.8014395793854644,GH13,GH13;CBM34;CBM,GH13;CBM34;CBM;GH;39,GH13:+0.2299;CBM34:+0.0761;CBM:+0.0321;GH:+0.0246;39:+0.0146
160,0,alpha-glucan,alpha-glucan,0.8077138513243177,GH13,GH13;LacI;GH,GH13;LacI;GH;1.B.14;null,GH13:+0.2384;LacI:+0.1194;GH:+0.0996;1.B.14:+0.0853;null:+0.0560
167,0,alpha-glucan,fructan,0.0,,,,
170,0,alpha-glucan,alpha-glucan,1.0,GH13,GH13;GT5;GT,GH13;GT5;GT;9;CBM48,GH13:+0.0998;GT5:+0.0818;GT:+0.0495;9:+0.0475;CBM48:+0.0440
173,0,alpha-glucan,alpha-glucan,1.0,GH13,GH13;1;Pyr,GH13;1;Pyr;CBM;2,GH13:+0.1847;1:+0.0842;Pyr:+0.0838;CBM:+0.0731;2:+0.0706
177,0,alpha-mannan,alpha-mannan,0.9452159110014925,GH125,GH125;GntR;GH1,GH125;GntR;GH1;GH38;GH84,GH125:+0.2872;GntR:+0.2675;GH1:+0.2452;GH38:+0.2393;GH84:+0.2266
185,0,alpha-mannan,alpha-mannan,1.0,GH92,GH92;null;1.B.14,GH92;null;1.B.14;GH;GH99,GH92:+0.2598;null:+0.2486;1.B.14:+0.1756;GH:+0.1132;GH99:+0.1078
187,0,alpha-mannan,alpha-mannan,0.983640081799591,GH92,GH92;null;1.B.14,GH92;null;1.B.14;GH;9.B.14,GH92:+0.4092;null:+0.3188;1.B.14:+0.2366;GH:+0.1317;9.B.14:+0.0109
192,0,alpha-mannan,alpha-mannan,0.8870673952641165,LacI,LacI;GH92;GH125,LacI;GH92;GH125;GH2;GH,LacI:+0.2260;GH92:+0.1803;GH125:+0.1697;GH2:+0.1358;GH:+0.1305
201,0,arabinogalactan,fructan,0.17378585437443816,9.B.28,9.B.28;2.A.3;22,9.B.28;2.A.3;22;HTH;GH43,9.B.28:+0.0765;2.A.3:+0.0410;22:+0.0346;HTH:+0.0307;GH43:+0.0250
207,0,arabinogalactan,pectin,0.18013856812933024,29,29;1.B.14;GH,29;1.B.14;GH;GH43,29:+0.0629;1.B.14:+0.0400;GH:+0.0314;GH43:+0.0287
210,0,arabinogalactan,arabinogalactan,0.9674280002263254,GH16,GH16;1.B.14;AraC,GH16;1.B.14;AraC;HTH;24,GH16:+0.2286;1.B.14:+0.2038;AraC:+0.1501;HTH:+0.1428;24:+0.1274
217,0,arabinogalactan,arabinogalactan,1.0,GH51,GH51;3.A.1;1,GH51;3.A.1;1;null;GH,GH51:+0.5205;3.A.1:+0.3050;1:+0.2907;null:+0.1835;GH:+0.0968
219,0,arabinogalactan,arabinogalactan,0.7092968183733117,GH51,GH51;3.A.1;null,GH51;3.A.1;null;GH,GH51:+0.5399;3.A.1:+0.2825;null:+0.1992;GH:+0.0664
220,0,arabinogalactan,pectin,0.46715328467153283,HTH,HTH;AraC;4,HTH;AraC;4;GH51;1.B.14,HTH:+0.1711;AraC:+0.1664;4:+0.1395;GH51:+0.0734;1.B.14:+0.0601
221,0,arabinogalactan,host glycan,0.12064965197215777,GH43,GH43;GH27;GH,GH43;GH27;GH;HTH;null,GH43:+0.0592;GH27:+0.0424;GH:+0.0258;HTH:+0.0253;null:+0.0177
241,0,beta-glucan,beta-glucan,0.8919449901768173,GH5,GH5;4;GH31,GH5;4;GH31;GH3;1.B.14,GH5:+0.2441;4:+0.1805;GH31:+0.1460;GH3:+0.1060;1.B.14:+0.1023
245,0,beta-glucan,beta-glucan,1.0,LacI,LacI;GH3;GH16,LacI;GH3;GH16;1.B.14;3,LacI:+0.1523;GH3:+0.1149;GH16:+0.0808;1.B.14:+0.0713;3:+0.0683
249,0,beta-glucan,beta-glucan,1.0,LacI,LacI;GH1;Glucokinase,LacI;GH1;Glucokinase;4.A.3;GH,LacI:+0.5220;GH1:+0.4588;Glucokinase:+0.2840;4.A.3:+0.1729;GH:+0.0244
252,0,beta-glucan,beta-glucan,0.49107142857142855,CBM32,CBM32;GH30;GH95,CBM32;GH30;GH95;GH10;CBM,CBM32:+0.1211;GH30:+0.1096;GH95:+0.0892;GH10:+0.0691;CBM:+0.0673
254,0,beta-glucan,beta-glucan,1.0,CBM4,CBM4;1.B.14;CBM,CBM4;1.B.14;CBM;null,CBM4:+0.4519;1.B.14:+0.2336;CBM:+0.2282;null:+0.1219
258,0,beta-glucan,beta-glucan,0.9262948207171315,GH16,GH16;8.A.46;GH,GH16;8.A.46;GH;1.B.14;null,GH16:+0.3778;8.A.46:+0.1263;GH:+0.1224;1.B.14:+0.1138;null:+0.0554
268,0,beta-glucan,beta-glucan,1.0,GH3,GH3;GH16;1.B.14,GH3;GH16;1.B.14;GH;8.A.46,GH3:+0.2241;GH16:+0.1883;1.B.14:+0.1488;GH:+0.1465;8.A.46:+0.0458
269,0,beta-glucan,beta-glucan,0.5694716242661447,4,4;GH36;GH3,4;GH36;GH3;GH5;GH,4:+0.2368;GH36:+0.1929;GH3:+0.1374;GH5:+0.1351;GH:+0.1144
271,0,beta-glucan,beta-glucan,0.6754850088183421,3,3;GH30;CBM57,3;GH30;CBM57;1.B.14;GH,3:+0.1755;GH30:+0.1334;CBM57:+0.0901;1.B.14:+0.0643;GH:+0.0604
278,0,beta-glucan,beta-glucan,0.7450110864745011,GH105,GH105;GH5;4,GH105;GH5;4;GH;1.B.14,GH105:+0.1389;GH5:+0.0999;4:+0.0775;GH:+0.0652;1.B.14:+0.0535
282,0,beta-glucan,beta-glucan,1.0,GH3,GH3;3;1.B.14,GH3;3;1.B.14;GH;GH158,GH3:+0.1288;3:+0.0843;1.B.14:+0.0815;GH:+0.0734;GH158:+0.0506
289,0,beta-glucan,beta-glucan,0.972,GH31,GH31;GH3;4,GH31;GH3;4;GH5;HTH,GH31:+0.1463;GH3:+0.1462;4:+0.1052;GH5:+0.0949;HTH:+0.0848
302,0,beta-glucan,beta-mannan,0.2916666666666667,GH5,GH5;GH26;GH,GH5;GH26;GH;1.B.14,GH5:+0.0278;GH26:+0.0207;GH:+0.0194;1.B.14:+0.0094
306,0,beta-glucan,beta-glucan,0.7536594841272559,GH9,GH9;CBM3;GH,GH9;CBM3;GH;CBM,GH9:+0.2753;CBM3:+0.0640;GH:+0.0422;CBM:+0.0153
309,0,beta-glucan,beta-glucan,1.0,GH8,GH8;4.D.3;GT2,GH8;4.D.3;GT2;GH,GH8:+0.1334;4.D.3:+0.0902;GT2:+0.0277;GH:+0.0219
312,0,beta-glucan,beta-glucan,1.0,GH4,GH4;Mga;11,GH4;Mga;11;4.A.3;HTH,GH4:+0.4295;Mga:+0.3807;11:+0.3320;4.A.3:+0.3292;HTH:+0.2466
315,0,beta-glucan,beta-glucan,1.0,3,3;GH3;GH30,3;GH3;GH30;1.B.14;GH,3:+0.2433;GH3:+0.2042;GH30:+0.1360;1.B.14:+0.0959;GH:+0.0890
319,0,beta-glucan,beta-glucan,1.0,GH3,GH3;8.A.46;GH16,GH3;8.A.46;GH16;1.B.14;GH,GH3:+0.2477;8.A.46:+0.1696;GH16:+0.1616;1.B.14:+0.1321;GH:+0.1057
330,0,beta-glucan,beta-glucan,1.0,GH1,GH1;4.A.1;GH,GH1;4.A.1;GH,GH1:+0.7009;4.A.1:+0.4654;GH:+0.0870
333,0,beta-glucan,beta-glucan,1.0,GH73,GH73;9.B.154;null,GH73;9.B.154;null;GH;M23,GH73:+0.1950;9.B.154:+0.1530;null:+0.1131;GH:+0.0429;M23:+0.0135
334,0,beta-glucan,beta-glucan,1.0,GH73,GH73;9.B.154;null,GH73;9.B.154;null;GH,GH73:+0.1864;9.B.154:+0.1477;null:+0.1131;GH:+0.0409
341,0,beta-glucan,beta-glucan,0.7804391217564869,3,3;GH31;GH9,3;GH31;GH9;null;GH,3:+0.1145;GH31:+0.1038;GH9:+0.0830;null:+0.0604;GH:+0.0457
342,0,beta-glucan,beta-glucan,0.8989690721649484,GH5,GH5;GH31;4,GH5;GH31;4;GH;GH26,GH5:+0.1415;GH31:+0.1235;4:+0.1201;GH:+0.1089;GH26:+0.0848
347,0,beta-glucan,beta-glucan,1.0,GH5,GH5;4;AraC,GH5;4;AraC;1.B.14;HTH,GH5:+0.3249;4:+0.2316;AraC:+0.1704;1.B.14:+0.1673;HTH:+0.1431
349,0,beta-glucan,beta-glucan,1.0,GH73,GH73;9.B.154;null,GH73;9.B.154;null;GH;M23,GH73:+0.1950;9.B.154:+0.1530;null:+0.1131;GH:+0.0429;M23:+0.0135
357,0,beta-mannan,beta-mannan,0.5006510416666654,LacI,LacI;GH2;2.A.2,LacI;GH2;2.A.2;GH,LacI:+0.5007;GH2:+0.1786;2.A.2:+0.1725;GH:+0.0103
361,0,beta-mannan,beta-mannan,0.9924775586963687,HTH,HTH;AraC;GH29,HTH;AraC;GH29;2.A.1;C,HTH:+0.1655;AraC:+0.1634;GH29:+0.1395;2.A.1:+0.1370;C:+0.1304
362,0,beta-mannan,beta-mannan,0.9984683689098276,AraC,AraC;HTH;C,AraC;HTH;C;1.B.14;2.A.1,AraC:+0.1483;HTH:+0.1423;C:+0.1312;1.B.14:+0.1175;2.A.1:+0.1106
372,0,beta-mannan,beta-mannan,0.4931506849315068,GH26,GH26;GntR;4.A.3,GH26;GntR;4.A.3;null;GH,GH26:+0.3514;GntR:+0.1690;4.A.3:+0.1666;null:+0.0681;GH:+0.0168
376,0,beta-mannan,beta-mannan,0.9818548387096774,LacI,LacI;GH130;9.B.28,LacI;GH130;9.B.28;2;bac,LacI:+0.2351;GH130:+0.2018;9.B.28:+0.1437;2:+0.1228;bac:+0.1144
377,0,beta-mannan,beta-mannan,0.8403193612774451,GH130,GH130;GH26;2,GH130;GH26;2;AraC;HTH,GH130:+0.1409;GH26:+0.1180;2:+0.0717;AraC:+0.0708;HTH:+0.0694
380,0,beta-mannan,beta-mannan,0.5750805486320881,GH130,GH130;GH;CE7,GH130;GH;CE7;null;1,GH130:+0.2183;GH:+0.0751;CE7:+0.0419;null:+0.0109;1:+0.0093
382,0,beta-mannan,beta-mannan,0.9945463609674544,31,31;LacI;4.A.1,31;LacI;4.A.1;GH13;GH32,31:+0.5465;LacI:+0.5156;4.A.1:+0.4915;GH13:+0.3768;GH32:+0.3384
384,0,beta-mannan,beta-mannan,0.5024164154254601,GH130,GH130;GH;LacI,GH130;GH;LacI;SBP;bac,GH130:+0.2420;GH:+0.0770;LacI:+0.0718;SBP:+0.0525;bac:+0.0426
391,0,beta-mannan,beta-glucan,0.06727079761613193,GH3,GH3;GH,GH3;GH,GH3:+0.0234;GH:+0.0013
397,0,beta-mannan,beta-mannan,0.9962468982893946,GH42,GH42;3.A.1;GH,GH42;3.A.1;GH,GH42:+0.7715;3.A.1:+0.3355;GH:+0.0998
408,0,beta-mannan,beta-mannan,0.9489070730884172,GH35,GH35;GH42;GH,GH35;GH42;GH;LacI;null,GH35:+0.5434;GH42:+0.4057;GH:+0.3859;LacI:+0.3228;null:+0.1405
423,0,beta-mannan,galactan,0.08964986438060543,GH42,GH42;3.A.1;GH,GH42;3.A.1;GH,GH42:+0.0533;3.A.1:+0.0180;GH:+0.0007
433,0,chitin,chitin,0.9919354838709677,4.A.3,4.A.3;GH4;null,4.A.3;GH4;null;GH,4.A.3:+0.6469;GH4:+0.5831;null:+0.1498;GH:+0.0476
434,0,chitin,chitin,0.7473339605100905,AraC,AraC;HTH;4.A.3,AraC;HTH;4.A.3;GH1;GH,AraC:+0.4748;HTH:+0.4391;4.A.3:+0.4116;GH1:+0.0816;GH:+0.0197
435,0,chitin,chitin,1.0,4.A.3,4.A.3;AraC;HTH,4.A.3;AraC;HTH;null;GH1,4.A.3:+0.5944;AraC:+0.5622;HTH:+0.5050;null:+0.2527;GH1:+0.2160
439,0,chitin,chitin,1.0,AA10,AA10;AA;GH18,AA10;AA;GH18;1;1.E.2,AA10:+0.2477;AA:+0.2143;GH18:+0.1457;1:+0.1301;1.E.2:+0.1004
447,0,chitin,host glycan,0.32679579945059395,GH18,GH18;CBM5;CBM,GH18;CBM5;CBM;GH,GH18:+0.1558;CBM5:+0.1113;CBM:+0.0376;GH:+0.0306
450,0,chitin,chitin,1.0,1.B.25,1.B.25;GH20;null,1.B.25;GH20;null;GH,1.B.25:+0.6857;GH20:+0.4093;null:+0.2055;GH:+0.1008
452,0,chitin,chitin,1.0,4.A.3,4.A.3;GH4;null,4.A.3;GH4;null;GH,4.A.3:+0.6635;GH4:+0.6146;null:+0.1579;GH:+0.0551
453,0,chitin,chitin,1.0,4.A.3,4.A.3;GH4;CE4,4.A.3;GH4;CE4;CE;GH,4.A.3:+0.4897;GH4:+0.4689;CE4:+0.1027;CE:+0.0841;GH:+0.0349
464,0,chitin,chitin,1.0,4.A.3,4.A.3;GH4;AraC,4.A.3;GH4;AraC;null;HTH,4.A.3:+0.6507;GH4:+0.2495;AraC:+0.2107;null:+0.1643;HTH:+0.1420
472,0,chitin,chitin,1.0,GH20,GH20;3.A.1;GH9,GH20;3.A.1;GH9;reg;GH94,GH20:+0.2407;3.A.1:+0.2118;GH9:+0.1752;reg:+0.1666;GH94:+0.1331
474,0,chitin,chitin,0.7651515151515151,4.A.3,4.A.3;GH4;AraC,4.A.3;GH4;AraC;HTH;GH,4.A.3:+0.5511;GH4:+0.2623;AraC:+0.1224;HTH:+0.0228;GH:+0.0152
477,0,chitin,chitin,1.0,4.A.3,4.A.3;GH4;AraC,4.A.3;GH4;AraC;HTH;GH,4.A.3:+0.6154;GH4:+0.2670;AraC:+0.1066;HTH:+0.0286;GH:+0.0165
483,0,chitin,chitin,1.0,4.A.3,4.A.3;GH4;AraC,4.A.3;GH4;AraC;HTH;GH,4.A.3:+0.6507;GH4:+0.2722;AraC:+0.1056;HTH:+0.0283;GH:+0.0206
491,0,fructan,fructan,0.36916835699797157,3.A.1,3.A.1;GH32;LacI,3.A.1;GH32;LacI;GH;HTH,3.A.1:+0.3126;GH32:+0.2833;LacI:+0.1440;GH:+0.0177;HTH:+0.0158
498,0,fructan,fructan,1.0,GH32,GH32;GH;PfkB,GH32;GH;PfkB;1.B.14;2.A.1,GH32:+0.3027;GH:+0.0937;PfkB:+0.0541;1.B.14:+0.0501;2.A.1:+0.0497
502,0,fructan,fructan,0.7989510109256586,GH68,GH68;2.A.3;GH32,GH68;2.A.3;GH32;GH,GH68:+0.2443;2.A.3:+0.2239;GH32:+0.1656;GH:+0.1015
507,0,fructan,fructan,1.0,3.A.1,3.A.1;GH32;null,3.A.1;GH32;null;LacI;GH,3.A.1:+0.9336;GH32:+0.3966;null:+0.3468;LacI:+0.1992;GH:+0.0575
508,0,fructan,alpha-glucan,0.40447154471544716,3.A.1,3.A.1;GH32;LacI,3.A.1;GH32;LacI;GH,3.A.1:+0.4045;GH32:+0.3100;LacI:+0.1899;GH:+0.0168
514,0,fructan,fructan,0.924949290060852,null,null;4.A.1;LacI,null;4.A.1;LacI;GH32;GH,null:+0.9249;4.A.1:+0.7649;LacI:+0.5627;GH32:+0.3802;GH:+0.0547
523,0,galactan,galactan,1.0,GH4,GH4;AraC;HTH,GH4;AraC;HTH;GH,GH4:+0.4979;AraC:+0.3611;HTH:+0.3447;GH:+0.0231
524,0,galactan,galactan,1.0,MarR,MarR;GH36;null,MarR;GH36;null;3.A.1;GH,MarR:+0.4006;GH36:+0.3064;null:+0.1534;3.A.1:+0.1224;GH:+0.0807
528,0,galactan,beta-mannan,0.0037967101778563187,,,,
544,0,galactan,pectin,0.0019019656951845796,,,,
545,0,galactan,pectin,0.08287490641580678,GH53,GH53;GH,GH53;GH,GH53:+0.0689;GH:+0.0067
553,0,galactan,galactan,0.5852233801575139,GH42,GH42;LacI;GH53,GH42;LacI;GH53;3.A.1;GH,GH42:+0.2231;LacI:+0.2113;GH53:+0.1160;3.A.1:+0.0808;GH:+0.0098
554,0,galactan,galactan,0.5498733803350234,GH16,GH16;GH117;null,GH16;GH117;null;GH;16,GH16:+0.0976;GH117:+0.0622;null:+0.0427;GH:+0.0405;16:+0.0340
555,0,galactan,galactan,0.5276228165768171,GH16,GH16;GH117;GH,GH16;GH117;GH;null;GH86,GH16:+0.1038;GH117:+0.0798;GH:+0.0578;null:+0.0493;GH86:+0.0360
561,0,galactan,galactan,0.5508768498973319,GH53,GH53;AraC;HTH,GH53;AraC;HTH;8.A.46;GH,GH53:+0.4816;AraC:+0.0936;HTH:+0.0840;8.A.46:+0.0699;GH:+0.0316
566,0,galactan,galactan,0.4982780024828801,3.A.1,3.A.1;GH36;18,3.A.1;GH36;18;31;GH13,3.A.1:+0.2083;GH36:+0.1712;18:+0.1515;31:+0.0863;GH13:+0.0344
570,0,galactan,galactan,0.6627068034194034,GntR,GntR;null;GH16,GntR;null;GH16;1.B.14;2.A.1,GntR:+0.2769;null:+0.1930;GH16:+0.1739;1.B.14:+0.1694;2.A.1:+0.1545
574,0,galactan,galactan,0.9094710958565991,42,42;GH5;1,42;GH5;1;TPR;GH,42:+0.3396;GH5:+0.2457;1:+0.2113;TPR:+0.1508;GH:+0.0574
577,0,galactan,galactan,0.8722222222222221,GH129,GH129;2.A.1;GH127,GH129;2.A.1;GH127;AraC;GH,GH129:+0.1905;2.A.1:+0.1720;GH127:+0.1421;AraC:+0.1350;GH:+0.0940
578,0,galactan,galactan,0.6083619492270389,GntR,GntR;null;GH16,GntR;null;GH16;2.A.1;1.B.14,GntR:+0.2494;null:+0.1602;GH16:+0.1270;2.A.1:+0.1239;1.B.14:+0.0727
588,0,galactan,galactan,0.9861085089388725,null,null;LacI;SBP,null;LacI;SBP;GH42;bac,null:+0.9823;LacI:+0.2918;SBP:+0.2716;GH42:+0.2634;bac:+0.2462
592,0,host glycan,host glycan,0.5009246672304943,GH20,GH20;GH,GH20;GH,GH20:+0.2540;GH:+0.0241
601,0,host glycan,host glycan,0.8745019920318725,GH20,GH20;GH33;GH2,GH20;GH33;GH2;CE20;CBM93,GH20:+0.0637;GH33:+0.0364;GH2:+0.0283;CE20:+0.0265;CBM93:+0.0249
607,0,host glycan,host glycan,1.0,GH18,GH18;8.A.46;null,GH18;8.A.46;null;GH,GH18:+0.5796;8.A.46:+0.3406;null:+0.1056;GH:+0.0845
612,0,host glycan,host glycan,1.0,DeoR,DeoR;GH31;PfkB,DeoR;GH31;PfkB;1.B.35;13,DeoR:+0.2749;GH31:+0.1940;PfkB:+0.1842;1.B.35:+0.1799;13:+0.1685
618,0,host glycan,host glycan,0.24741478833675964,null,null;GH95;GH,null;GH95;GH,null:+0.0914;GH95:+0.0350;GH:+0.0043
626,0,host glycan,host glycan,1.0,CE9,CE9;CE;4.A.6,CE9;CE;4.A.6;SIS;GntR,CE9:+0.2678;CE:+0.1045;4.A.6:+0.1017;SIS:+0.0917;GntR:+0.0793
633,0,host glycan,host glycan,0.9959919839679359,GH2,GH2;GH20;GH,GH2;GH20;GH;null;2.A.115,GH2:+0.0948;GH20:+0.0666;GH:+0.0609;null:+0.0580;2.A.115:+0.0517
635,0,host glycan,host glycan,0.6934156378600823,2.A.4,2.A.4;null;GH78,2.A.4;null;GH78;CBM67;AraC,2.A.4:+0.1370;null:+0.1212;GH78:+0.1136;CBM67:+0.1033;AraC:+0.0764
636,0,host glycan,host glycan,1.0,GH97,GH97;null;GH3,GH97;null;GH3;AraC;GH78,GH97:+0.1904;null:+0.1791;GH3:+0.1680;AraC:+0.1673;GH78:+0.1608
637,0,host glycan,host glycan,0.6085106382978723,2.A.4,2.A.4;null;GH78,2.A.4;null;GH78;CBM67;AraC,2.A.4:+0.1250;null:+0.1226;GH78:+0.0676;CBM67:+0.0673;AraC:+0.0347
639,0,host glycan,host glycan,1.0,GH88,GH88;4.A.6;PL12,GH88;4.A.6;PL12;GH;PfkB,GH88:+0.1766;4.A.6:+0.0844;PL12:+0.0485;GH:+0.0446;PfkB:+0.0369
654,0,host glycan,host glycan,0.9940239043824701,GH20,GH20;GH33;CE3,GH20;GH33;CE3;CE20;GH,GH20:+0.0717;GH33:+0.0395;CE3:+0.0311;CE20:+0.0298;GH:+0.0297
655,0,host glycan,host glycan,1.0,CE9,CE9;CE;MarR,CE9;CE;MarR,CE9:+0.4870;CE:+0.1606;MarR:+0.0080
661,0,host glycan,host glycan,1.0,GH18,GH18;8.A.46;FecR,GH18;8.A.46;FecR;GH;null,GH18:+0.1866;8.A.46:+0.1127;FecR:+0.0844;GH:+0.0554;null:+0.0335
668,0,host glycan,host glycan,0.9880952380952381,GH18,GH18;8.A.46;FecR,GH18;8.A.46;FecR;null;GH,GH18:+0.3626;8.A.46:+0.2941;FecR:+0.1579;null:+0.1349;GH:+0.0599
669,0,host glycan,host glycan,1.0,GH18,GH18;8.A.46;FecR,GH18;8.A.46;FecR;null;GH,GH18:+0.3474;8.A.46:+0.2759;FecR:+0.1586;null:+0.1468;GH:+0.0804
671,0,host glycan,host glycan,0.763671875,null,null;GH78;2.A.4,null;GH78;2.A.4;CBM67;HTH,null:+0.1480;GH78:+0.1417;2.A.4:+0.1358;CBM67:+0.1183;HTH:+0.0989
675,0,host glycan,host glycan,0.914,GH88,GH88;AraC;GH2,GH88;AraC;GH2;GH20;HTH,GH88:+0.1394;AraC:+0.0949;GH2:+0.0905;GH20:+0.0897;HTH:+0.0833
677,0,host glycan,host glycan,0.6592292089249493,GH170,GH170;null;4.A.3,GH170;null;4.A.3;GH,GH170:+0.1375;null:+0.0658;4.A.3:+0.0634;GH:+0.0146
683,0,host glycan,host glycan,0.5009246672304943,GH20,GH20;GH,GH20;GH,GH20:+0.2540;GH:+0.0241
684,0,host glycan,host glycan,1.0,GH33,GH33;CBM93;GH20,GH33;CBM93;GH20;CE20;CBM,GH33:+0.1182;CBM93:+0.1072;GH20:+0.0963;CE20:+0.0876;CBM:+0.0560
685,0,host glycan,host glycan,1.0,GH33,GH33;GH20;CBM93,GH33;GH20;CBM93;CE20;CE,GH33:+0.1220;GH20:+0.1030;CBM93:+0.0994;CE20:+0.0879;CE:+0.0739
686,0,host glycan,host glycan,0.9783037475345168,GH33,GH33;CBM93;GH20,GH33;CBM93;GH20;CE20;CE,GH33:+0.1345;CBM93:+0.1125;GH20:+0.1055;CE20:+0.0810;CE:+0.0493
691,0,host glycan,host glycan,1.0,GH20,GH20;N;TetR,GH20;N;TetR;GH,GH20:+0.4048;N:+0.1793;TetR:+0.1758;GH:+0.0631
693,0,host glycan,host glycan,1.0,CBM32,CBM32;GH29;null,CBM32;GH29;null;CBM;GH,CBM32:+0.2789;GH29:+0.1083;null:+0.0918;CBM:+0.0799;GH:+0.0080
698,0,host glycan,host glycan,0.932716366133675,CBM32,CBM32;GH29;null,CBM32;GH29;null;CBM,CBM32:+0.0831;GH29:+0.0628;null:+0.0326;CBM:+0.0227
709,0,host glycan,host glycan,0.7352941176470588,19,19;GH35;GH43,19;GH35;GH43;9;CBM91,19:+0.1538;GH35:+0.1265;GH43:+0.1030;9:+0.0796;CBM91:+0.0701
712,0,host glycan,host glycan,1.0,HTH,HTH;10;GH97,HTH;10;GH97;AraC;GH29,HTH:+0.2020;10:+0.1990;GH97:+0.1930;AraC:+0.1900;GH29:+0.1775
716,0,host glycan,host glycan,1.0,FecR,FecR;GH89;GerE,FecR;GH89;GerE;1.B.14;GH,FecR:+0.3254;GH89:+0.2302;GerE:+0.2165;1.B.14:+0.1084;GH:+0.0530
719,0,host glycan,host glycan,1.0,GH18,GH18;8.A.46;FecR,GH18;8.A.46;FecR;null;GH,GH18:+0.3381;8.A.46:+0.2685;FecR:+0.1471;null:+0.1172;GH:+0.1162
720,0,host glycan,host glycan,0.9980475089993847,GH20,GH20;GH38;GH92,GH20;GH38;GH92;GH125;GH,GH20:+0.2891;GH38:+0.2119;GH92:+0.1701;GH125:+0.1587;GH:+0.1380
725,0,host glycan,host glycan,1.0,CBM32,CBM32;GH92;CBM,CBM32;GH92;CBM;GH;1.B.14,CBM32:+0.2302;GH92:+0.1866;CBM:+0.1413;GH:+0.0573;1.B.14:+0.0544
728,0,host glycan,host glycan,1.0,CBM32,CBM32;GH92;CBM,CBM32;GH92;CBM;null;GH,CBM32:+0.2772;GH92:+0.1972;CBM:+0.1355;null:+0.0902;GH:+0.0837
731,0,host glycan,host glycan,0.9688715953307393,CE9,CE9;CE,CE9;CE,CE9:+0.5560;CE:+0.1378
733,0,host glycan,host glycan,1.0,CE9,CE9;CE;null,CE9;CE;null;GntR,CE9:+0.5684;CE:+0.1658;null:+0.0199;GntR:+0.0081
741,0,host glycan,host glycan,0.7213930348258707,GH112,GH112;GH136;3.A.1,GH112;GH136;3.A.1;AraC;HTH,GH112:+0.2224;GH136:+0.1203;3.A.1:+0.1163;AraC:+0.0637;HTH:+0.0476
758,0,host glycan,host glycan,1.0,CE9,CE9;CE,CE9;CE,CE9:+0.4976;CE:+0.1989
760,0,host glycan,galactan,0.23480429758739835,8.A.46,8.A.46;null;GH,8.A.46;null;GH,8.A.46:+0.0994;null:+0.0641;GH:+0.0105
770,0,host glycan,host glycan,1.0,CBM32,CBM32;CBM;null,CBM32;CBM;null;1.B.14,CBM32:+0.5897;CBM:+0.1892;null:+0.1171;1.B.14:+0.0694
771,0,host glycan,host glycan,1.0,CBM32,CBM32;CBM;null,CBM32;CBM;null;1.B.14,CBM32:+0.4304;CBM:+0.1554;null:+0.0975;1.B.14:+0.0616
773,0,host glycan,host glycan,0.8626692456479691,GH33,GH33;CBM93;3,GH33;CBM93;3;GH20;MarR,GH33:+0.1280;CBM93:+0.0946;3:+0.0394;GH20:+0.0335;MarR:+0.0300
780,0,host glycan,host glycan,1.0,4.A.3,4.A.3;GH1;null,4.A.3;GH1;null;GH,4.A.3:+0.5346;GH1:+0.4286;null:+0.4186;GH:+0.0373
794,0,host glycan,host glycan,1.0,4.A.6,4.A.6;DeoR;CBM,4.A.6;DeoR;CBM;GH95;HTH,4.A.6:+0.1755;DeoR:+0.1644;CBM:+0.0951;GH95:+0.0923;HTH:+0.0782
797,0,host glycan,host glycan,0.8480238440260247,CBM91,CBM91;AraC;GH29,CBM91;AraC;GH29;HTH;GH97,CBM91:+0.2122;AraC:+0.1716;GH29:+0.1677;HTH:+0.1563;GH97:+0.1458
804,0,host glycan,host glycan,1.0,GH163,GH163;8.A.46;GH92,GH163;8.A.46;GH92;GH130;1.B.14,GH163:+0.1799;8.A.46:+0.1306;GH92:+0.1182;GH130:+0.1107;1.B.14:+0.0813
816,0,host glycan,host glycan,1.0,GH88,GH88;4.A.6;PL12,GH88;4.A.6;PL12;GH;1,GH88:+0.2224;4.A.6:+0.1588;PL12:+0.1062;GH:+0.0649;1:+0.0508
818,0,host glycan,host glycan,0.8050847457627118,GH3,GH3;CE8;CE,GH3;CE8;CE;2;AraC,GH3:+0.2573;CE8:+0.1974;CE:+0.1897;2:+0.1823;AraC:+0.1796
825,0,host glycan,host glycan,0.9940119760479041,1.B.14,1.B.14;null;PL,1.B.14;null;PL;8.A.46;HTH,1.B.14:+0.0703;null:+0.0627;PL:+0.0578;8.A.46:+0.0520;HTH:+0.0488
847,0,pectin,pectin,0.5999999999999999,GH28,GH28;GH140;18,GH28;GH140;18;PL1;GH,GH28:+0.0519;GH140:+0.0518;18:+0.0348;PL1:+0.0343;GH:+0.0290
848,0,pectin,host glycan,0.3446844197804088,CE,CE;CE10,CE;CE10,CE:+0.1217;CE10:+0.0247
851,0,pectin,pectin,0.9249999999999999,GH28,GH28;GH105;CE12,GH28;GH105;CE12;PL10;CE,GH28:+0.1098;GH105:+0.0848;CE12:+0.0761;PL10:+0.0717;CE:+0.0698
852,0,pectin,pectin,0.8144329896907216,GH105,GH105;GH28;PL,GH105;GH28;PL;PL11;CE20,GH105:+0.0941;GH28:+0.0655;PL:+0.0590;PL11:+0.0267;CE20:+0.0234
855,0,pectin,pectin,0.8786008230452675,GH105,GH105;CE12;CE,GH105;CE12;CE;CE8;AAA,GH105:+0.1371;CE12:+0.1114;CE:+0.0728;CE8:+0.0420;AAA:+0.0405
856,0,pectin,pectin,0.9821073558648111,GH105,GH105;CE;CE12,GH105;CE;CE12;PL;PL1,GH105:+0.1467;CE:+0.1136;CE12:+0.1074;PL:+0.0661;PL1:+0.0602
864,0,pectin,pectin,0.9980980343048154,10,10;GH133;GH,10;GH133;GH;GH147;GH53,10:+0.3194;GH133:+0.2894;GH:+0.2472;GH147:+0.2424;GH53:+0.2355
874,0,pectin,pectin,0.6233333333333334,GH28,GH28;CE;CE12,GH28;CE;CE12;1.B.14;GH106,GH28:+0.1056;CE:+0.0726;CE12:+0.0725;1.B.14:+0.0283;GH106:+0.0247
878,0,pectin,pectin,0.4015571654117767,GH3,GH3;1.B.14,GH3;1.B.14,GH3:+0.2736;1.B.14:+0.1626
883,0,pectin,pectin,0.6004184100418409,NUDIX,NUDIX;2.A.21;GH146,NUDIX;2.A.21;GH146;1.B.14;null,NUDIX:+0.1521;2.A.21:+0.1402;GH146:+0.1390;1.B.14:+0.0983;null:+0.0212
886,0,pectin,galactan,0.12353350308454615,GH147,GH147;GH53;1.B.14,GH147;GH53;1.B.14,GH147:+0.0201;GH53:+0.0162;1.B.14:+0.0024
892,0,pectin,pectin,0.9959919839679359,GH105,GH105;PL;CE,GH105;PL;CE;CE12;GH28,GH105:+0.1466;PL:+0.0862;CE:+0.0798;CE12:+0.0721;GH28:+0.0690
895,0,pectin,pectin,0.9441233140655105,GH33,GH33;18;GH140,GH33;18;GH140;GH105;GH,GH33:+0.1309;18:+0.1105;GH140:+0.0780;GH105:+0.0766;GH:+0.0657
907,0,pectin,pectin,0.8284132841328413,GH28,GH28;2.A.66;1.B.14,GH28;2.A.66;1.B.14;null;GH,GH28:+0.3437;2.A.66:+0.1795;1.B.14:+0.1024;null:+0.0630;GH:+0.0339
908,0,pectin,pectin,1.0,PL1,PL1;1.B.14;PL,PL1;1.B.14;PL;GH36;null,PL1:+0.3758;1.B.14:+0.2945;PL:+0.2395;GH36:+0.1654;null:+0.1210
918,0,pectin,pectin,0.3896907216494845,GH28,GH28;GH105;PfkB,GH28;GH105;PfkB;TrmB;null,GH28:+0.1933;GH105:+0.0481;PfkB:+0.0176;TrmB:+0.0075;null:+0.0051
925,0,pectin,pectin,1.0,PL1,PL1;PL;2,PL1;PL;2;1.B.14;null,PL1:+0.2742;PL:+0.1652;2:+0.1535;1.B.14:+0.1396;null:+0.0521
927,0,pectin,pectin,0.8123711340206186,GH105,GH105;GH28;PL,GH105;GH28;PL;CE20;PL11,GH105:+0.0936;GH28:+0.0640;PL:+0.0604;CE20:+0.0254;PL11:+0.0242
928,0,pectin,pectin,1.0,PL,PL;PL1;2,PL;PL1;2;5;TrmB,PL:+0.1732;PL1:+0.1691;2:+0.1609;5:+0.1154;TrmB:+0.0790
930,0,pectin,pectin,1.0,GH105,GH105;PL;AraC,GH105;PL;AraC;PL11;HTH,GH105:+0.1685;PL:+0.1385;AraC:+0.1379;PL11:+0.1354;HTH:+0.1308
934,0,xylan,xylan,1.0,GH10,GH10;GH;GH67,GH10;GH;GH67;2.A.2;GH43,GH10:+0.1288;GH:+0.0987;GH67:+0.0823;2.A.2:+0.0796;GH43:+0.0693
943,0,xylan,arabinogalactan,0.027360034566730033,GH51,GH51;3.A.1;GH,GH51;3.A.1;GH;HTH,GH51:+0.0086;3.A.1:+0.0022;GH:+0.0010;HTH:+0.0000
957,0,xylan,xylan,0.8926553672316383,GH97,GH97;12;GH67,GH97;12;GH67;10;GH10,GH97:+0.0566;12:+0.0560;GH67:+0.0560;10:+0.0505;GH10:+0.0471
961,0,xylan,xylan,0.9604629756471541,GH128,GH128;GH51;1.B.14,GH128;GH51;1.B.14;19;GH,GH128:+0.2847;GH51:+0.1745;1.B.14:+0.1652;19:+0.1511;GH:+0.1437
964,0,xylan,xylan,0.9131274131274131,GH97,GH97;3;GH13,GH97;3;GH13;GH3;HTH,GH97:+0.1962;3:+0.1138;GH13:+0.1138;GH3:+0.1120;HTH:+0.1113
966,0,xylan,xylan,0.9984683689098276,GH20,GH20;8.A.46;1.B.14,GH20;8.A.46;1.B.14;CBM32;GH,GH20:+0.4154;8.A.46:+0.3978;1.B.14:+0.2417;CBM32:+0.1574;GH:+0.1042
970,0,xylan,chitin,0.010147658280070443,LacI,LacI;GH3,LacI;GH3,LacI:+0.0101;GH3:+0.0078
979,0,xylan,xylan,1.0,2.A.2,2.A.2;11;GH43,2.A.2;11;GH43;CBM91;CBM,2.A.2:+0.3226;11:+0.3124;GH43:+0.1980;CBM91:+0.1918;CBM:+0.0830
981,0,xylan,xylan,0.865234375,GH97,GH97;12;10,GH97;12;10;CE;8,GH97:+0.1051;12:+0.0933;10:+0.0780;CE:+0.0693;8:+0.0660
984,0,xylan,xylan,1.0,8,8;GH30;GH43,8;GH30;GH43;CBM6;16,8:+0.2741;GH30:+0.2523;GH43:+0.1971;CBM6:+0.1606;16:+0.1603
993,0,xylan,xylan,1.0,7,7;17;GH43,7;17;GH43;CE;CE1,7:+0.1557;17:+0.1440;GH43:+0.1072;CE:+0.0809;CE1:+0.0591
995,0,xylan,xylan,1.0,7,7;17;GH43,7;17;GH43;CE;GH,7:+0.1938;17:+0.1696;GH43:+0.1492;CE:+0.0927;GH:+0.0810
1000,0,xylan,xylan,0.8102189781021897,GH10,GH10;GH67;1.B.14,GH10;GH67;1.B.14;2.A.2;CE,GH10:+0.1014;GH67:+0.0557;1.B.14:+0.0436;2.A.2:+0.0393;CE:+0.0315
1012,0,xylan,xylan,1.0,LacI,LacI;11;CE20,LacI;11;CE20;10;CBM91,LacI:+0.1297;11:+0.1240;CE20:+0.1176;10:+0.1116;CBM91:+0.1092
1016,0,xylan,xylan,0.9737903225806451,LacI,LacI;11;CE20,LacI;11;CE20;CBM91;10,LacI:+0.1180;11:+0.1169;CE20:+0.1130;CBM91:+0.1099;10:+0.1006
1018,0,xylan,xylan,0.9737903225806451,LacI,LacI;11;CE20,LacI;11;CE20;CBM91;10,LacI:+0.1180;11:+0.1169;CE20:+0.1130;CBM91:+0.1099;10:+0.1006
1020,0,xylan,xylan,0.8778625954198473,GH10,GH10;GH67;2.A.2,GH10;GH67;2.A.2;GH43;1,GH10:+0.1801;GH67:+0.0994;2.A.2:+0.0667;GH43:+0.0400;1:+0.0327
1024,0,xylan,arabinogalactan,0.15514018691588785,GH43,GH43;26;1,GH43;26;1;null,GH43:+0.0907;26:+0.0160;1:+0.0112;null:+0.0041
1025,0,xylan,xylan,0.4702085792994884,GH43,GH43;11;12,GH43;11;12;GH,GH43:+0.1481;11:+0.1431;12:+0.0770;GH:+0.0148
6,1,alginate,alginate,1.0,PL,PL;PL6;GntR,PL;PL6;GntR;PfkB;1,PL:+0.1874;PL6:+0.1244;GntR:+0.1031;PfkB:+0.1020;1:+0.0907
7,1,alginate,alginate,0.6389728096676737,PL5,PL5;1;binding,PL5;1;binding;PL;1.B.13,PL5:+0.1078;1:+0.0872;binding:+0.0629;PL:+0.0466;1.B.13:+0.0352
15,1,alginate,alginate,1.0,PL17,PL17;PL;PL6,PL17;PL;PL6;2.A.1;binding,PL17:+0.1082;PL:+0.0842;PL6:+0.0736;2.A.1:+0.0602;binding:+0.0493
16,1,alginate,alginate,0.6146494671901289,PL,PL;PL15;1,PL;PL15;1;null;GntR,PL:+0.1601;PL15:+0.1424;1:+0.1127;null:+0.0315;GntR:+0.0057
18,1,alginate,alginate,0.6389728096676737,PL5,PL5;1;binding,PL5;1;binding;PL;1.B.13,PL5:+0.1078;1:+0.0872;binding:+0.0629;PL:+0.0466;1.B.13:+0.0352
20,1,alginate,alginate,0.9740518962075848,PL,PL;GntR;PL7,PL;GntR;PL7;1.B.14;null,PL:+0.2979;GntR:+0.2350;PL7:+0.2303;1.B.14:+0.1038;null:+0.1001
28,1,alginate,alginate,1.0,PL17,PL17;PL;2.A.1,PL17;PL;2.A.1;GntR;2,PL17:+0.1598;PL:+0.1167;2.A.1:+0.0628;GntR:+0.0607;2:+0.0541
38,1,alginate,alginate,1.0,PL17,PL17;PL;PL6,PL17;PL;PL6;1;2,PL17:+0.1766;PL:+0.1280;PL6:+0.1072;1:+0.0710;2:+0.0227
40,1,alginate,alginate,0.9920159680638723,PL17,PL17;PL;PL6,PL17;PL;PL6;1;2,PL17:+0.1684;PL:+0.1229;PL6:+0.1034;1:+0.0704;2:+0.0227
45,1,alginate,alginate,0.962,PL17,PL17;PL6;PL,PL17;PL6;PL;1;2,PL17:+0.1523;PL6:+0.1309;PL:+0.1241;1:+0.0662;2:+0.0111
53,1,alpha-glucan,alpha-glucan,1.0,GH97,GH97;GH13;GH,GH97;GH13;GH;1.B.14;2,GH97:+0.2720;GH13:+0.2131;GH:+0.0846;1.B.14:+0.0825;2:+0.0254
59,1,alpha-glucan,alpha-glucan,0.9964061661096143,LacI,LacI;GH13;redox,LacI;GH13;redox;Pyr;2.A.21,LacI:+0.1721;GH13:+0.1677;redox:+0.1125;Pyr:+0.0987;2.A.21:+0.0966
63,1,alpha-glucan,alpha-glucan,0.6642468239564427,20,20;CBM34;GH13,20;CBM34;GH13;3.A.1;8.A.9,20:+0.0875;CBM34:+0.0825;GH13:+0.0798;3.A.1:+0.0588;8.A.9:+0.0185
72,1,alpha-glucan,alpha-glucan,1.0,GH13,GH13;GT;GT35,GH13;GT;GT35;GT5;CBM48,GH13:+0.1395;GT:+0.1345;GT35:+0.1298;GT5:+0.0734;CBM48:+0.0445
77,1,alpha-glucan,alpha-glucan,1.0,GH13,GH13;LacI;10,GH13;LacI;10;8.A.46;1.B.14,GH13:+0.2927;LacI:+0.2838;10:+0.2134;8.A.46:+0.0898;1.B.14:+0.0785
78,1,alpha-glucan,alpha-glucan,1.0,GH13,GH13;LacI;10,GH13;LacI;10;8.A.46;1.B.14,GH13:+0.2927;LacI:+0.2838;10:+0.2134;8.A.46:+0.0898;1.B.14:+0.0785
79,1,alpha-glucan,alpha-glucan,0.9489194499017681,GH97,GH97;GH13;1.B.14,GH97;GH13;1.B.14;8.A.46;GH,GH97:+0.2346;GH13:+0.1391;1.B.14:+0.0707;8.A.46:+0.0640;GH:+0.0596
88,1,alpha-glucan,alpha-glucan,0.9301397205588823,LacI,LacI;GH13;3.A.1,LacI;GH13;3.A.1;GH77;30,LacI:+0.2900;GH13:+0.0575;3.A.1:+0.0512;GH77:+0.0501;30:+0.0368
89,1,alpha-glucan,alpha-glucan,1.0,GH13,GH13;CBM34;20,GH13;CBM34;20;3.A.1;CBM,GH13:+0.2548;CBM34:+0.1139;20:+0.1081;3.A.1:+0.0837;CBM:+0.0539
94,1,alpha-glucan,alpha-glucan,0.94,LacI,LacI;GH77;GH13,LacI;GH77;GH13;9.B.28;3.A.1,LacI:+0.1777;GH77:+0.0955;GH13:+0.0601;9.B.28:+0.0548;3.A.1:+0.0449
104,1,alpha-glucan,alpha-glucan,1.0,GH32,GH32;GH,GH32;GH,GH32:+0.2361;GH:+0.0738
107,1,alpha-glucan,host glycan,0.23563054046325418,GH32,GH32;bac;SBP,GH32;bac;SBP;1;3.A.1,GH32:+0.1460;bac:+0.0827;SBP:+0.0616;1:+0.0356;3.A.1:+0.0275
108,1,alpha-glucan,alpha-glucan,0.7260031678986272,GH32,GH32;SBP;bac,GH32;SBP;bac;1;3.A.1,GH32:+0.3655;SBP:+0.2090;bac:+0.1792;1:+0.1601;3.A.1:+0.0843
111,1,alpha-glucan,alpha-glucan,0.6074950690335306,4.A.1,4.A.1;GH4;GH,4.A.1;GH4;GH,4.A.1:+0.3794;GH4:+0.1134;GH:+0.0355
122,1,alpha-glucan,alpha-glucan,0.871065919963812,GH97,GH97;GH66;GH,GH97;GH66;GH;GH31;1.B.14,GH97:+0.1402;GH66:+0.0941;GH:+0.0725;GH31:+0.0307;1.B.14:+0.0052
124,1,alpha-glucan,alpha-glucan,0.5738939499868414,GntR,GntR;GH4;GH,GntR;GH4;GH,GntR:+0.3458;GH4:+0.3106;GH:+0.0559
125,1,alpha-glucan,alpha-glucan,0.9939759036144579,LacI,LacI;GH77;GT35,LacI;GH77;GT35;GT;GH,LacI:+0.3096;GH77:+0.2580;GT35:+0.1971;GT:+0.1696;GH:+0.0384
132,1,alpha-glucan,alpha-glucan,0.8290079714284243,GH13,GH13;GT5;CBM48,GH13;GT5;CBM48;GT;GH,GH13:+0.2487;GT5:+0.0881;CBM48:+0.0697;GT:+0.0583;GH:+0.0288
137,1,alpha-glucan,fructan,0.35045210268311505,LacI,LacI;GH,LacI;GH,LacI:+0.0332;GH:+0.0232
141,1,alpha-glucan,alpha-glucan,1.0,GH13,GH13;18;GH,GH13;18;GH;2.A.1,GH13:+0.1329;18:+0.0683;GH:+0.0509;2.A.1:+0.0236
154,1,alpha-glucan,alpha-glucan,1.0,GH13,GH13;3.A.1;CBM34,GH13;3.A.1;CBM34;20;GH65,GH13:+0.1618;3.A.1:+0.1122;CBM34:+0.1113;20:+0.0975;GH65:+0.0859
155,1,alpha-glucan,fructan,0.31046755625630384,GH32,GH32;GH,GH32;GH,GH32:+0.2818;GH:+0.0266
158,1,alpha-glucan,fructan,0.31046755625630384,GH32,GH32;GH,GH32;GH,GH32:+0.2818;GH:+0.0266
159,1,alpha-glucan,alpha-glucan,1.0,GH13,GH13;GT35;GT,GH13;GT35;GT;GT5;CBM48,GH13:+0.1087;GT35:+0.0668;GT:+0.0659;GT5:+0.0429;CBM48:+0.0298
161,1,alpha-glucan,alpha-glucan,0.9939024390243902,GH13,GH13;GT;GT35,GH13;GT;GT35;GT5;CBM48,GH13:+0.1147;GT:+0.0827;GT35:+0.0818;GT5:+0.0592;CBM48:+0.0428
179,1,alpha-mannan,alpha-mannan,0.9879518072289156,GT,GT;GH125;GH92,GT;GH125;GH92;GH76;GH130,GT:+0.1666;GH125:+0.1622;GH92:+0.1568;GH76:+0.1135;GH130:+0.1122
180,1,alpha-mannan,alpha-mannan,0.9961141133113102,GT,GT;GH92;GH125,GT;GH92;GH125;GH130;GH,GT:+0.1982;GH92:+0.1661;GH125:+0.1657;GH130:+0.1407;GH:+0.1378
190,1,alpha-mannan,alpha-mannan,1.0,GH92,GH92;null;1.B.14,GH92;null;1.B.14;GH99;GH,GH92:+0.2551;null:+0.1998;1.B.14:+0.1822;GH99:+0.1077;GH:+0.0959
193,1,alpha-mannan,alpha-mannan,0.8166946740286017,LacI,LacI;GH125;GH92,LacI;GH125;GH92;8.A.46;GH,LacI:+0.2256;GH125:+0.1806;GH92:+0.1652;8.A.46:+0.1179;GH:+0.1117
197,1,alpha-mannan,alpha-mannan,0.6031496062992125,GH125,GH125;GH76;GH97,GH125;GH76;GH97;GH67;GH92,GH125:+0.1809;GH76:+0.1417;GH97:+0.1221;GH67:+0.1161;GH92:+0.0932
199,1,arabinogalactan,arabinogalactan,0.996467059235901,18,18;GH143;GH78,18;GH143;GH78;CBM67;GH142,18:+0.2635;GH143:+0.2200;GH78:+0.1897;CBM67:+0.1834;GH142:+0.1796
200,1,arabinogalactan,arabinogalactan,0.4003591093686316,22,22;9.B.28;2.A.3,22;9.B.28;2.A.3;GH43,22:+0.1250;9.B.28:+0.1070;2.A.3:+0.0604;GH43:+0.0340
202,1,arabinogalactan,arabinogalactan,0.4005610071560725,22,22;9.B.28;2.A.3,22;9.B.28;2.A.3;GH43;GH,22:+0.1238;9.B.28:+0.1057;2.A.3:+0.0588;GH43:+0.0360;GH:+0.0020
204,1,arabinogalactan,arabinogalactan,1.0,LacI,LacI;11;9.B.28,LacI;11;9.B.28;GH43;GH,LacI:+0.1645;11:+0.1326;9.B.28:+0.1280;GH43:+0.1137;GH:+0.1097
206,1,arabinogalactan,arabinogalactan,0.4990171436917666,24,24;AraC;HTH,24;AraC;HTH;GH43;1.B.14,24:+0.2461;AraC:+0.0649;HTH:+0.0594;GH43:+0.0445;1.B.14:+0.0359
222,1,arabinogalactan,galactan,0.004347826086956522,null,null;GH;1,null;GH;1,null:+0.0022;GH:+0.0022;1:+0.0001
228,1,arabinogalactan,arabinogalactan,1.0,GH51,GH51;3.A.1;null,GH51;3.A.1;null;1;GH,GH51:+0.5533;3.A.1:+0.3000;null:+0.1775;1:+0.0995;GH:+0.0833
234,1,beta-glucan,beta-glucan,0.4712739383846795,GH1,GH1;LacI;GH,GH1;LacI;GH,GH1:+0.4491;LacI:+0.1272;GH:+0.0167
235,1,beta-glucan,beta-glucan,0.4712739383846795,GH1,GH1;LacI;GH,GH1;LacI;GH,GH1:+0.4491;LacI:+0.1272;GH:+0.0167
236,1,beta-glucan,beta-glucan,0.8030634573304156,GH3,GH3;3;GH,GH3;3;GH;1.B.14;GH16,GH3:+0.2421;3:+0.1934;GH:+0.1172;1.B.14:+0.0605;GH16:+0.0495
240,1,beta-glucan,beta-glucan,0.6703590820612643,GH1,GH1;3;LacI,GH1;3;LacI;Peripla;BP,GH1:+0.3397;3:+0.1246;LacI:+0.1128;Peripla:+0.0432;BP:+0.0334
244,1,beta-glucan,beta-glucan,1.0,LacI,LacI;GH3;GH1,LacI;GH3;GH1;GH16;3,LacI:+0.1910;GH3:+0.1647;GH1:+0.1457;GH16:+0.1246;3:+0.1218
246,1,beta-glucan,beta-glucan,0.7857142857142856,GH3,GH3;GH30;1.B.14,GH3;GH30;1.B.14;GH16;GH,GH3:+0.1092;GH30:+0.0894;1.B.14:+0.0759;GH16:+0.0709;GH:+0.0691
247,1,beta-glucan,xylan,0.1741573033707865,GH16,GH16;GH3;GH,GH16;GH3;GH,GH16:+0.1149;GH3:+0.0448;GH:+0.0164
250,1,beta-glucan,beta-mannan,0.11720834390545817,GH1,GH1;HTH,GH1;HTH,GH1:+0.0202;HTH:+0.0002
256,1,beta-glucan,beta-glucan,1.0,GH3,GH3;GH;1.B.14,GH3;GH;1.B.14;GerE;GH158,GH3:+0.1318;GH:+0.0947;1.B.14:+0.0797;GerE:+0.0748;GH158:+0.0688
261,1,beta-glucan,beta-glucan,1.0,GH1,GH1;4.A.1;GH,GH1;4.A.1;GH,GH1:+0.7153;4.A.1:+0.5472;GH:+0.0809
277,1,beta-glucan,xylan,0.14828285124358317,GH31,GH31;1.B.14;GH,GH31;1.B.14;GH;GH95,GH31:+0.0976;1.B.14:+0.0413;GH:+0.0370;GH95:+0.0116
279,1,beta-glucan,xylan,0.07390300230946882,GH105,GH105;GH;1.B.14,GH105;GH;1.B.14;GH35,GH105:+0.0430;GH:+0.0100;1.B.14:+0.0043;GH35:+0.0003
284,1,beta-glucan,beta-glucan,0.9982667456504093,GH158,GH158;GerE;GH3,GH158;GerE;GH3;GH;1.B.14,GH158:+0.4049;GerE:+0.3715;GH3:+0.3141;GH:+0.2174;1.B.14:+0.1998
290,1,beta-glucan,beta-glucan,0.9692264930114358,GH3,GH3;GH16;1.B.14,GH3;GH16;1.B.14;GH;8.A.46,GH3:+0.3258;GH16:+0.2465;1.B.14:+0.2076;GH:+0.1697;8.A.46:+0.1614
304,1,beta-glucan,beta-mannan,0.1062808194392685,GH94,GH94;GH,GH94;GH,GH94:+0.0554;GH:+0.0096
307,1,beta-glucan,beta-glucan,0.6356107660455487,GH9,GH9;GH5;GH,GH9;GH5;GH;CBM3;CBM,GH9:+0.1909;GH5:+0.0709;GH:+0.0364;CBM3:+0.0348;CBM:+0.0096
313,1,beta-glucan,beta-glucan,1.0,3,3;GH3;GH30,3;GH3;GH30;1.B.14;GH,3:+0.2718;GH3:+0.1834;GH30:+0.1805;1.B.14:+0.1241;GH:+0.1050
314,1,beta-glucan,beta-glucan,1.0,3,3;GH30;GH3,3;GH30;GH3;1.B.14;GH,3:+0.2474;GH30:+0.1742;GH3:+0.1696;1.B.14:+0.1280;GH:+0.1069
316,1,beta-glucan,beta-glucan,1.0,GH3,GH3;1.B.14;GH,GH3;1.B.14;GH;GH157;HTH,GH3:+0.4406;1.B.14:+0.2753;GH:+0.2606;GH157:+0.2456;HTH:+0.2205
321,1,beta-glucan,beta-glucan,0.4712739383846795,GH1,GH1;LacI;GH,GH1;LacI;GH,GH1:+0.4491;LacI:+0.1272;GH:+0.0167
322,1,beta-glucan,beta-glucan,1.0,GH1,GH1;LacI;3.A.1,GH1;LacI;3.A.1;GH,GH1:+0.8582;LacI:+0.4939;3.A.1:+0.2840;GH:+0.0682
323,1,beta-glucan,beta-glucan,1.0,LacI,LacI;GH1;Glucokinase,LacI;GH1;Glucokinase;4.A.3;GH,LacI:+0.5789;GH1:+0.4005;Glucokinase:+0.3416;4.A.3:+0.1800;GH:+0.0524
331,1,beta-glucan,beta-glucan,1.0,9.B.154,9.B.154;GH73;null,9.B.154;GH73;null;GH;Peptidase,9.B.154:+0.2525;GH73:+0.2237;null:+0.0699;GH:+0.0463;Peptidase:+0.0100
348,1,beta-glucan,beta-glucan,0.9755600814663951,GH5,GH5;4;1.B.14,GH5;4;1.B.14;HTH;AraC,GH5:+0.3839;4:+0.2797;1.B.14:+0.1516;HTH:+0.1230;AraC:+0.1190
355,1,beta-glucan,beta-glucan,0.7596566523605149,GH9,GH9;3;GH31,GH9;3;GH31;null;GH,GH9:+0.1300;3:+0.1044;GH31:+0.0869;null:+0.0723;GH:+0.0638
364,1,beta-mannan,beta-mannan,1.0,C,C;HTH;2.A.1,C;HTH;2.A.1;GH29;AraC,C:+0.1376;HTH:+0.1299;2.A.1:+0.1280;GH29:+0.1239;AraC:+0.1120
373,1,beta-mannan,beta-mannan,0.54889364739472,4.A.3,4.A.3;GH1;GH,4.A.3;GH1;GH,4.A.3:+0.3939;GH1:+0.2355;GH:+0.0241
374,1,beta-mannan,beta-mannan,0.9981299552322616,GH3,GH3;GH;GH26,GH3;GH;GH26;CBM27;CBM23,GH3:+0.2554;GH:+0.1023;GH26:+0.0848;CBM27:+0.0734;CBM23:+0.0678
375,1,beta-mannan,beta-mannan,0.9094567404426559,GH130,GH130;LacI;CE,GH130;LacI;CE;SBP;GH113,GH130:+0.1964;LacI:+0.1729;CE:+0.1135;SBP:+0.0820;GH113:+0.0747
378,1,beta-mannan,beta-mannan,0.8754050924577668,GH130,GH130;GH26;2.A.21,GH130;GH26;2.A.21;AraC;GH5,GH130:+0.1157;GH26:+0.1157;2.A.21:+0.0765;AraC:+0.0764;GH5:+0.0760
393,1,beta-mannan,beta-mannan,0.8490566037735849,GH130,GH130;2;1,GH130;2;1;GH26;HTH,GH130:+0.1582;2:+0.1209;1:+0.1100;GH26:+0.0830;HTH:+0.0803
394,1,beta-mannan,beta-mannan,0.9821428571428571,GH26,GH26;2;GH130,GH26;2;GH130;1;2.A.2,GH26:+0.1986;2:+0.1558;GH130:+0.1501;1:+0.1478;2.A.2:+0.0812
399,1,beta-mannan,beta-mannan,0.46891651865008876,GH130,GH130;GH26;2.A.2,GH130;GH26;2.A.2;CE7;GH,GH130:+0.1149;GH26:+0.1026;2.A.2:+0.0472;CE7:+0.0312;GH:+0.0047
406,1,beta-mannan,beta-mannan,1.0,LacI,LacI;2.A.2;GH2,LacI;2.A.2;GH2;GH,LacI:+0.7468;2.A.2:+0.5488;GH2:+0.4435;GH:+0.0599
407,1,beta-mannan,beta-mannan,0.6803278688524591,GH35,GH35;GH;GH42,GH35;GH;GH42;LacI;3.A.1,GH35:+0.4465;GH:+0.2771;GH42:+0.2511;LacI:+0.1519;3.A.1:+0.0958
410,1,beta-mannan,beta-mannan,1.0,31,31;LacI;4.A.1,31;LacI;4.A.1;GH13;GH32,31:+0.5464;LacI:+0.5227;4.A.1:+0.4881;GH13:+0.3799;GH32:+0.3554
412,1,beta-mannan,host glycan,0.0,,,,
421,1,beta-mannan,beta-mannan,0.611353711790393,GH130,GH130;GH;LacI,GH130;GH;LacI;SBP;bac,GH130:+0.3454;GH:+0.0962;LacI:+0.0883;SBP:+0.0622;bac:+0.0558
429,1,chitin,chitin,0.43147208121827413,GH18,GH18;CBM5;PIG-L,GH18;CBM5;PIG-L;CBM;3.A.1,GH18:+0.0994;CBM5:+0.0827;PIG-L:+0.0653;CBM:+0.0255;3.A.1:+0.0092
430,1,chitin,chitin,1.0,4.A.3,4.A.3;GH4;AraC,4.A.3;GH4;AraC;HTH;GH,4.A.3:+1.0000;GH4:+0.2370;AraC:+0.1247;HTH:+0.0794;GH:+0.0305
432,1,chitin,chitin,1.0,4.A.3,4.A.3;GH4;AraC,4.A.3;GH4;AraC;HTH;GH,4.A.3:+1.0000;GH4:+0.2370;AraC:+0.1247;HTH:+0.0794;GH:+0.0305
436,1,chitin,chitin,1.0,4.A.3,4.A.3;GH4;AraC,4.A.3;GH4;AraC;HTH;GH,4.A.3:+1.0000;GH4:+0.2370;AraC:+0.1247;HTH:+0.0794;GH:+0.0305
442,1,chitin,chitin,1.0,GH4,GH4;4.A.3;CE4,GH4;4.A.3;CE4;CE;GH,GH4:+0.4442;4.A.3:+0.4341;CE4:+0.0499;CE:+0.0394;GH:+0.0361
454,1,chitin,chitin,1.0,GH4,GH4;4.A.3;CE4,GH4;4.A.3;CE4;CE;GH,GH4:+0.3656;4.A.3:+0.3525;CE4:+0.0678;CE:+0.0529;GH:+0.0241
456,1,chitin,chitin,1.0,4.A.3,4.A.3;GH4;AraC,4.A.3;GH4;AraC;HTH;GH,4.A.3:+1.0000;GH4:+0.2370;AraC:+0.1247;HTH:+0.0794;GH:+0.0305
458,1,chitin,chitin,1.0,4.A.3,4.A.3;GH4;AraC,4.A.3;GH4;AraC;HTH;GH,4.A.3:+1.0000;GH4:+0.2370;AraC:+0.1247;HTH:+0.0794;GH:+0.0305
461,1,chitin,chitin,1.0,4.A.3,4.A.3;GH4;AraC,4.A.3;GH4;AraC;GH;HTH,4.A.3:+0.6620;GH4:+0.2794;AraC:+0.0707;GH:+0.0345;HTH:+0.0221
462,1,chitin,chitin,1.0,4.A.3,4.A.3;GH4;AraC,4.A.3;GH4;AraC;HTH;GH,4.A.3:+1.0000;GH4:+0.2370;AraC:+0.1247;HTH:+0.0794;GH:+0.0305
465,1,chitin,chitin,1.0,GH20,GH20;3.A.1;reg,GH20;3.A.1;reg;HATPase;GH94,GH20:+0.2496;3.A.1:+0.1927;reg:+0.1488;HATPase:+0.1410;GH94:+0.1274
482,1,chitin,chitin,1.0,4.A.3,4.A.3;GH4;AraC,4.A.3;GH4;AraC;null;HTH,4.A.3:+0.6620;GH4:+0.2910;AraC:+0.1689;null:+0.1358;HTH:+0.1116
487,1,chitin,host glycan,0.012738853503184712,3.A.1,3.A.1,3.A.1,3.A.1:+0.0127
488,1,fructan,fructan,0.3238199435358623,GH32,GH32;null;HTH,GH32;null;HTH;GH,GH32:+0.3036;null:+0.1392;HTH:+0.0246;GH:+0.0093
490,1,fructan,fructan,1.0,PfkB,PfkB;GH32;2.A.1,PfkB;GH32;2.A.1;GH,PfkB:+1.0000;GH32:+0.3426;2.A.1:+0.2830;GH:+0.0784
495,1,fructan,fructan,1.0,GH32,GH32;1.B.14;GH,GH32;1.B.14;GH;null,GH32:+0.6813;1.B.14:+0.3074;GH:+0.2455;null:+0.2412
505,1,fructan,fructan,1.0,GH32,GH32;2.A.1;GH,GH32;2.A.1;GH;PfkB;HTH,GH32:+0.3216;2.A.1:+0.1100;GH:+0.0949;PfkB:+0.0653;HTH:+0.0568
509,1,fructan,fructan,1.0,null,null;LacI;4.A.1,null;LacI;4.A.1;GH32;GH,null:+1.0000;LacI:+0.6223;4.A.1:+0.5439;GH32:+0.3628;GH:+0.0534
513,1,fructan,fructan,1.0,null,null;LacI;4.A.1,null;LacI;4.A.1;GH32;GH,null:+1.0000;LacI:+0.6223;4.A.1:+0.5439;GH32:+0.3628;GH:+0.0534
519,1,galactan,galactan,1.0,null,null;2.A.1;GntR,null;2.A.1;GntR;GH16;1.B.14,null:+0.2259;2.A.1:+0.2054;GntR:+0.2000;GH16:+0.1877;1.B.14:+0.1485
525,1,galactan,galactan,1.0,GH42,GH42;LacI;3.A.1,GH42;LacI;3.A.1;GH,GH42:+0.8810;LacI:+0.7226;3.A.1:+0.6038;GH:+0.0619
527,1,galactan,galactan,0.5356415478615071,GH36,GH36;18;HTH,GH36;18;HTH;AraC;3.A.1,GH36:+0.1434;18:+0.1091;HTH:+0.0887;AraC:+0.0819;3.A.1:+0.0516
531,1,galactan,galactan,0.33214348096758733,GH16,GH16;GH86;null,GH16;GH86;null;2.A.1;16,GH16:+0.0375;GH86:+0.0313;null:+0.0237;2.A.1:+0.0191;16:+0.0189
532,1,galactan,galactan,0.3537934728023316,GH16,GH16;GH86;null,GH16;GH86;null;GntR;2.A.1,GH16:+0.0376;GH86:+0.0320;null:+0.0248;GntR:+0.0204;2.A.1:+0.0200
537,1,galactan,galactan,0.6085890156793731,GH16,GH16;null;GntR,GH16;null;GntR;2.A.1;GH,GH16:+0.1099;null:+0.1026;GntR:+0.1013;2.A.1:+0.0845;GH:+0.0256
539,1,galactan,galactan,0.8070989219148794,null,null;GH117;GH,null;GH117;GH;1.B.14;GH2,null:+0.1048;GH117:+0.0993;GH:+0.0892;1.B.14:+0.0877;GH2:+0.0832
550,1,galactan,galactan,1.0,GH4,GH4;LacI;CE19,GH4;LacI;CE19;CE;3.A.1,GH4:+0.3814;LacI:+0.2566;CE19:+0.2500;CE:+0.2265;3.A.1:+0.1654
551,1,galactan,galactan,1.0,GH4,GH4;AraC;HTH,GH4;AraC;HTH;GH,GH4:+0.5793;AraC:+0.3635;HTH:+0.3560;GH:+0.0529
562,1,galactan,galactan,0.6704730831973899,GH53,GH53;LacI;GH42,GH53;LacI;GH42;GH;3.A.1,GH53:+0.4580;LacI:+0.2890;GH42:+0.2815;GH:+0.2109;3.A.1:+0.0322
563,1,galactan,beta-mannan,0.0,,,,
564,1,galactan,beta-mannan,0.0,,,,
571,1,galactan,galactan,0.9947413913824491,GH36,GH36;0044258;bac,GH36;0044258;bac;SBP;3.A.1,GH36:+0.2537;0044258:+0.1763;bac:+0.1608;SBP:+0.1499;3.A.1:+0.1296
589,1,galactan,galactan,0.99,42,42;1;GH5,42;1;GH5;TPR;GH,42:+0.3794;1:+0.2573;GH5:+0.2409;TPR:+0.1613;GH:+0.0947
593,1,host glycan,host glycan,0.8665377176015474,GH2,GH2;CBM32;GH20,GH2;CBM32;GH20;GH29;GH18,GH2:+0.1061;CBM32:+0.1046;GH20:+0.0674;GH29:+0.0673;GH18:+0.0637
606,1,host glycan,host glycan,1.0,GH2,GH2;HTH;1.B.14,GH2;HTH;1.B.14;AraC;null,GH2:+0.4670;HTH:+0.2360;1.B.14:+0.2306;AraC:+0.2134;null:+0.1187
611,1,host glycan,host glycan,0.9745098039215686,DeoR,DeoR;PfkB;GH31,DeoR;PfkB;GH31;13;2.A.2,DeoR:+0.2845;PfkB:+0.2370;GH31:+0.2241;13:+0.1761;2.A.2:+0.1472
615,1,host glycan,host glycan,1.0,CE9,CE9;GH2;GH20,CE9;GH2;GH20;CE;GH,CE9:+0.1139;GH2:+0.0751;GH20:+0.0630;CE:+0.0551;GH:+0.0520
621,1,host glycan,host glycan,1.0,CE9,CE9;CE;4.A.1,CE9;CE;4.A.1,CE9:+0.6364;CE:+0.2235;4.A.1:+0.0080
624,1,host glycan,host glycan,1.0,null,null;4.A.3;GH1,null;4.A.3;GH1;GH,null:+0.5489;4.A.3:+0.5346;GH1:+0.3460;GH:+0.0330
625,1,host glycan,host glycan,1.0,GH88,GH88;4.A.6;PfkB,GH88;4.A.6;PfkB;Nitroreductase;null,GH88:+0.2573;4.A.6:+0.1909;PfkB:+0.1013;Nitroreductase:+0.0825;null:+0.0807
628,1,host glycan,host glycan,1.0,CE9,CE9;CE;4.A.6,CE9;CE;4.A.6;DeoR;SIS,CE9:+0.2000;CE:+0.0549;4.A.6:+0.0318;DeoR:+0.0242;SIS:+0.0218
630,1,host glycan,host glycan,0.8860713831006238,GH33,GH33;CBM93;3,GH33;CBM93;3;MarR;8.A.46,GH33:+0.1985;CBM93:+0.1658;3:+0.0854;MarR:+0.0726;8.A.46:+0.0687
642,1,host glycan,host glycan,1.0,GH33,GH33;GH20;CBM93,GH33;GH20;CBM93;GH2;GH,GH33:+0.0685;GH20:+0.0611;CBM93:+0.0584;GH2:+0.0540;GH:+0.0445
644,1,host glycan,host glycan,0.984,GH20,GH20;GH33;CBM93,GH20;GH33;CBM93;GH2;GH,GH20:+0.1155;GH33:+0.0933;CBM93:+0.0749;GH2:+0.0600;GH:+0.0445
651,1,host glycan,host glycan,1.0,CE9,CE9;GH20;GH2,CE9;GH20;GH2;CE;GH,CE9:+0.1377;GH20:+0.0771;GH2:+0.0743;CE:+0.0403;GH:+0.0280
653,1,host glycan,host glycan,1.0,CE9,CE9;GH20;GH2,CE9;GH20;GH2;CE;GH,CE9:+0.1083;GH20:+0.0913;GH2:+0.0792;CE:+0.0490;GH:+0.0487
659,1,host glycan,host glycan,1.0,GH18,GH18;8.A.46;FecR,GH18;8.A.46;FecR;GH;null,GH18:+0.1738;8.A.46:+0.1116;FecR:+0.0905;GH:+0.0463;null:+0.0354
660,1,host glycan,host glycan,1.0,GH18,GH18;8.A.46;FecR,GH18;8.A.46;FecR;GH;null,GH18:+0.2187;8.A.46:+0.1375;FecR:+0.0843;GH:+0.0426;null:+0.0354
666,1,host glycan,host glycan,1.0,FecR,FecR;GerE;GH89,FecR;GerE;GH89;1.B.14;GH,FecR:+0.3035;GerE:+0.2634;GH89:+0.2298;1.B.14:+0.0896;GH:+0.0489
678,1,host glycan,host glycan,0.8228346456692913,4.A.3,4.A.3;null;GH170,4.A.3;null;GH170,4.A.3:+0.3413;null:+0.2280;GH170:+0.0355
682,1,host glycan,host glycan,0.8228346456692913,4.A.3,4.A.3;null;GH170,4.A.3;null;GH170,4.A.3:+0.3413;null:+0.2280;GH170:+0.0355
689,1,host glycan,host glycan,0.9701789264413518,GH20,GH20;GH38;GH92,GH20;GH38;GH92;GH125;null,GH20:+0.2379;GH38:+0.1529;GH92:+0.1197;GH125:+0.0801;null:+0.0618
690,1,host glycan,host glycan,0.913602891896289,CE9,CE9;CE;4.A.6,CE9;CE;4.A.6;SIS;GntR,CE9:+0.2101;CE:+0.0948;4.A.6:+0.0546;SIS:+0.0497;GntR:+0.0471
692,1,host glycan,galactan,0.18124330967767513,GH2,GH2,GH2,GH2:+0.0770
694,1,host glycan,host glycan,0.9701789264413518,GH20,GH20;GH38;GH92,GH20;GH38;GH92;GH125;null,GH20:+0.2379;GH38:+0.1529;GH92:+0.1197;GH125:+0.0801;null:+0.0618
696,1,host glycan,host glycan,1.0,GH33,GH33;GH20;CBM93,GH33;GH20;CBM93;GH2;GH,GH33:+0.0685;GH20:+0.0611;CBM93:+0.0584;GH2:+0.0540;GH:+0.0445
702,1,host glycan,host glycan,0.994,GH20,GH20;GH33;CBM93,GH20;GH33;CBM93;CE20;GH,GH20:+0.0851;GH33:+0.0664;CBM93:+0.0554;CE20:+0.0422;GH:+0.0422
703,1,host glycan,host glycan,0.9502982107355864,GH2,GH2;2.A.115;null,GH2;2.A.115;null;GH20;CBM32,GH2:+0.1031;2.A.115:+0.0806;null:+0.0678;GH20:+0.0577;CBM32:+0.0469
715,1,host glycan,host glycan,0.9982005228669406,GH35,GH35;19;GH43,GH35;19;GH43;GH;9,GH35:+0.2083;19:+0.1497;GH43:+0.1402;GH:+0.0880;9:+0.0790
717,1,host glycan,host glycan,1.0,GH18,GH18;8.A.46;FecR,GH18;8.A.46;FecR;null;GH,GH18:+0.2556;8.A.46:+0.2175;FecR:+0.1385;null:+0.1347;GH:+0.0825
722,1,host glycan,host glycan,0.9959919839679359,GH163,GH163;8.A.46;GH130,GH163;8.A.46;GH130;GH92;GH,GH163:+0.1456;8.A.46:+0.1220;GH130:+0.1060;GH92:+0.1003;GH:+0.0960
726,1,host glycan,host glycan,0.9922259508689439,CBM32,CBM32;GH92;CBM,CBM32;GH92;CBM;GH;1.B.14,CBM32:+0.1985;GH92:+0.1479;CBM:+0.1010;GH:+0.0624;1.B.14:+0.0558
730,1,host glycan,host glycan,1.0,CBM67,CBM67;2.A.4;HTH,CBM67;2.A.4;HTH;GH78;AraC,CBM67:+0.1737;2.A.4:+0.1590;HTH:+0.1482;GH78:+0.1481;AraC:+0.1323
737,1,host glycan,host glycan,0.9982003170690092,CBM32,CBM32;GH92;CBM,CBM32;GH92;CBM;GH;1.B.14,CBM32:+0.2049;GH92:+0.1497;CBM:+0.0980;GH:+0.0631;1.B.14:+0.0598
739,1,host glycan,host glycan,1.0,GH88,GH88;HTH;GH20,GH88;HTH;GH20;GH2;AraC,GH88:+0.2069;HTH:+0.1173;GH20:+0.0985;GH2:+0.0778;AraC:+0.0752
744,1,host glycan,host glycan,0.9982005228669406,GH29,GH29;10;HTH,GH29;10;HTH;GH97;CBM91,GH29:+0.2104;10:+0.2032;HTH:+0.1528;GH97:+0.1503;CBM91:+0.1395
746,1,host glycan,host glycan,0.9939982086662357,CE9,CE9;CE;DeoR,CE9;CE;DeoR;SIS;4.A.6,CE9:+0.1949;CE:+0.0620;DeoR:+0.0302;SIS:+0.0257;4.A.6:+0.0202
752,1,host glycan,host glycan,0.9745098039215686,DeoR,DeoR;PfkB;GH31,DeoR;PfkB;GH31;13;2.A.2,DeoR:+0.2845;PfkB:+0.2370;GH31:+0.2241;13:+0.1761;2.A.2:+0.1472
753,1,host glycan,galactan,0.1933333333333333,GH29,GH29;GH95;null,GH29;GH95;null;3.A.1,GH29:+0.1144;GH95:+0.0455;null:+0.0240;3.A.1:+0.0079
757,1,host glycan,host glycan,1.0,CE9,CE9;CE,CE9;CE,CE9:+0.5512;CE:+0.1890
761,1,host glycan,host glycan,1.0,GH33,GH33;CBM93;GH20,GH33;CBM93;GH20;CE20;CE,GH33:+0.1534;CBM93:+0.1208;GH20:+0.1120;CE20:+0.0774;CE:+0.0615
764,1,host glycan,host glycan,1.0,CBM32,CBM32;CBM;null,CBM32;CBM;null;1.B.14,CBM32:+0.5602;CBM:+0.1887;null:+0.0868;1.B.14:+0.0740
783,1,host glycan,host glycan,1.0,GH18,GH18;8.A.46;null,GH18;8.A.46;null;GH,GH18:+0.4749;8.A.46:+0.3717;null:+0.1225;GH:+0.0697
787,1,host glycan,host glycan,0.9879759519038076,CBM32,CBM32;GH2;2.A.115,CBM32;GH2;2.A.115;FecR;CBM,CBM32:+0.1222;GH2:+0.0747;2.A.115:+0.0630;FecR:+0.0569;CBM:+0.0524
798,1,host glycan,host glycan,0.9982005228669406,GH29,GH29;AraC;HTH,GH29;AraC;HTH;10;CBM91,GH29:+0.1265;AraC:+0.1085;HTH:+0.1066;10:+0.1010;CBM91:+0.0963
801,1,host glycan,host glycan,0.9959919839679359,GH163,GH163;8.A.46;GH130,GH163;8.A.46;GH130;GH92;GH,GH163:+0.1456;8.A.46:+0.1220;GH130:+0.1060;GH92:+0.1003;GH:+0.0960
807,1,host glycan,host glycan,0.49648711943793905,GH2,GH2;GH,GH2;GH,GH2:+0.3939;GH:+0.0219
811,1,host glycan,host glycan,0.9664694280078895,GH88,GH88;4.A.6;PL12,GH88;4.A.6;PL12;PL;PfkB,GH88:+0.2835;4.A.6:+0.1133;PL12:+0.0922;PL:+0.0488;PfkB:+0.0483
812,1,host glycan,host glycan,0.894736842105263,GH88,GH88;4.A.6;PL12,GH88;4.A.6;PL12;PfkB;PL,GH88:+0.2602;4.A.6:+0.1209;PL12:+0.0894;PfkB:+0.0453;PL:+0.0363
819,1,host glycan,host glycan,0.9153146807342475,GH3,GH3;CE8;2,GH3;CE8;2;CE;HTH,GH3:+0.2906;CE8:+0.2459;2:+0.2219;CE:+0.2161;HTH:+0.1875
828,1,host glycan,host glycan,0.9761904761904762,GH88,GH88;4.A.6;PL12,GH88;4.A.6;PL12;GH;PfkB,GH88:+0.2248;4.A.6:+0.0947;PL12:+0.0645;GH:+0.0425;PfkB:+0.0320
831,1,pectin,pectin,0.7192337905472419,GH105,GH105;GH28;2.A.56,GH105;GH28;2.A.56;LacI;PfkB,GH105:+0.0776;GH28:+0.0670;2.A.56:+0.0637;LacI:+0.0519;PfkB:+0.0435
833,1,pectin,pectin,1.0,GH144,GH144;GH3;GH,GH144;GH3;GH;8.A.46,GH144:+0.4436;GH3:+0.4002;GH:+0.1016;8.A.46:+0.0553
834,1,pectin,pectin,0.9446640316205533,GH3,GH3;GH144;1.B.14,GH3;GH144;1.B.14;GH,GH3:+0.3051;GH144:+0.2528;1.B.14:+0.0987;GH:+0.0586
838,1,pectin,pectin,0.5241753550606558,2.A.21,2.A.21;NUDIX;1,2.A.21;NUDIX;1;GH146;1.B.14,2.A.21:+0.1886;NUDIX:+0.1551;1:+0.0875;GH146:+0.0828;1.B.14:+0.0638
844,1,pectin,chitin,0.20266666666666663,2,2;PL,2;PL,2:+0.1292;PL:+0.0964
857,1,pectin,pectin,0.8541229152224442,GH105,GH105;CE12;CE,GH105;CE12;CE;PL1;PL,GH105:+0.1051;CE12:+0.0902;CE:+0.0622;PL1:+0.0487;PL:+0.0436
861,1,pectin,pectin,0.918560606060606,GH105,GH105;CE12;PL,GH105;CE12;PL;GH28;PL11,GH105:+0.1019;CE12:+0.0864;PL:+0.0732;GH28:+0.0555;PL11:+0.0504
865,1,pectin,pectin,0.9446640316205533,GH3,GH3;GH144;1.B.14,GH3;GH144;1.B.14;GH,GH3:+0.3051;GH144:+0.2528;1.B.14:+0.0987;GH:+0.0586
868,1,pectin,pectin,1.0,GH3,GH3;GH144;GH,GH3;GH144;GH;null,GH3:+0.3653;GH144:+0.1935;GH:+0.0571;null:+0.0553
871,1,pectin,alpha-glucan,0.37780051056613856,GH28,GH28,GH28,GH28:+0.3551
882,1,pectin,pectin,0.45527761350542295,null,null;34;10,null;34;10;GH43;1.B.14,null:+0.4236;34:+0.2680;10:+0.1158;GH43:+0.0985;1.B.14:+0.0714
884,1,pectin,pectin,0.5631121657085983,2.A.21,2.A.21;NUDIX;GH51,2.A.21;NUDIX;GH51;4;GH146,2.A.21:+0.1663;NUDIX:+0.1298;GH51:+0.1268;4:+0.1026;GH146:+0.0862
889,1,pectin,pectin,0.8298750916213411,GH140,GH140;GH28;18,GH140;GH28;18;CBM67;GH95,GH140:+0.1265;GH28:+0.1095;18:+0.0978;CBM67:+0.0812;GH95:+0.0794
891,1,pectin,pectin,0.9802333140624139,18,18;GH28;GH33,18;GH28;GH33;GH140;1.B.14,18:+0.1112;GH28:+0.0801;GH33:+0.0779;GH140:+0.0747;1.B.14:+0.0682
894,1,pectin,pectin,0.9821073558648111,PL,PL;CE12;GH105,PL;CE12;GH105;GH42;GH28,PL:+0.0928;CE12:+0.0919;GH105:+0.0868;GH42:+0.0782;GH28:+0.0780
899,1,pectin,pectin,0.9856850715746421,CE20,CE20;CE;1.B.14,CE20;CE;1.B.14;null,CE20:+0.2835;CE:+0.2595;1.B.14:+0.2291;null:+0.1611
900,1,pectin,pectin,1.0,CE,CE;GH28;LacI,CE;GH28;LacI;CE12;GH105,CE:+0.0699;GH28:+0.0604;LacI:+0.0503;CE12:+0.0442;GH105:+0.0441
903,1,pectin,pectin,0.825098042430011,PL1,PL1;1.B.14;2,PL1;1.B.14;2;PL,PL1:+0.3133;1.B.14:+0.1082;2:+0.1053;PL:+0.1024
912,1,pectin,pectin,0.5477855477855477,CE,CE;1.B.14;CE1,CE;1.B.14;CE1;null,CE:+0.2084;1.B.14:+0.1650;CE1:+0.1120;null:+0.0805
919,1,pectin,pectin,1.0,GH3,GH3;1.B.14;null,GH3;1.B.14;null;8.A.46;GH,GH3:+0.4410;1.B.14:+0.3639;null:+0.2807;8.A.46:+0.1814;GH:+0.0454
929,1,pectin,pectin,1.0,PL1,PL1;PL;1.B.14,PL1;PL;1.B.14;GH36;null,PL1:+0.3962;PL:+0.2963;1.B.14:+0.2833;GH36:+0.1828;null:+0.0931
940,1,xylan,xylan,1.0,GH20,GH20;8.A.46;1.B.14,GH20;8.A.46;1.B.14;CBM32;GH,GH20:+0.4159;8.A.46:+0.3800;1.B.14:+0.2495;CBM32:+0.1720;GH:+0.1318
944,1,xylan,xylan,0.7128514056224899,7,7;GH43;17,7;GH43;17;CE6;GH,7:+0.1129;GH43:+0.1097;17:+0.0874;CE6:+0.0724;GH:+0.0669
949,1,xylan,xylan,0.9745986887485519,17,17;7;GH43,17;7;GH43;2;CE,17:+0.1725;7:+0.1706;GH43:+0.1349;2:+0.0977;CE:+0.0866
953,1,xylan,xylan,1.0,GH95,GH95;GH3;HTH,GH95;GH3;HTH;AraC;GH,GH95:+0.1519;GH3:+0.1066;HTH:+0.0977;AraC:+0.0883;GH:+0.0569
959,1,xylan,xylan,0.7235188509874326,GH97,GH97;10;CE,GH97;10;CE;GH;GH115,GH97:+0.0739;10:+0.0580;CE:+0.0551;GH:+0.0464;GH115:+0.0442
976,1,xylan,xylan,0.5593495934959349,10,10;12;GH97,10;12;GH97;CE;CE6,10:+0.0570;12:+0.0480;GH97:+0.0468;CE:+0.0450;CE6:+0.0406
977,1,xylan,xylan,0.7727841534349945,GH67,GH67;GH43;12,GH67;GH43;12;GH10;1,GH67:+0.0815;GH43:+0.0619;12:+0.0483;GH10:+0.0477;1:+0.0408
982,1,xylan,xylan,0.746615087040619,12,12;10;GH115,12;10;GH115;GH97;GH43,12:+0.0871;10:+0.0861;GH115:+0.0854;GH97:+0.0806;GH43:+0.0717
983,1,xylan,beta-glucan,0.2171581351074399,GH43,GH43;GH10;16,GH43;GH10;16;CE1;GH,GH43:+0.0281;GH10:+0.0148;16:+0.0081;CE1:+0.0028;GH:+0.0015
988,1,xylan,xylan,0.5096019534457203,GH67,GH67;GH10;11,GH67;GH10;11;GH;HTH,GH67:+0.1167;GH10:+0.1092;11:+0.0266;GH:+0.0236;HTH:+0.0166
989,1,xylan,xylan,1.0,GH67,GH67;2.A.2;GH10,GH67;2.A.2;GH10;1;HTH,GH67:+0.1446;2.A.2:+0.1319;GH10:+0.1314;1:+0.0835;HTH:+0.0686
991,1,xylan,xylan,0.888888888888889,GH97,GH97;GH13;1,GH97;GH13;1;3;GH16,GH97:+0.1571;GH13:+0.1071;1:+0.1060;3:+0.1049;GH16:+0.1027
997,1,xylan,xylan,1.0,GH10,GH10;8;1.B.14,GH10;8;1.B.14;HTH;AraC,GH10:+0.2839;8:+0.1691;1.B.14:+0.1681;HTH:+0.1660;AraC:+0.1640
1001,1,xylan,xylan,0.7565316775500112,GH10,GH10;GH67;GH,GH10;GH67;GH;12;8.A.59,GH10:+0.0987;GH67:+0.0984;GH:+0.0424;12:+0.0280;8.A.59:+0.0255
1002,1,xylan,xylan,0.3471781931157612,11,11;GH43;AraC,11;GH43;AraC;1;SBP,11:+0.1434;GH43:+0.0548;AraC:+0.0467;1:+0.0347;SBP:+0.0324
1004,1,xylan,xylan,1.0,GH10,GH10;GH95;HTH,GH10;GH95;HTH;GH3;GH,GH10:+0.2419;GH95:+0.1667;HTH:+0.1556;GH3:+0.1446;GH:+0.1377
1010,1,xylan,xylan,0.49584026622296173,GH67,GH67;2.A.2;1.B.14,GH67;2.A.2;1.B.14;14;GH,GH67:+0.3043;2.A.2:+0.0826;1.B.14:+0.0610;14:+0.0231;GH:+0.0176
1017,1,xylan,xylan,1.0,LacI,LacI;CE20;11,LacI;CE20;11;CBM91;CE,LacI:+0.1315;CE20:+0.1202;11:+0.1030;CBM91:+0.1011;CE:+0.0936
1026,1,xylan,xylan,0.5621433887372861,GH43,GH43;2.A.2;11,GH43;2.A.2;11;null;GH,GH43:+0.2142;2.A.2:+0.1881;11:+0.1813;null:+0.0273;GH:+0.0190
0,2,alginate,alginate,0.9900793650793651,PL17,PL17;PL;PL6,PL17;PL;PL6;null;2,PL17:+0.0955;PL:+0.0714;PL6:+0.0375;null:+0.0273;2:+0.0251
2,2,alginate,alginate,0.9920477137176938,PL17,PL17;PL;PL6,PL17;PL;PL6;null;2,PL17:+0.0923;PL:+0.0733;PL6:+0.0357;null:+0.0292;2:+0.0291
4,2,alginate,alginate,1.0,PL6,PL6;PL;1,PL6;PL;1;GntR;PfkB,PL6:+0.1670;PL:+0.1539;1:+0.1519;GntR:+0.1046;PfkB:+0.0787
9,2,alginate,alginate,0.9962627506155469,PL,PL;PL17;2.A.1,PL;PL17;2.A.1;PfkB;PL6,PL:+0.0970;PL17:+0.0909;2.A.1:+0.0718;PfkB:+0.0673;PL6:+0.0601
21,2,alginate,alginate,0.968565815324165,PL,PL;GntR;PL7,PL;GntR;PL7;1.B.14;null,PL:+0.2642;GntR:+0.2571;PL7:+0.2473;1.B.14:+0.1104;null:+0.0975
32,2,alginate,alginate,1.0,PL17,PL17;PL;PL6,PL17;PL;PL6;1;PfkB,PL17:+0.1106;PL:+0.1016;PL6:+0.0813;1:+0.0799;PfkB:+0.0581
36,2,alginate,alginate,0.6056695041210647,1,1;PL15;PL,1;PL15;PL;binding;null,1:+0.1622;PL15:+0.1368;PL:+0.0746;binding:+0.0538;null:+0.0182
39,2,alginate,alginate,1.0,PL17,PL17;PL;PL6,PL17;PL;PL6;1;2,PL17:+0.1734;PL:+0.1242;PL6:+0.1230;1:+0.0721;2:+0.0535
42,2,alginate,alginate,0.7665369649805448,PL17,PL17;PL6;PL,PL17;PL6;PL;1;2,PL17:+0.2284;PL6:+0.1507;PL:+0.1132;1:+0.0899;2:+0.0495
46,2,alginate,alginate,0.800804828973843,PL6,PL6;PL;1,PL6;PL;1;PL7,PL6:+0.1407;PL:+0.1340;1:+0.0480;PL7:+0.0360
51,2,alpha-glucan,alpha-glucan,1.0,GH31,GH31;GH;GH97,GH31;GH;GH97;GH66;null,GH31:+0.1088;GH:+0.0713;GH97:+0.0360;GH66:+0.0248;null:+0.0237
61,2,alpha-glucan,alpha-glucan,1.0,GH13,GH13;20;CBM34,GH13;20;CBM34;3.A.1;GH,GH13:+0.1424;20:+0.0992;CBM34:+0.0638;3.A.1:+0.0563;GH:+0.0377
65,2,alpha-glucan,fructan,0.3534860503829699,GH,GH,GH,GH:+0.0201
73,2,alpha-glucan,alpha-glucan,1.0,GH13,GH13;GT5;GT,GH13;GT5;GT;CBM48;GT35,GH13:+0.1085;GT5:+0.0910;GT:+0.0896;CBM48:+0.0481;GT35:+0.0242
74,2,alpha-glucan,alpha-glucan,1.0,GH13,GH13;GT5;GT,GH13;GT5;GT;CBM48;CBM,GH13:+0.1076;GT5:+0.0936;GT:+0.0925;CBM48:+0.0522;CBM:+0.0234
75,2,alpha-glucan,alpha-glucan,0.8013370034537627,LacI,LacI;GH13;18,LacI;GH13;18;PfkB;CBM86,LacI:+0.1607;GH13:+0.1402;18:+0.1329;PfkB:+0.1321;CBM86:+0.1142
76,2,alpha-glucan,alpha-glucan,1.0,GH13,GH13;1;redox,GH13;1;redox;CBM;Pyr,GH13:+0.1669;1:+0.0849;redox:+0.0656;CBM:+0.0637;Pyr:+0.0577
82,2,alpha-glucan,alpha-glucan,0.8350177648140797,GH13,GH13;18;GH,GH13;18;GH,GH13:+0.3932;18:+0.1546;GH:+0.0410
86,2,alpha-glucan,alpha-glucan,1.0,LacI,LacI;GH77;3.A.1,LacI;GH77;3.A.1;GH13;GH,LacI:+0.1126;GH77:+0.0504;3.A.1:+0.0446;GH13:+0.0416;GH:+0.0317
87,2,alpha-glucan,alpha-glucan,0.9257308565432224,GH13,GH13;LacI;30,GH13;LacI;30;GH,GH13:+0.3531;LacI:+0.1794;30:+0.1400;GH:+0.0357
98,2,alpha-glucan,alpha-glucan,0.8160000398166481,GH13,GH13;LacI;1.B.14,GH13;LacI;1.B.14;2.A.2;GH,GH13:+0.2252;LacI:+0.1069;1.B.14:+0.0941;2.A.2:+0.0844;GH:+0.0817
101,2,alpha-glucan,alpha-glucan,0.39349071218430665,GH31,GH31;GH;CBM20,GH31;GH;CBM20,GH31:+0.2432;GH:+0.0448;CBM20:+0.0224
106,2,alpha-glucan,alpha-glucan,1.0,GH32,GH32;GH;4.A.1,GH32;GH;4.A.1,GH32:+0.4143;GH:+0.3163;4.A.1:+0.2903
110,2,alpha-glucan,alpha-glucan,1.0,GH13,GH13;31;SBP,GH13;31;SBP;bac;GH,GH13:+0.2793;31:+0.2248;SBP:+0.2195;bac:+0.1908;GH:+0.1785
112,2,alpha-glucan,alpha-glucan,0.99,GH4,GH4;GH,GH4;GH,GH4:+0.4040;GH:+0.0995
114,2,alpha-glucan,alpha-glucan,0.8682170542635659,GH97,GH97;GH13;2.A.2,GH97;GH13;2.A.2;LacI;8.A.46,GH97:+0.1514;GH13:+0.1051;2.A.2:+0.0770;LacI:+0.0663;8.A.46:+0.0661
121,2,alpha-glucan,alpha-glucan,1.0,GH31,GH31;GH;GH97,GH31;GH;GH97;GH66;null,GH31:+0.1088;GH:+0.0713;GH97:+0.0360;GH66:+0.0248;null:+0.0237
135,2,alpha-glucan,alpha-glucan,0.9981345543523027,GH32,GH32;SBP;bac,GH32;SBP;bac;1;3.A.1,GH32:+0.5612;SBP:+0.3688;bac:+0.3251;1:+0.2339;3.A.1:+0.0684
139,2,alpha-glucan,alpha-glucan,1.0,LacI,LacI;GH32;null,LacI;GH32;null;3.A.1;GH,LacI:+0.5134;GH32:+0.2270;null:+0.1100;3.A.1:+0.0622;GH:+0.0571
140,2,alpha-glucan,alpha-glucan,1.0,PfkB,PfkB;LacI;GH32,PfkB;LacI;GH32;4.A.1;GH,PfkB:+0.6465;LacI:+0.3410;GH32:+0.1762;4.A.1:+0.0900;GH:+0.0476
145,2,alpha-glucan,alpha-glucan,0.6138166595160044,GH32,GH32;GH;LacI,GH32;GH;LacI,GH32:+0.1463;GH:+0.0367;LacI:+0.0027
149,2,alpha-glucan,alpha-glucan,1.0,GH13,GH13;LacI;18,GH13;LacI;18;GH;null,GH13:+0.2465;LacI:+0.1650;18:+0.1061;GH:+0.0468;null:+0.0293
162,2,alpha-glucan,alpha-glucan,0.9362549800796812,PfkB,PfkB;LacI;PadR,PfkB;LacI;PadR;GH32;MarR,PfkB:+0.4563;LacI:+0.2908;PadR:+0.1384;GH32:+0.1334;MarR:+0.1245
168,2,alpha-glucan,alpha-glucan,0.45989510452161436,PfkB,PfkB;LacI;GH32,PfkB;LacI;GH32;GH13,PfkB:+0.0861;LacI:+0.0685;GH32:+0.0509;GH13:+0.0235
174,2,alpha-glucan,alpha-glucan,1.0,GH13,GH13;36;bac,GH13;36;bac;SBP;3.A.1,GH13:+0.2120;36:+0.1378;bac:+0.1271;SBP:+0.1199;3.A.1:+0.0839
178,2,alpha-mannan,alpha-mannan,0.891180264837232,GH125,GH125;GntR;GH84,GH125;GntR;GH84;GH38;3.A.1,GH125:+0.2589;GntR:+0.2542;GH84:+0.2232;GH38:+0.2193;3.A.1:+0.2170
182,2,alpha-mannan,alpha-mannan,0.8011928429423458,GH125,GH125;GH76;GH67,GH125;GH76;GH67;GH92;GH,GH125:+0.2307;GH76:+0.1928;GH67:+0.1560;GH92:+0.1482;GH:+0.1302
186,2,alpha-mannan,alpha-mannan,0.5418121374356647,GH92,GH92;null;1.B.14,GH92;null;1.B.14;GH,GH92:+0.4710;null:+0.2262;1.B.14:+0.1710;GH:+0.0856
194,2,alpha-mannan,alpha-mannan,1.0,GH92,GH92;1.B.14;null,GH92;1.B.14;null;GH;GH99,GH92:+0.1996;1.B.14:+0.1544;null:+0.1298;GH:+0.0589;GH99:+0.0501
196,2,alpha-mannan,alpha-mannan,0.998,GT,GT;GH125;GH76,GT;GH125;GH76;GH130;GH92,GT:+0.2106;GH125:+0.1782;GH76:+0.1443;GH130:+0.1218;GH92:+0.1204
212,2,arabinogalactan,arabinogalactan,0.9982477815411066,24,24;GH35;HTH,24;GH35;HTH;1.A.30;null,24:+0.2794;GH35:+0.2511;HTH:+0.2161;1.A.30:+0.2034;null:+0.1907
214,2,arabinogalactan,arabinogalactan,1.0,1.B.14,1.B.14;4;GH43,1.B.14;4;GH43;GH51;29,1.B.14:+0.2358;4:+0.2321;GH43:+0.2267;GH51:+0.2067;29:+0.1905
215,2,arabinogalactan,arabinogalactan,0.851063829787234,1.B.14,1.B.14;GH43;29,1.B.14;GH43;29;GH51;4,1.B.14:+0.2172;GH43:+0.2060;29:+0.1947;GH51:+0.1858;4:+0.1777
216,2,arabinogalactan,arabinogalactan,1.0,GH51,GH51;3.A.1;null,GH51;3.A.1;null;1;GH,GH51:+0.5255;3.A.1:+0.3372;null:+0.1388;1:+0.1022;GH:+0.0911
226,2,arabinogalactan,pectin,0.2768924302788845,HTH,HTH;AraC;GH51,HTH;AraC;GH51;GH43;4,HTH:+0.1452;AraC:+0.1145;GH51:+0.0483;GH43:+0.0470;4:+0.0412
227,2,arabinogalactan,arabinogalactan,0.37979094076655046,GH51,GH51;GH27;GH,GH51;GH27;GH;HTH;3.A.1,GH51:+0.0933;GH27:+0.0563;GH:+0.0448;HTH:+0.0374;3.A.1:+0.0330
232,2,arabinogalactan,arabinogalactan,0.9982474364030867,24,24;GH105;GH154,24;GH105;GH154;17;GH43,24:+0.1718;GH105:+0.1554;GH154:+0.1550;17:+0.1538;GH43:+0.1402
237,2,beta-glucan,beta-glucan,0.9704654558140758,GH5,GH5;GH31;GH3,GH5;GH31;GH3;4;GH2,GH5:+0.1487;GH31:+0.1452;GH3:+0.1372;4:+0.1078;GH2:+0.1018
238,2,beta-glucan,beta-glucan,0.8785129632860473,GH5,GH5;4;GH31,GH5;4;GH31;GH3;GH,GH5:+0.1988;4:+0.1371;GH31:+0.1296;GH3:+0.0954;GH:+0.0873
242,2,beta-glucan,beta-glucan,0.698512647433711,GH8,GH8;4.D.3;1.B.55,GH8;4.D.3;1.B.55;GH,GH8:+0.1829;4.D.3:+0.1190;1.B.55:+0.0351;GH:+0.0007
255,2,beta-glucan,beta-glucan,1.0,CBM4,CBM4;1.B.14;CBM,CBM4;1.B.14;CBM;null,CBM4:+0.4324;1.B.14:+0.2857;CBM:+0.2659;null:+0.1035
264,2,beta-glucan,beta-glucan,0.49862690748459937,GH16,GH16;GH3;GH,GH16;GH3;GH;1.B.14;2.A.1,GH16:+0.2151;GH3:+0.1515;GH:+0.0724;1.B.14:+0.0496;2.A.1:+0.0341
266,2,beta-glucan,beta-glucan,0.9985747452020904,GH1,GH1;LacI;GH3,GH1;LacI;GH3;3;1.B.14,GH1:+0.1738;LacI:+0.1483;GH3:+0.1307;3:+0.1261;1.B.14:+0.0941
272,2,beta-glucan,beta-glucan,1.0,GH5,GH5;GH3;GH31,GH5;GH3;GH31;GH2;12,GH5:+0.1523;GH3:+0.1461;GH31:+0.1411;GH2:+0.1109;12:+0.1092
281,2,beta-glucan,beta-glucan,0.9801145344894576,GH5,GH5;4;1.B.14,GH5;4;1.B.14;GH36;AraC,GH5:+0.3119;4:+0.2522;1.B.14:+0.1682;GH36:+0.1233;AraC:+0.1111
285,2,beta-glucan,beta-glucan,0.8710009947085359,GH31,GH31;GH5;GH3,GH31;GH5;GH3;4;1.B.14,GH31:+0.1394;GH5:+0.1391;GH3:+0.1141;4:+0.0928;1.B.14:+0.0775
293,2,beta-glucan,beta-glucan,0.9985747452020904,GH3,GH3;8.A.46;GH16,GH3;8.A.46;GH16;GH;3,GH3:+0.2898;8.A.46:+0.1840;GH16:+0.1744;GH:+0.1471;3:+0.1362
296,2,beta-glucan,beta-glucan,1.0,3,3;GH3;GH30,3;GH3;GH30;1.B.14;7,3:+0.2182;GH3:+0.1540;GH30:+0.1123;1.B.14:+0.0973;7:+0.0786
300,2,beta-glucan,beta-glucan,0.8850528016054625,GH5,GH5;4;1.B.14,GH5;4;1.B.14;CBM4;CBM,GH5:+0.2163;4:+0.1559;1.B.14:+0.1264;CBM4:+0.1189;CBM:+0.0640
310,2,beta-glucan,beta-glucan,1.0,GT2,GT2;GT;GH8,GT2;GT;GH8;4.D.3;GH,GT2:+0.1840;GT:+0.1436;GH8:+0.1012;4.D.3:+0.0914;GH:+0.0388
317,2,beta-glucan,beta-glucan,0.8988504040998002,GH16,GH16;GH3;8.A.46,GH16;GH3;8.A.46;GH;1.B.14,GH16:+0.3557;GH3:+0.3068;8.A.46:+0.2018;GH:+0.2001;1.B.14:+0.1357
324,2,beta-glucan,beta-glucan,1.0,GH1,GH1;LacI;3.A.1,GH1;LacI;3.A.1;GH,GH1:+0.8766;LacI:+0.4326;3.A.1:+0.2341;GH:+0.0509
325,2,beta-glucan,beta-glucan,0.740506329113924,GH1,GH1;LacI;GH,GH1;LacI;GH,GH1:+0.5607;LacI:+0.2073;GH:+0.0238
328,2,beta-glucan,beta-glucan,0.8744939271255061,3,3;GH3;GH,3;GH3;GH;1.B.14;GH30,3:+0.3531;GH3:+0.1391;GH:+0.1200;1.B.14:+0.1158;GH30:+0.0832
338,2,beta-glucan,beta-glucan,0.9985747452020904,GH16,GH16;null;GH,GH16;null;GH,GH16:+0.4502;null:+0.0668;GH:+0.0627
339,2,beta-glucan,beta-mannan,0.47215407575205465,4,4;GH36;GH3,4;GH36;GH3;GH5;7,4:+0.1703;GH36:+0.1475;GH3:+0.1118;GH5:+0.1044;7:+0.0712
346,2,beta-glucan,beta-glucan,0.9211356245958622,GH5,GH5;GH3;GH31,GH5;GH3;GH31;HTH;4,GH5:+0.1150;GH3:+0.1133;GH31:+0.1118;HTH:+0.0796;4:+0.0761
350,2,beta-glucan,beta-glucan,0.4950614142629131,GH31,GH31;GH9;3,GH31;GH9;3;GH;1.B.14,GH31:+0.1043;GH9:+0.0992;3:+0.0768;GH:+0.0445;1.B.14:+0.0399
352,2,beta-glucan,beta-glucan,0.9881188118811881,9.B.154,9.B.154;GH73;null,9.B.154;GH73;null;GH;Peptidase,9.B.154:+0.1963;GH73:+0.1677;null:+0.0576;GH:+0.0234;Peptidase:+0.0020
353,2,beta-glucan,beta-glucan,0.9881188118811881,9.B.154,9.B.154;GH73;null,9.B.154;GH73;null;GH;Peptidase,9.B.154:+0.1963;GH73:+0.1677;null:+0.0576;GH:+0.0234;Peptidase:+0.0020
356,2,beta-glucan,beta-glucan,1.0,GH2,GH2;CBM57;1.B.14,GH2;CBM57;1.B.14;CBM;null,GH2:+0.1502;CBM57:+0.1435;1.B.14:+0.1223;CBM:+0.1103;null:+0.1096
359,2,beta-mannan,galactan,0.35595084008651096,LacI,LacI;2.A.2;GH2,LacI;2.A.2;GH2;GH,LacI:+0.3350;2.A.2:+0.1732;GH2:+0.1550;GH:+0.0051
368,2,beta-mannan,beta-mannan,0.7651598894500059,LacI,LacI;SBP;9.B.36,LacI;SBP;9.B.36;GH2;3.A.3,LacI:+0.3057;SBP:+0.1784;9.B.36:+0.1606;GH2:+0.1590;3.A.3:+0.1561
379,2,beta-mannan,beta-mannan,0.9314006148069698,GH26,GH26;HTH;CE7,GH26;HTH;CE7;CE;AraC,GH26:+0.1427;HTH:+0.1394;CE7:+0.1382;CE:+0.1258;AraC:+0.1178
381,2,beta-mannan,beta-glucan,0.38273024860656457,GH130,GH130;GH27;GH,GH130;GH27;GH,GH130:+0.2069;GH27:+0.0979;GH:+0.0115
383,2,beta-mannan,beta-mannan,0.5492154065620541,4.A.3,4.A.3;GH1;GH,4.A.3;GH1;GH,4.A.3:+0.4152;GH1:+0.2001;GH:+0.0135
389,2,beta-mannan,beta-mannan,1.0,GH26,GH26;4.A.3;GntR,GH26;4.A.3;GntR;null;GH,GH26:+0.4801;4.A.3:+0.4122;GntR:+0.3279;null:+0.1834;GH:+0.1796
396,2,beta-mannan,beta-mannan,1.0,GH42,GH42;3.A.1;GH,GH42;3.A.1;GH,GH42:+0.7448;3.A.1:+0.3388;GH:+0.0736
402,2,beta-mannan,beta-mannan,1.0,GH130,GH130;GH26;2.A.2,GH130;GH26;2.A.2;1.B.14;AraC,GH130:+0.2879;GH26:+0.2136;2.A.2:+0.1362;1.B.14:+0.1126;AraC:+0.0994
411,2,beta-mannan,beta-mannan,1.0,31,31;LacI;4.A.1,31;LacI;4.A.1;GH13;GH32,31:+0.5960;LacI:+0.4649;4.A.1:+0.4483;GH13:+0.3878;GH32:+0.3558
414,2,beta-mannan,galactan,0.23780003463736754,GH42,GH42;3.A.1;GH,GH42;3.A.1;GH,GH42:+0.1882;3.A.1:+0.0582;GH:+0.0148
415,2,beta-mannan,galactan,0.006072874493927126,null,null,null,null:+0.0061
416,2,beta-mannan,galactan,0.006072874493927126,null,null,null,null:+0.0061
420,2,beta-mannan,beta-mannan,0.4198782961460446,GH130,GH130;1;GH,GH130;1;GH;3.A.1;bac,GH130:+0.3430;1:+0.0479;GH:+0.0329;3.A.1:+0.0251;bac:+0.0235
422,2,beta-mannan,beta-mannan,0.9959514170040485,GH130,GH130;GH26;1.B.14,GH130;GH26;1.B.14;2.A.2;AraC,GH130:+0.3160;GH26:+0.2691;1.B.14:+0.1388;2.A.2:+0.1331;AraC:+0.1132
426,2,chitin,chitin,1.0,1.B.25,1.B.25;GH20;null,1.B.25;GH20;null;GH,1.B.25:+0.7251;GH20:+0.4023;null:+0.2437;GH:+0.0863
428,2,chitin,xylan,0.004697579093492656,GH3,GH3,GH3,GH3:+0.0018
440,2,chitin,chitin,1.0,4.A.3,4.A.3;GH4;CE4,4.A.3;GH4;CE4;CE;GH,4.A.3:+0.5120;GH4:+0.4384;CE4:+0.1142;CE:+0.0871;GH:+0.0243
441,2,chitin,chitin,1.0,4.A.3,4.A.3;GH4;CE4,4.A.3;GH4;CE4;CE;GH,4.A.3:+0.4914;GH4:+0.4214;CE4:+0.0764;CE:+0.0436;GH:+0.0242
457,2,chitin,chitin,1.0,4.A.3,4.A.3;GH4;AraC,4.A.3;GH4;AraC;GH;HTH,4.A.3:+0.6794;GH4:+0.2788;AraC:+0.0913;GH:+0.0143;HTH:+0.0122
459,2,chitin,chitin,1.0,4.A.3,4.A.3;GH4;AraC,4.A.3;GH4;AraC;null;HTH,4.A.3:+0.6794;GH4:+0.2704;AraC:+0.1926;null:+0.1581;HTH:+0.0975
460,2,chitin,chitin,1.0,4.A.3,4.A.3;GH4;AraC,4.A.3;GH4;AraC;HTH;GH,4.A.3:+1.0000;GH4:+0.2527;AraC:+0.1608;HTH:+0.0953;GH:+0.0183
467,2,chitin,chitin,0.9291497975708501,4.A.3,4.A.3;AraC;GH4,4.A.3;AraC;GH4;HTH;null,4.A.3:+0.7087;AraC:+0.2269;GH4:+0.1835;HTH:+0.1189;null:+0.0873
468,2,chitin,chitin,1.0,4.A.3,4.A.3;GH4;AraC,4.A.3;GH4;AraC;HTH;GH,4.A.3:+0.7796;GH4:+0.2582;AraC:+0.1405;HTH:+0.0468;GH:+0.0143
469,2,chitin,chitin,1.0,4.A.3,4.A.3;GH4;AraC,4.A.3;GH4;AraC;GH;HTH,4.A.3:+0.6306;GH4:+0.2764;AraC:+0.0792;GH:+0.0163;HTH:+0.0122
473,2,chitin,chitin,1.0,3.A.1,3.A.1;GH20;reg,3.A.1;GH20;reg;GH94;HATPase,3.A.1:+0.2286;GH20:+0.2175;reg:+0.1474;GH94:+0.1400;HATPase:+0.1311
478,2,chitin,chitin,1.0,4.A.3,4.A.3;GH4;AraC,4.A.3;GH4;AraC;GH;HTH,4.A.3:+0.6794;GH4:+0.2788;AraC:+0.0913;GH:+0.0143;HTH:+0.0122
479,2,chitin,chitin,1.0,4.A.3,4.A.3;GH4;AraC,4.A.3;GH4;AraC;null;HTH,4.A.3:+0.6794;GH4:+0.2704;AraC:+0.1926;null:+0.1581;HTH:+0.0975
489,2,fructan,fructan,1.0,2.A.3,2.A.3;GH68;GH32,2.A.3;GH68;GH32;GH,2.A.3:+0.3136;GH68:+0.3094;GH32:+0.2326;GH:+0.2113
499,2,fructan,fructan,0.5191848551990607,GH32,GH32;PfkB;GH,GH32;PfkB;GH,GH32:+0.1969;PfkB:+0.1799;GH:+0.0382
500,2,fructan,alpha-glucan,0.0,,,,
512,2,fructan,fructan,0.9149377593360996,GH32,GH32;1.B.14;null,GH32;1.B.14;null;0039384;GH,GH32:+0.2873;1.B.14:+0.1469;null:+0.0907;0039384:+0.0894;GH:+0.0813
516,2,fructan,fructan,1.0,PfkB,PfkB;2.A.1;GH32,PfkB;2.A.1;GH32;GH,PfkB:+1.0000;2.A.1:+0.4661;GH32:+0.3053;GH:+0.0928
518,2,fructan,alpha-glucan,0.0,,,,
520,2,galactan,galactan,0.9517041517483585,16,16;GH16;GH,16;GH16;GH;null,16:+0.7577;GH16:+0.3938;GH:+0.0743;null:+0.0478
540,2,galactan,galactan,0.8040172303005783,GH,GH;2.A.1;GH117,GH;2.A.1;GH117;null;1,GH:+0.0977;2.A.1:+0.0939;GH117:+0.0857;null:+0.0783;1:+0.0759
547,2,galactan,host glycan,0.2938856015779093,GH117,GH117;MarR;GH,GH117;MarR;GH,GH117:+0.1328;MarR:+0.0730;GH:+0.0444
549,2,galactan,galactan,0.6660617059891106,18,18;GH36;3.A.1,18;GH36;3.A.1;31;GH,18:+0.2268;GH36:+0.2117;3.A.1:+0.1694;31:+0.1065;GH:+0.0823
552,2,galactan,galactan,0.6188436830835118,LacI,LacI;GH42;3.A.1,LacI;GH42;3.A.1,LacI:+0.3126;GH42:+0.2834;3.A.1:+0.0284
556,2,galactan,galactan,0.8722466960352423,GH129,GH129;2.A.1;HTH,GH129;2.A.1;HTH;AraC;GH127,GH129:+0.2479;2.A.1:+0.2441;HTH:+0.1809;AraC:+0.1694;GH127:+0.1272
557,2,galactan,galactan,0.9982840369243844,GH53,GH53;HTH;AraC,GH53;HTH;AraC;GH2;8.A.46,GH53:+0.3596;HTH:+0.3152;AraC:+0.2847;GH2:+0.2265;8.A.46:+0.2030
568,2,galactan,galactan,1.0,2.A.2,2.A.2;GH2;null,2.A.2;GH2;null;GH36;GH,2.A.2:+0.4358;GH2:+0.2783;null:+0.2108;GH36:+0.0568;GH:+0.0492
575,2,galactan,beta-glucan,0.23651756386255945,GH86,GH86;GH16;null,GH86;GH16;null;1.B.14,GH86:+0.1054;GH16:+0.0966;null:+0.0482;1.B.14:+0.0345
580,2,galactan,host glycan,0.004942640773787209,null,null,null,null:+0.0026
581,2,galactan,host glycan,0.017399628357452557,GH,GH;null,GH;null,GH:+0.0030;null:+0.0011
585,2,galactan,galactan,0.6420433489485837,null,null;GH53;GH42,null;GH53;GH42;SBP;LacI,null:+0.6420;GH53:+0.2446;GH42:+0.1477;SBP:+0.1299;LacI:+0.1215
586,2,galactan,beta-mannan,0.17526275925753002,null,null;GH42;GH,null;GH42;GH,null:+0.1753;GH42:+0.0281;GH:+0.0060
590,2,galactan,galactan,0.8868151430576269,42,42;TPR;1,42;TPR;1;GH5;GH,42:+0.3418;TPR:+0.2076;1:+0.2053;GH5:+0.1974;GH:+0.0635
591,2,host glycan,host glycan,1.0,CBM32,CBM32;CBM;null,CBM32;CBM;null;1.B.14,CBM32:+0.4006;CBM:+0.1506;null:+0.0894;1.B.14:+0.0541
597,2,host glycan,host glycan,1.0,GH18,GH18;8.A.46;null,GH18;8.A.46;null;FecR;GerE,GH18:+0.3003;8.A.46:+0.2681;null:+0.1475;FecR:+0.1321;GerE:+0.1199
598,2,host glycan,host glycan,1.0,GH18,GH18;8.A.46;null,GH18;8.A.46;null;FecR;GerE,GH18:+0.2959;8.A.46:+0.2578;null:+0.1184;FecR:+0.1123;GerE:+0.0983
604,2,host glycan,host glycan,1.0,CBM32,CBM32;CBM;null,CBM32;CBM;null;1.B.14,CBM32:+0.5669;CBM:+0.1759;null:+0.0998;1.B.14:+0.0614
605,2,host glycan,host glycan,0.8893080769925983,CBM32,CBM32;GH92;CBM,CBM32;GH92;CBM;null;1.B.14,CBM32:+0.2740;GH92:+0.1448;CBM:+0.1167;null:+0.0569;1.B.14:+0.0258
616,2,host glycan,host glycan,0.41729323308270677,GH33,GH33;GH29;GH20,GH33;GH29;GH20;GH95;GH,GH33:+0.0931;GH29:+0.0915;GH20:+0.0483;GH95:+0.0423;GH:+0.0147
617,2,host glycan,host glycan,1.0,GH112,GH112;3.A.1;0043669,GH112;3.A.1;0043669;null;GH,GH112:+0.2232;3.A.1:+0.1961;0043669:+0.1608;null:+0.1524;GH:+0.0619
620,2,host glycan,host glycan,1.0,CE9,CE9;CE,CE9;CE,CE9:+0.5333;CE:+0.1857
627,2,host glycan,host glycan,1.0,CE9,CE9;CE;DeoR,CE9;CE;DeoR;4.A.6;SIS,CE9:+0.1778;CE:+0.0706;DeoR:+0.0416;4.A.6:+0.0364;SIS:+0.0242
632,2,host glycan,host glycan,0.8796680497925311,GH18,GH18;8.A.46;null,GH18;8.A.46;null;FecR;GH,GH18:+0.2167;8.A.46:+0.2122;null:+0.0921;FecR:+0.0712;GH:+0.0031
643,2,host glycan,host glycan,1.0,GH20,GH20;GH33;CBM93,GH20;GH33;CBM93;GH;CE20,GH20:+0.0851;GH33:+0.0762;CBM93:+0.0584;GH:+0.0443;CE20:+0.0419
646,2,host glycan,host glycan,0.9714285714285714,CE9,CE9;GH20;GH2,CE9;GH20;GH2;GH;CE20,CE9:+0.0974;GH20:+0.0734;GH2:+0.0685;GH:+0.0411;CE20:+0.0305
648,2,host glycan,host glycan,1.0,GH20,GH20;CE9;GH2,GH20;CE9;GH2;CE20;CE3,GH20:+0.1283;CE9:+0.1123;GH2:+0.0946;CE20:+0.0793;CE3:+0.0665
652,2,host glycan,host glycan,0.9714285714285714,CE9,CE9;GH20;GH2,CE9;GH20;GH2;GH;CE20,CE9:+0.0974;GH20:+0.0734;GH2:+0.0685;GH:+0.0411;CE20:+0.0305
657,2,host glycan,pectin,0.20045403782428003,GH89,GH89;GH,GH89;GH,GH89:+0.1086;GH:+0.0236
658,2,host glycan,host glycan,0.9900775547445256,GH18,GH18;8.A.46;GerE,GH18;8.A.46;GerE;FecR;null,GH18:+0.2657;8.A.46:+0.2239;GerE:+0.1265;FecR:+0.1224;null:+0.1156
667,2,host glycan,host glycan,1.0,GH18,GH18;8.A.46;FecR,GH18;8.A.46;FecR;GH;null,GH18:+0.1822;8.A.46:+0.1093;FecR:+0.0938;GH:+0.0536;null:+0.0409
688,2,host glycan,host glycan,1.0,GH20,GH20;GH38;GH92,GH20;GH38;GH92;GH125;GH,GH20:+0.2758;GH38:+0.2332;GH92:+0.1862;GH125:+0.1314;GH:+0.1077
699,2,host glycan,host glycan,1.0,GH2,GH2;null;GH20,GH2;null;GH20;2.A.115;1.C.39,GH2:+0.0988;null:+0.0650;GH20:+0.0620;2.A.115:+0.0562;1.C.39:+0.0424
701,2,host glycan,host glycan,1.0,GH2,GH2;null;GH,GH2;null;GH,GH2:+0.5344;null:+0.0598;GH:+0.0525
705,2,host glycan,host glycan,1.0,GH2,GH2;2.A.115;GH20,GH2;2.A.115;GH20;null;1.C.39,GH2:+0.1202;2.A.115:+0.0858;GH20:+0.0856;null:+0.0687;1.C.39:+0.0643
714,2,host glycan,host glycan,0.9982477815411066,GH35,GH35;19;2,GH35;19;2;GH51;GH,GH35:+0.3345;19:+0.2513;2:+0.2482;GH51:+0.2243;GH:+0.1961
721,2,host glycan,host glycan,1.0,GH163,GH163;8.A.46;GH92,GH163;8.A.46;GH92;GH;GH130,GH163:+0.1640;8.A.46:+0.1172;GH92:+0.1037;GH:+0.0867;GH130:+0.0813
729,2,host glycan,arabinogalactan,0.15475097362505144,null,null;AraC;HTH,null;AraC;HTH,null:+0.0452;AraC:+0.0325;HTH:+0.0273
735,2,host glycan,chitin,0.17408542079653977,null,null;GH,null;GH,null:+0.0598;GH:+0.0017
738,2,host glycan,host glycan,1.0,CBM32,CBM32;GH92;CBM,CBM32;GH92;CBM;null;1.B.14,CBM32:+0.3222;GH92:+0.2145;CBM:+0.1278;null:+0.0794;1.B.14:+0.0710
740,2,host glycan,host glycan,1.0,GH112,GH112;3.A.1;GH136,GH112;3.A.1;GH136;GH;AraC,GH112:+0.2419;3.A.1:+0.2415;GH136:+0.1748;GH:+0.1162;AraC:+0.0996
742,2,host glycan,host glycan,0.8857142857142857,GH2,GH2;1.B.14;AraC,GH2;1.B.14;AraC;null;HTH,GH2:+0.6333;1.B.14:+0.1861;AraC:+0.0679;null:+0.0679;HTH:+0.0514
743,2,host glycan,host glycan,1.0,GH2,GH2;1.B.14;null,GH2;1.B.14;null;HTH;AraC,GH2:+0.6733;1.B.14:+0.2344;null:+0.1822;HTH:+0.1109;AraC:+0.1004
749,2,host glycan,host glycan,1.0,4.A.6,4.A.6;DeoR;null,4.A.6;DeoR;null;CBM;GH95,4.A.6:+0.1238;DeoR:+0.1119;null:+0.0784;CBM:+0.0781;GH95:+0.0766
754,2,host glycan,host glycan,0.39765427336503756,GH88,GH88;PL8;PL,GH88;PL8;PL;null;GH,GH88:+0.2067;PL8:+0.0839;PL:+0.0318;null:+0.0159;GH:+0.0031
759,2,host glycan,host glycan,1.0,GH88,GH88;4.A.6;PfkB,GH88;4.A.6;PfkB;null;Nitroreductase,GH88:+0.2198;4.A.6:+0.2025;PfkB:+0.1320;null:+0.0682;Nitroreductase:+0.0658
766,2,host glycan,host glycan,1.0,null,null;4.A.3;GH1,null;4.A.3;GH1;GH,null:+0.5492;4.A.3:+0.5343;GH1:+0.3249;GH:+0.0356
775,2,host glycan,host glycan,1.0,CE9,CE9;CE;null,CE9;CE;null;GntR,CE9:+0.5827;CE:+0.1957;null:+0.0259;GntR:+0.0139
789,2,host glycan,host glycan,0.9900767687341883,CBM32,CBM32;GH2;FecR,CBM32;GH2;FecR;2.A.115;CBM,CBM32:+0.1118;GH2:+0.0969;FecR:+0.0840;2.A.115:+0.0804;CBM:+0.0685
790,2,host glycan,host glycan,1.0,CBM32,CBM32;GH2;2.A.115,CBM32;GH2;2.A.115;FecR;CBM,CBM32:+0.1086;GH2:+0.1053;2.A.115:+0.0807;FecR:+0.0788;CBM:+0.0677
791,2,host glycan,host glycan,1.0,CBM32,CBM32;GH29;CBM,CBM32;GH29;CBM;null;GH,CBM32:+0.2659;GH29:+0.1264;CBM:+0.0860;null:+0.0484;GH:+0.0099
796,2,host glycan,host glycan,1.0,CE9,CE9;CE;GntR,CE9;CE;GntR;SIS;4.A.6,CE9:+0.3084;CE:+0.1387;GntR:+0.0811;SIS:+0.0781;4.A.6:+0.0760
802,2,host glycan,host glycan,1.0,GH18,GH18;8.A.46;FecR,GH18;8.A.46;FecR;GH;null,GH18:+0.1822;8.A.46:+0.1093;FecR:+0.0938;GH:+0.0536;null:+0.0409
806,2,host glycan,host glycan,0.9423459244532802,GH163,GH163;GH130;GH92,GH163;GH130;GH92;8.A.46;GH,GH163:+0.1871;GH130:+0.1408;GH92:+0.1150;8.A.46:+0.1117;GH:+0.0792
808,2,host glycan,host glycan,0.8322440087145969,GH2,GH2;GH33;GH20,GH2;GH33;GH20;GH;null,GH2:+0.1458;GH33:+0.1322;GH20:+0.1115;GH:+0.0561;null:+0.0004
809,2,host glycan,xylan,0.1769400114479775,GerE,GerE;null;AraC,GerE;null;AraC;GH,GerE:+0.0741;null:+0.0267;AraC:+0.0026;GH:+0.0019
810,2,host glycan,xylan,0.17547851145441004,GerE,GerE;null;AraC,GerE;null;AraC;GH,GerE:+0.0747;null:+0.0252;AraC:+0.0033;GH:+0.0019
813,2,host glycan,host glycan,1.0,GH88,GH88;4.A.6;PL12,GH88;4.A.6;PL12;PfkB;1,GH88:+0.2420;4.A.6:+0.1536;PL12:+0.0968;PfkB:+0.0833;1:+0.0635
822,2,host glycan,host glycan,0.890625,GH88,GH88;PL12;2,GH88;PL12;2;PL15;PL,GH88:+0.2144;PL12:+0.1246;2:+0.1023;PL15:+0.0883;PL:+0.0782
823,2,host glycan,host glycan,0.904397705544933,GH88,GH88;2;PL,GH88;2;PL;PL12;PL15,GH88:+0.1826;2:+0.1230;PL:+0.1033;PL12:+0.0911;PL15:+0.0765
827,2,host glycan,host glycan,0.9481037924151696,8.A.46,8.A.46;2;PL,8.A.46;2;PL;2.A.6;PL8,8.A.46:+0.0580;2:+0.0577;PL:+0.0511;2.A.6:+0.0489;PL8:+0.0462
830,2,host glycan,host glycan,1.0,GH20,GH20;TetR;N,GH20;TetR;N;GH,GH20:+0.3980;TetR:+0.1370;N:+0.1009;GH:+0.0537
839,2,pectin,pectin,0.9858870967741935,CE,CE;1.B.14;CE1,CE;1.B.14;CE1;null,CE:+0.2457;1.B.14:+0.1747;CE1:+0.1737;null:+0.1137
840,2,pectin,pectin,1.0,CE,CE;GH28;GH105,CE;GH28;GH105;CE12;LacI,CE:+0.0775;GH28:+0.0732;GH105:+0.0661;CE12:+0.0469;LacI:+0.0445
841,2,pectin,pectin,0.7551020408163265,PL10,PL10;CE;CE8,PL10;CE;CE8;PL;1,PL10:+0.1527;CE:+0.1048;CE8:+0.0974;PL:+0.0213;1:+0.0139
842,2,pectin,pectin,1.0,GH3,GH3;GH133;GT4,GH3;GH133;GT4;1.B.14;GT,GH3:+0.2628;GH133:+0.1985;GT4:+0.1880;1.B.14:+0.1680;GT:+0.1645
854,2,pectin,pectin,0.6678260869565218,GH28,GH28;GH105;PL1,GH28;GH105;PL1;CE;CE20,GH28:+0.1050;GH105:+0.0519;PL1:+0.0475;CE:+0.0378;CE20:+0.0362
862,2,pectin,pectin,0.974609375,CE,CE;GH105;CE12,CE;GH105;CE12;GH28;GH42,CE:+0.1114;GH105:+0.0898;CE12:+0.0793;GH28:+0.0746;GH42:+0.0739
863,2,pectin,pectin,0.6829652996845426,GH105,GH105;CE;CE12,GH105;CE;CE12;PL;GH28,GH105:+0.0682;CE:+0.0605;CE12:+0.0580;PL:+0.0439;GH28:+0.0433
872,2,pectin,pectin,0.8842446930412321,GH28,GH28;2.A.56;GH105,GH28;2.A.56;GH105;CE12;PfkB,GH28:+0.1372;2.A.56:+0.0993;GH105:+0.0955;CE12:+0.0864;PfkB:+0.0766
873,2,pectin,pectin,0.9981872002570046,GH92,GH92;GerE;FecR,GH92;GerE;FecR;GH;GH28,GH92:+0.2498;GerE:+0.2374;FecR:+0.2182;GH:+0.1852;GH28:+0.1730
876,2,pectin,pectin,0.5493482309124766,GH28,GH28;GH105;8.A.46,GH28;GH105;8.A.46;PL11;1.B.14,GH28:+0.1728;GH105:+0.0503;8.A.46:+0.0367;PL11:+0.0171;1.B.14:+0.0100
877,2,pectin,host glycan,0.0,,,,
879,2,pectin,pectin,0.3292010522901726,GH28,GH28;2.A.21;1.B.14,GH28;2.A.21;1.B.14;34;GH43,GH28:+0.2078;2.A.21:+0.0351;1.B.14:+0.0158;34:+0.0102;GH43:+0.0099
881,2,pectin,host glycan,0.053906404265122096,null,null;10;HTH,null;10;HTH;GH97;1.B.14,null:+0.0539;10:+0.0226;HTH:+0.0197;GH97:+0.0157;1.B.14:+0.0132
890,2,pectin,pectin,0.6766456400398788,GH140,GH140;1.B.14;HTH,GH140;1.B.14;HTH;AraC,GH140:+0.5178;1.B.14:+0.0759;HTH:+0.0562;AraC:+0.0387
897,2,pectin,pectin,0.9706457925636007,PfkB,PfkB;binding;2.A.21,PfkB;binding;2.A.21;PL9;1.B.35,PfkB:+0.1640;binding:+0.1590;2.A.21:+0.1566;PL9:+0.1362;1.B.35:+0.1356
898,2,pectin,pectin,1.0,CE,CE;GH105;PL,CE;GH105;PL;CE12;1,CE:+0.1270;GH105:+0.0876;PL:+0.0870;CE12:+0.0868;1:+0.0651
911,2,pectin,pectin,0.9858870967741935,CE,CE;1.B.14;CE1,CE;1.B.14;CE1;null,CE:+0.2457;1.B.14:+0.1747;CE1:+0.1737;null:+0.1137
914,2,pectin,host glycan,0.053906404265122096,null,null;10;HTH,null;10;HTH;GH97;1.B.14,null:+0.0539;10:+0.0226;HTH:+0.0197;GH97:+0.0157;1.B.14:+0.0132
917,2,pectin,pectin,1.0,CE,CE;GH105;GH28,CE;GH105;GH28;LacI;PfkB,CE:+0.1070;GH105:+0.1034;GH28:+0.0996;LacI:+0.0870;PfkB:+0.0859
926,2,pectin,pectin,0.9879518072289156,GH105,GH105;LacI;GH28,GH105;LacI;GH28;CE;2.A.56,GH105:+0.1052;LacI:+0.0986;GH28:+0.0928;CE:+0.0633;2.A.56:+0.0584
932,2,pectin,pectin,1.0,PL,PL;PL1;2,PL;PL1;2;TrmB;5,PL:+0.1596;PL1:+0.1536;2:+0.1487;TrmB:+0.0862;5:+0.0832
937,2,xylan,xylan,1.0,GH35,GH35;1.B.14;null,GH35;1.B.14;null;GH,GH35:+0.7518;1.B.14:+0.3616;null:+0.2241;GH:+0.1308
941,2,xylan,xylan,0.5450549450549451,12,12;GH97;GH115,12;GH97;GH115;GH43;10,12:+0.1395;GH97:+0.1104;GH115:+0.0991;GH43:+0.0987;10:+0.0861
942,2,xylan,xylan,0.7966457023060796,GH67,GH67;GH10;AraC,GH67;GH10;AraC;GH;SBP,GH67:+0.1112;GH10:+0.0681;AraC:+0.0674;GH:+0.0564;SBP:+0.0558
947,2,xylan,xylan,0.9861386138613861,7,7;17;GH43,7;17;GH43;CE1;CE,7:+0.1928;17:+0.1575;GH43:+0.1241;CE1:+0.0916;CE:+0.0809
956,2,xylan,xylan,1.0,GH10,GH10;1.B.14;HTH,GH10;1.B.14;HTH;AraC;null,GH10:+0.7090;1.B.14:+0.2315;HTH:+0.2074;AraC:+0.2003;null:+0.0704
967,2,xylan,xylan,0.7351835401203253,7,7;GH3;1,7;GH3;1;GH2;1.B.14,7:+0.1936;GH3:+0.1527;1:+0.1519;GH2:+0.1096;1.B.14:+0.1059
968,2,xylan,xylan,1.0,GH10,GH10;8;AraC,GH10;8;AraC;1.B.14;HTH,GH10:+0.2743;8:+0.1750;AraC:+0.1686;1.B.14:+0.1682;HTH:+0.1573
969,2,xylan,xylan,1.0,8,8;GH30;CBM6,8;GH30;CBM6;GH43;16,8:+0.2709;GH30:+0.2365;CBM6:+0.2045;GH43:+0.1801;16:+0.1563
973,2,xylan,beta-glucan,0.3839122486288848,GH10,GH10;GH;HTH,GH10;GH;HTH;null;1.B.14,GH10:+0.2413;GH:+0.0250;HTH:+0.0193;null:+0.0094;1.B.14:+0.0082
974,2,xylan,xylan,0.9072164948453608,GH67,GH67;LacI;12,GH67;LacI;12;GH43;GH10,GH67:+0.0908;LacI:+0.0902;12:+0.0779;GH43:+0.0569;GH10:+0.0542
992,2,xylan,xylan,0.9861386138613861,7,7;17;GH43,7;17;GH43;CE1;CE,7:+0.1928;17:+0.1575;GH43:+0.1241;CE1:+0.0916;CE:+0.0809
996,2,xylan,xylan,0.9021526418786693,7,7;17;GH43,7;17;GH43;CE1;GH,7:+0.1743;17:+0.1710;GH43:+0.1255;CE1:+0.0628;GH:+0.0624
1003,2,xylan,xylan,0.9285714285714286,GH10,GH10;8;1.B.14,GH10;8;1.B.14;AraC;HTH,GH10:+0.2619;8:+0.1579;1.B.14:+0.1382;AraC:+0.1332;HTH:+0.1270
1007,2,xylan,xylan,1.0,GH3,GH3;GH95;HTH,GH3;GH95;HTH;AraC;GH,GH3:+0.1358;GH95:+0.1329;HTH:+0.1268;AraC:+0.1121;GH:+0.0732
1011,2,xylan,xylan,0.7970135189438026,26,26;13;GH127,26;13;GH127;GH5;GH,26:+0.2378;13:+0.2138;GH127:+0.1582;GH5:+0.1463;GH:+0.1221
1013,2,xylan,xylan,0.8232803919536997,11,11;CE20;LacI,11;CE20;LacI;CBM91;SBP,11:+0.1421;CE20:+0.1256;LacI:+0.1024;CBM91:+0.0975;SBP:+0.0867
1014,2,xylan,xylan,0.9981345543523027,LacI,LacI;12;11,LacI;12;11;GH43;CE20,LacI:+0.1488;12:+0.1159;11:+0.1107;GH43:+0.1062;CE20:+0.0957
1015,2,xylan,xylan,0.9981345543523027,LacI,LacI;12;11,LacI;12;11;GH43;CE20,LacI:+0.1488;12:+0.1159;11:+0.1107;GH43:+0.1062;CE20:+0.0957
1027,2,xylan,xylan,0.705078125,GH10,GH10;GH67;PfkB,GH10;GH67;PfkB;1;SBP,GH10:+0.1233;GH67:+0.0954;PfkB:+0.0447;1:+0.0422;SBP:+0.0403
5,3,alginate,alginate,0.9134020618556701,PL,PL;1;PL6,PL;1;PL6;GntR;3.D.2,PL:+0.1440;1:+0.1021;PL6:+0.0852;GntR:+0.0581;3.D.2:+0.0575
14,3,alginate,alginate,0.988,PL,PL;PL17;PL6,PL;PL17;PL6;GntR;2,PL:+0.2093;PL17:+0.1964;PL6:+0.1102;GntR:+0.0941;2:+0.0744
22,3,alginate,alginate,0.8350730688935282,PL17,PL17;PL;GntR,PL17;PL;GntR;null;2.A.1,PL17:+0.2537;PL:+0.1608;GntR:+0.1173;null:+0.0775;2.A.1:+0.0448
25,3,alginate,alginate,1.0,PL,PL;PL17;PL6,PL;PL17;PL6;2;1,PL:+0.1220;PL17:+0.1044;PL6:+0.0565;2:+0.0495;1:+0.0407
26,3,alginate,alginate,1.0,PL,PL;PL6;PL17,PL;PL6;PL17;1;PL7,PL:+0.1085;PL6:+0.0741;PL17:+0.0529;1:+0.0470;PL7:+0.0418
29,3,alginate,alginate,1.0,PL,PL;PL17;GntR,PL;PL17;GntR;PfkB;binding,PL:+0.1587;PL17:+0.1405;GntR:+0.0711;PfkB:+0.0661;binding:+0.0526
34,3,alginate,alginate,0.8857677902621722,PL17,PL17;PL;PL6,PL17;PL;PL6;PfkB;2,PL17:+0.1498;PL:+0.1391;PL6:+0.1087;PfkB:+0.0552;2:+0.0496
35,3,alginate,alginate,0.9727626459143969,PL,PL;1;PL15,PL;1;PL15;PL7;PL5,PL:+0.1596;1:+0.1540;PL15:+0.1086;PL7:+0.0930;PL5:+0.0690
47,3,alginate,alginate,0.8907407407407406,PL,PL;PL17;PL6,PL;PL17;PL6;1;PL7,PL:+0.0730;PL17:+0.0595;PL6:+0.0339;1:+0.0317;PL7:+0.0238
48,3,alpha-glucan,alpha-glucan,0.9986150049837421,GH97,GH97;GH31;1.B.14,GH97;GH31;1.B.14;8.A.46;GH,GH97:+0.3572;GH31:+0.1619;1.B.14:+0.1356;8.A.46:+0.1241;GH:+0.1105
50,3,alpha-glucan,alpha-glucan,0.9986150049837421,GH66,GH66;GH31;8.A.46,GH66;GH31;8.A.46;GH;1.B.14,GH66:+0.2575;GH31:+0.2241;8.A.46:+0.1546;GH:+0.1268;1.B.14:+0.1127
52,3,alpha-glucan,alpha-glucan,0.9859154929577465,GH97,GH97;GH13;1.B.14,GH97;GH13;1.B.14;GH;null,GH97:+0.2828;GH13:+0.2126;1.B.14:+0.0895;GH:+0.0730;null:+0.0180
55,3,alpha-glucan,alpha-glucan,0.8843594204100891,GH13,GH13;18;GH,GH13;18;GH,GH13:+0.2557;18:+0.1286;GH:+0.0556
66,3,alpha-glucan,alpha-glucan,0.9052281754688134,GH31,GH31;GH;GH97,GH31;GH;GH97;GH66;8.A.46,GH31:+0.0819;GH:+0.0754;GH97:+0.0654;GH66:+0.0609;8.A.46:+0.0256
68,3,alpha-glucan,alpha-glucan,0.7126521506248188,GH77,GH77;LacI;9.B.28,GH77;LacI;9.B.28;8.A.9;GH,GH77:+0.2847;LacI:+0.1482;9.B.28:+0.1017;8.A.9:+0.0311;GH:+0.0230
81,3,alpha-glucan,alpha-glucan,0.9926085525331418,GH97,GH97;GH13;1.B.14,GH97;GH13;1.B.14;GH;8.A.46,GH97:+0.1843;GH13:+0.1528;1.B.14:+0.0863;GH:+0.0480;8.A.46:+0.0421
84,3,alpha-glucan,alpha-glucan,0.7785724994075859,GH13,GH13;20;GH,GH13;20;GH;8.A.9,GH13:+0.2739;20:+0.1317;GH:+0.0437;8.A.9:+0.0399
91,3,alpha-glucan,alpha-glucan,1.0,31,31;GH13;GH,31;GH13;GH;SBP;null,31:+0.2900;GH13:+0.2793;GH:+0.1932;SBP:+0.1799;null:+0.1723
92,3,alpha-glucan,alpha-glucan,1.0,GH97,GH97;1.B.14;GH13,GH97;1.B.14;GH13;GH;46,GH97:+0.1429;1.B.14:+0.0977;GH13:+0.0922;GH:+0.0498;46:+0.0193
93,3,alpha-glucan,alpha-glucan,1.0,GH97,GH97;1.B.14;GH13,GH97;1.B.14;GH13;GH;46,GH97:+0.1355;1.B.14:+0.0923;GH13:+0.0861;GH:+0.0480;46:+0.0214
97,3,alpha-glucan,alpha-glucan,1.0,GH97,GH97;1.B.14;GH13,GH97;1.B.14;GH13;GH;46,GH97:+0.1429;1.B.14:+0.0977;GH13:+0.0922;GH:+0.0498;46:+0.0193
99,3,alpha-glucan,alpha-glucan,0.8859121923813325,GH66,GH66;GH31;8.A.46,GH66;GH31;8.A.46;GH;null,GH66:+0.2513;GH31:+0.2216;8.A.46:+0.1204;GH:+0.1178;null:+0.0262
102,3,alpha-glucan,alpha-glucan,0.9986150049837421,GH66,GH66;GH31;8.A.46,GH66;GH31;8.A.46;GH;1.B.14,GH66:+0.3572;GH31:+0.2781;8.A.46:+0.1967;GH:+0.1505;1.B.14:+0.1418
105,3,alpha-glucan,alpha-glucan,0.5946083686219741,4.A.1,4.A.1;GH32;GH,4.A.1;GH32;GH,4.A.1:+0.3703;GH32:+0.0496;GH:+0.0023
116,3,alpha-glucan,alpha-glucan,0.9859154929577465,GH97,GH97;GH13;1.B.14,GH97;GH13;1.B.14;GH;null,GH97:+0.2828;GH13:+0.2126;1.B.14:+0.0895;GH:+0.0730;null:+0.0180
130,3,alpha-glucan,alpha-glucan,1.0,GH13,GH13;GT;GT5,GH13;GT;GT5;CBM48;GT35,GH13:+0.1358;GT:+0.0734;GT5:+0.0672;CBM48:+0.0671;GT35:+0.0395
131,3,alpha-glucan,alpha-glucan,1.0,GH13,GH13;GT5;CBM48,GH13;GT5;CBM48;GT;9,GH13:+0.1341;GT5:+0.0797;CBM48:+0.0747;GT:+0.0733;9:+0.0338
146,3,alpha-glucan,alpha-glucan,0.996211853751438,LacI,LacI;GH32;4.A.1,LacI;GH32;4.A.1;GH,LacI:+0.4016;GH32:+0.2553;4.A.1:+0.2225;GH:+0.0568
147,3,alpha-glucan,alpha-glucan,0.998088835827797,LacI,LacI;GH32;GH,LacI;GH32;GH;2.A.1,LacI:+0.9946;GH32:+0.2370;GH:+0.0776;2.A.1:+0.0526
156,3,alpha-glucan,alpha-glucan,0.9677419354838709,GH97,GH97;1.B.14;GH13,GH97;1.B.14;GH13;GH;8.A.46,GH97:+0.2655;1.B.14:+0.0970;GH13:+0.0938;GH:+0.0605;8.A.46:+0.0467
157,3,alpha-glucan,alpha-glucan,0.9671457905544147,GH97,GH97;1.B.14;GH13,GH97;1.B.14;GH13;8.A.46;GH,GH97:+0.2611;1.B.14:+0.0888;GH13:+0.0824;8.A.46:+0.0610;GH:+0.0571
165,3,alpha-glucan,alpha-glucan,0.996211853751438,LacI,LacI;GH32;GH,LacI;GH32;GH;4.A.1,LacI:+0.4092;GH32:+0.1806;GH:+0.0614;4.A.1:+0.0507
166,3,alpha-glucan,alpha-glucan,0.996211853751438,LacI,LacI;GH32;null,LacI;GH32;null;GH;3.A.1,LacI:+0.5685;GH32:+0.2730;null:+0.0921;GH:+0.0792;3.A.1:+0.0503
169,3,alpha-glucan,alpha-glucan,0.9195124900977325,LacI,LacI;PfkB;GH32,LacI;PfkB;GH32;18;GH13,LacI:+0.2166;PfkB:+0.2087;GH32:+0.1686;18:+0.1681;GH13:+0.1552
175,3,alpha-glucan,alpha-glucan,1.0,36,36;GH13;SBP,36;GH13;SBP;bac;1,36:+0.2118;GH13:+0.2065;SBP:+0.1263;bac:+0.1121;1:+0.1053
181,3,alpha-mannan,alpha-mannan,0.9926737322887348,GT,GT;GH76;GH125,GT;GH76;GH125;GH;GH130,GT:+0.2162;GH76:+0.1772;GH125:+0.1621;GH:+0.1213;GH130:+0.1147
184,3,alpha-mannan,alpha-mannan,1.0,GH92,GH92;null;1.B.14,GH92;null;1.B.14;GH99;GH,GH92:+0.2679;null:+0.2233;1.B.14:+0.2034;GH99:+0.0943;GH:+0.0933
188,3,alpha-mannan,alpha-mannan,1.0,GH92,GH92;null;1.B.14,GH92;null;1.B.14;GH99;GH,GH92:+0.2679;null:+0.2233;1.B.14:+0.2034;GH99:+0.0943;GH:+0.0933
191,3,alpha-mannan,alpha-mannan,0.9919191919191919,GH92,GH92;1.B.14;null,GH92;1.B.14;null;GH;GH99,GH92:+0.1730;1.B.14:+0.1494;null:+0.1394;GH:+0.0705;GH99:+0.0384
205,3,arabinogalactan,xylan,0.16413527424295052,GH51,GH51;4;GH43,GH51;4;GH43;GH;GH127,GH51:+0.0689;4:+0.0260;GH43:+0.0238;GH:+0.0188;GH127:+0.0185
208,3,arabinogalactan,host glycan,0.23002421307506052,1.B.14,1.B.14;3;HTH,1.B.14;3;HTH;GH16;CBM32,1.B.14:+0.1156;3:+0.1045;HTH:+0.0772;GH16:+0.0738;CBM32:+0.0727
211,3,arabinogalactan,arabinogalactan,0.556237218813906,24,24;GH43;1.B.14,24;GH43;1.B.14;HTH;GH,24:+0.2480;GH43:+0.0938;1.B.14:+0.0920;HTH:+0.0906;GH:+0.0612
213,3,arabinogalactan,arabinogalactan,1.0,4,4;29;GH43,4;29;GH43;1.B.14;GH51,4:+0.2625;29:+0.2294;GH43:+0.2214;1.B.14:+0.1920;GH51:+0.1892
218,3,arabinogalactan,host glycan,0.11185888167407132,GH51,GH51;4;2,GH51;4;2;GH;HTH,GH51:+0.0627;4:+0.0538;2:+0.0503;GH:+0.0231;HTH:+0.0112
224,3,arabinogalactan,arabinogalactan,1.0,GH35,GH35;null;HTH,GH35;null;HTH;24;1.A.30,GH35:+0.2626;null:+0.2377;HTH:+0.2361;24:+0.2151;1.A.30:+0.2045
225,3,arabinogalactan,arabinogalactan,0.9410609037328094,24,24;GH35;null,24;GH35;null;HTH;1.A.30,24:+0.1738;GH35:+0.1696;null:+0.1662;HTH:+0.1587;1.A.30:+0.1451
233,3,arabinogalactan,arabinogalactan,0.2847236931142006,GH51,GH51;3.A.1;GH127,GH51;3.A.1;GH127;GH27,GH51:+0.0854;3.A.1:+0.0375;GH127:+0.0286;GH27:+0.0125
243,3,beta-glucan,beta-glucan,1.0,GH8,GH8;4.D.3;GT2,GH8;4.D.3;GT2;GH,GH8:+0.1757;4.D.3:+0.0944;GT2:+0.0455;GH:+0.0314
248,3,beta-glucan,beta-glucan,1.0,GH1,GH1;4.A.1;GH,GH1;4.A.1;GH,GH1:+0.7823;4.A.1:+0.7430;GH:+0.0731
251,3,beta-glucan,beta-glucan,1.0,LacI,LacI;GH1;Glucokinase,LacI;GH1;Glucokinase;4.A.3;GH,LacI:+0.5228;GH1:+0.4877;Glucokinase:+0.2475;4.A.3:+0.1882;GH:+0.0406
257,3,beta-glucan,beta-glucan,0.5798159686334897,GH16,GH16;GH;8.A.46,GH16;GH;8.A.46;null,GH16:+0.3914;GH:+0.0644;8.A.46:+0.0474;null:+0.0035
265,3,beta-glucan,beta-glucan,1.0,GH16,GH16;null;GH,GH16;null;GH,GH16:+0.4832;null:+0.0870;GH:+0.0690
270,3,beta-glucan,beta-glucan,0.48086964487465256,GH9,GH9;GH,GH9;GH,GH9:+0.2743;GH:+0.0626
274,3,beta-glucan,beta-mannan,0.1147956922063722,GH30,GH30;GH,GH30;GH,GH30:+0.1035;GH:+0.0143
275,3,beta-glucan,beta-glucan,1.0,1.B.14,1.B.14;CBM57;GH2,1.B.14;CBM57;GH2;CBM;null,1.B.14:+0.1316;CBM57:+0.1280;GH2:+0.1257;CBM:+0.1138;null:+0.1033
276,3,beta-glucan,beta-glucan,0.959051724137931,GH5,GH5;1.B.14;4,GH5;1.B.14;4;GH31;GH,GH5:+0.2107;1.B.14:+0.1627;4:+0.1367;GH31:+0.1211;GH:+0.0921
280,3,beta-glucan,beta-glucan,1.0,GH5,GH5;4;GH36,GH5;4;GH36;HTH;1.B.14,GH5:+0.3119;4:+0.2254;GH36:+0.1550;HTH:+0.1536;1.B.14:+0.1483
283,3,beta-glucan,beta-glucan,1.0,GH3,GH3;GH158;GerE,GH3;GH158;GerE;GH;1.B.14,GH3:+0.3862;GH158:+0.3462;GerE:+0.3272;GH:+0.2220;1.B.14:+0.1818
286,3,beta-glucan,beta-glucan,1.0,3,3;GH30;GH3,3;GH30;GH3;1.B.14;GH,3:+0.2941;GH30:+0.1702;GH3:+0.1457;1.B.14:+0.1250;GH:+0.0800
291,3,beta-glucan,beta-glucan,0.9877800407331976,GH3,GH3;GH16;1.B.14,GH3;GH16;1.B.14;GH;8.A.46,GH3:+0.2265;GH16:+0.1475;1.B.14:+0.1319;GH:+0.0982;8.A.46:+0.0925
292,3,beta-glucan,beta-glucan,0.9986150049837421,GH3,GH3;GH16;GH,GH3;GH16;GH;1.B.14;8.A.46,GH3:+0.2297;GH16:+0.2297;GH:+0.1112;1.B.14:+0.1099;8.A.46:+0.0465
294,3,beta-glucan,beta-glucan,0.9877800407331976,GH3,GH3;GH16;1.B.14,GH3;GH16;1.B.14;GH;8.A.46,GH3:+0.2265;GH16:+0.1475;1.B.14:+0.1319;GH:+0.0982;8.A.46:+0.0925
301,3,beta-glucan,beta-glucan,0.5730337078651685,4,4;GH5;null,4;GH5;null;GH,4:+0.2600;GH5:+0.2102;null:+0.0431;GH:+0.0195
320,3,beta-glucan,beta-glucan,0.4111111111111111,GH5,GH5;1.B.14;GH,GH5;1.B.14;GH;GH36;HTH,GH5:+0.1977;1.B.14:+0.0803;GH:+0.0299;GH36:+0.0263;HTH:+0.0237
329,3,beta-glucan,beta-glucan,0.9653345483636826,GH5,GH5;GH31;4,GH5;GH31;4;GH3;GH,GH5:+0.1897;GH31:+0.1433;4:+0.1325;GH3:+0.1131;GH:+0.0855
335,3,beta-glucan,beta-glucan,0.7339449541284404,GH31,GH31;GH5;4,GH31;GH5;4;1.B.14;GH,GH31:+0.1152;GH5:+0.1103;4:+0.1045;1.B.14:+0.0991;GH:+0.0576
336,3,beta-glucan,host glycan,0.0017566176025198372,,,,
340,3,beta-glucan,beta-glucan,0.8290901040513615,GH3,GH3;GH16;GH,GH3;GH16;GH;8.A.46;1.B.14,GH3:+0.2255;GH16:+0.1586;GH:+0.1001;8.A.46:+0.0907;1.B.14:+0.0837
343,3,beta-glucan,beta-glucan,0.5529661016949152,GH31,GH31;1.B.14;GH,GH31;1.B.14;GH;GH9;GH26,GH31:+0.1721;1.B.14:+0.0941;GH:+0.0875;GH9:+0.0811;GH26:+0.0518
345,3,beta-glucan,beta-glucan,0.9986660482308061,GH3,GH3;GH5;GH31,GH3;GH5;GH31;4;HTH,GH3:+0.1375;GH5:+0.1182;GH31:+0.1148;4:+0.1110;HTH:+0.0855
351,3,beta-glucan,beta-glucan,0.6635071090047393,GH73,GH73;9.B.154;null,GH73;9.B.154;null;GH,GH73:+0.2761;9.B.154:+0.2451;null:+0.0368;GH:+0.0171
358,3,beta-mannan,beta-mannan,0.5013020833333348,LacI,LacI;2.A.2;GH2,LacI;2.A.2;GH2;GH,LacI:+0.5013;2.A.2:+0.1790;GH2:+0.1725;GH:+0.0115
369,3,beta-mannan,beta-mannan,0.6076512886735529,4.A.3,4.A.3;GH1;GH,4.A.3;GH1;GH,4.A.3:+0.4088;GH1:+0.2587;GH:+0.0185
371,3,beta-mannan,beta-mannan,0.9982433823974802,GH26,GH26;4.A.3;GntR,GH26;4.A.3;GntR;GH;null,GH26:+0.4684;4.A.3:+0.3650;GntR:+0.2784;GH:+0.2050;null:+0.1513
385,3,beta-mannan,beta-mannan,1.0,GH130,GH130;GH26;2.A.2,GH130;GH26;2.A.2;1;GH,GH130:+0.3079;GH26:+0.2204;2.A.2:+0.1963;1:+0.1860;GH:+0.1332
386,3,beta-mannan,beta-mannan,0.8140417457305502,GH130,GH130;GH26;2.A.2,GH130;GH26;2.A.2;GH;null,GH130:+0.2701;GH26:+0.2226;2.A.2:+0.1206;GH:+0.0911;null:+0.0100
387,3,beta-mannan,beta-mannan,0.5076923076923077,GH130,GH130;GH26;AraC,GH130;GH26;AraC;GH;HTH,GH130:+0.2259;GH26:+0.1719;AraC:+0.0830;GH:+0.0507;HTH:+0.0367
388,3,beta-mannan,beta-mannan,0.5157116451016636,CE7,CE7;CE;HTH,CE7;CE;HTH;AraC;GH26,CE7:+0.2213;CE:+0.0928;HTH:+0.0853;AraC:+0.0850;GH26:+0.0528
395,3,beta-mannan,beta-mannan,0.971252566735113,2,2;1;GH130,2;1;GH130;GH26;CE7,2:+0.2064;1:+0.1656;GH130:+0.1568;GH26:+0.1083;CE7:+0.0732
398,3,beta-mannan,beta-mannan,0.5486143108763425,GH130,GH130;GH26;GH27,GH130;GH26;GH27;GH5;GH,GH130:+0.1408;GH26:+0.0961;GH27:+0.0729;GH5:+0.0344;GH:+0.0325
405,3,beta-mannan,beta-mannan,0.942,GH130,GH130;GH26;AraC,GH130;GH26;AraC;1;HTH,GH130:+0.1973;GH26:+0.1768;AraC:+0.1091;1:+0.1018;HTH:+0.0793
413,3,beta-mannan,beta-mannan,0.7362063090629212,GH130,GH130;GH26;GH27,GH130;GH26;GH27;AraC;HTH,GH130:+0.1655;GH26:+0.1467;GH27:+0.0919;AraC:+0.0713;HTH:+0.0621
417,3,beta-mannan,beta-mannan,0.9821428571428571,GH130,GH130;GH26;2.A.2,GH130;GH26;2.A.2;HTH;AraC,GH130:+0.2753;GH26:+0.2356;2.A.2:+0.1481;HTH:+0.1306;AraC:+0.1244
419,3,beta-mannan,beta-mannan,0.9118852459016392,GH130,GH130;GH26;2.A.2,GH130;GH26;2.A.2;HTH;GH,GH130:+0.1958;GH26:+0.1764;2.A.2:+0.1111;HTH:+0.0821;GH:+0.0726
424,3,beta-mannan,galactan,0.1727279538473065,GH42,GH42;3.A.1,GH42;3.A.1,GH42:+0.0710;3.A.1:+0.0290
425,3,chitin,chitin,1.0,1.B.25,1.B.25;GH20;null,1.B.25;GH20;null;GH,1.B.25:+0.6857;GH20:+0.4258;null:+0.2737;GH:+0.0755
437,3,chitin,chitin,1.0,4.A.3,4.A.3;GH4;AraC,4.A.3;GH4;AraC;HTH;GH,4.A.3:+0.7466;GH4:+0.2648;AraC:+0.1356;HTH:+0.0543;GH:+0.0223
438,3,chitin,chitin,1.0,4.A.3,4.A.3;GH4;AraC,4.A.3;GH4;AraC;HTH;GH,4.A.3:+1.0000;GH4:+0.2569;AraC:+0.1539;HTH:+0.0781;GH:+0.0203
445,3,chitin,chitin,1.0,GH18,GH18;CBM;GH,GH18;CBM;GH;CBM5;AA10,GH18:+0.1883;CBM:+0.1009;GH:+0.0851;CBM5:+0.0638;AA10:+0.0221
451,3,chitin,host glycan,0.26338607447688756,PIG-L,PIG-L;GH18;GH,PIG-L;GH18;GH;null;3.A.1,PIG-L:+0.1789;GH18:+0.0556;GH:+0.0284;null:+0.0091;3.A.1:+0.0023
463,3,chitin,chitin,1.0,4.A.3,4.A.3;GH4;AraC,4.A.3;GH4;AraC;GH;HTH,4.A.3:+0.6725;GH4:+0.2927;AraC:+0.0922;GH:+0.0262;HTH:+0.0242
466,3,chitin,chitin,0.9742063492063492,AA10,AA10;AA;GH18,AA10;AA;GH18;1;1.E.2,AA10:+0.2012;AA:+0.1634;GH18:+0.1451;1:+0.1343;1.E.2:+0.1129
470,3,chitin,chitin,1.0,4.A.3,4.A.3;GH4;AraC,4.A.3;GH4;AraC;HTH;GH,4.A.3:+0.7466;GH4:+0.2648;AraC:+0.1356;HTH:+0.0543;GH:+0.0223
476,3,chitin,chitin,1.0,4.A.3,4.A.3;GH4;AraC,4.A.3;GH4;AraC;GH;HTH,4.A.3:+0.6725;GH4:+0.2927;AraC:+0.0922;GH:+0.0262;HTH:+0.0242
480,3,chitin,chitin,1.0,4.A.3,4.A.3;GH4;AraC,4.A.3;GH4;AraC;GH;HTH,4.A.3:+0.6272;GH4:+0.2970;AraC:+0.0892;GH:+0.0262;HTH:+0.0222
484,3,chitin,chitin,1.0,4.A.3,4.A.3;GH4;AraC,4.A.3;GH4;AraC;null;HTH,4.A.3:+0.6725;GH4:+0.2758;AraC:+0.2075;null:+0.1414;HTH:+0.1173
486,3,chitin,beta-glucan,0.0,,,,
493,3,fructan,fructan,0.9965070869575583,GH32,GH32;GH;1.B.14,GH32;GH;1.B.14;null,GH32:+0.6838;GH:+0.2442;1.B.14:+0.1994;null:+0.1599
501,3,fructan,fructan,0.9965070869575583,GH68,GH68;2.A.3;GH32,GH68;2.A.3;GH32;GH,GH68:+0.2888;2.A.3:+0.2664;GH32:+0.2464;GH:+0.2053
503,3,fructan,alpha-glucan,0.2561646213099038,null,null;GH32;3.A.1,null;GH32;3.A.1;GH;HTH,null:+0.1222;GH32:+0.1001;3.A.1:+0.0853;GH:+0.0156;HTH:+0.0116
504,3,fructan,fructan,0.8341137749888962,GH32,GH32;PfkB;GH,GH32;PfkB;GH;AraC;HTH,GH32:+0.3167;PfkB:+0.1048;GH:+0.0869;AraC:+0.0663;HTH:+0.0494
510,3,fructan,fructan,0.9965066928362172,null,null;4.A.1;LacI,null;4.A.1;LacI;GH32;GH,null:+0.9927;4.A.1:+0.8710;LacI:+0.5131;GH32:+0.4195;GH:+0.0595
511,3,fructan,fructan,0.9965070869575583,GH32,GH32;GH;1.B.14,GH32;GH;1.B.14;null,GH32:+0.7200;GH:+0.2993;1.B.14:+0.2423;null:+0.1826
515,3,fructan,fructan,0.5370883247344483,null,null;LacI;GH32,null;LacI;GH32;4.A.1;GH,null:+0.3916;LacI:+0.2021;GH32:+0.1901;4.A.1:+0.1632;GH:+0.0414
521,3,galactan,galactan,0.9486166007905138,16,16;GH16;GH,16;GH16;GH;null,16:+0.6273;GH16:+0.3634;GH:+0.0593;null:+0.0407
522,3,galactan,beta-mannan,0.05483400185411256,1.B.52,1.B.52;LacI,1.B.52;LacI,1.B.52:+0.0548;LacI:+0.0007
526,3,galactan,galactan,0.9962760555206267,GH42,GH42;LacI;3.A.1,GH42;LacI;3.A.1;GH,GH42:+0.8186;LacI:+0.7136;3.A.1:+0.6400;GH:+0.0630
533,3,galactan,galactan,0.41670505515820117,GH117,GH117;16;GH16,GH117;16;GH16;GH50;null,GH117:+0.0885;16:+0.0798;GH16:+0.0360;GH50:+0.0291;null:+0.0278
536,3,galactan,galactan,0.7039586919104991,GntR,GntR;2.A.1;null,GntR;2.A.1;null;GH16;1.B.14,GntR:+0.1726;2.A.1:+0.1168;null:+0.1137;GH16:+0.1022;1.B.14:+0.0696
541,3,galactan,galactan,0.3140147069390884,GH16,GH16;GH117;null,GH16;GH117;null;GH2;GH,GH16:+0.1195;GH117:+0.0718;null:+0.0465;GH2:+0.0362;GH:+0.0358
546,3,galactan,galactan,1.0,2.A.2,2.A.2;GH2;null,2.A.2;GH2;null;GH;GH36,2.A.2:+0.3630;GH2:+0.3164;null:+0.2290;GH:+0.0646;GH36:+0.0567
558,3,galactan,galactan,1.0,18,18;3.A.1;GH36,18;3.A.1;GH36;GH13;31,18:+0.3301;3.A.1:+0.2109;GH36:+0.1769;GH13:+0.1542;31:+0.1048
559,3,galactan,galactan,1.0,GH4,GH4;AraC;HTH,GH4;AraC;HTH;GH,GH4:+0.6053;AraC:+0.4286;HTH:+0.4069;GH:+0.0418
560,3,galactan,galactan,1.0,GH4,GH4;AraC;HTH,GH4;AraC;HTH;GH,GH4:+0.5188;AraC:+0.3415;HTH:+0.3028;GH:+0.0383
567,3,galactan,galactan,0.9962760555206267,GH42,GH42;LacI;3.A.1,GH42;LacI;3.A.1;GH,GH42:+0.8186;LacI:+0.7136;3.A.1:+0.6400;GH:+0.0630
572,3,galactan,galactan,0.5155131264916467,GH36,GH36;MarR;3.A.1,GH36;MarR;3.A.1;null;GH,GH36:+0.3561;MarR:+0.1580;3.A.1:+0.0568;null:+0.0449;GH:+0.0396
582,3,galactan,galactan,0.6273383827811294,2.A.2,2.A.2;GH;GH42,2.A.2;GH;GH42;null;GH2,2.A.2:+0.2348;GH:+0.1067;GH42:+0.0948;null:+0.0310;GH2:+0.0230
587,3,galactan,galactan,0.8565932499117935,null,null;GH42;LacI,null;GH42;LacI;bac;SBP,null:+0.7117;GH42:+0.4520;LacI:+0.2819;bac:+0.1974;SBP:+0.1718
594,3,host glycan,host glycan,0.8994082840236687,GH29,GH29;CBM32;GH2,GH29;CBM32;GH2;GH20;null,GH29:+0.0749;CBM32:+0.0617;GH2:+0.0597;GH20:+0.0426;null:+0.0372
602,3,host glycan,host glycan,0.8598130841121495,GH33,GH33;CBM93;HTH,GH33;CBM93;HTH;CBM;2.A.4,GH33:+0.0774;CBM93:+0.0730;HTH:+0.0441;CBM:+0.0390;2.A.4:+0.0387
603,3,host glycan,beta-glucan,0.14047619047619045,GH18,GH18;1.B.14;null,GH18;1.B.14;null,GH18:+0.1137;1.B.14:+0.0258;null:+0.0060
609,3,host glycan,host glycan,0.5084734681068075,GH20,GH20;GH29;GH18,GH20;GH29;GH18;GH92;GH,GH20:+0.1097;GH29:+0.0922;GH18:+0.0288;GH92:+0.0248;GH:+0.0052
613,3,host glycan,host glycan,0.9670103092783505,GH2,GH2;2.A.115;GH20,GH2;2.A.115;GH20;null;1.C.39,GH2:+0.1189;2.A.115:+0.0898;GH20:+0.0814;null:+0.0633;1.C.39:+0.0478
619,3,host glycan,host glycan,1.0,CE9,CE9;CE;4.A.1,CE9;CE;4.A.1,CE9:+0.6098;CE:+0.2251;4.A.1:+0.0099
623,3,host glycan,beta-mannan,0.391241927484946,GH,GH,GH,GH:+0.0028
631,3,host glycan,host glycan,0.8306772908366533,8.A.46,8.A.46;GH18;null,8.A.46;GH18;null;GH,8.A.46:+0.2589;GH18:+0.2161;null:+0.0703;GH:+0.0424
640,3,host glycan,host glycan,0.979757085020243,GH20,GH20;GH33;GH2,GH20;GH33;GH2;CBM93;GH,GH20:+0.0946;GH33:+0.0763;GH2:+0.0734;CBM93:+0.0703;GH:+0.0559
641,3,host glycan,host glycan,0.9860834990059641,GH20,GH20;GH33;CBM93,GH20;GH33;CBM93;GH;CE20,GH20:+0.0892;GH33:+0.0717;CBM93:+0.0691;GH:+0.0512;CE20:+0.0488
647,3,host glycan,host glycan,1.0,CE9,CE9;GH20;GH2,CE9;GH20;GH2;CE;GH,CE9:+0.1298;GH20:+0.0857;GH2:+0.0628;CE:+0.0564;GH:+0.0479
649,3,host glycan,host glycan,1.0,CE9,CE9;CE;4.A.1,CE9;CE;4.A.1,CE9:+0.6098;CE:+0.2251;4.A.1:+0.0099
662,3,host glycan,host glycan,1.0,GH18,GH18;8.A.46;FecR,GH18;8.A.46;FecR;1.B.14;GH,GH18:+0.1824;8.A.46:+0.1684;FecR:+0.0857;1.B.14:+0.0565;GH:+0.0461
665,3,host glycan,host glycan,0.7642857142857143,FecR,FecR;GerE;GH20,FecR;GerE;GH20;GH,FecR:+0.1720;GerE:+0.1112;GH20:+0.0391;GH:+0.0202
670,3,host glycan,host glycan,1.0,3.A.1,3.A.1;GH112;GH136,3.A.1;GH112;GH136;HTH;AraC,3.A.1:+0.2429;GH112:+0.2304;GH136:+0.1849;HTH:+0.1481;AraC:+0.1343
673,3,host glycan,host glycan,0.9982433823974802,null,null;GH1;GH,null;GH1;GH,null:+0.4246;GH1:+0.2767;GH:+0.0452
680,3,host glycan,host glycan,0.9981834119424802,GH18,GH18;8.A.46;1.B.14,GH18;8.A.46;1.B.14;FecR;null,GH18:+0.2703;8.A.46:+0.2231;1.B.14:+0.0993;FecR:+0.0675;null:+0.0581
695,3,host glycan,host glycan,0.979757085020243,GH20,GH20;GH33;GH2,GH20;GH33;GH2;CBM93;GH,GH20:+0.0946;GH33:+0.0763;GH2:+0.0734;CBM93:+0.0703;GH:+0.0559
700,3,host glycan,host glycan,0.9720558882235528,GH2,GH2;GH20;2.A.115,GH2;GH20;2.A.115;Pribosyltran;null,GH2:+0.0789;GH20:+0.0628;2.A.115:+0.0591;Pribosyltran:+0.0428;null:+0.0425
706,3,host glycan,host glycan,0.9899799599198397,GH2,GH2;GH20;2.A.115,GH2;GH20;2.A.115;Pribosyltran;null,GH2:+0.1051;GH20:+0.0811;2.A.115:+0.0758;Pribosyltran:+0.0639;null:+0.0579
708,3,host glycan,host glycan,0.9205456751398218,GH2,GH2;GH33;GH,GH2;GH33;GH;GH20,GH2:+0.1294;GH33:+0.0984;GH:+0.0628;GH20:+0.0284
727,3,host glycan,host glycan,0.8081180811808117,CBM32,CBM32;CBM;null,CBM32;CBM;null,CBM32:+0.3464;CBM:+0.1397;null:+0.0478
732,3,host glycan,host glycan,0.9362934362934362,CE9,CE9;CE;SIS,CE9;CE;SIS,CE9:+0.4363;CE:+0.1801;SIS:+0.0116
734,3,host glycan,host glycan,0.9920318725099602,CE9,CE9;CE;4.A.6,CE9;CE;4.A.6;SIS;GntR,CE9:+0.3193;CE:+0.1171;4.A.6:+0.1064;SIS:+0.0693;GntR:+0.0647
745,3,host glycan,host glycan,0.9859154929577465,GH88,GH88;PL;PL12,GH88;PL;PL12;2.A.1;2,GH88:+0.2934;PL:+0.1498;PL12:+0.1117;2.A.1:+0.1032;2:+0.0999
747,3,host glycan,host glycan,1.0,CE9,CE9;CE;4.A.6,CE9;CE;4.A.6;DeoR;SIS,CE9:+0.2100;CE:+0.0394;4.A.6:+0.0360;DeoR:+0.0241;SIS:+0.0200
748,3,host glycan,host glycan,1.0,CE9,CE9;CE;4.A.6,CE9;CE;4.A.6;DeoR;SIS,CE9:+0.2100;CE:+0.0431;4.A.6:+0.0260;DeoR:+0.0200;SIS:+0.0160
751,3,host glycan,host glycan,1.0,DeoR,DeoR;PfkB;GH31,DeoR;PfkB;GH31;1.B.35;13,DeoR:+0.2766;PfkB:+0.2198;GH31:+0.2038;1.B.35:+0.1932;13:+0.1735
756,3,host glycan,host glycan,1.0,CE9,CE9;CE,CE9;CE,CE9:+0.5050;CE:+0.1966
762,3,host glycan,host glycan,1.0,GH33,GH33;CBM93;GH20,GH33;CBM93;GH20;CE20;CE,GH33:+0.1571;CBM93:+0.1373;GH20:+0.1259;CE20:+0.1040;CE:+0.0681
768,3,host glycan,host glycan,1.0,CE9,CE9;CE;4.A.6,CE9;CE;4.A.6;DeoR;SIS,CE9:+0.2100;CE:+0.0431;4.A.6:+0.0260;DeoR:+0.0200;SIS:+0.0160
769,3,host glycan,host glycan,1.0,CE9,CE9;CE;4.A.6,CE9;CE;4.A.6;DeoR;SIS,CE9:+0.2100;CE:+0.0394;4.A.6:+0.0360;DeoR:+0.0241;SIS:+0.0200
774,3,host glycan,host glycan,0.7528089887640449,GH33,GH33;CBM93;GH20,GH33;CBM93;GH20;8.A.46;CBM,GH33:+0.1789;CBM93:+0.1731;GH20:+0.0618;8.A.46:+0.0248;CBM:+0.0245
776,3,host glycan,host glycan,0.9960079840319361,GH88,GH88;4.A.6;PL12,GH88;4.A.6;PL12;PfkB;GH,GH88:+0.2404;4.A.6:+0.1041;PL12:+0.0983;PfkB:+0.0631;GH:+0.0464
777,3,host glycan,host glycan,0.9881615565414249,GH92,GH92;CE;CBM67,GH92;CE;CBM67;GH;CE20,GH92:+0.1212;CE:+0.1109;CBM67:+0.1048;GH:+0.1040;CE20:+0.1005
779,3,host glycan,host glycan,0.8550812583183327,GH92,GH92;CBM67;CE20,GH92;CBM67;CE20;GH;CE,GH92:+0.1469;CBM67:+0.1096;CE20:+0.1055;GH:+0.1036;CE:+0.0975
781,3,host glycan,host glycan,1.0,GH18,GH18;8.A.46;1.B.14,GH18;8.A.46;1.B.14;GerE;GH,GH18:+0.1667;8.A.46:+0.1297;1.B.14:+0.0741;GerE:+0.0530;GH:+0.0404
786,3,host glycan,host glycan,1.0,GH2,GH2;null;GH,GH2;null;GH,GH2:+0.4885;null:+0.0786;GH:+0.0705
788,3,host glycan,host glycan,1.0,CBM32,CBM32;GH2;FecR,CBM32;GH2;FecR;2.A.115;CBM,CBM32:+0.1044;GH2:+0.0759;FecR:+0.0663;2.A.115:+0.0643;CBM:+0.0522
792,3,host glycan,host glycan,0.9980475089993847,GH92,GH92;CE;CBM67,GH92;CE;CBM67;GH;CE20,GH92:+0.1220;CE:+0.1122;CBM67:+0.1059;GH:+0.1056;CE20:+0.1033
793,3,host glycan,host glycan,0.8550812583183327,GH92,GH92;CBM67;CE20,GH92;CBM67;CE20;GH;CE,GH92:+0.1469;CBM67:+0.1096;CE20:+0.1055;GH:+0.1036;CE:+0.0975
795,3,host glycan,host glycan,1.0,CE9,CE9;CE,CE9;CE,CE9:+0.5461;CE:+0.1324
800,3,host glycan,host glycan,1.0,GH18,GH18;8.A.46;1.B.14,GH18;8.A.46;1.B.14;FecR;GH,GH18:+0.1804;8.A.46:+0.1681;1.B.14:+0.0712;FecR:+0.0711;GH:+0.0461
803,3,host glycan,host glycan,1.0,GH112,GH112;null;3.A.1,GH112;null;3.A.1;0043669;GH,GH112:+0.2506;null:+0.2025;3.A.1:+0.1973;0043669:+0.1851;GH:+0.0740
820,3,host glycan,host glycan,0.8757062146892656,GH88,GH88;PL12;PL,GH88;PL12;PL;2.A.1;1.B.14,GH88:+0.2918;PL12:+0.1032;PL:+0.0831;2.A.1:+0.0818;1.B.14:+0.0615
821,3,host glycan,host glycan,0.9859154929577465,GH88,GH88;PL;PL12,GH88;PL;PL12;2.A.1;2,GH88:+0.2934;PL:+0.1498;PL12:+0.1117;2.A.1:+0.1032;2:+0.0999
824,3,host glycan,host glycan,0.48058252427184467,PL8,PL8;8.A.46;1.B.14,PL8;8.A.46;1.B.14;null;AraC,PL8:+0.1736;8.A.46:+0.0890;1.B.14:+0.0176;null:+0.0160;AraC:+0.0118
826,3,host glycan,host glycan,1.0,PL29,PL29;1.B.14;PL,PL29;1.B.14;PL;GH2;8.A.46,PL29:+0.1072;1.B.14:+0.1017;PL:+0.0988;GH2:+0.0941;8.A.46:+0.0905
832,3,pectin,pectin,0.6684587813620071,GH140,GH140;1.B.14;AraC,GH140;1.B.14;AraC;HTH;null,GH140:+0.5074;1.B.14:+0.1068;AraC:+0.0943;HTH:+0.0745;null:+0.0147
836,3,pectin,pectin,0.6124567474048442,GH144,GH144;1.B.14;null,GH144;1.B.14;null,GH144:+0.3252;1.B.14:+0.0223;null:+0.0094
845,3,pectin,pectin,0.875153273863625,GH140,GH140;GH5;GH130,GH140;GH5;GH130;2;5,GH140:+0.1930;GH5:+0.1262;GH130:+0.1249;2:+0.1193;5:+0.1193
850,3,pectin,pectin,0.911708253358925,CE,CE;GH105;LacI,CE;GH105;LacI;CE12;GH28,CE:+0.1032;GH105:+0.0825;LacI:+0.0754;CE12:+0.0701;GH28:+0.0670
853,3,pectin,pectin,1.0,GerE,GerE;GH92;FecR,GerE;GH92;FecR;GH;GH28,GerE:+0.3086;GH92:+0.2721;FecR:+0.2391;GH:+0.1917;GH28:+0.1450
859,3,pectin,pectin,0.9073724007561436,GH105,GH105;CE;CE12,GH105;CE;CE12;2;GH28,GH105:+0.0905;CE:+0.0617;CE12:+0.0585;2:+0.0542;GH28:+0.0513
860,3,pectin,pectin,0.9979838709677419,GH105,GH105;CE12;CE,GH105;CE12;CE;CE8;PL1,GH105:+0.1084;CE12:+0.1045;CE:+0.0963;CE8:+0.0632;PL1:+0.0578
875,3,pectin,galactan,0.0,,,,
885,3,pectin,pectin,0.875153273863625,GH140,GH140;GH5;GH130,GH140;GH5;GH130;2;5,GH140:+0.1930;GH5:+0.1262;GH130:+0.1249;2:+0.1193;5:+0.1193
888,3,pectin,pectin,0.8472727272727273,18,18;GH140;GH28,18;GH140;GH28;GH33;GH95,18:+0.1616;GH140:+0.1181;GH28:+0.1149;GH33:+0.0854;GH95:+0.0839
901,3,pectin,pectin,0.811111111111111,GH28,GH28;2.A.66;1.B.14,GH28;2.A.66;1.B.14,GH28:+0.3154;2.A.66:+0.1339;1.B.14:+0.0947
902,3,pectin,pectin,1.0,GH3,GH3;1.B.14;null,GH3;1.B.14;null;8.A.46;GH,GH3:+0.4465;1.B.14:+0.3719;null:+0.2723;8.A.46:+0.1832;GH:+0.0226
905,3,pectin,pectin,0.9979919678714859,CE,CE;CE20;1.B.14,CE;CE20;1.B.14;null,CE:+0.2727;CE20:+0.2141;1.B.14:+0.2068;null:+0.1536
910,3,pectin,pectin,0.9820717131474104,CE,CE;1.B.14;CE1,CE;1.B.14;CE1;null,CE:+0.2554;1.B.14:+0.2123;CE1:+0.1651;null:+0.1054
913,3,pectin,pectin,0.28523489932885904,GH105,GH105;PL1;PL,GH105;PL1;PL;HTH;3.A.1,GH105:+0.1006;PL1:+0.0982;PL:+0.0458;HTH:+0.0045;3.A.1:+0.0017
915,3,pectin,pectin,1.0,GH28,GH28;2.A.56;CE,GH28;2.A.56;CE;GH105;LacI,GH28:+0.1071;2.A.56:+0.1014;CE:+0.0984;GH105:+0.0872;LacI:+0.0801
916,3,pectin,pectin,1.0,CE,CE;GH28;2.A.56,CE;GH28;2.A.56;GH105;LacI,CE:+0.1017;GH28:+0.1016;2.A.56:+0.1012;GH105:+0.0889;LacI:+0.0799
920,3,pectin,pectin,0.978374887194097,18,18;GH95;GH,18;GH95;GH;GH106;GH33,18:+0.1443;GH95:+0.0861;GH:+0.0856;GH106:+0.0810;GH33:+0.0803
924,3,pectin,pectin,0.7494949494949495,PL10,PL10;CE;CE8,PL10;CE;CE8;1;PL,PL10:+0.1926;CE:+0.1367;CE8:+0.1302;1:+0.0590;PL:+0.0252
931,3,pectin,pectin,1.0,PL,PL;CE;CE12,PL;CE;CE12;GH42;HTH,PL:+0.1558;CE:+0.1549;CE12:+0.1542;GH42:+0.1516;HTH:+0.1481
938,3,xylan,xylan,0.7012992760740061,11,11;2.A.2;GH43,11;2.A.2;GH43;CBM91;CBM,11:+0.2760;2.A.2:+0.1986;GH43:+0.1644;CBM91:+0.0431;CBM:+0.0373
939,3,xylan,host glycan,0.14047619047619045,GH20,GH20;8.A.46;1.B.14,GH20;8.A.46;1.B.14;GH,GH20:+0.0982;8.A.46:+0.0687;1.B.14:+0.0658;GH:+0.0078
946,3,xylan,xylan,1.0,7,7;17;GH43,7;17;GH43;CE;CE1,7:+0.2324;17:+0.2063;GH43:+0.1744;CE:+0.0947;CE1:+0.0946
948,3,xylan,xylan,0.9289940828402367,17,17;7;GH43,17;7;GH43;CE1;CE,17:+0.1345;7:+0.1330;GH43:+0.1271;CE1:+0.0842;CE:+0.0674
950,3,xylan,xylan,0.9147286821705426,7,7;17;GH43,7;17;GH43;2;CE,7:+0.2200;17:+0.1602;GH43:+0.1455;2:+0.0887;CE:+0.0763
951,3,xylan,xylan,0.5311973018549747,GH10,GH10;GH;CE6,GH10;GH;CE6;GH5;21,GH10:+0.2130;GH:+0.0504;CE6:+0.0364;GH5:+0.0345;21:+0.0243
958,3,xylan,xylan,0.8813944105794858,GH97,GH97;10;12,GH97;10;12;GH43;GH67,GH97:+0.0722;10:+0.0646;12:+0.0638;GH43:+0.0597;GH67:+0.0593
963,3,xylan,xylan,0.7716873340426103,GH128,GH128;19;GH43,GH128;19;GH43;1.B.14;null,GH128:+0.3345;19:+0.1594;GH43:+0.1484;1.B.14:+0.1358;null:+0.1138
965,3,xylan,xylan,0.573394495412844,8.A.46,8.A.46;CBM32;GH20,8.A.46;CBM32;GH20;1.B.14;CBM,8.A.46:+0.3426;CBM32:+0.2866;GH20:+0.2347;1.B.14:+0.1628;CBM:+0.1415
978,3,xylan,xylan,0.7012992760740061,11,11;2.A.2;GH43,11;2.A.2;GH43;CBM91;CBM,11:+0.2760;2.A.2:+0.1986;GH43:+0.1644;CBM91:+0.0431;CBM:+0.0373
986,3,xylan,xylan,0.8350065514738461,GH128,GH128;GH43;GH51,GH128;GH43;GH51;1.B.14;19,GH128:+0.2409;GH43:+0.1547;GH51:+0.1479;1.B.14:+0.1446;19:+0.1234
987,3,xylan,xylan,0.5803615799845772,GH10,GH10;2.A.2;12,GH10;2.A.2;12;1;GH,GH10:+0.1902;2.A.2:+0.0504;12:+0.0359;1:+0.0298;GH:+0.0237
994,3,xylan,xylan,1.0,7,7;17;GH43,7;17;GH43;CE1;CE,7:+0.2340;17:+0.2004;GH43:+0.1747;CE1:+0.0946;CE:+0.0893
999,3,xylan,xylan,1.0,GH10,GH10;1.B.14;AraC,GH10;1.B.14;AraC;HTH;null,GH10:+0.7669;1.B.14:+0.2292;AraC:+0.1866;HTH:+0.1803;null:+0.0866
1005,3,xylan,xylan,0.9981872002570046,11,11;2.A.2;CBM91,11;2.A.2;CBM91;GH43;null,11:+0.3905;2.A.2:+0.2761;CBM91:+0.2056;GH43:+0.1907;null:+0.1336
1006,3,xylan,xylan,0.5281501340482574,GH95,GH95;GH3;HTH,GH95;GH3;HTH;SBP;AraC,GH95:+0.1694;GH3:+0.1655;HTH:+0.1496;SBP:+0.1104;AraC:+0.1092
1008,3,xylan,xylan,0.42016266335865843,GH10,GH10;GH67;GH43,GH10;GH67;GH43;GH;CBM6,GH10:+0.1460;GH67:+0.1068;GH43:+0.0219;GH:+0.0036;CBM6:+0.0007
1009,3,xylan,xylan,0.7539370078740157,GH67,GH67;GH10;2.A.2,GH67;GH10;2.A.2;GH43;1,GH67:+0.1390;GH10:+0.1367;2.A.2:+0.0811;GH43:+0.0768;1:+0.0646
1019,3,xylan,xylan,0.37991266375545846,GH67,GH67;HTH;8.A.59,GH67;HTH;8.A.59;GH,GH67:+0.2791;HTH:+0.0241;8.A.59:+0.0177;GH:+0.0007
1021,3,xylan,xylan,0.4855233853006682,GH67,GH67;2.A.2;1.B.14,GH67;2.A.2;1.B.14;null;GH,GH67:+0.3349;2.A.2:+0.0846;1.B.14:+0.0671;null:+0.0177;GH:+0.0104
1,4,alginate,alginate,0.9639278557114228,PL17,PL17;PL;PL6,PL17;PL;PL6;1;2,PL17:+0.1657;PL:+0.1289;PL6:+0.0814;1:+0.0631;2:+0.0574
3,4,alginate,alginate,0.9681908548707753,PL17,PL17;PL;PL6,PL17;PL;PL6;1;1.B.14,PL17:+0.2275;PL:+0.1759;PL6:+0.1578;1:+0.1323;1.B.14:+0.0439
13,4,alginate,alginate,0.6682217515691563,PL6,PL6;PL;1,PL6;PL;1;GntR;PL7,PL6:+0.1165;PL:+0.1030;1:+0.0649;GntR:+0.0568;PL7:+0.0559
17,4,alginate,alginate,1.0,PL17,PL17;PL;2.A.1,PL17;PL;2.A.1;GntR;2,PL17:+0.1832;PL:+0.1566;2.A.1:+0.0962;GntR:+0.0855;2:+0.0660
23,4,alginate,alginate,1.0,PL17,PL17;PL;PL6,PL17;PL;PL6;2;2.A.1,PL17:+0.1092;PL:+0.1074;PL6:+0.0598;2:+0.0425;2.A.1:+0.0423
31,4,alginate,alginate,0.9639278557114228,PL17,PL17;PL;PL6,PL17;PL;PL6;1;2,PL17:+0.1657;PL:+0.1289;PL6:+0.0814;1:+0.0631;2:+0.0574
37,4,alginate,alginate,1.0,PL17,PL17;PL6;PL,PL17;PL6;PL;1;GntR,PL17:+0.1450;PL6:+0.1211;PL:+0.1203;1:+0.1069;GntR:+0.0358
41,4,alginate,alginate,0.9274193548387096,PL,PL;1;PL15,PL;1;PL15;PL5;3.A.1,PL:+0.1598;1:+0.1211;PL15:+0.0944;PL5:+0.0937;3.A.1:+0.0586
44,4,alginate,alginate,0.9938271604938271,PL,PL;PL6;1,PL;PL6;1;1.B.14;LacI,PL:+0.2003;PL6:+0.1444;1:+0.1379;1.B.14:+0.0850;LacI:+0.0778
49,4,alpha-glucan,alpha-glucan,1.0,GH66,GH66;GH31;8.A.46,GH66;GH31;8.A.46;GH;1.B.14,GH66:+0.3657;GH31:+0.3136;8.A.46:+0.2325;GH:+0.1556;1.B.14:+0.0701
54,4,alpha-glucan,alpha-glucan,1.0,GH,GH;GH31;GH97,GH;GH31;GH97;null;GH66,GH:+0.0816;GH31:+0.0800;GH97:+0.0382;null:+0.0319;GH66:+0.0286
56,4,alpha-glucan,alpha-glucan,1.0,GH13,GH13;18;GH,GH13;18;GH;2.A.1;LacI,GH13:+0.1597;18:+0.0841;GH:+0.0382;2.A.1:+0.0200;LacI:+0.0012
57,4,alpha-glucan,alpha-glucan,0.9987568365776354,GH32,GH32;2.A.1;GH,GH32;2.A.1;GH,GH32:+0.4816;2.A.1:+0.2557;GH:+0.0828
80,4,alpha-glucan,alpha-glucan,1.0,GH97,GH97;GH13;1.B.14,GH97;GH13;1.B.14;8.A.46;GH,GH97:+0.1300;GH13:+0.1113;1.B.14:+0.0475;8.A.46:+0.0459;GH:+0.0368
85,4,alpha-glucan,alpha-glucan,1.0,GH13,GH13;LacI;30,GH13;LacI;30;GH;3.A.1,GH13:+0.3990;LacI:+0.3294;30:+0.1214;GH:+0.0445;3.A.1:+0.0321
95,4,alpha-glucan,alpha-glucan,1.0,LacI,LacI;GH77;9.B.28,LacI;GH77;9.B.28;GH13;3.A.1,LacI:+0.2240;GH77:+0.0729;9.B.28:+0.0337;GH13:+0.0336;3.A.1:+0.0293
113,4,alpha-glucan,alpha-glucan,0.9637048495266813,GH97,GH97;GH31;GH66,GH97;GH31;GH66;GH;null,GH97:+0.0744;GH31:+0.0662;GH66:+0.0467;GH:+0.0340;null:+0.0251
117,4,alpha-glucan,alpha-glucan,1.0,GH97,GH97;GH13;GH,GH97;GH13;GH;1.B.14;null,GH97:+0.3068;GH13:+0.2093;GH:+0.0949;1.B.14:+0.0782;null:+0.0235
119,4,alpha-glucan,alpha-glucan,1.0,GH97,GH97;GH13;GH,GH97;GH13;GH;1.B.14;TPR,GH97:+0.2667;GH13:+0.2564;GH:+0.1094;1.B.14:+0.0936;TPR:+0.0325
120,4,alpha-glucan,alpha-glucan,0.505601585164996,GH97,GH97;GH13;GH,GH97;GH13;GH;8.A.46;null,GH97:+0.2485;GH13:+0.0955;GH:+0.0339;8.A.46:+0.0130;null:+0.0121
123,4,alpha-glucan,alpha-glucan,1.0,GH97,GH97;GH31;GH,GH97;GH31;GH;8.A.46;1.B.14,GH97:+0.3657;GH31:+0.1532;GH:+0.1291;8.A.46:+0.1206;1.B.14:+0.0806
126,4,alpha-glucan,alpha-glucan,0.9702669656906022,GH77,GH77;LacI;GT35,GH77;LacI;GT35;GT;GH,GH77:+0.2339;LacI:+0.2274;GT35:+0.1506;GT:+0.1172;GH:+0.0453
129,4,alpha-glucan,alpha-glucan,1.0,GT,GT;GH13;GT5,GT;GH13;GT5;GT35;CBM,GT:+0.1211;GH13:+0.1083;GT5:+0.1055;GT35:+0.0607;CBM:+0.0481
133,4,alpha-glucan,alpha-glucan,1.0,GH13,GH13;LacI;10,GH13;LacI;10;8.A.46;1.B.14,GH13:+0.2787;LacI:+0.2286;10:+0.1797;8.A.46:+0.1388;1.B.14:+0.0546
134,4,alpha-glucan,alpha-glucan,1.0,GH32,GH32;GH;LacI,GH32;GH;LacI,GH32:+0.2992;GH:+0.0616;LacI:+0.0012
138,4,alpha-glucan,alpha-glucan,1.0,LacI,LacI;GH32;null,LacI;GH32;null;GH;3.A.1,LacI:+0.5747;GH32:+0.2738;null:+0.0710;GH:+0.0668;3.A.1:+0.0577
142,4,alpha-glucan,alpha-glucan,0.6931430287832874,GH97,GH97;GH13;1.B.14,GH97;GH13;1.B.14;8.A.9;GH,GH97:+0.1624;GH13:+0.1158;1.B.14:+0.0708;8.A.9:+0.0258;GH:+0.0205
143,4,alpha-glucan,alpha-glucan,1.0,GH13,GH13;LacI;31,GH13;LacI;31;GH,GH13:+0.2338;LacI:+0.1922;31:+0.0840;GH:+0.0540
148,4,alpha-glucan,alpha-glucan,0.9702669656906022,GH77,GH77;LacI;GT35,GH77;LacI;GT35;GT;GH,GH77:+0.2339;LacI:+0.2274;GT35:+0.1506;GT:+0.1172;GH:+0.0453
151,4,alpha-glucan,alpha-glucan,0.9987574513597256,GH13,GH13;20;CBM34,GH13;20;CBM34;3.A.1;GH,GH13:+0.2356;20:+0.1336;CBM34:+0.0968;3.A.1:+0.0616;GH:+0.0383
153,4,alpha-glucan,alpha-glucan,1.0,GH97,GH97;GH13;GH,GH97;GH13;GH;1.B.14;null,GH97:+0.1457;GH13:+0.0637;GH:+0.0488;1.B.14:+0.0363;null:+0.0229
163,4,alpha-glucan,alpha-glucan,0.9721044607288644,PfkB,PfkB;LacI;MarR,PfkB;LacI;MarR;PadR;GH32,PfkB:+0.3992;LacI:+0.2937;MarR:+0.1814;PadR:+0.1722;GH32:+0.1647
164,4,alpha-glucan,alpha-glucan,1.0,LacI,LacI;GH32;GH,LacI;GH32;GH;4.A.1,LacI:+0.3633;GH32:+0.1655;GH:+0.0527;4.A.1:+0.0359
171,4,alpha-glucan,alpha-glucan,0.9860834990059641,GH13,GH13;GT;GT5,GH13;GT;GT5;GH;GT35,GH13:+0.1010;GT:+0.0571;GT5:+0.0410;GH:+0.0195;GT35:+0.0183
172,4,alpha-glucan,alpha-glucan,1.0,GH13,GH13;GT;GT5,GH13;GT;GT5;GT35;9,GH13:+0.0907;GT:+0.0558;GT5:+0.0450;GT35:+0.0183;9:+0.0161
176,4,alpha-mannan,host glycan,0.2093809004723544,GH125,GH125;1.B.14;GH92,GH125;1.B.14;GH92;GH;LacI,GH125:+0.1437;1.B.14:+0.0635;GH92:+0.0293;GH:+0.0162;LacI:+0.0022
183,4,alpha-mannan,alpha-mannan,0.932927967434356,GH76,GH76;GH125;GH,GH76;GH125;GH;GH97;GH92,GH76:+0.2259;GH125:+0.2175;GH:+0.1801;GH97:+0.1698;GH92:+0.1690
189,4,alpha-mannan,alpha-mannan,1.0,GH92,GH92;null;1.B.14,GH92;null;1.B.14;GH99;GH,GH92:+0.1946;null:+0.1920;1.B.14:+0.1721;GH99:+0.0786;GH:+0.0760
195,4,alpha-mannan,alpha-mannan,1.0,GH92,GH92;null;1.B.14,GH92;null;1.B.14;GH99;GH,GH92:+0.1946;null:+0.1920;1.B.14:+0.1721;GH99:+0.0786;GH:+0.0760
198,4,arabinogalactan,arabinogalactan,0.9983524332415991,18,18;GH142;CBM67,18;GH142;CBM67;GH143;PL1,18:+0.3005;GH142:+0.2052;CBM67:+0.1889;GH143:+0.1767;PL1:+0.1663
203,4,arabinogalactan,arabinogalactan,1.0,GH43,GH43;9.B.28;34,GH43;9.B.28;34;GH;2.A.3,GH43:+0.1625;9.B.28:+0.1347;34:+0.1262;GH:+0.1136;2.A.3:+0.1069
209,4,arabinogalactan,arabinogalactan,0.9843376511029663,1.B.14,1.B.14;GH16;AraC,1.B.14;GH16;AraC;CBM32;HTH,1.B.14:+0.2143;GH16:+0.2037;AraC:+0.1612;CBM32:+0.1390;HTH:+0.1332
223,4,arabinogalactan,arabinogalactan,1.0,GH105,GH105;GH154;17,GH105;GH154;17;24;GH43,GH105:+0.1668;GH154:+0.1573;17:+0.1502;24:+0.1412;GH43:+0.1408
229,4,arabinogalactan,arabinogalactan,0.45362229688936057,GH51,GH51;3.A.1;null,GH51;3.A.1;null;1;GH,GH51:+0.3600;3.A.1:+0.1330;null:+0.0812;1:+0.0447;GH:+0.0316
230,4,arabinogalactan,arabinogalactan,0.9975259604037059,GH51,GH51;3.A.1;null,GH51;3.A.1;null;GH,GH51:+0.5315;3.A.1:+0.3289;null:+0.1663;GH:+0.1225
231,4,arabinogalactan,arabinogalactan,0.958498023715415,24,24;null;GH35,24;null;GH35;AraC;HTH,24:+0.1864;null:+0.1718;GH35:+0.1713;AraC:+0.1608;HTH:+0.1428
239,4,beta-glucan,beta-glucan,0.977809685419658,GH5,GH5;GH31;4,GH5;GH31;4;HTH;GH2,GH5:+0.1856;GH31:+0.1495;4:+0.1228;HTH:+0.1144;GH2:+0.1107
253,4,beta-glucan,beta-glucan,0.6759479652961191,GH9,GH9;CBM3;CBM,GH9;CBM3;CBM;17;GH5,GH9:+0.0959;CBM3:+0.0476;CBM:+0.0397;17:+0.0086;GH5:+0.0050
259,4,beta-glucan,beta-glucan,0.41152403001756344,GH30,GH30;CBM32;GH95,GH30;CBM32;GH95;CE6;GH62,GH30:+0.1540;CBM32:+0.0694;GH95:+0.0675;CE6:+0.0658;GH62:+0.0654
260,4,beta-glucan,beta-mannan,0.11922739797541945,GH1,GH1,GH1,GH1:+0.0799
262,4,beta-glucan,beta-glucan,0.9987574513597256,GH1,GH1;GH,GH1;GH,GH1:+0.7903;GH:+0.0777
263,4,beta-glucan,beta-glucan,0.7654584221748401,GH16,GH16;GH3;8.A.46,GH16;GH3;8.A.46;GH;null,GH16:+0.5215;GH3:+0.2365;8.A.46:+0.2129;GH:+0.2012;null:+0.0652
267,4,beta-glucan,beta-glucan,1.0,LacI,LacI;GH1;GH3,LacI;GH1;GH3;3;GH,LacI:+0.1152;GH1:+0.1129;GH3:+0.1110;3:+0.1056;GH:+0.0925
273,4,beta-glucan,beta-glucan,0.860553186203424,GH5,GH5;GH31;4,GH5;GH31;4;GH3;1.B.14,GH5:+0.1686;GH31:+0.1251;4:+0.1052;GH3:+0.0818;1.B.14:+0.0725
287,4,beta-glucan,beta-glucan,1.0,GH3,GH3;1.B.14;GH,GH3;1.B.14;GH;HTH;GH157,GH3:+0.4019;1.B.14:+0.2720;GH:+0.2446;HTH:+0.2279;GH157:+0.2199
288,4,beta-glucan,beta-glucan,0.9981884672562361,GH3,GH3;GH31;GH5,GH3;GH31;GH5;GH2;4,GH3:+0.1389;GH31:+0.1297;GH5:+0.1249;GH2:+0.0949;4:+0.0896
295,4,beta-glucan,beta-glucan,0.9985165590581906,3,3;GH3;GH30,3;GH3;GH30;1.B.14;GH,3:+0.2614;GH3:+0.1522;GH30:+0.1423;1.B.14:+0.0994;GH:+0.0621
297,4,beta-glucan,beta-glucan,0.8307093719095363,GH9,GH9;CBM;CBM3,GH9;CBM;CBM3;CBM4,GH9:+0.1229;CBM:+0.0301;CBM3:+0.0216;CBM4:+0.0146
298,4,beta-glucan,beta-glucan,0.8283550563042784,GH9,GH9;GH5;CBM3,GH9;GH5;CBM3;17;CBM,GH9:+0.1213;GH5:+0.0918;CBM3:+0.0714;17:+0.0562;CBM:+0.0535
299,4,beta-glucan,beta-glucan,0.9151545411601499,GH5,GH5;4;1.B.14,GH5;4;1.B.14;CBM4;CBM,GH5:+0.1737;4:+0.1602;1.B.14:+0.1091;CBM4:+0.1054;CBM:+0.0440
303,4,beta-glucan,beta-glucan,0.8452362167066628,4.D.3,4.D.3;GH8;GT2,4.D.3;GH8;GT2;GH;GT,4.D.3:+0.2398;GH8:+0.2092;GT2:+0.0710;GH:+0.0468;GT:+0.0365
305,4,beta-glucan,beta-glucan,0.9981891325880928,GH5,GH5;GH31;4,GH5;GH31;4;GH3;HTH,GH5:+0.1662;GH31:+0.1650;4:+0.1401;GH3:+0.1355;HTH:+0.1128
308,4,beta-glucan,beta-mannan,0.11922739797541945,GH1,GH1,GH1,GH1:+0.0799
311,4,beta-glucan,pectin,0.22828641975308642,GT2,GT2;null,GT2;null,GT2:+0.1410;null:+0.0094
318,4,beta-glucan,beta-glucan,0.34,CBM4,CBM4;GH16;GH,CBM4;GH16;GH,CBM4:+0.1410;GH16:+0.0343;GH:+0.0021
326,4,beta-glucan,beta-glucan,0.4641350210970464,CBM57,CBM57;PL38;CBM,CBM57;PL38;CBM;1.B.14;GH2,CBM57:+0.1857;PL38:+0.1247;CBM:+0.0792;1.B.14:+0.0621;GH2:+0.0413
327,4,beta-glucan,beta-glucan,0.9762418169219511,GH5,GH5;4;1.B.14,GH5;4;1.B.14;GH36;HTH,GH5:+0.3022;4:+0.2369;1.B.14:+0.1457;GH36:+0.1262;HTH:+0.1164
332,4,beta-glucan,beta-glucan,0.9900793650793651,GH73,GH73;9.B.154;null,GH73;9.B.154;null;GH;M23,GH73:+0.1811;9.B.154:+0.1798;null:+0.0736;GH:+0.0461;M23:+0.0235
337,4,beta-glucan,beta-glucan,0.5787965616045845,GH16,GH16;null;GH,GH16;null;GH,GH16:+0.3849;null:+0.0647;GH:+0.0577
344,4,beta-glucan,beta-glucan,1.0,GH4,GH4;11;4.A.3,GH4;11;4.A.3;Mga;HTH,GH4:+0.4861;11:+0.3797;4.A.3:+0.3664;Mga:+0.3236;HTH:+0.2387
354,4,beta-glucan,pectin,0.2122414873616043,GT2,GT2,GT2,GT2:+0.1352
360,4,beta-mannan,beta-mannan,0.8744493392070484,C,C;GH29;TrkA,C;GH29;TrkA;2.A.38;2.A.1,C:+0.1747;GH29:+0.1420;TrkA:+0.1408;2.A.38:+0.1392;2.A.1:+0.1297
363,4,beta-mannan,beta-mannan,1.0,C,C;GH29;2.A.38,C;GH29;2.A.38;null;1.B.14,C:+0.1424;GH29:+0.1358;2.A.38:+0.1184;null:+0.1109;1.B.14:+0.1103
365,4,beta-mannan,beta-mannan,0.9987574513597256,GH42,GH42;3.A.1;GH,GH42;3.A.1;GH,GH42:+0.7986;3.A.1:+0.2327;GH:+0.0904
366,4,beta-mannan,galactan,0.11090682537054627,CBM61,CBM61;GH42;CBM,CBM61;GH42;CBM;GH,CBM61:+0.0654;GH42:+0.0523;CBM:+0.0445;GH:+0.0159
367,4,beta-mannan,beta-mannan,0.8928512128521087,LacI,LacI;GH2;bac,LacI;GH2;bac;9.B.36;SBP,LacI:+0.3028;GH2:+0.1759;bac:+0.1750;9.B.36:+0.1660;SBP:+0.1644
370,4,beta-mannan,beta-mannan,1.0,GH26,GH26;4.A.3;GntR,GH26;4.A.3;GntR;GH;GH1,GH26:+0.4212;4.A.3:+0.3239;GntR:+0.2891;GH:+0.1688;GH1:+0.1573
390,4,beta-mannan,beta-mannan,0.691954085775704,GH26,GH26;GH130;HTH,GH26;GH130;HTH;2.A.21;2,GH26:+0.1369;GH130:+0.1336;HTH:+0.0864;2.A.21:+0.0774;2:+0.0760
392,4,beta-mannan,beta-mannan,1.0,GH3,GH3;GH;CBM23,GH3;GH;CBM23;CBM27;CBM,GH3:+0.2865;GH:+0.1226;CBM23:+0.0922;CBM27:+0.0909;CBM:+0.0708
400,4,beta-mannan,alpha-glucan,0.005515638207945901,LacI,LacI;GH;null,LacI;GH;null,LacI:+0.0055;GH:+0.0019;null:+0.0019
401,4,beta-mannan,beta-mannan,0.9717707850794497,GH130,GH130;GH26;2.A.2,GH130;GH26;2.A.2;GH;1.B.14,GH130:+0.3051;GH26:+0.2254;2.A.2:+0.1399;GH:+0.1160;1.B.14:+0.1097
403,4,beta-mannan,beta-mannan,0.9858853925397248,GH130,GH130;GH26;2.A.2,GH130;GH26;2.A.2;GH;1.B.14,GH130:+0.2846;GH26:+0.2226;2.A.2:+0.1493;GH:+0.1185;1.B.14:+0.1157
404,4,beta-mannan,beta-mannan,1.0,GH130,GH130;GH26;2.A.2,GH130;GH26;2.A.2;1.B.14;GH,GH130:+0.2864;GH26:+0.2249;2.A.2:+0.1457;1.B.14:+0.1161;GH:+0.1076
409,4,beta-mannan,beta-mannan,1.0,GH130,GH130;GH26;2.A.2,GH130;GH26;2.A.2;GH;null,GH130:+0.3311;GH26:+0.2402;2.A.2:+0.2270;GH:+0.1287;null:+0.0645
418,4,beta-mannan,beta-mannan,0.993975179083384,GH130,GH130;GH26;2.A.2,GH130;GH26;2.A.2;CE7;GH,GH130:+0.1810;GH26:+0.1314;2.A.2:+0.0919;CE7:+0.0795;GH:+0.0742
427,4,chitin,chitin,1.0,AA10,AA10;GH18;1,AA10;GH18;1;AA;1.E.2,AA10:+0.2170;GH18:+0.1979;1:+0.1709;AA:+0.1627;1.E.2:+0.1417
431,4,chitin,chitin,1.0,4.A.3,4.A.3;GH4;AraC,4.A.3;GH4;AraC;HTH;GH,4.A.3:+0.7139;GH4:+0.2649;AraC:+0.1510;HTH:+0.0603;GH:+0.0263
443,4,chitin,chitin,1.0,GH4,GH4;4.A.3;CE4,GH4;4.A.3;CE4;CE;GH,GH4:+0.3794;4.A.3:+0.3492;CE4:+0.0787;CE:+0.0645;GH:+0.0263
444,4,chitin,chitin,0.9724409448818897,GH18,GH18;CBM;GH,GH18;CBM;GH;CBM5;AA,GH18:+0.2408;CBM:+0.1061;GH:+0.0747;CBM5:+0.0724;AA:+0.0208
446,4,chitin,chitin,1.0,GH18,GH18;CBM;GH,GH18;CBM;GH;CBM5;AA10,GH18:+0.2354;CBM:+0.1336;GH:+0.0909;CBM5:+0.0798;AA10:+0.0162
448,4,chitin,host glycan,0.1846689895470383,PIG-L,PIG-L;GH18;GH,PIG-L;GH18;GH,PIG-L:+0.1134;GH18:+0.0505;GH:+0.0074
449,4,chitin,host glycan,0.1986970684039088,PIG-L,PIG-L;GH18;GH,PIG-L;GH18;GH,PIG-L:+0.1173;GH18:+0.0553;GH:+0.0103
455,4,chitin,chitin,1.0,GH4,GH4;4.A.3;null,GH4;4.A.3;null;GH,GH4:+0.6419;4.A.3:+0.6381;null:+0.1861;GH:+0.0310
471,4,chitin,chitin,1.0,4.A.3,4.A.3;GH4;AraC,4.A.3;GH4;AraC;GH;HTH,4.A.3:+0.5844;GH4:+0.3069;AraC:+0.0941;GH:+0.0282;HTH:+0.0163
475,4,chitin,chitin,0.9987574513597256,AraC,AraC;HTH;4.A.3,AraC;HTH;4.A.3;GH1;GH,AraC:+0.5399;HTH:+0.5115;4.A.3:+0.4933;GH1:+0.2551;GH:+0.0444
481,4,chitin,chitin,1.0,GH4,GH4;4.A.3;null,GH4;4.A.3;null;GH,GH4:+0.6419;4.A.3:+0.6381;null:+0.1861;GH:+0.0310
485,4,chitin,chitin,1.0,4.A.3,4.A.3;GH4;AraC,4.A.3;GH4;AraC;GH;HTH,4.A.3:+0.5844;GH4:+0.3069;AraC:+0.0941;GH:+0.0282;HTH:+0.0163
492,4,fructan,fructan,0.9965073867319395,GH32,GH32;1.B.14;GH,GH32;1.B.14;GH;null,GH32:+0.7046;1.B.14:+0.3396;GH:+0.2862;null:+0.2329
494,4,fructan,fructan,0.7938579502001331,GH32,GH32;1.B.14;GH,GH32;1.B.14;GH;null;0039384,GH32:+0.2758;1.B.14:+0.2278;GH:+0.1424;null:+0.0858;0039384:+0.0785
496,4,fructan,fructan,0.9965073867319395,GH32,GH32;1.B.14;GH,GH32;1.B.14;GH;null,GH32:+0.6590;1.B.14:+0.2594;GH:+0.2445;null:+0.1526
497,4,fructan,fructan,0.9825214483059473,GH32,GH32;1.B.14;GH,GH32;1.B.14;GH;2.A.1;null,GH32:+0.2972;1.B.14:+0.1319;GH:+0.1069;2.A.1:+0.0903;null:+0.0874
506,4,fructan,alpha-glucan,0.3156984244448124,GH32,GH32;3.A.1;LacI,GH32;3.A.1;LacI;GH,GH32:+0.2177;3.A.1:+0.1653;LacI:+0.1197;GH:+0.0293
517,4,fructan,fructan,0.5019508082551782,3.A.1,3.A.1;PfkB;GH32,3.A.1;PfkB;GH32;null;GH,3.A.1:+0.4522;PfkB:+0.1863;GH32:+0.1263;null:+0.0444;GH:+0.0239
529,4,galactan,galactan,0.9982490847488461,GH4,GH4;LacI;CE19,GH4;LacI;CE19;CE;bac,GH4:+0.3882;LacI:+0.3874;CE19:+0.2876;CE:+0.2750;bac:+0.1897
530,4,galactan,galactan,0.9983524332415991,18,18;GH13;GH36,18;GH13;GH36;3.A.1;GH,18:+0.2699;GH13:+0.2085;GH36:+0.1999;3.A.1:+0.1787;GH:+0.1206
534,4,galactan,galactan,0.6893203883495145,16,16;GH16;null,16;GH16;null;GH,16:+0.5317;GH16:+0.1856;null:+0.0574;GH:+0.0412
535,4,galactan,galactan,1.0,GntR,GntR;null;2.A.1,GntR;null;2.A.1;1.B.14;GH16,GntR:+0.2127;null:+0.1928;2.A.1:+0.1813;1.B.14:+0.1670;GH16:+0.1431
538,4,galactan,beta-glucan,0.12511843614729437,18,18;3.A.1;HTH,18;3.A.1;HTH;AraC;GH,18:+0.1005;3.A.1:+0.0431;HTH:+0.0398;AraC:+0.0154;GH:+0.0021
542,4,galactan,galactan,1.0,GH53,GH53;AraC;HTH,GH53;AraC;HTH;8.A.46;GH2,GH53:+0.3424;AraC:+0.2808;HTH:+0.2676;8.A.46:+0.2443;GH2:+0.2395
543,4,galactan,galactan,0.7625522518824318,GH53,GH53;HTH;AraC,GH53;HTH;AraC;8.A.46;GH2,GH53:+0.2703;HTH:+0.2035;AraC:+0.1904;8.A.46:+0.1678;GH2:+0.1557
548,4,galactan,galactan,1.0,GH36,GH36;0044258;GH,GH36;0044258;GH;bac;SBP,GH36:+0.3250;0044258:+0.2663;GH:+0.1574;bac:+0.1375;SBP:+0.1293
565,4,galactan,galactan,1.0,GH42,GH42;LacI;3.A.1,GH42;LacI;3.A.1;GH,GH42:+0.8530;LacI:+0.7484;3.A.1:+0.5993;GH:+0.0455
569,4,galactan,host glycan,0.15442594188304623,null,null;2.A.2;GH,null;2.A.2;GH,null:+0.1544;2.A.2:+0.1321;GH:+0.0069
573,4,galactan,galactan,0.9987574513597256,MarR,MarR;GH36;null,MarR;GH36;null;3.A.1;GH,MarR:+0.3864;GH36:+0.2731;null:+0.1661;3.A.1:+0.1110;GH:+0.0754
576,4,galactan,galactan,0.9479166666666666,GH129,GH129;2.A.1;HTH,GH129;2.A.1;HTH;GH127;AraC,GH129:+0.2219;2.A.1:+0.1957;HTH:+0.1684;GH127:+0.1500;AraC:+0.1467
579,4,galactan,galactan,0.7761616260493321,GH42,GH42;LacI;GH,GH42;LacI;GH;GH53;2.A.2,GH42:+0.3205;LacI:+0.2549;GH:+0.1869;GH53:+0.1181;2.A.2:+0.0959
583,4,galactan,galactan,0.772987098669663,GntR,GntR;2.A.1;null,GntR;2.A.1;null;GH16;GH,GntR:+0.2742;2.A.1:+0.2215;null:+0.1789;GH16:+0.1125;GH:+0.0448
584,4,galactan,host glycan,0.12781954887218044,GH16,GH16;CBM16;GH,GH16;CBM16;GH;null,GH16:+0.0654;CBM16:+0.0239;GH:+0.0061;null:+0.0044
595,4,host glycan,host glycan,1.0,GH18,GH18;8.A.46;GH163,GH18;8.A.46;GH163;GH;GH92,GH18:+0.1957;8.A.46:+0.1606;GH163:+0.1276;GH:+0.1266;GH92:+0.1144
596,4,host glycan,host glycan,1.0,GH18,GH18;8.A.46;null,GH18;8.A.46;null;GH,GH18:+0.4903;8.A.46:+0.3682;null:+0.1163;GH:+0.0978
599,4,host glycan,beta-glucan,0.3894046471014389,GH88,GH88;null;GH2,GH88;null;GH2,GH88:+0.1016;null:+0.0191;GH2:+0.0062
600,4,host glycan,host glycan,0.9879032258064516,GH20,GH20;GH33;GH2,GH20;GH33;GH2;GH;CBM93,GH20:+0.0663;GH33:+0.0536;GH2:+0.0414;GH:+0.0387;CBM93:+0.0342
608,4,host glycan,host glycan,0.9710144927536232,GH18,GH18;8.A.46;GH,GH18;8.A.46;GH;null,GH18:+0.4143;8.A.46:+0.3314;GH:+0.0973;null:+0.0874
610,4,host glycan,host glycan,0.5639286716044445,CE9,CE9;CE;SIS,CE9;CE;SIS;null;GntR,CE9:+0.3477;CE:+0.0844;SIS:+0.0480;null:+0.0036;GntR:+0.0012
614,4,host glycan,host glycan,1.0,CE9,CE9;GH20;GH2,CE9;GH20;GH2;CE;GH,CE9:+0.0954;GH20:+0.0747;GH2:+0.0620;CE:+0.0598;GH:+0.0447
622,4,host glycan,host glycan,1.0,CE9,CE9;CE,CE9;CE,CE9:+0.5285;CE:+0.2056
629,4,host glycan,host glycan,0.911480063579977,GH33,GH33;CBM93;MarR,GH33;CBM93;MarR;CBM;3,GH33:+0.2305;CBM93:+0.1865;MarR:+0.1069;CBM:+0.0943;3:+0.0810
634,4,host glycan,host glycan,1.0,CBM32,CBM32;CBM;1.B.14,CBM32;CBM;1.B.14;null,CBM32:+0.5825;CBM:+0.2453;1.B.14:+0.1013;null:+0.0981
638,4,host glycan,host glycan,1.0,GH88,GH88;PfkB;4.A.6,GH88;PfkB;4.A.6;PL12;null,GH88:+0.1901;PfkB:+0.0734;4.A.6:+0.0732;PL12:+0.0591;null:+0.0500
645,4,host glycan,host glycan,0.9960079840319361,GH33,GH33;GH20;CBM93,GH33;GH20;CBM93;GH;GH2,GH33:+0.0835;GH20:+0.0818;CBM93:+0.0552;GH:+0.0462;GH2:+0.0401
650,4,host glycan,host glycan,1.0,CE9,CE9;CE;4.A.1,CE9;CE;4.A.1,CE9:+0.6218;CE:+0.2202;4.A.1:+0.0383
656,4,host glycan,host glycan,0.9391706065943574,CE9,CE9;CE,CE9;CE,CE9:+0.5496;CE:+0.1250
663,4,host glycan,host glycan,1.0,FecR,FecR;GH18;8.A.46,FecR;GH18;8.A.46;GerE;null,FecR:+0.2817;GH18:+0.1905;8.A.46:+0.1628;GerE:+0.1199;null:+0.0573
664,4,host glycan,host glycan,1.0,FecR,FecR;GH18;8.A.46,FecR;GH18;8.A.46;GerE;GH,FecR:+0.1816;GH18:+0.1606;8.A.46:+0.0847;GerE:+0.0655;GH:+0.0482
672,4,host glycan,beta-mannan,0.3487935480809427,4.A.3,4.A.3;GH,4.A.3;GH,4.A.3:+0.2010;GH:+0.0035
674,4,host glycan,host glycan,1.0,4.A.3,4.A.3;null;GH1,4.A.3;null;GH1;GH,4.A.3:+0.9988;null:+0.6512;GH1:+0.2691;GH:+0.0476
676,4,host glycan,host glycan,1.0,GH88,GH88;GH2;GH20,GH88;GH2;GH20;AraC;HTH,GH88:+0.1759;GH2:+0.0964;GH20:+0.0913;AraC:+0.0898;HTH:+0.0751
679,4,host glycan,host glycan,0.7445887445887446,GH18,GH18;8.A.46;null,GH18;8.A.46;null;1.B.14,GH18:+0.4066;8.A.46:+0.2902;null:+0.0687;1.B.14:+0.0108
681,4,host glycan,beta-glucan,0.0012425486402743065,,,,
687,4,host glycan,host glycan,0.6352321167608498,GH20,GH20;GH,GH20;GH,GH20:+0.2914;GH:+0.0385
697,4,host glycan,host glycan,1.0,CE9,CE9;GH20;GH2,CE9;GH20;GH2;GH;CE,CE9:+0.1455;GH20:+0.0694;GH2:+0.0525;GH:+0.0490;CE:+0.0344
704,4,host glycan,host glycan,0.9028401252545601,GH2,GH2;null;GH20,GH2;null;GH20;CBM32;2.A.115,GH2:+0.1331;null:+0.0742;GH20:+0.0740;CBM32:+0.0702;2.A.115:+0.0679
707,4,host glycan,pectin,0.014392667149320942,,,,
710,4,host glycan,host glycan,0.9987657931389994,GH35,GH35;GH43;19,GH35;GH43;19;GH;9,GH35:+0.2235;GH43:+0.1512;19:+0.1391;GH:+0.0937;9:+0.0666
711,4,host glycan,host glycan,0.9968446441253032,GH35,GH35;2;GH51,GH35;2;GH51;19;GH43,GH35:+0.3493;2:+0.2601;GH51:+0.2118;19:+0.2104;GH43:+0.1799
713,4,host glycan,host glycan,0.9981898423105287,CBM91,CBM91;CBM;CBM32,CBM91;CBM;CBM32;GH29;GH97,CBM91:+0.2597;CBM:+0.2290;CBM32:+0.2131;GH29:+0.1204;GH97:+0.1081
718,4,host glycan,host glycan,1.0,GH18,GH18;FecR;8.A.46,GH18;FecR;8.A.46;GH;null,GH18:+0.1744;FecR:+0.1677;8.A.46:+0.1411;GH:+0.0646;null:+0.0643
723,4,host glycan,host glycan,0.6638655462184874,GH163,GH163;8.A.46;GH92,GH163;8.A.46;GH92;GH130;GH,GH163:+0.2940;8.A.46:+0.1619;GH92:+0.1055;GH130:+0.0903;GH:+0.0657
724,4,host glycan,host glycan,0.7804878048780487,FecR,FecR;GH163;null,FecR;GH163;null;GH130;GerE,FecR:+0.1125;GH163:+0.0600;null:+0.0586;GH130:+0.0578;GerE:+0.0458
736,4,host glycan,host glycan,1.0,CBM32,CBM32;CBM;2.A.115,CBM32;CBM;2.A.115;1.B.14;GH2,CBM32:+0.1081;CBM:+0.0802;2.A.115:+0.0790;1.B.14:+0.0735;GH2:+0.0577
750,4,host glycan,host glycan,0.9123495226234952,DeoR,DeoR;PfkB;1.B.35,DeoR;PfkB;1.B.35;13;GH31,DeoR:+0.2945;PfkB:+0.1863;1.B.35:+0.1590;13:+0.1501;GH31:+0.1423
755,4,host glycan,host glycan,1.0,CE9,CE9;CE;MarR,CE9;CE;MarR,CE9:+0.5132;CE:+0.1800;MarR:+0.0383
763,4,host glycan,host glycan,1.0,GH20,GH20;GH33;CBM93,GH20;GH33;CBM93;GH;GH2,GH20:+0.0795;GH33:+0.0679;CBM93:+0.0515;GH:+0.0444;GH2:+0.0361
765,4,host glycan,host glycan,0.9547244094488189,PL8,PL8;1.B.14;PL29,PL8;1.B.14;PL29;2;PL,PL8:+0.0942;1.B.14:+0.0878;PL29:+0.0805;2:+0.0769;PL:+0.0736
767,4,host glycan,host glycan,1.0,GH88,GH88;4.A.6;PL12,GH88;4.A.6;PL12;GH;PL,GH88:+0.2217;4.A.6:+0.1423;PL12:+0.0986;GH:+0.0701;PL:+0.0537
772,4,host glycan,host glycan,0.7248537027485867,CBM32,CBM32;CBM;null,CBM32;CBM;null;1.B.14,CBM32:+0.4651;CBM:+0.1801;null:+0.0792;1.B.14:+0.0591
778,4,host glycan,host glycan,0.9871952212781363,GH,GH;GH92;CE20,GH;GH92;CE20;CE;GerE,GH:+0.0991;GH92:+0.0990;CE20:+0.0974;CE:+0.0970;GerE:+0.0947
782,4,host glycan,host glycan,0.8183716075156576,GH18,GH18;8.A.46;gnl,GH18;8.A.46;gnl;null;GH,GH18:+0.3300;8.A.46:+0.1510;gnl:+0.0503;null:+0.0473;GH:+0.0415
784,4,host glycan,host glycan,1.0,FecR,FecR;GH18;8.A.46,FecR;GH18;8.A.46;GH;null,FecR:+0.1630;GH18:+0.1492;8.A.46:+0.1124;GH:+0.0554;null:+0.0392
785,4,host glycan,host glycan,0.6342494714587738,GH18,GH18;8.A.46,GH18;8.A.46,GH18:+0.4530;8.A.46:+0.1932
799,4,host glycan,host glycan,0.994,GH18,GH18;GH163;8.A.46,GH18;GH163;8.A.46;GH;GH130,GH18:+0.1680;GH163:+0.1573;8.A.46:+0.1442;GH:+0.1240;GH130:+0.1221
805,4,host glycan,host glycan,1.0,FecR,FecR;GH18;8.A.46,FecR;GH18;8.A.46;GH;GerE,FecR:+0.1604;GH18:+0.1357;8.A.46:+0.1126;GH:+0.0554;GerE:+0.0487
814,4,host glycan,beta-glucan,0.08251748251748252,2,2;AraC;HTH,2;AraC;HTH;TPR,2:+0.0373;AraC:+0.0197;HTH:+0.0071;TPR:+0.0003
815,4,host glycan,host glycan,1.0,GH88,GH88;4.A.6;PL12,GH88;4.A.6;PL12;GH;PL,GH88:+0.2217;4.A.6:+0.1423;PL12:+0.0986;GH:+0.0701;PL:+0.0537
817,4,host glycan,host glycan,1.0,GH88,GH88;PfkB;4.A.6,GH88;PfkB;4.A.6;PL12;null,GH88:+0.1901;PfkB:+0.0734;4.A.6:+0.0732;PL12:+0.0591;null:+0.0500
829,4,host glycan,host glycan,1.0,GH88,GH88;4.A.6;PL12,GH88;4.A.6;PL12;PfkB;null,GH88:+0.2427;4.A.6:+0.0951;PL12:+0.0854;PfkB:+0.0611;null:+0.0557
835,4,pectin,pectin,1.0,1.B.14,1.B.14;GH3;GH144,1.B.14;GH3;GH144;GH,1.B.14:+0.3966;GH3:+0.3186;GH144:+0.2277;GH:+0.0382
837,4,pectin,pectin,1.0,GT,GT;GH57;GH133,GT;GH57;GH133;1.B.14;GH3,GT:+0.1866;GH57:+0.1857;GH133:+0.1787;1.B.14:+0.1645;GH3:+0.1615
843,4,pectin,pectin,0.776978417266187,CE20,CE20;CE;1.B.14,CE20;CE;1.B.14;null,CE20:+0.2282;CE:+0.2005;1.B.14:+0.1675;null:+0.0665
846,4,pectin,pectin,0.8578470429507813,GH140,GH140;5;GH5,GH140;5;GH5;2;2.A.2,GH140:+0.1922;5:+0.1381;GH5:+0.1221;2:+0.1088;2.A.2:+0.0996
849,4,pectin,pectin,0.9665354330708661,GH105,GH105;GH28;CE12,GH105;GH28;CE12;2.A.56;LacI,GH105:+0.1013;GH28:+0.0706;CE12:+0.0704;2.A.56:+0.0580;LacI:+0.0560
858,4,pectin,pectin,0.9765625,CE12,CE12;GH105;CE,CE12;GH105;CE;PL1;GH28,CE12:+0.0931;GH105:+0.0921;CE:+0.0816;PL1:+0.0615;GH28:+0.0563
866,4,pectin,pectin,0.7015590200445434,GH144,GH144;GH3;8.A.46,GH144;GH3;8.A.46;GH,GH144:+0.4288;GH3:+0.2208;8.A.46:+0.1218;GH:+0.0532
867,4,pectin,pectin,1.0,GH144,GH144;GH3;1.B.14,GH144;GH3;1.B.14;GH,GH144:+0.3797;GH3:+0.3346;1.B.14:+0.2984;GH:+0.1111
869,4,pectin,pectin,0.9942707297169676,GH147,GH147;GH;10,GH147;GH;10;GH133;GH53,GH147:+0.2878;GH:+0.2090;10:+0.2084;GH133:+0.2011;GH53:+0.1996
870,4,pectin,pectin,0.6625766871165644,CE12,CE12;CE;PL,CE12;CE;PL;GH105;1.B.14,CE12:+0.0811;CE:+0.0671;PL:+0.0620;GH105:+0.0601;1.B.14:+0.0437
880,4,pectin,pectin,0.9328484312767141,NUDIX,NUDIX;GH146;2.A.21,NUDIX;GH146;2.A.21;GH51;4,NUDIX:+0.2556;GH146:+0.2014;2.A.21:+0.1802;GH51:+0.1788;4:+0.1458
887,4,pectin,host glycan,0.3580246913580246,1.B.14,1.B.14;GH92;FecR,1.B.14;GH92;FecR;GerE;GH,1.B.14:+0.1846;GH92:+0.1625;FecR:+0.1398;GerE:+0.1229;GH:+0.1207
893,4,pectin,pectin,1.0,CE,CE;CE12;GH105,CE;CE12;GH105;1.B.14;PL,CE:+0.0945;CE12:+0.0884;GH105:+0.0882;1.B.14:+0.0675;PL:+0.0647
896,4,pectin,pectin,0.8992840693685084,1.B.35,1.B.35;2.A.21;PL9,1.B.35;2.A.21;PL9;PL;MarR,1.B.35:+0.1760;2.A.21:+0.1618;PL9:+0.1542;PL:+0.1464;MarR:+0.1257
904,4,pectin,pectin,0.9987574513597256,PL1,PL1;2;1.B.14,PL1;2;1.B.14;PL;null,PL1:+0.2717;2:+0.1393;1.B.14:+0.1337;PL:+0.1220;null:+0.0200
906,4,pectin,pectin,1.0,CE,CE;1.B.14;GH105,CE;1.B.14;GH105;PL;CE12,CE:+0.0976;1.B.14:+0.0904;GH105:+0.0808;PL:+0.0707;CE12:+0.0704
909,4,pectin,pectin,0.6033755274261603,GH144,GH144;GH3;null,GH144;GH3;null;GH,GH144:+0.3910;GH3:+0.1228;null:+0.0237;GH:+0.0016
921,4,pectin,pectin,0.9598609605878776,18,18;GH33;GH140,18;GH33;GH140;GH;GH106,18:+0.0965;GH33:+0.0711;GH140:+0.0652;GH:+0.0612;GH106:+0.0556
922,4,pectin,pectin,0.8625954198473282,GH105,GH105;GH28;2.A.56,GH105;GH28;2.A.56;PL1;PfkB,GH105:+0.1107;GH28:+0.0903;2.A.56:+0.0651;PL1:+0.0474;PfkB:+0.0446
923,4,pectin,pectin,0.9624505928853755,GH28,GH28;GH105;CE,GH28;GH105;CE;CE8;CE12,GH28:+0.0655;GH105:+0.0597;CE:+0.0513;CE8:+0.0506;CE12:+0.0446
933,4,xylan,xylan,0.997161023908402,GH43,GH43;7;17,GH43;7;17;CE1;CE,GH43:+0.1930;7:+0.1904;17:+0.1624;CE1:+0.0947;CE:+0.0890
935,4,xylan,xylan,0.7936630859266962,GH43,GH43;GH115;12,GH43;GH115;12;GH;10,GH43:+0.1009;GH115:+0.0952;12:+0.0915;GH:+0.0888;10:+0.0871
936,4,xylan,xylan,0.7506182962620939,GH10,GH10;GH43;GH,GH10;GH43;GH;2.A.2;1.B.14,GH10:+0.2242;GH43:+0.0804;GH:+0.0618;2.A.2:+0.0568;1.B.14:+0.0482
945,4,xylan,xylan,0.997161023908402,7,7;GH43;17,7;GH43;17;CE;CE1,7:+0.1695;GH43:+0.1464;17:+0.1258;CE:+0.0801;CE1:+0.0749
952,4,xylan,xylan,1.0,GH10,GH10;GH3;GH95,GH10;GH3;GH95;AraC;HTH,GH10:+0.2101;GH3:+0.2069;GH95:+0.1895;AraC:+0.1469;HTH:+0.1384
954,4,xylan,xylan,0.5804480651731161,GH10,GH10;GH43;GH,GH10;GH43;GH;2.A.2;2.A.1,GH10:+0.2528;GH43:+0.1129;GH:+0.0480;2.A.2:+0.0405;2.A.1:+0.0333
955,4,xylan,xylan,0.5657066578906745,GH10,GH10;GH43;GH,GH10;GH43;GH;1,GH10:+0.3578;GH43:+0.0663;GH:+0.0251;1:+0.0228
960,4,xylan,xylan,0.8863636363636364,26,26;GH5;GH127,26;GH5;GH127;13;1.B.14,26:+0.2296;GH5:+0.2240;GH127:+0.1816;13:+0.1746;1.B.14:+0.1693
962,4,xylan,xylan,0.7852363624921617,GH128,GH128;1.B.14;19,GH128;1.B.14;19;GH51;null,GH128:+0.4105;1.B.14:+0.1529;19:+0.1505;GH51:+0.1366;null:+0.1315
971,4,xylan,xylan,0.8419721057878883,GH43,GH43;CE;GH10,GH43;CE;GH10;GH115;GH,GH43:+0.0433;CE:+0.0430;GH10:+0.0398;GH115:+0.0390;GH:+0.0361
972,4,xylan,xylan,0.9984683689098276,GH35,GH35;1.B.14;null,GH35;1.B.14;null;GH,GH35:+0.7686;1.B.14:+0.3511;null:+0.2247;GH:+0.1339
975,4,xylan,xylan,0.7051354337889042,GH97,GH97;GH115;12,GH97;GH115;12;CE;GH,GH97:+0.0797;GH115:+0.0759;12:+0.0619;CE:+0.0453;GH:+0.0436
980,4,xylan,xylan,0.8419721057878883,GH43,GH43;CE;GH10,GH43;CE;GH10;GH115;GH,GH43:+0.0433;CE:+0.0426;GH10:+0.0398;GH115:+0.0390;GH:+0.0365
985,4,xylan,xylan,0.5657066578906745,GH10,GH10;GH43;GH,GH10;GH43;GH;1,GH10:+0.3578;GH43:+0.0663;GH:+0.0251;1:+0.0228
990,4,xylan,xylan,1.0,GH67,GH67;GH10;GH,GH67;GH10;GH;GH43;1.B.14,GH67:+0.1728;GH10:+0.1362;GH:+0.1164;GH43:+0.1109;1.B.14:+0.1004
998,4,xylan,xylan,1.0,GH67,GH67;GH10;2.A.2,GH67;GH10;2.A.2;CE20;AraC,GH67:+0.1961;GH10:+0.1414;2.A.2:+0.0907;CE20:+0.0902;AraC:+0.0886
1022,4,xylan,xylan,0.6506469500924215,GH67,GH67;2.A.2;GerE,GH67;2.A.2;GerE;1.B.14;null,GH67:+0.3690;2.A.2:+0.1822;GerE:+0.0681;1.B.14:+0.0448;null:+0.0198
1023,4,xylan,xylan,0.48453816274025124,GH3,GH3;1.B.14;GH43,GH3;1.B.14;GH43;1;PL11,GH3:+0.1237;1.B.14:+0.1190;GH43:+0.1141;1:+0.1117;PL11:+0.0974
1028,4,xylan,xylan,0.8549323017408124,GH67,GH67;GH10;GH,GH67;GH10;GH;null;AraC,GH67:+0.1386;GH10:+0.0780;GH:+0.0629;null:+0.0562;AraC:+0.0553
1029,4,xylan,xylan,0.37457627118644066,GH10,GH10;Fer4;GH,GH10;Fer4;GH;null;1,GH10:+0.2357;Fer4:+0.0395;GH:+0.0263;null:+0.0137;1:+0.0118
