idx,fold,true,pred,prob_true_cal,prob_pred_cal,top1,top3,top5,top5_with_delta
8,0,alginate,alginate,0.9187682231738137,0.9187682231738137,1,1;binding;PL5,1;binding;PL5;AraC;null,1:+0.1489;binding:+0.1461;PL5:+0.1383;AraC:+0.0634;null:+0.0047
10,0,alginate,alginate,0.6963556825459077,0.6963556825459077,PL17,PL17;PL6;binding,PL17;PL6;binding;PfkB;2,PL17:+0.1294;PL6:+0.1111;binding:+0.0689;PfkB:+0.0539;2:+0.0428
11,0,alginate,alginate,0.9999999999988423,0.9999999999988423,PL17,PL17;PL6;GntR,PL17;PL6;GntR;1;2,PL17:+0.0660;PL6:+0.0438;GntR:+0.0314;1:+0.0233;2:+0.0162
12,0,alginate,alginate,0.9999999999988423,0.9999999999988423,PL17,PL17;PL6;GntR,PL17;PL6;GntR;1;2,PL17:+0.0608;PL6:+0.0424;GntR:+0.0320;1:+0.0200;2:+0.0162
19,0,alginate,alginate,0.9999999999988423,0.9999999999988423,PL6,PL6;1;PL7,PL6;1;PL7;1.B.14.12.2;5,PL6:+0.0331;1:+0.0325;PL7:+0.0220;1.B.14.12.2:+0.0199;5:+0.0174
24,0,alginate,alginate,0.9996485695803605,0.9996485695803605,PL6,PL6;GntR;1,PL6;GntR;1;3;PL17,PL6:+0.0166;GntR:+0.0120;1:+0.0110;3:+0.0075;PL17:+0.0074
27,0,alginate,alginate,0.7038391021908303,0.7038391021908303,PL5,PL5;1;null,PL5;1;null,PL5:+0.6459;1:+0.2569;null:-0.0024
30,0,alginate,alginate,0.9999999999988423,0.9999999999988423,PL17,PL17;PL6;2,PL17;PL6;2;1;PfkB,PL17:+0.0362;PL6:+0.0221;2:+0.0105;1:+0.0100;PfkB:+0.0089
33,0,alginate,alginate,0.9993640440421248,0.9993640440421248,PL17,PL17;PL6;1,PL17;PL6;1;PfkB;2,PL17:+0.0418;PL6:+0.0249;1:+0.0152;PfkB:+0.0111;2:+0.0102
43,0,alginate,alginate,0.9314115214208116,0.9314115214208116,PL6,PL6;1.B.14.12.2;1,PL6;1.B.14.12.2;1;null;LacI,PL6:+0.2954;1.B.14.12.2:+0.1238;1:+0.1234;null:+0.0656;LacI:+0.0019
58,0,alpha-glucan,alpha-glucan,0.9999999999988423,0.9999999999988423,LacI,LacI;GH32;2.A.1.5.3,LacI;GH32;2.A.1.5.3;PfkB,LacI:+0.2354;GH32:+0.0479;2.A.1.5.3:+0.0267;PfkB:+0.0000
60,0,alpha-glucan,alpha-glucan,0.7617628638505272,0.7617628638505272,Pyr,Pyr;2;redox,Pyr;2;redox;38;GH13,Pyr:+0.1203;2:+0.1068;redox:+0.1065;38:+0.0585;GH13:+0.0480
62,0,alpha-glucan,alpha-glucan,0.9999999999988423,0.9999999999988423,LacI,LacI;GH13;3.A.1.1.45,LacI;GH13;3.A.1.1.45;30,LacI:+0.0524;GH13:+0.0362;3.A.1.1.45:+0.0140;30:+0.0070
64,0,alpha-glucan,beta-glucan,0.3293044365095119,0.628034304740523,GH13,GH13;LacI;1,GH13;LacI;1;3.A.1;Peripla,GH13:+0.3014;LacI:-0.0252;1:-0.0334;3.A.1:-0.0374;Peripla:-0.1442
67,0,alpha-glucan,alpha-glucan,0.9988962448260601,0.9988962448260601,GH13,GH13;20;8.A.9,GH13;20;8.A.9;3.A.1;CBM34,GH13:+0.0990;20:+0.0461;8.A.9:+0.0211;3.A.1:+0.0013;CBM34:+0.0011
69,0,alpha-glucan,alpha-glucan,0.8735664002925416,0.8735664002925416,GH97,GH97;8.A.9;1.B.14,GH97;8.A.9;1.B.14;null;8.A.46,GH97:+0.3985;8.A.9:+0.0519;1.B.14:+0.0056;null:-0.0049;8.A.46:-0.0405
70,0,alpha-glucan,alpha-glucan,0.9999999999988423,0.9999999999988423,GH13,GH13;20;CBM34,GH13;20;CBM34;3.A.1.1.26;null,GH13:+0.0904;20:+0.0287;CBM34:+0.0130;3.A.1.1.26:+0.0046;null:+0.0014
71,0,alpha-glucan,alpha-glucan,0.9580408721695105,0.9580408721695105,GH13,GH13;GT5;GT35,GH13;GT5;GT35;CBM48;null,GH13:+0.0893;GT5:+0.0603;GT35:+0.0477;CBM48:+0.0239;null:+0.0046
83,0,alpha-glucan,alpha-glucan,0.9998949684065922,0.9998949684065922,GH13,GH13;18;null,GH13;18;null;LacI,GH13:+0.0683;18:+0.0518;null:+0.0045;LacI:+0.0000
90,0,alpha-glucan,alpha-glucan,0.9999999999988423,0.9999999999988423,GH13,GH13;LacI;31,GH13;LacI;31,GH13:+0.0684;LacI:+0.0510;31:+0.0257
96,0,alpha-glucan,alpha-glucan,0.99991512234313,0.99991512234313,GH97,GH97;GH13;null,GH97;GH13;null;1.B.14.6.1;8.A.46.1.1,GH97:+0.0417;GH13:+0.0397;null:+0.0071;1.B.14.6.1:+0.0029;8.A.46.1.1:+0.0024
100,0,alpha-glucan,alpha-glucan,0.9999999999988423,0.9999999999988423,GH31,GH31;8.A.46.1.5;GH66,GH31;8.A.46.1.5;GH66;null;1.B.14.6.1,GH31:+0.0483;8.A.46.1.5:+0.0480;GH66:+0.0354;null:+0.0013;1.B.14.6.1:+0.0000
103,0,alpha-glucan,alpha-glucan,0.9999999999988423,0.9999999999988423,2.A.1.5.3,2.A.1.5.3;GH32,2.A.1.5.3;GH32,2.A.1.5.3:+0.1652;GH32:+0.1379
109,0,alpha-glucan,alpha-glucan,0.9999999999988423,0.9999999999988423,GH32,GH32;3.A.1.1.10;bac,GH32;3.A.1.1.10;bac;SBP;1,GH32:+0.0984;3.A.1.1.10:+0.0523;bac:+0.0067;SBP:+0.0036;1:+0.0006
115,0,alpha-glucan,alpha-glucan,0.8710699942575834,0.8710699942575834,GH97,GH97;GH13;GH31,GH97;GH13;GH31;null;38,GH97:+0.2231;GH13:+0.0829;GH31:+0.0357;null:+0.0056;38:+0.0053
118,0,alpha-glucan,alpha-glucan,0.999476191285629,0.999476191285629,GH97,GH97;GH13;1.B.14.6.1,GH97;GH13;1.B.14.6.1;null,GH97:+0.0890;GH13:+0.0715;1.B.14.6.1:+0.0058;null:+0.0013
127,0,alpha-glucan,alpha-glucan,0.9834130037527765,0.9834130037527765,LacI,LacI;GH77;GT35,LacI;GH77;GT35,LacI:+0.1233;GH77:+0.0810;GT35:+0.0411
128,0,alpha-glucan,alpha-glucan,0.9865758920664621,0.9865758920664621,LacI,LacI;GH77;GT35,LacI;GH77;GT35;3.A.1.1.27,LacI:+0.0919;GH77:+0.0627;GT35:+0.0337;3.A.1.1.27:+0.0032
136,0,alpha-glucan,fructan,1.0524412454703199e-13,0.9999999999988423,PfkB,PfkB;GH32;LacI,PfkB;GH32;LacI;null;3.A.1.1.10,PfkB:+0.0000;GH32:-0.0164;LacI:-0.0464;null:-0.0998;3.A.1.1.10:-1.0000
144,0,alpha-glucan,alpha-glucan,0.6865312777853289,0.6865312777853289,GH13,GH13;LacI;3.A.1.1.2,GH13;LacI;3.A.1.1.2,GH13:+0.3539;LacI:-0.0191;3.A.1.1.2:-0.2878
150,0,alpha-glucan,alpha-glucan,0.9999999999988423,0.9999999999988423,GH13,GH13;20;CBM34,GH13;20;CBM34;31;3.A.1.1.27,GH13:+0.0364;20:+0.0242;CBM34:+0.0213;31:+0.0181;3.A.1.1.27:+0.0162
152,0,alpha-glucan,alpha-glucan,0.9625279613089992,0.9625279613089992,GH13,GH13;3.A.1.1.45;CBM34,GH13;3.A.1.1.45;CBM34;CBM20;39,GH13:+0.1711;3.A.1.1.45:+0.0124;CBM34:+0.0119;CBM20:+0.0043;39:+0.0034
160,0,alpha-glucan,alpha-glucan,0.786179074260381,0.786179074260381,GH13,GH13;36;null,GH13;36;null;7;1.B.14,GH13:+0.2265;36:+0.0692;null:+0.0605;7:+0.0358;1.B.14:+0.0317
167,0,alpha-glucan,fructan,1.0524412454703199e-13,0.9999999999988423,PfkB,PfkB;GH32;LacI,PfkB;GH32;LacI;null;3.A.1.1.10,PfkB:+0.0000;GH32:-0.0164;LacI:-0.0464;null:-0.0998;3.A.1.1.10:-1.0000
170,0,alpha-glucan,alpha-glucan,0.9999999999988423,0.9999999999988423,GH13,GH13;GT5;9,GH13;GT5;9;CBM48;GT35,GH13:+0.0303;GT5:+0.0120;9:+0.0041;CBM48:+0.0023;GT35:+0.0020
173,0,alpha-glucan,alpha-glucan,0.9999999999988423,0.9999999999988423,GH13,GH13;redox;1,GH13;redox;1;Pyr;2,GH13:+0.0420;redox:+0.0163;1:+0.0154;Pyr:+0.0107;2:+0.0090
177,0,alpha-mannan,alpha-mannan,0.9928858576411137,0.9928858576411137,GH1,GH1;GH125;GntR,GH1;GH125;GntR;GH38;3.A.1.1.29,GH1:+0.1216;GH125:+0.1170;GntR:+0.1106;GH38:+0.0963;3.A.1.1.29:+0.0833
185,0,alpha-mannan,alpha-mannan,0.9280487069209817,0.9280487069209817,GH99,GH99;GH92;null,GH99;GH92;null;1.B.14.6.2,GH99:+0.3013;GH92:+0.2167;null:+0.0489;1.B.14.6.2:-0.0635
187,0,alpha-mannan,alpha-mannan,0.9866115660742468,0.9866115660742468,GH92,GH92;null;1.B.14.6.1,GH92;null;1.B.14.6.1;9.B.14.1.10,GH92:+0.2949;null:+0.1454;1.B.14.6.1:+0.0607;9.B.14.1.10:+0.0183
192,0,alpha-mannan,alpha-mannan,0.745339985510818,0.745339985510818,GH125,GH125;LacI;GH76,GH125;LacI;GH76;GH92;GH2,GH125:+0.2649;LacI:+0.1879;GH76:+0.1322;GH92:+0.1137;GH2:+0.1055
201,0,arabinogalactan,arabinogalactan,0.4293939945822592,0.4293939945822592,2.A.3,2.A.3;9.B.28;HTH,2.A.3;9.B.28;HTH;GH43;22,2.A.3:+0.1922;9.B.28:+0.1553;HTH:+0.1052;GH43:+0.0727;22:+0.0613
207,0,arabinogalactan,pectin,0.10236676545042267,0.36143968962885265,29,29;GH43;1.B.14,29;GH43;1.B.14;null;GH146,29:+0.0320;GH43:+0.0316;1.B.14:+0.0220;null:+0.0083;GH146:-0.0273
210,0,arabinogalactan,arabinogalactan,0.9949139804459302,0.9949139804459302,1.B.14.6.1,1.B.14.6.1;CBM32;3,1.B.14.6.1;CBM32;3;GH16;HTH,1.B.14.6.1:+0.0875;CBM32:+0.0830;3:+0.0807;GH16:+0.0748;HTH:+0.0496
217,0,arabinogalactan,arabinogalactan,0.9999485447860087,0.9999485447860087,3.A.1.1.34,3.A.1.1.34;GH51;1,3.A.1.1.34;GH51;1;null,3.A.1.1.34:+0.1263;GH51:+0.0902;1:+0.0781;null:+0.0144
219,0,arabinogalactan,arabinogalactan,0.38695907547196323,0.38695907547196323,GH51,GH51;null;3.A.1,GH51;null;3.A.1,GH51:+0.3859;null:+0.1616;3.A.1:-0.0927
220,0,arabinogalactan,pectin,0.32241378905309176,0.6599859765284471,HTH,HTH;AraC;4,HTH;AraC;4;GH43;1.B.14,HTH:+0.1940;AraC:+0.1389;4:+0.1053;GH43:+0.0448;1.B.14:+0.0083
221,0,arabinogalactan,host glycan,0.09334250766724807,0.42624458509110263,GH43,GH43;GH27;HTH,GH43;GH27;HTH;AraC;GH36,GH43:+0.0680;GH27:+0.0447;HTH:+0.0340;AraC:+0.0202;GH36:+0.0160
241,0,beta-glucan,beta-glucan,0.9476919511922004,0.9476919511922004,GH5,GH5;4;GH31,GH5;4;GH31;GH3;AraC,GH5:+0.1371;4:+0.1213;GH31:+0.0753;GH3:+0.0446;AraC:+0.0343
245,0,beta-glucan,beta-glucan,0.9999999999988423,0.9999999999988423,GH1,GH1;LacI;GH3,GH1;LacI;GH3;3;GH16,GH1:+0.0311;LacI:+0.0176;GH3:+0.0153;3:+0.0112;GH16:+0.0087
249,0,beta-glucan,beta-glucan,0.9608761547870468,0.9608761547870468,GH1,GH1;LacI;4.A.3.2.7,GH1;LacI;4.A.3.2.7;Glucokinase;4.A.3.2.6,GH1:+0.3211;LacI:+0.1749;4.A.3.2.7:+0.0569;Glucokinase:+0.0377;4.A.3.2.6:+0.0019
252,0,beta-glucan,beta-glucan,0.5138884576879469,0.5138884576879469,GH95,GH95;GH30;CBM32,GH95;GH30;CBM32;CE6;GH62,GH95:+0.2084;GH30:+0.1903;CBM32:+0.1384;CE6:+0.1317;GH62:+0.1162
254,0,beta-glucan,beta-glucan,0.7002536042653779,0.7002536042653779,CBM4,CBM4;null;1.B.14.6.1,CBM4;null;1.B.14.6.1,CBM4:+0.6533;null:+0.0116;1.B.14.6.1:-0.1854
258,0,beta-glucan,beta-glucan,0.9996485695803605,0.9996485695803605,GH16,GH16;8.A.46;1.B.14,GH16;8.A.46;1.B.14;GerE;null,GH16:+0.1324;8.A.46:+0.0246;1.B.14:+0.0097;GerE:+0.0070;null:+0.0028
268,0,beta-glucan,beta-glucan,0.9999999999988423,0.9999999999988423,GH3,GH3;3;GH16,GH3;3;GH16;8.A.46.2.1;1.B.14.6.2,GH3:+0.0877;3:+0.0562;GH16:+0.0430;8.A.46.2.1:+0.0379;1.B.14.6.2:+0.0073
269,0,beta-glucan,beta-mannan,0.3792337528172287,0.5980585381899761,4,4;GH36;GH5,4;GH36;GH5;GH3;7,4:+0.2477;GH36:+0.1398;GH5:+0.1109;GH3:+0.0998;7:+0.0435
271,0,beta-glucan,beta-glucan,0.8419964785189668,0.8419964785189668,3,3;GH30;CBM57,3;GH30;CBM57;null;1.B.14.6.1,3:+0.1923;GH30:+0.1527;CBM57:+0.1138;null:+0.0779;1.B.14.6.1:+0.0604
278,0,beta-glucan,beta-glucan,0.7296491831180347,0.7296491831180347,4,4;GH5;GH105,4;GH5;GH105;GH3;null,4:+0.1942;GH5:+0.1883;GH105:+0.1161;GH3:+0.0190;null:-0.0004
282,0,beta-glucan,beta-glucan,0.9999999999988423,0.9999999999988423,GH3,GH3;GH158;3,GH3;GH158;3;GH16;GerE,GH3:+0.0613;GH158:+0.0139;3:+0.0062;GH16:+0.0043;GerE:+0.0038
289,0,beta-glucan,beta-glucan,0.9954269825938835,0.9954269825938835,4,4;GH31;GH3,4;GH31;GH3;GH5;GH2,4:+0.0686;GH31:+0.0449;GH3:+0.0404;GH5:+0.0304;GH2:+0.0187
302,0,beta-glucan,beta-mannan,0.4285123018287945,0.4290129290527253,GH26,GH26;GH5;1.B.14,GH26;GH5;1.B.14;8.A.46;null,GH26:+0.0469;GH5:+0.0452;1.B.14:+0.0170;8.A.46:-0.0740;null:-0.0921
306,0,beta-glucan,beta-glucan,0.930719925346223,0.930719925346223,GH9,GH9;CBM3,GH9;CBM3,GH9:+0.2742;CBM3:+0.0377
309,0,beta-glucan,beta-glucan,0.9999999999988423,0.9999999999988423,GH8,GH8;4.D.3.1.6;1.B.55.3.1,GH8;4.D.3.1.6;1.B.55.3.1;GT2,GH8:+0.0284;4.D.3.1.6:+0.0035;1.B.55.3.1:+0.0000;GT2:+0.0000
312,0,beta-glucan,beta-glucan,0.9999999999988423,0.9999999999988423,GH4,GH4;4.A.3.2.2;Mga,GH4;4.A.3.2.2;Mga;11;HTH,GH4:+0.1616;4.A.3.2.2:+0.1157;Mga:+0.0961;11:+0.0948;HTH:+0.0670
315,0,beta-glucan,beta-glucan,0.9999999999988423,0.9999999999988423,3,3;GH3;GH30,3;GH3;GH30;7;1.B.14.6.1,3:+0.0703;GH3:+0.0506;GH30:+0.0392;7:+0.0229;1.B.14.6.1:+0.0142
319,0,beta-glucan,beta-glucan,0.9999999999988423,0.9999999999988423,GH3,GH3;8.A.46.2.1;1.B.14.6.2,GH3;8.A.46.2.1;1.B.14.6.2;3;GH16,GH3:+0.0908;8.A.46.2.1:+0.0592;1.B.14.6.2:+0.0405;3:+0.0379;GH16:+0.0335
330,0,beta-glucan,beta-glucan,0.9999999999988423,0.9999999999988423,4.A.1.2.2,4.A.1.2.2;GH1;null,4.A.1.2.2;GH1;null,4.A.1.2.2:+0.4503;GH1:+0.1289;null:+0.0000
333,0,beta-glucan,beta-glucan,0.9999999999988423,0.9999999999988423,GH73,GH73;9.B.154.1.2;null,GH73;9.B.154.1.2;null;Peptidase;M23,GH73:+0.0605;9.B.154.1.2:+0.0131;null:+0.0123;Peptidase:+0.0025;M23:+0.0003
334,0,beta-glucan,beta-glucan,0.9999999999988423,0.9999999999988423,GH73,GH73;null;9.B.154.1.2,GH73;null;9.B.154.1.2;M23;Peptidase,GH73:+0.0584;null:+0.0123;9.B.154.1.2:+0.0103;M23:+0.0000;Peptidase:+0.0000
341,0,beta-glucan,beta-glucan,0.9206650696835657,0.9206650696835657,GH31,GH31;3;GH9,GH31;3;GH9;9.B.27.3.1;null,GH31:+0.0907;3:+0.0821;GH9:+0.0599;9.B.27.3.1:+0.0198;null:+0.0178
342,0,beta-glucan,beta-glucan,0.9627324292964005,0.9627324292964005,GH31,GH31;GH5;4,GH31;GH5;4;null;1.B.14,GH31:+0.0566;GH5:+0.0433;4:+0.0315;null:+0.0103;1.B.14:+0.0023
347,0,beta-glucan,beta-glucan,0.9998841233758831,0.9998841233758831,GH5,GH5;4;AraC,GH5;4;AraC;HTH;GH36,GH5:+0.0750;4:+0.0549;AraC:+0.0371;HTH:+0.0269;GH36:+0.0191
349,0,beta-glucan,beta-glucan,0.9999999999988423,0.9999999999988423,GH73,GH73;9.B.154.1.2;null,GH73;9.B.154.1.2;null;Peptidase;M23,GH73:+0.0605;9.B.154.1.2:+0.0131;null:+0.0123;Peptidase:+0.0025;M23:+0.0003
357,0,beta-mannan,beta-mannan,0.9999999999988423,0.9999999999988423,LacI,LacI;2.A.2.2.3;GH2,LacI;2.A.2.2.3;GH2,LacI:+1.0000;2.A.2.2.3:+0.5948;GH2:+0.3083
361,0,beta-mannan,beta-mannan,0.999871369941882,0.999871369941882,GH29,GH29;HTH;C,GH29;HTH;C;2.A.1.14.25;AraC,GH29:+0.0647;HTH:+0.0541;C:+0.0513;2.A.1.14.25:+0.0448;AraC:+0.0444
362,0,beta-mannan,beta-mannan,0.9999999999988423,0.9999999999988423,HTH,HTH;GH29;C,HTH;GH29;C;AraC;2.A.1.14.25,HTH:+0.0494;GH29:+0.0468;C:+0.0350;AraC:+0.0298;2.A.1.14.25:+0.0254
372,0,beta-mannan,beta-mannan,0.3982021498148568,0.3982021498148568,GH26,GH26;4.A.3;null,GH26;4.A.3;null;GntR;8.A.49,GH26:+0.1824;4.A.3:+0.0995;null:+0.0342;GntR:+0.0135;8.A.49:-0.0393
376,0,beta-mannan,beta-mannan,0.9903937349766202,0.9903937349766202,LacI,LacI;GH130;2,LacI;GH130;2;1;3.A.1.1.46,LacI:+0.0777;GH130:+0.0679;2:+0.0269;1:+0.0263;3.A.1.1.46:+0.0248
377,0,beta-mannan,beta-mannan,0.9789036584055651,0.9789036584055651,GH130,GH130;GH26;GH5,GH130;GH26;GH5;HTH;2,GH130:+0.0608;GH26:+0.0440;GH5:+0.0411;HTH:+0.0283;2:+0.0271
380,0,beta-mannan,beta-mannan,0.78940995609308,0.78940995609308,GH130,GH130;CE7;null,GH130;CE7;null;GH27;LacI,GH130:+0.2639;CE7:+0.0759;null:+0.0074;GH27:+0.0014;LacI:+0.0007
382,0,beta-mannan,beta-mannan,0.9999999999988423,0.9999999999988423,31,31;LacI;GH13,31;LacI;GH13;GH32;null,31:+0.6419;LacI:+0.5058;GH13:+0.4269;GH32:+0.3268;null:+0.2182
384,0,beta-mannan,beta-mannan,0.5242392301101744,0.5242392301101744,GH130,GH130;GH113;1,GH130;GH113;1;CE2;bac,GH130:+0.3458;GH113:+0.0704;1:+0.0357;CE2:+0.0299;bac:+0.0247
391,0,beta-mannan,beta-glucan,0.07134338283986053,0.546119898358428,GH3,GH3,GH3,GH3:+0.0579
397,0,beta-mannan,galactan,0.40230456565252376,0.45552084244402913,GH42,GH42;3.A.1,GH42;3.A.1,GH42:+0.3953;3.A.1:-0.2228
408,0,beta-mannan,beta-mannan,0.5053235609228351,0.5053235609228351,GH35,GH35;null;GH42,GH35;null;GH42;LacI;3.A.1,GH35:+0.2595;null:+0.2145;GH42:+0.1595;LacI:+0.1440;3.A.1:+0.0730
423,0,beta-mannan,galactan,0.13962163363181565,0.8562353758906787,GH42,GH42;3.A.1.1.48;1,GH42;3.A.1.1.48;1;bac;SBP,GH42:+0.0527;3.A.1.1.48:+0.0020;1:-0.1523;bac:-0.1658;SBP:-0.1841
433,0,chitin,chitin,0.9853376363793798,0.9853376363793798,GH4,GH4;null;4.A.3.2.1,GH4;null;4.A.3.2.1;4.A.3.2.7,GH4:+0.2616;null:+0.0943;4.A.3.2.1:+0.0434;4.A.3.2.7:+0.0381
434,0,chitin,chitin,0.9752398490501528,0.9752398490501528,4.A.3.2.5,4.A.3.2.5;AraC;GH1,4.A.3.2.5;AraC;GH1;HTH,4.A.3.2.5:+0.2996;AraC:+0.2756;GH1:+0.2511;HTH:+0.2096
435,0,chitin,chitin,0.9999091267569834,0.9999091267569834,AraC,AraC;HTH;4.A.3.2.5,AraC;HTH;4.A.3.2.5;GH1;null,AraC:+0.3850;HTH:+0.3241;4.A.3.2.5:+0.3233;GH1:+0.1808;null:+0.0247
439,0,chitin,chitin,0.9999999999988423,0.9999999999988423,AA10,AA10;1;GH18,AA10;1;GH18;HTH;1.E.2.1.11,AA10:+0.1512;1:+0.0381;GH18:+0.0364;HTH:+0.0190;1.E.2.1.11:+0.0060
447,0,chitin,chitin,0.558751086293896,0.558751086293896,GH18,GH18;CBM5,GH18;CBM5,GH18:+0.2821;CBM5:+0.2192
450,0,chitin,chitin,0.9999999999988423,0.9999999999988423,1.B.25.1.13,1.B.25.1.13;GH20;null,1.B.25.1.13;GH20;null,1.B.25.1.13:+0.3338;GH20:+0.2618;null:+0.0908
452,0,chitin,chitin,0.9999999999988423,0.9999999999988423,GH4,GH4;4.A.3.2.7;null,GH4;4.A.3.2.7;null;4.A.3.2.1,GH4:+0.2503;4.A.3.2.7:+0.0853;null:+0.0543;4.A.3.2.1:+0.0070
453,0,chitin,chitin,0.9999999999988423,0.9999999999988423,CE4,CE4;GH4;4.A.3.2.6,CE4;GH4;4.A.3.2.6,CE4:+0.2546;GH4:+0.1531;4.A.3.2.6:+0.1104
464,0,chitin,chitin,0.9999999999988423,0.9999999999988423,4.A.3.2.7,4.A.3.2.7;GH4;null,4.A.3.2.7;GH4;null;AraC;HTH,4.A.3.2.7:+0.3610;GH4:+0.2130;null:+0.0682;AraC:+0.0097;HTH:+0.0070
472,0,chitin,chitin,0.7649235443403283,0.7649235443403283,GH20,GH20;PAS;HisKA,GH20;PAS;HisKA;Response;c,GH20:+0.1691;PAS:+0.1357;HisKA:+0.0970;Response:+0.0768;c:+0.0743
474,0,chitin,chitin,0.9416100789629889,0.9416100789629889,GH4,GH4;4.A.3.2.1;AraC,GH4;4.A.3.2.1;AraC;HTH;4.A.3.2.7,GH4:+0.2870;4.A.3.2.1:+0.1781;AraC:+0.0549;HTH:+0.0324;4.A.3.2.7:+0.0078
477,0,chitin,chitin,0.9999999999988423,0.9999999999988423,4.A.3.2.1,4.A.3.2.1;GH4;HTH,4.A.3.2.1;GH4;HTH;AraC;null,4.A.3.2.1:+0.2455;GH4:+0.1787;HTH:+0.0188;AraC:+0.0159;null:+0.0000
483,0,chitin,chitin,0.9999999999988423,0.9999999999988423,4.A.3.2.7,4.A.3.2.7;GH4;AraC,4.A.3.2.7;GH4;AraC;HTH;null,4.A.3.2.7:+0.3610;GH4:+0.1720;AraC:+0.0083;HTH:+0.0022;null:+0.0000
491,0,fructan,alpha-glucan,0.04613639139013744,0.7600373191958425,GH32,GH32;HTH;3.A.1,GH32;HTH;3.A.1;Mga;LacI,GH32:+0.0391;HTH:+0.0359;3.A.1:+0.0254;Mga:-0.0089;LacI:-0.0931
498,0,fructan,fructan,0.9999999999988423,0.9999999999988423,GH32,GH32;2.A.1.7.17;1.B.14.6.1,GH32;2.A.1.7.17;1.B.14.6.1;PfkB;null,GH32:+0.1005;2.A.1.7.17:+0.0132;1.B.14.6.1:+0.0039;PfkB:+0.0034;null:+0.0032
502,0,fructan,fructan,0.6230788353501296,0.6230788353501296,GH68,GH68;GH32;2.A.3,GH68;GH32;2.A.3,GH68:+0.5395;GH32:+0.0755;2.A.3:-0.0197
507,0,fructan,fructan,0.9999999999988423,0.9999999999988423,3.A.1.1.10,3.A.1.1.10;3.A.1.1.29;null,3.A.1.1.10;3.A.1.1.29;null;LacI;GH32,3.A.1.1.10:+1.0000;3.A.1.1.29:+1.0000;null:+0.0998;LacI:+0.0610;GH32:+0.0543
508,0,fructan,alpha-glucan,1.0524412454703201e-13,0.9686671265113727,3.A.1.1.20,3.A.1.1.20;GH32;LacI,3.A.1.1.20;GH32;LacI,3.A.1.1.20:+0.0000;GH32:-0.0000;LacI:-0.0845
514,0,fructan,alpha-glucan,0.18653500184270458,0.46563368114988835,null,null;GH32;LacI,null;GH32;LacI;4.A.1,null:+0.1630;GH32:+0.0961;LacI:-0.0400;4.A.1:-0.0479
523,0,galactan,galactan,0.9999999999988423,0.9999999999988423,GH4,GH4;AraC;HTH,GH4;AraC;HTH;2.A.2.1.1,GH4:+0.1914;AraC:+0.1286;HTH:+0.1249;2.A.2.1.1:+0.0000
524,0,galactan,galactan,0.9999999999988423,0.9999999999988423,3.A.1.1.28,3.A.1.1.28;GH36;MarR,3.A.1.1.28;GH36;MarR;null;SBP,3.A.1.1.28:+0.0761;GH36:+0.0611;MarR:+0.0364;null:+0.0079;SBP:+0.0029
528,0,galactan,galactan,0.5890497535651905,0.5890497535651905,3.A.1.1.2,3.A.1.1.2;LacI;GH42,3.A.1.1.2;LacI;GH42;GH53;CBM61,3.A.1.1.2:+0.4395;LacI:+0.1324;GH42:+0.1073;GH53:-0.1399;CBM61:-0.4109
544,0,galactan,pectin,1.0524412454703199e-13,0.9999999999988423,GH53,GH53;GH2;GH147,GH53;GH2;GH147;null;AraC,GH53:-0.0041;GH2:-0.0108;GH147:-0.0284;null:-0.0289;AraC:-0.0359
545,0,galactan,pectin,0.030495401077819412,0.8331088922173889,GH53,GH53;null;GH2,GH53;null;GH2;HTH;AraC,GH53:+0.0179;null:-0.0288;GH2:-0.0446;HTH:-0.0575;AraC:-0.0678
553,0,galactan,beta-glucan,0.3631576441949614,0.5102081019646545,GH42,GH42;LacI;3.A.1,GH42;LacI;3.A.1;Peripla;BP,GH42:+0.2102;LacI:+0.1608;3.A.1:-0.1112;Peripla:-0.1273;BP:-0.1348
554,0,galactan,galactan,0.7234746364312121,0.7234746364312121,GH16,GH16;GH117;null,GH16;GH117;null;GH29;16,GH16:+0.1232;GH117:+0.0784;null:+0.0667;GH29:+0.0553;16:+0.0445
555,0,galactan,galactan,0.783634865860482,0.783634865860482,GH16,GH16;GH117;null,GH16;GH117;null;GH86;GH50,GH16:+0.1674;GH117:+0.0759;null:+0.0696;GH86:+0.0543;GH50:+0.0431
561,0,galactan,galactan,0.7692723631299578,0.7692723631299578,GH53,GH53;8.A.46.1.1;HTH,GH53;8.A.46.1.1;HTH;AraC;1.B.14.6.1,GH53:+0.6197;8.A.46.1.1:+0.2401;HTH:+0.1634;AraC:+0.1252;1.B.14.6.1:+0.0145
566,0,galactan,galactan,0.5280151695120523,0.5280151695120523,3.A.1.1.28,3.A.1.1.28;18;GH36,3.A.1.1.28;18;GH36;31;GH13,3.A.1.1.28:+0.2966;18:+0.2138;GH36:+0.1921;31:+0.0782;GH13:+0.0694
570,0,galactan,galactan,0.7607447085422501,0.7607447085422501,null,null;GntR;GH16,null;GntR;GH16;2.A.1;1.B.14,null:+0.3564;GntR:+0.3508;GH16:+0.2282;2.A.1:+0.1281;1.B.14:+0.1125
574,0,galactan,galactan,0.9803454338945043,0.9803454338945043,42,42;1;TPR,42;1;TPR;GH5;null,42:+0.2924;1:+0.1273;TPR:+0.1062;GH5:+0.0523;null:+0.0089
577,0,galactan,galactan,0.831236536958364,0.831236536958364,GH129,GH129;GH127;HTH,GH129;GH127;HTH;null;AraC,GH129:+0.2619;GH127:+0.1585;HTH:+0.0959;null:+0.0442;AraC:+0.0426
578,0,galactan,galactan,0.6987404087494254,0.6987404087494254,GntR,GntR;null;GH16,GntR;null;GH16;2.A.1;HTH,GntR:+0.3056;null:+0.2277;GH16:+0.2101;2.A.1:+0.1493;HTH:+0.0792
588,0,galactan,galactan,0.8177884578627673,0.8177884578627673,null,null;SBP;GH42,null;SBP;GH42;bac;1,null:+0.7475;SBP:+0.1862;GH42:+0.1843;bac:+0.1764;1:+0.1606
592,0,host glycan,host glycan,0.5997230276344173,0.5997230276344173,GH20,GH20;0043143,GH20;0043143,GH20:+0.3313;0043143:-0.1479
601,0,host glycan,host glycan,0.9761275742052278,0.9761275742052278,GH20,GH20;HTH;GH33,GH20;HTH;GH33;GH29;AraC,GH20:+0.0169;HTH:+0.0110;GH33:+0.0108;GH29:+0.0096;AraC:+0.0091
607,0,host glycan,host glycan,0.9841650977370585,0.9841650977370585,GH18,GH18;8.A.46;1.B.14,GH18;8.A.46;1.B.14;null,GH18:+0.4083;8.A.46:+0.0761;1.B.14:+0.0327;null:+0.0105
612,0,host glycan,host glycan,0.9999999999988423,0.9999999999988423,DeoR,DeoR;GH31;PfkB,DeoR;GH31;PfkB;1.B.35.2.2;13,DeoR:+0.0538;GH31:+0.0395;PfkB:+0.0391;1.B.35.2.2:+0.0307;13:+0.0247
618,0,host glycan,host glycan,0.46585033903560136,0.46585033903560136,null,null;3.A.1.1.48;GH95,null;3.A.1.1.48;GH95,null:+0.1791;3.A.1.1.48:+0.0457;GH95:-0.0097
626,0,host glycan,host glycan,0.9999999999988423,0.9999999999988423,CE9,CE9;SIS;GntR,CE9;SIS;GntR;4.A.6.1.18;GH35,CE9:+0.1949;SIS:+0.0426;GntR:+0.0390;4.A.6.1.18:+0.0172;GH35:+0.0011
633,0,host glycan,host glycan,0.9999999999988423,0.9999999999988423,GH2,GH2;GH20;1.C.39.4.5,GH2;GH20;1.C.39.4.5;2.A.115.1.2;1.B.14.6.1,GH2:+0.0267;GH20:+0.0153;1.C.39.4.5:+0.0138;2.A.115.1.2:+0.0104;1.B.14.6.1:+0.0050
635,0,host glycan,host glycan,0.8843063292085704,0.8843063292085704,CBM67,CBM67;2.A.4.7.2;GH78,CBM67;2.A.4.7.2;GH78;AraC;null,CBM67:+0.1353;2.A.4.7.2:+0.1028;GH78:+0.0991;AraC:+0.0975;null:+0.0800
636,0,host glycan,host glycan,0.9999999999988423,0.9999999999988423,GH97,GH97;CBM67;GH78,GH97;CBM67;GH78;AraC;HTH,GH97:+0.0714;CBM67:+0.0637;GH78:+0.0570;AraC:+0.0529;HTH:+0.0528
637,0,host glycan,host glycan,0.7533767008919695,0.7533767008919695,CBM67,CBM67;null;GH78,CBM67;null;GH78;AraC;2.A.4.7.9,CBM67:+0.1799;null:+0.1680;GH78:+0.1053;AraC:+0.0599;2.A.4.7.9:+0.0340
639,0,host glycan,host glycan,0.9987714490900441,0.9987714490900441,GH88,GH88;PL12;PfkB,GH88;PL12;PfkB;null;PL8,GH88:+0.0635;PL12:+0.0134;PfkB:+0.0114;null:+0.0039;PL8:+0.0036
654,0,host glycan,host glycan,0.9999999999988423,0.9999999999988423,CBM93,CBM93;GH33;GH20,CBM93;GH33;GH20;CE20;GH2,CBM93:+0.0168;GH33:+0.0166;GH20:+0.0137;CE20:+0.0054;GH2:+0.0042
655,0,host glycan,host glycan,0.9999999999988423,0.9999999999988423,CE9,CE9;MarR,CE9;MarR,CE9:+0.3638;MarR:+0.0022
661,0,host glycan,host glycan,0.9999999999988423,0.9999999999988423,GH18,GH18;8.A.46.2.2;FecR,GH18;8.A.46.2.2;FecR;1.B.14.6.13;null,GH18:+0.0152;8.A.46.2.2:+0.0060;FecR:+0.0051;1.B.14.6.13:+0.0028;null:+0.0021
668,0,host glycan,host glycan,0.9999999999988423,0.9999999999988423,8.A.46.2.2,8.A.46.2.2;GH18;FecR,8.A.46.2.2;GH18;FecR;1.B.14.6.13;null,8.A.46.2.2:+0.0498;GH18:+0.0476;FecR:+0.0123;1.B.14.6.13:+0.0080;null:+0.0038
669,0,host glycan,host glycan,0.9999999999988423,0.9999999999988423,8.A.46.2.2,8.A.46.2.2;GH18;FecR,8.A.46.2.2;GH18;FecR;1.B.14.6.13;null,8.A.46.2.2:+0.0489;GH18:+0.0457;FecR:+0.0117;1.B.14.6.13:+0.0040;null:+0.0038
671,0,host glycan,host glycan,0.8377729802796716,0.8377729802796716,CBM67,CBM67;GH78;AraC,CBM67;GH78;AraC;null;HTH,CBM67:+0.2154;GH78:+0.1764;AraC:+0.1166;null:+0.1136;HTH:+0.0928
675,0,host glycan,host glycan,0.9574893229779876,0.9574893229779876,GH88,GH88;GH2;GH20,GH88;GH2;GH20;PL33;AraC,GH88:+0.0903;GH2:+0.0486;GH20:+0.0332;PL33:+0.0239;AraC:+0.0140
677,0,host glycan,host glycan,0.9246071944696423,0.9246071944696423,GH170,GH170;4.A.3.2.4;null,GH170;4.A.3.2.4;null,GH170:+0.2507;4.A.3.2.4:+0.0699;null:+0.0619
683,0,host glycan,host glycan,0.5997230276344173,0.5997230276344173,GH20,GH20;0043143,GH20;0043143,GH20:+0.3313;0043143:-0.1479
684,0,host glycan,host glycan,0.9999999999988423,0.9999999999988423,GH33,GH33;CBM93;GH20,GH33;CBM93;GH20;CE20;GH2,GH33:+0.0483;CBM93:+0.0416;GH20:+0.0227;CE20:+0.0164;GH2:+0.0102
685,0,host glycan,host glycan,0.9999999999988423,0.9999999999988423,CBM93,CBM93;GH33;GH20,CBM93;GH33;GH20;CE20;GH2,CBM93:+0.0566;GH33:+0.0555;GH20:+0.0311;CE20:+0.0133;GH2:+0.0101
686,0,host glycan,host glycan,0.9992429833484311,0.9992429833484311,CBM93,CBM93;GH33;GH20,CBM93;GH33;GH20;CE20;GH2,CBM93:+0.0681;GH33:+0.0656;GH20:+0.0394;CE20:+0.0167;GH2:+0.0142
691,0,host glycan,host glycan,0.9999999999988423,0.9999999999988423,GH20,GH20;N;TetR,GH20;N;TetR,GH20:+0.2299;N:+0.0744;TetR:+0.0432
693,0,host glycan,host glycan,0.9999999999988423,0.9999999999988423,CBM32,CBM32;GH29;null,CBM32;GH29;null,CBM32:+0.0780;GH29:+0.0294;null:+0.0089
698,0,host glycan,host glycan,0.9990743591211253,0.9990743591211253,null,null;GH29;CBM32,null;GH29;CBM32;GH2,null:+0.0084;GH29:+0.0001;CBM32:-0.0006;GH2:-0.0009
709,0,host glycan,host glycan,0.8559236421896842,0.8559236421896842,19,19;GH43;9,19;GH43;9;GH35;CBM91,19:+0.2067;GH43:+0.1504;9:+0.1259;GH35:+0.1187;CBM91:+0.0655
712,0,host glycan,host glycan,0.9997356343860135,0.9997356343860135,AraC,AraC;GH29;HTH,AraC;GH29;HTH;CBM91;GH97,AraC:+0.0898;GH29:+0.0888;HTH:+0.0818;CBM91:+0.0776;GH97:+0.0692
716,0,host glycan,host glycan,0.9999999999988423,0.9999999999988423,GH89,GH89;FecR;GerE,GH89;FecR;GerE;1.B.14.6.1;null,GH89:+0.3198;FecR:+0.1004;GerE:+0.0561;1.B.14.6.1:+0.0203;null:+0.0042
719,0,host glycan,host glycan,0.9999999999988423,0.9999999999988423,8.A.46.2.2,8.A.46.2.2;GH18;1.B.14.6.13,8.A.46.2.2;GH18;1.B.14.6.13;FecR;null,8.A.46.2.2:+0.0668;GH18:+0.0495;1.B.14.6.13:+0.0183;FecR:+0.0087;null:+0.0054
720,0,host glycan,host glycan,0.9999999999988423,0.9999999999988423,GH38,GH38;GH20;GH92,GH38;GH20;GH92;GH125;null,GH38:+0.1583;GH20:+0.1499;GH92:+0.0800;GH125:+0.0788;null:+0.0021
725,0,host glycan,host glycan,0.9999999999988423,0.9999999999988423,CBM32,CBM32;GH92;1.B.14.6.1,CBM32;GH92;1.B.14.6.1;34;HTH,CBM32:+0.0745;GH92:+0.0511;1.B.14.6.1:+0.0365;34:+0.0097;HTH:+0.0052
728,0,host glycan,host glycan,0.9999999999988423,0.9999999999988423,CBM32,CBM32;GH92;1.B.14.6.1,CBM32;GH92;1.B.14.6.1;null;HTH,CBM32:+0.0936;GH92:+0.0651;1.B.14.6.1:+0.0401;null:+0.0173;HTH:+0.0104
731,0,host glycan,host glycan,0.9918273436527715,0.9918273436527715,CE9,CE9;Glucokinase,CE9;Glucokinase,CE9:+0.4254;Glucokinase:-0.0060
733,0,host glycan,host glycan,0.9999999999988423,0.9999999999988423,CE9,CE9;null;GntR,CE9;null;GntR,CE9:+0.5783;null:+0.0250;GntR:+0.0021
741,0,host glycan,host glycan,0.9523427425860356,0.9523427425860356,GH112,GH112;GH136;3.A.1.1.4,GH112;GH136;3.A.1.1.4;null;AraC,GH112:+0.0907;GH136:+0.0585;3.A.1.1.4:+0.0439;null:+0.0111;AraC:-0.0035
758,0,host glycan,host glycan,0.9999999999988423,0.9999999999988423,CE9,CE9;4.A.1.1.7;MarR,CE9;4.A.1.1.7;MarR,CE9:+0.2012;4.A.1.1.7:+0.0000;MarR:+0.0000
760,0,host glycan,galactan,0.014645211993295451,0.4184120677318273,null,null;GH53;1.B.14.6.1,null;GH53;1.B.14.6.1;8.A.46.1.1,null:+0.0032;GH53:-0.0131;1.B.14.6.1:-0.0498;8.A.46.1.1:-0.1015
770,0,host glycan,host glycan,0.9999999999988423,0.9999999999988423,CBM32,CBM32;null;1.B.14.6.1,CBM32;null;1.B.14.6.1,CBM32:+0.7347;null:+0.0283;1.B.14.6.1:+0.0182
771,0,host glycan,host glycan,0.9999999999988423,0.9999999999988423,CBM32,CBM32;null;1.B.14.6.1,CBM32;null;1.B.14.6.1;0038753,CBM32:+0.3020;null:+0.0184;1.B.14.6.1:+0.0108;0038753:+0.0000
773,0,host glycan,host glycan,0.9838021278461412,0.9838021278461412,CBM93,CBM93;GH33;3,CBM93;GH33;3;MarR;HTH,CBM93:+0.0453;GH33:+0.0453;3:+0.0271;MarR:+0.0086;HTH:+0.0064
780,0,host glycan,host glycan,0.9999091267569834,0.9999091267569834,4.A.3.1.3,4.A.3.1.3;GH1;null,4.A.3.1.3;GH1;null,4.A.3.1.3:+0.5497;GH1:+0.1313;null:+0.0775
794,0,host glycan,host glycan,0.9998888729903669,0.9998888729903669,DeoR,DeoR;GH95;null,DeoR;GH95;null;HTH;4.A.6.1.9,DeoR:+0.0764;GH95:+0.0260;null:+0.0224;HTH:+0.0223;4.A.6.1.9:+0.0181
797,0,host glycan,host glycan,0.9640842366787994,0.9640842366787994,GH29,GH29;AraC;HTH,GH29;AraC;HTH;CBM91;10,GH29:+0.1305;AraC:+0.1177;HTH:+0.1075;CBM91:+0.0862;10:+0.0628
804,0,host glycan,host glycan,0.9999999999988423,0.9999999999988423,GH18,GH18;1.B.14.6.13;GH163,GH18;1.B.14.6.13;GH163;8.A.46.2.1;8.A.46.2.2,GH18:+0.0204;1.B.14.6.13:+0.0129;GH163:+0.0116;8.A.46.2.1:+0.0060;8.A.46.2.2:+0.0060
816,0,host glycan,host glycan,0.9872166770277135,0.9872166770277135,GH88,GH88;PL12;1,GH88;PL12;1;4.A.6;null,GH88:+0.0978;PL12:+0.0391;1:+0.0205;4.A.6:+0.0045;null:+0.0025
818,0,host glycan,host glycan,0.7025647467228889,0.7025647467228889,HTH,HTH;AraC;GH3,HTH;AraC;GH3;2;CE8,HTH:+0.2502;AraC:+0.2386;GH3:+0.2288;2:+0.2253;CE8:+0.1990
825,0,host glycan,host glycan,0.9976226645601493,0.9976226645601493,PL8,PL8;2;HTH,PL8;2;HTH;1.B.14.6.1;8.A.46.1.3,PL8:+0.0105;2:+0.0100;HTH:+0.0100;1.B.14.6.1:+0.0085;8.A.46.1.3:+0.0072
847,0,pectin,pectin,0.7203786498236355,0.7203786498236355,GH140,GH140;GH95;GH28,GH140;GH95;GH28;GH106;null,GH140:+0.1083;GH95:+0.0726;GH28:+0.0708;GH106:+0.0268;null:+0.0199
848,0,pectin,pectin,0.4039576032721356,0.4039576032721356,1.B.35,1.B.35;CE10,1.B.35;CE10,1.B.35:+0.2402;CE10:+0.0941
851,0,pectin,pectin,0.9576919591279367,0.9576919591279367,GH28,GH28;GH105;PL10,GH28;GH105;PL10;CE8;CE12,GH28:+0.0496;GH105:+0.0486;PL10:+0.0328;CE8:+0.0289;CE12:+0.0261
852,0,pectin,pectin,0.9536157638414519,0.9536157638414519,GH105,GH105;GH28;PL11,GH105;GH28;PL11;PL1;GH106,GH105:+0.0506;GH28:+0.0354;PL11:+0.0253;PL1:+0.0180;GH106:+0.0121
855,0,pectin,pectin,0.9576688175498126,0.9576688175498126,GH105,GH105;CE12;CE8,GH105;CE12;CE8;PL1;AAA,GH105:+0.0820;CE12:+0.0471;CE8:+0.0284;PL1:+0.0236;AAA:+0.0096
856,0,pectin,pectin,0.9830670165937035,0.9830670165937035,GH105,GH105;CE12;PL1,GH105;CE12;PL1;CE8;2,GH105:+0.0630;CE12:+0.0395;PL1:+0.0321;CE8:+0.0255;2:+0.0191
864,0,pectin,pectin,0.8024817628360316,0.8024817628360316,GH147,GH147;GH53;GH133,GH147;GH53;GH133;GH2;null,GH147:+0.1995;GH53:+0.1778;GH133:+0.1567;GH2:+0.1506;null:+0.0446
874,0,pectin,pectin,0.7535691361456487,0.7535691361456487,GH28,GH28;CE12;GH105,GH28;CE12;GH105;GH106;1.B.14,GH28:+0.1996;CE12:+0.1633;GH105:+0.0964;GH106:+0.0396;1.B.14:-0.0070
878,0,pectin,pectin,0.7072194157916071,0.7072194157916071,GH3,GH3;1.B.14.6.1;null,GH3;1.B.14.6.1;null,GH3:+0.4953;1.B.14.6.1:+0.3401;null:-0.0060
883,0,pectin,pectin,0.7149540072370308,0.7149540072370308,GH146,GH146;NUDIX;2.A.21.3.19,GH146;NUDIX;2.A.21.3.19;1.B.14.6.1;1,GH146:+0.1462;NUDIX:+0.1314;2.A.21.3.19:+0.0288;1.B.14.6.1:+0.0196;1:+0.0021
886,0,pectin,galactan,0.12573265928679683,0.6223569637680862,GH147,GH147;GH53;null,GH147;GH53;null;1.B.14.6.1;8.A.46.1.1,GH147:+0.0487;GH53:+0.0285;null:+0.0140;1.B.14.6.1:-0.0742;8.A.46.1.1:-0.1364
892,0,pectin,pectin,0.9996173376130345,0.9996173376130345,GH105,GH105;CE12;PL1,GH105;CE12;PL1;GH28;2,GH105:+0.0479;CE12:+0.0284;PL1:+0.0169;GH28:+0.0168;2:+0.0130
895,0,pectin,pectin,0.989325549792437,0.989325549792437,GH33,GH33;GH95;18,GH33;GH95;18;GH140;GH28,GH33:+0.0372;GH95:+0.0285;18:+0.0272;GH140:+0.0236;GH28:+0.0225
907,0,pectin,pectin,0.7276610275965416,0.7276610275965416,GH28,GH28;null;1.B.14.6.1,GH28;null;1.B.14.6.1;Pribosyltran,GH28:+0.5812;null:-0.0265;1.B.14.6.1:-0.0391;Pribosyltran:-0.1111
908,0,pectin,pectin,0.8655981676003438,0.8655981676003438,PL1,PL1;GH36;null,PL1;GH36;null;1.B.14,PL1:+0.6663;GH36:+0.0335;null:+0.0275;1.B.14:-0.0373
918,0,pectin,pectin,0.5528133381200977,0.5528133381200977,GH28,GH28;GH105;null,GH28;GH105;null;PfkB;TrmB,GH28:+0.3593;GH105:+0.0978;null:+0.0526;PfkB:+0.0230;TrmB:+0.0208
925,0,pectin,pectin,0.9199538009900468,0.9199538009900468,PL1,PL1;2;null,PL1;2;null;1.B.14.6.1,PL1:+0.4211;2:+0.0539;null:+0.0029;1.B.14.6.1:-0.0319
927,0,pectin,pectin,0.9544031661222233,0.9544031661222233,GH105,GH105;GH28;PL11,GH105;GH28;PL11;PL1;CE20,GH105:+0.0478;GH28:+0.0347;PL11:+0.0246;PL1:+0.0170;CE20:+0.0110
928,0,pectin,pectin,0.9999999999988423,0.9999999999988423,2,2;PL1;TrmB,2;PL1;TrmB;5;null,2:+0.0709;PL1:+0.0697;TrmB:+0.0225;5:+0.0165;null:+0.0035
930,0,pectin,pectin,0.948575104715033,0.948575104715033,GH105,GH105;PL11;CE12,GH105;PL11;CE12;HTH;AraC,GH105:+0.1377;PL11:+0.1038;CE12:+0.1016;HTH:+0.0386;AraC:+0.0372
934,0,xylan,xylan,0.9708793907319102,0.9708793907319102,GH10,GH10;GH67;GH43,GH10;GH67;GH43;GH5;null,GH10:+0.0899;GH67:+0.0376;GH43:+0.0283;GH5:+0.0227;null:+0.0226
943,0,xylan,beta-mannan,0.021886865055563323,0.2576663254889259,3.A.1,3.A.1;GH51;HTH,3.A.1;GH51;HTH;5,3.A.1:+0.0086;GH51:+0.0024;HTH:-0.0007;5:-0.0027
957,0,xylan,xylan,0.9184639763104652,0.9184639763104652,GH97,GH97;12;CE1,GH97;12;CE1;GH10;GH67,GH97:+0.0280;12:+0.0257;CE1:+0.0242;GH10:+0.0238;GH67:+0.0218
961,0,xylan,xylan,0.7519624619356539,0.7519624619356539,GH128,GH128;19;GH51,GH128;19;GH51;GH43;null,GH128:+0.3372;19:+0.1745;GH51:+0.1061;GH43:+0.0722;null:+0.0650
964,0,xylan,xylan,0.9837697375683295,0.9837697375683295,GH97,GH97;46;8,GH97;46;8;HTH;GH3,GH97:+0.0801;46:+0.0509;8:+0.0421;HTH:+0.0413;GH3:+0.0374
966,0,xylan,xylan,0.9998883937426362,0.9998883937426362,8.A.46.1.1,8.A.46.1.1;GH20;1.B.14.6.1,8.A.46.1.1;GH20;1.B.14.6.1;CBM32,8.A.46.1.1:+0.6312;GH20:+0.2809;1.B.14.6.1:+0.0890;CBM32:+0.0142
970,0,xylan,alpha-glucan,0.004992536578020092,0.33263016935408274,GH3,GH3;LacI;3.A.1.1.2,GH3;LacI;3.A.1.1.2,GH3:+0.0050;LacI:+0.0023;3.A.1.1.2:-0.0003
979,0,xylan,xylan,0.9999999999988423,0.9999999999988423,2.A.2.3.2,2.A.2.3.2;11;CBM91,2.A.2.3.2;11;CBM91;GH43;null,2.A.2.3.2:+0.1534;11:+0.1083;CBM91:+0.0409;GH43:+0.0305;null:+0.0065
981,0,xylan,xylan,0.9411227449900483,0.9411227449900483,GH115,GH115;12;GH43,GH115;12;GH43;8;CE1,GH115:+0.0583;12:+0.0427;GH43:+0.0382;8:+0.0357;CE1:+0.0335
984,0,xylan,xylan,0.9998931430042457,0.9998931430042457,GH30,GH30;8;16,GH30;8;16;CBM6;GH43,GH30:+0.1332;8:+0.1038;16:+0.0782;CBM6:+0.0662;GH43:+0.0656
993,0,xylan,xylan,0.9999999999988423,0.9999999999988423,7,7;17;GH43,7;17;GH43;CE1;GH3,7:+0.0548;17:+0.0474;GH43:+0.0253;CE1:+0.0160;GH3:+0.0073
995,0,xylan,xylan,0.9997441955890894,0.9997441955890894,7,7;17;GH43,7;17;GH43;CBM6;CE1,7:+0.0720;17:+0.0544;GH43:+0.0345;CBM6:+0.0195;CE1:+0.0185
1000,0,xylan,xylan,0.9291602541541676,0.9291602541541676,GH10,GH10;GH67;2.A.2,GH10;GH67;2.A.2;GH115;CE1,GH10:+0.0707;GH67:+0.0249;2.A.2:+0.0222;GH115:+0.0202;CE1:+0.0200
1012,0,xylan,xylan,0.999900068877215,0.999900068877215,CE20,CE20;LacI;CBM91,CE20;LacI;CBM91;11;GH43,CE20:+0.0233;LacI:+0.0233;CBM91:+0.0203;11:+0.0195;GH43:+0.0182
1016,0,xylan,xylan,0.9980955737126178,0.9980955737126178,LacI,LacI;CE20;CBM91,LacI;CE20;CBM91;GH43;10,LacI:+0.0248;CE20:+0.0220;CBM91:+0.0217;GH43:+0.0200;10:+0.0186
1018,0,xylan,xylan,0.9979559768130587,0.9979559768130587,CBM91,CBM91;CE20;10,CBM91;CE20;10;LacI;GH43,CBM91:+0.0302;CE20:+0.0297;10:+0.0231;LacI:+0.0219;GH43:+0.0195
1020,0,xylan,xylan,0.9449021809139463,0.9449021809139463,GH10,GH10;GH67;1,GH10;GH67;1;GH43;null,GH10:+0.1312;GH67:+0.0662;1:+0.0329;GH43:+0.0194;null:+0.0108
1024,0,xylan,arabinogalactan,0.07124760882222085,0.8020396840509187,GH43,GH43;bac;26,GH43;bac;26;1;SBP,GH43:+0.0445;bac:+0.0083;26:+0.0072;1:+0.0013;SBP:-0.0019
1025,0,xylan,xylan,0.7627407587327588,0.7627407587327588,11,11;GH43;null,11;GH43;null;12;3.A.1,11:+0.2684;GH43:+0.1911;null:+0.1295;12:+0.0681;3.A.1:-0.0192
6,1,alginate,alginate,0.9436501024061369,0.9436501024061369,PL6,PL6;1;GntR,PL6;1;GntR;PfkB;null,PL6:+0.1646;1:+0.0983;GntR:+0.0776;PfkB:+0.0407;null:+0.0078
7,1,alginate,alginate,0.6808674553057905,0.6808674553057905,PL5,PL5;1;binding,PL5;1;binding;null;AraC,PL5:+0.3052;1:+0.1342;binding:+0.0455;null:+0.0333;AraC:+0.0021
15,1,alginate,alginate,0.996281472085947,0.996281472085947,PL17,PL17;PL6;3,PL17;PL6;3;5;binding,PL17:+0.0200;PL6:+0.0169;3:+0.0091;5:+0.0087;binding:+0.0082
16,1,alginate,alginate,0.7745341134685033,0.7745341134685033,PL15,PL15;1;null,PL15;1;null;GntR;3.A.1,PL15:+0.3018;1:+0.2529;null:+0.0572;GntR:+0.0255;3.A.1:-0.0155
18,1,alginate,alginate,0.6808674553057905,0.6808674553057905,PL5,PL5;1;binding,PL5;1;binding;null;AraC,PL5:+0.3052;1:+0.1342;binding:+0.0455;null:+0.0333;AraC:+0.0021
20,1,alginate,alginate,0.8664721110471229,0.8664721110471229,PL7,PL7;GntR;null,PL7;GntR;null;1.B.14.6.1,PL7:+0.4730;GntR:+0.1850;null:+0.0565;1.B.14.6.1:-0.0855
28,1,alginate,alginate,0.9333534648058471,0.9333534648058471,PL17,PL17;2;GntR,PL17;2;GntR;2.A.1.14.25;AraC,PL17:+0.0846;2:+0.0303;GntR:+0.0299;2.A.1.14.25:+0.0245;AraC:+0.0166
38,1,alginate,alginate,0.9999999999992111,0.9999999999992111,PL17,PL17;PL6;GntR,PL17;PL6;GntR;1;2,PL17:+0.0924;PL6:+0.0429;GntR:+0.0357;1:+0.0237;2:+0.0148
40,1,alginate,alginate,0.9944509220869076,0.9944509220869076,PL17,PL17;PL6;1,PL17;PL6;1;2;GntR,PL17:+0.1000;PL6:+0.0286;1:+0.0116;2:+0.0106;GntR:+0.0085
45,1,alginate,alginate,0.9677542992351901,0.9677542992351901,PL17,PL17;PL6;1,PL17;PL6;1;null;2,PL17:+0.2071;PL6:+0.0773;1:+0.0434;null:+0.0035;2:-0.0023
53,1,alpha-glucan,alpha-glucan,0.9999999999992111,0.9999999999992111,GH13,GH13;GH97;1.B.14.6.1,GH13;GH97;1.B.14.6.1;TPR;2,GH13:+0.1273;GH97:+0.0883;1.B.14.6.1:+0.0188;TPR:+0.0097;2:+0.0072
59,1,alpha-glucan,alpha-glucan,0.9652734726765358,0.9652734726765358,LacI,LacI;GH13;Pyr,LacI;GH13;Pyr;redox;null,LacI:+0.0849;GH13:+0.0718;Pyr:+0.0229;redox:+0.0180;null:+0.0163
63,1,alpha-glucan,alpha-glucan,0.8487134233556914,0.8487134233556914,20,20;CBM34;GH13,20;CBM34;GH13;8.A.9;GH65,20:+0.0757;CBM34:+0.0678;GH13:+0.0494;8.A.9:+0.0311;GH65:-0.0004
72,1,alpha-glucan,alpha-glucan,0.9999999999992111,0.9999999999992111,GH13,GH13;GT35;GT5,GH13;GT35;GT5;CBM48;null,GH13:+0.0394;GT35:+0.0209;GT5:+0.0191;CBM48:+0.0095;null:+0.0007
77,1,alpha-glucan,alpha-glucan,0.9999999999992111,0.9999999999992111,LacI,LacI;GH13;10,LacI;GH13;10;8.A.46.1.1;1.B.14.6.1,LacI:+0.1213;GH13:+0.0919;10:+0.0685;8.A.46.1.1:+0.0348;1.B.14.6.1:+0.0112
78,1,alpha-glucan,alpha-glucan,0.787623149714822,0.787623149714822,GH13,GH13;10;LacI,GH13;10;LacI;null;1.B.14,GH13:+0.2385;10:+0.1320;LacI:+0.0160;null:-0.0403;1.B.14:-0.0940
79,1,alpha-glucan,alpha-glucan,0.9688761180582065,0.9688761180582065,GH13,GH13;GH97;10,GH13;GH97;10;null;8.A.46.1.1,GH13:+0.1640;GH97:+0.1068;10:+0.0199;null:+0.0155;8.A.46.1.1:+0.0041
88,1,alpha-glucan,alpha-glucan,0.9999999999992111,0.9999999999992111,LacI,LacI;GH13;3.A.1.1.45,LacI;GH13;3.A.1.1.45;30;9.B.28.1.3,LacI:+0.0470;GH13:+0.0056;3.A.1.1.45:+0.0025;30:+0.0011;9.B.28.1.3:+0.0000
89,1,alpha-glucan,alpha-glucan,0.9999999999992111,0.9999999999992111,GH13,GH13;CBM34;20,GH13;CBM34;20;3.A.1.1.27;31,GH13:+0.0608;CBM34:+0.0170;20:+0.0117;3.A.1.1.27:+0.0049;31:+0.0015
94,1,alpha-glucan,alpha-glucan,0.9990908112872423,0.9990908112872423,LacI,LacI;GH13;GH77,LacI;GH13;GH77;3.A.1.1.45;44,LacI:+0.0276;GH13:+0.0074;GH77:+0.0027;3.A.1.1.45:+0.0011;44:+0.0000
104,1,alpha-glucan,alpha-glucan,0.9999999999992111,0.9999999999992111,GH32,GH32;2.A.1.5.3;LacI,GH32;2.A.1.5.3;LacI,GH32:+0.0499;2.A.1.5.3:+0.0000;LacI:+0.0000
107,1,alpha-glucan,host glycan,0.2537242579244748,0.38483437509259183,GH32,GH32;bac;SBP,GH32;bac;SBP;1;4.A.6.1.6,GH32:+0.1851;bac:+0.1224;SBP:+0.1020;1:+0.0221;4.A.6.1.6:-0.0096
108,1,alpha-glucan,alpha-glucan,0.9255119482673085,0.9255119482673085,3.A.1.1.10,3.A.1.1.10;GH32;bac,3.A.1.1.10;GH32;bac;SBP;1,3.A.1.1.10:+0.1764;GH32:+0.1212;bac:+0.0848;SBP:+0.0726;1:+0.0182
111,1,alpha-glucan,alpha-glucan,0.8062942733702015,0.8062942733702015,4.A.1.1.16,4.A.1.1.16;GH4,4.A.1.1.16;GH4,4.A.1.1.16:+0.6914;GH4:+0.1769
122,1,alpha-glucan,alpha-glucan,0.9770487003272114,0.9770487003272114,GH97,GH97;GH66;GH31,GH97;GH66;GH31;null;1.B.14.6.1,GH97:+0.0939;GH66:+0.0256;GH31:+0.0228;null:-0.0028;1.B.14.6.1:-0.0068
124,1,alpha-glucan,alpha-glucan,0.7774238644062201,0.7774238644062201,GntR,GntR;GH4,GntR;GH4,GntR:+0.6625;GH4:+0.5046
125,1,alpha-glucan,alpha-glucan,0.9999999999992111,0.9999999999992111,LacI,LacI;GH77;GT35,LacI;GH77;GT35;3.A.1.1.26,LacI:+0.0637;GH77:+0.0213;GT35:+0.0165;3.A.1.1.26:+0.0000
132,1,alpha-glucan,alpha-glucan,0.9716457031413577,0.9716457031413577,GH13,GH13;GT5;CBM48,GH13;GT5;CBM48;null;9,GH13:+0.1649;GT5:+0.0577;CBM48:+0.0380;null:+0.0055;9:+0.0044
137,1,alpha-glucan,alpha-glucan,0.5917073966713068,0.5917073966713068,LacI,LacI;GH32;3.A.1.1.10,LacI;GH32;3.A.1.1.10;null,LacI:+0.1529;GH32:+0.0025;3.A.1.1.10:-0.0873;null:-0.2801
141,1,alpha-glucan,alpha-glucan,0.9999999999992111,0.9999999999992111,GH13,GH13;18;2.A.1.2.93,GH13;18;2.A.1.2.93;LacI,GH13:+0.0280;18:+0.0147;2.A.1.2.93:+0.0024;LacI:+0.0000
154,1,alpha-glucan,alpha-glucan,0.9999999999992111,0.9999999999992111,GH13,GH13;CBM34;20,GH13;CBM34;20;GH65;31,GH13:+0.0284;CBM34:+0.0249;20:+0.0246;GH65:+0.0181;31:+0.0165
155,1,alpha-glucan,fructan,0.19617476324306307,0.6915613952553263,GH32,GH32;null,GH32;null,GH32:+0.1878;null:-0.5143
158,1,alpha-glucan,fructan,0.19617476324306307,0.6915613952553263,GH32,GH32;null,GH32;null,GH32:+0.1878;null:-0.5143
159,1,alpha-glucan,alpha-glucan,0.9999999999992111,0.9999999999992111,GH13,GH13;GT35;GT5,GH13;GT35;GT5;CBM48;redox,GH13:+0.0301;GT35:+0.0086;GT5:+0.0069;CBM48:+0.0048;redox:+0.0012
161,1,alpha-glucan,alpha-glucan,0.9966508892409556,0.9966508892409556,GH13,GH13;GT5;GT35,GH13;GT5;GT35;CBM48;9,GH13:+0.0323;GT5:+0.0195;GT35:+0.0181;CBM48:+0.0130;9:+0.0047
179,1,alpha-mannan,alpha-mannan,0.9987785012727531,0.9987785012727531,GH76,GH76;GH125;GH92,GH76;GH125;GH92;GT32;null,GH76:+0.0478;GH125:+0.0398;GH92:+0.0374;GT32:+0.0312;null:+0.0305
180,1,alpha-mannan,alpha-mannan,0.9994245538856944,0.9994245538856944,GH76,GH76;GH92;GH130,GH76;GH92;GH130;GH125;GH38,GH76:+0.0668;GH92:+0.0637;GH130:+0.0603;GH125:+0.0590;GH38:+0.0571
190,1,alpha-mannan,alpha-mannan,0.981218400558843,0.981218400558843,GH99,GH99;GH92;null,GH99;GH92;null;1.B.14,GH99:+0.2307;GH92:+0.0811;null:+0.0698;1.B.14:-0.0062
193,1,alpha-mannan,alpha-mannan,0.6834260971295121,0.6834260971295121,GH125,GH125;LacI;GH92,GH125;LacI;GH92;GH76;null,GH125:+0.2773;LacI:+0.2425;GH92:+0.1413;GH76:+0.1270;null:+0.0844
197,1,alpha-mannan,alpha-mannan,0.7994192880102422,0.7994192880102422,GH125,GH125;GH76;GH97,GH125;GH76;GH97;GH92;GH67,GH125:+0.1974;GH76:+0.1944;GH97:+0.1287;GH92:+0.1056;GH67:+0.1035
199,1,arabinogalactan,arabinogalactan,0.816740888814107,0.816740888814107,GH142,GH142;GH143;18,GH142;GH143;18;CBM67;GH78,GH142:+0.2033;GH143:+0.1870;18:+0.1828;CBM67:+0.1244;GH78:+0.1171
200,1,arabinogalactan,xylan,0.25038888251921065,0.4650717236139878,22,22;2.A.3.1.3;9.B.28.1.3,22;2.A.3.1.3;9.B.28.1.3;GH43;27,22:+0.1558;2.A.3.1.3:+0.0527;9.B.28.1.3:+0.0247;GH43:+0.0068;27:-0.0054
202,1,arabinogalactan,arabinogalactan,0.44271667791474345,0.44271667791474345,22,22;9.B.28;2.A.3,22;9.B.28;2.A.3;GH43;null,22:+0.1884;9.B.28:+0.1576;2.A.3:+0.1329;GH43:+0.0230;null:-0.0178
204,1,arabinogalactan,arabinogalactan,0.8611237293690679,0.8611237293690679,GH146,GH146;GH30;5,GH146;GH30;5;HTH;MarR,GH146:+0.0748;GH30:+0.0595;5:+0.0580;HTH:+0.0559;MarR:+0.0554
206,1,arabinogalactan,arabinogalactan,0.6710555621225969,0.6710555621225969,24,24;HTH;AraC,24;HTH;AraC;GH43;GH16,24:+0.3898;HTH:+0.0860;AraC:+0.0686;GH43:+0.0654;GH16:+0.0484
222,1,arabinogalactan,beta-mannan,0.0006134894675153883,0.4841987043701396,3.A.1,3.A.1;null;GH36,3.A.1;null;GH36;bac;SBP,3.A.1:+0.0006;null:-0.0000;GH36:-0.0006;bac:-0.0024;SBP:-0.0032
228,1,arabinogalactan,arabinogalactan,0.9999999999992109,0.9999999999992109,GH51,GH51;3.A.1.1.34;1,GH51;3.A.1.1.34;1;null,GH51:+0.1259;3.A.1.1.34:+0.0671;1:+0.0483;null:+0.0209
234,1,beta-glucan,beta-glucan,0.6610222097877396,0.6610222097877396,GH1,GH1;LacI;1.B.14.12.1,GH1;LacI;1.B.14.12.1;2.A.2.3.2,GH1:+0.6440;LacI:+0.1486;1.B.14.12.1:-0.0467;2.A.2.3.2:-0.1718
235,1,beta-glucan,beta-glucan,0.8054100054777837,0.8054100054777837,GH1,GH1;LacI;2.A.2.3.5,GH1;LacI;2.A.2.3.5;1.B.14.12.1,GH1:+0.7767;LacI:+0.2188;2.A.2.3.5:-0.0274;1.B.14.12.1:-0.0617
236,1,beta-glucan,beta-glucan,0.8056376977771837,0.8056376977771837,3,3;GH3;GH16,3;GH3;GH16;null;1.B.14.6.1,3:+0.3803;GH3:+0.1793;GH16:+0.1777;null:+0.0360;1.B.14.6.1:-0.1331
240,1,beta-glucan,beta-glucan,0.8841590928756502,0.8841590928756502,GH1,GH1;3;LacI,GH1;3;LacI;BP;Peripla,GH1:+0.5164;3:+0.1046;LacI:+0.0552;BP:+0.0399;Peripla:+0.0383
244,1,beta-glucan,beta-glucan,0.9999999999992106,0.9999999999992106,GH1,GH1;LacI;3,GH1;LacI;3;GH3;GH16,GH1:+0.0458;LacI:+0.0307;3:+0.0216;GH3:+0.0195;GH16:+0.0123
246,1,beta-glucan,beta-glucan,0.9382567979379265,0.9382567979379265,GH30,GH30;3;GH3,GH30;3;GH3;GH16;null,GH30:+0.0871;3:+0.0666;GH3:+0.0459;GH16:+0.0162;null:+0.0128
247,1,beta-glucan,beta-glucan,0.2674340742770681,0.2674340742770681,GH16,GH16;GH3;LacI,GH16;GH3;LacI;HTH;5,GH16:+0.2345;GH3:+0.0859;LacI:+0.0135;HTH:-0.0086;5:-0.0260
250,1,beta-glucan,beta-mannan,0.30716593310451823,0.4174413755504316,4.A.3.2.2,4.A.3.2.2;GH1;HTH,4.A.3.2.2;GH1;HTH;6;4.A.3.2.4,4.A.3.2.2:+0.1399;GH1:+0.0260;HTH:+0.0155;6:-0.0268;4.A.3.2.4:-0.2957
256,1,beta-glucan,beta-glucan,0.9999999999992106,0.9999999999992106,GH3,GH3;GerE;GH158,GH3;GerE;GH158;3;GH16,GH3:+0.0381;GerE:+0.0366;GH158:+0.0343;3:+0.0142;GH16:+0.0104
261,1,beta-glucan,beta-glucan,0.9999999999992106,0.9999999999992106,4.A.1.2.2,4.A.1.2.2;GH1,4.A.1.2.2;GH1,4.A.1.2.2:+0.3653;GH1:+0.1771
277,1,beta-glucan,xylan,0.13159221130495014,0.5967122143356819,GH31,GH31;1.B.14;GH95,GH31;1.B.14;GH95;GH35,GH31:+0.1189;1.B.14:+0.0671;GH95:+0.0121;GH35:-0.1450
279,1,beta-glucan,xylan,0.014435279950113901,0.8202784989513929,GH105,GH105;null;1.B.14,GH105;null;1.B.14;GH35,GH105:+0.0143;null:-0.0157;1.B.14:-0.0377;GH35:-0.0832
284,1,beta-glucan,beta-glucan,0.9434169628322123,0.9434169628322123,GH3,GH3;GH158;GerE,GH3;GH158;GerE;null;1.B.14,GH3:+0.1923;GH158:+0.1481;GerE:+0.1319;null:+0.0194;1.B.14:-0.0009
290,1,beta-glucan,beta-glucan,0.9837673296091555,0.9837673296091555,GH16,GH16;GH3;1.B.14,GH16;GH3;1.B.14;8.A.46;AraC,GH16:+0.0840;GH3:+0.0705;1.B.14:+0.0580;8.A.46:+0.0339;AraC:+0.0338
304,1,beta-glucan,chitin,0.09793330838754692,0.3721595056796285,GH94,GH94;GH3,GH94;GH3,GH94:+0.0810;GH3:-0.2043
307,1,beta-glucan,beta-glucan,0.8621679236554262,0.8621679236554262,GH9,GH9;CBM3;GH5,GH9;CBM3;GH5;17;1,GH9:+0.2475;CBM3:+0.0510;GH5:+0.0384;17:+0.0263;1:-0.0194
313,1,beta-glucan,beta-glucan,0.9999999999992106,0.9999999999992106,3,3;GH30;7,3;GH30;7;GH3;HTH,3:+0.2051;GH30:+0.1165;7:+0.0695;GH3:+0.0362;HTH:+0.0289
314,1,beta-glucan,beta-glucan,0.9999999999992106,0.9999999999992106,3,3;GH30;7,3;GH30;7;GH3;HTH,3:+0.1529;GH30:+0.0974;7:+0.0528;GH3:+0.0327;HTH:+0.0197
316,1,beta-glucan,beta-glucan,0.7243824993196489,0.7243824993196489,GH157,GH157;GH3;HTH,GH157;GH3;HTH;AraC;null,GH157:+0.3937;GH3:+0.3435;HTH:+0.1885;AraC:+0.1461;null:+0.0765
321,1,beta-glucan,beta-glucan,0.8054100054777837,0.8054100054777837,GH1,GH1;LacI;2.A.2.3.5,GH1;LacI;2.A.2.3.5;1.B.14.12.1,GH1:+0.7767;LacI:+0.2188;2.A.2.3.5:-0.0274;1.B.14.12.1:-0.0617
322,1,beta-glucan,beta-glucan,0.9999999999992106,0.9999999999992106,GH1,GH1;LacI;3.A.1.1.23,GH1;LacI;3.A.1.1.23,GH1:+0.4032;LacI:+0.2208;3.A.1.1.23:+0.0995
323,1,beta-glucan,beta-glucan,0.9999999999992106,0.9999999999992106,LacI,LacI;GH1;4.A.3.2.7,LacI;GH1;4.A.3.2.7;4.A.3.2.6;Glucokinase,LacI:+0.1856;GH1:+0.1812;4.A.3.2.7:+0.0633;4.A.3.2.6:+0.0573;Glucokinase:+0.0490
331,1,beta-glucan,beta-glucan,0.9999999999992106,0.9999999999992106,GH73,GH73;null;9.B.154.1.2,GH73;null;9.B.154.1.2;Peptidase;M23,GH73:+0.0652;null:+0.0098;9.B.154.1.2:+0.0043;Peptidase:+0.0011;M23:+0.0004
348,1,beta-glucan,beta-glucan,0.9582433622022085,0.9582433622022085,GH5,GH5;4;AraC,GH5;4;AraC;HTH;null,GH5:+0.2585;4:+0.1997;AraC:+0.0293;HTH:+0.0202;null:+0.0112
355,1,beta-glucan,beta-glucan,0.9252540730626628,0.9252540730626628,GH9,GH9;GH31;3,GH9;GH31;3;null;3.A.1.15.15,GH9:+0.0703;GH31:+0.0642;3:+0.0608;null:+0.0440;3.A.1.15.15:+0.0207
364,1,beta-mannan,beta-mannan,0.9999999999992106,0.9999999999992106,C,C;GH29;TrkA,C;GH29;TrkA;AraC;HTH,C:+0.0379;GH29:+0.0281;TrkA:+0.0268;AraC:+0.0245;HTH:+0.0239
373,1,beta-mannan,beta-glucan,0.04428655866829283,0.6139498043937136,4.A.3,4.A.3;GH1,4.A.3;GH1,4.A.3:+0.0355;GH1:-0.3195
374,1,beta-mannan,beta-mannan,0.9999999999992106,0.9999999999992106,GH3,GH3;CBM27;CBM23,GH3;CBM27;CBM23;GH26,GH3:+0.1675;CBM27:+0.0190;CBM23:+0.0187;GH26:+0.0000
375,1,beta-mannan,beta-mannan,0.9543281140196154,0.9543281140196154,GH130,GH130;LacI;GH113,GH130;LacI;GH113;CE2;SBP,GH130:+0.0884;LacI:+0.0641;GH113:+0.0201;CE2:+0.0162;SBP:+0.0156
378,1,beta-mannan,beta-mannan,0.9362280352853368,0.9362280352853368,GH27,GH27;GH130;2,GH27;GH130;2;GH26;HTH,GH27:+0.1172;GH130:+0.0851;2:+0.0681;GH26:+0.0642;HTH:+0.0371
393,1,beta-mannan,beta-mannan,0.9396987494381006,0.9396987494381006,GH130,GH130;1;2,GH130;1;2;1.B.14.6.1;HTH,GH130:+0.0642;1:+0.0428;2:+0.0415;1.B.14.6.1:+0.0345;HTH:+0.0326
394,1,beta-mannan,beta-mannan,0.9977048191971677,0.9977048191971677,GH26,GH26;2;GH130,GH26;2;GH130;2.A.2.3.5;1,GH26:+0.0519;2:+0.0450;GH130:+0.0337;2.A.2.3.5:+0.0276;1:+0.0270
399,1,beta-mannan,beta-mannan,0.506005047131932,0.506005047131932,GH130,GH130;2.A.2;GH26,GH130;2.A.2;GH26;CE7;null,GH130:+0.1797;2.A.2:+0.1015;GH26:+0.0843;CE7:+0.0242;null:-0.0143
406,1,beta-mannan,beta-mannan,0.9999999999992106,0.9999999999992106,LacI,LacI;GH2;2.A.2.2.3,LacI;GH2;2.A.2.2.3,LacI:+0.6419;GH2:+0.2720;2.A.2.2.3:+0.1377
407,1,beta-mannan,beta-mannan,0.7349090451963305,0.7349090451963305,GH35,GH35;3.A.1.1.39;GH42,GH35;3.A.1.1.39;GH42;SBP;LacI,GH35:+0.5114;3.A.1.1.39:+0.0505;GH42:+0.0424;SBP:+0.0407;LacI:+0.0146
410,1,beta-mannan,beta-mannan,0.999905891786706,0.999905891786706,LacI,LacI;31;GH32,LacI;31;GH32;GH13;null,LacI:+0.4909;31:+0.4731;GH32:+0.2468;GH13:+0.2447;null:+0.2410
412,1,beta-mannan,arabinogalactan,0.001264085788421977,0.6373709965077284,AraC,AraC;1.B.14;HTH,AraC;1.B.14;HTH;null;GH51,AraC:+0.0010;1.B.14:+0.0002;HTH:+0.0001;null:-0.0029;GH51:-0.0037
421,1,beta-mannan,beta-mannan,0.8907154282235281,0.8907154282235281,GH130,GH130;LacI;9.B.28.1.2,GH130;LacI;9.B.28.1.2;3.A.1.1.46;1,GH130:+0.2680;LacI:+0.0900;9.B.28.1.2:+0.0392;3.A.1.1.46:+0.0361;1:+0.0252
429,1,chitin,chitin,0.7192012644548539,0.7192012644548539,GH18,GH18;CBM5;PIG-L,GH18;CBM5;PIG-L;3.A.1;1,GH18:+0.1326;CBM5:+0.1125;PIG-L:+0.1028;3.A.1:+0.0204;1:-0.0075
430,1,chitin,chitin,0.9403949862814943,0.9403949862814943,4.A.3.2.1,4.A.3.2.1;GH4;AraC,4.A.3.2.1;GH4;AraC;HTH,4.A.3.2.1:+0.9404;GH4:+0.0946;AraC:-0.0163;HTH:-0.0207
432,1,chitin,chitin,0.9999999999992106,0.9999999999992106,4.A.3.2.1,4.A.3.2.1;GH4;4.A.3.2.7,4.A.3.2.1;GH4;4.A.3.2.7;AraC;HTH,4.A.3.2.1:+0.4421;GH4:+0.1047;4.A.3.2.7:+0.0895;AraC:+0.0092;HTH:+0.0055
436,1,chitin,chitin,0.9999999999992106,0.9999999999992106,4.A.3.2.1,4.A.3.2.1;GH4;4.A.3.2.7,4.A.3.2.1;GH4;4.A.3.2.7;AraC;HTH,4.A.3.2.1:+0.4421;GH4:+0.1047;4.A.3.2.7:+0.0895;AraC:+0.0092;HTH:+0.0055
442,1,chitin,chitin,0.9309801756692972,0.9309801756692972,GH4,GH4;CE4;null,GH4;CE4;null;4.A.3,GH4:+0.5209;CE4:+0.0813;null:+0.0309;4.A.3:-0.0202
454,1,chitin,chitin,0.9999999999992106,0.9999999999992106,GH4,GH4;4.A.3.2.6;CE4,GH4;4.A.3.2.6;CE4;CBM12,GH4:+0.1319;4.A.3.2.6:+0.0636;CE4:+0.0570;CBM12:+0.0000
456,1,chitin,chitin,0.9403949862814943,0.9403949862814943,4.A.3.2.1,4.A.3.2.1;GH4;AraC,4.A.3.2.1;GH4;AraC;HTH,4.A.3.2.1:+0.9404;GH4:+0.0946;AraC:-0.0163;HTH:-0.0207
458,1,chitin,chitin,0.9999999999992106,0.9999999999992106,4.A.3.2.1,4.A.3.2.1;GH4;4.A.3.2.7,4.A.3.2.1;GH4;4.A.3.2.7;AraC;HTH,4.A.3.2.1:+0.4421;GH4:+0.1047;4.A.3.2.7:+0.0895;AraC:+0.0092;HTH:+0.0055
461,1,chitin,chitin,0.9999999999992106,0.9999999999992106,GH4,GH4;4.A.3.2.1;AraC,GH4;4.A.3.2.1;AraC;HTH;4.A.3.2.7,GH4:+0.1308;4.A.3.2.1:+0.0642;AraC:+0.0037;HTH:+0.0034;4.A.3.2.7:+0.0000
462,1,chitin,chitin,0.9999999999992106,0.9999999999992106,4.A.3.2.7,4.A.3.2.7;GH4;AraC,4.A.3.2.7;GH4;AraC;HTH,4.A.3.2.7:+1.0000;GH4:+0.1432;AraC:+0.0101;HTH:+0.0058
465,1,chitin,chitin,0.9989784417152229,0.9989784417152229,GH20,GH20;reg;GH9,GH20;reg;GH9;c;HATPase,GH20:+0.0618;reg:+0.0452;GH9:+0.0259;c:+0.0202;HATPase:+0.0197
482,1,chitin,chitin,0.9824681819625446,0.9824681819625446,GH4,GH4;null;4.A.3.2.7,GH4;null;4.A.3.2.7;4.A.3.2.1;AraC,GH4:+0.1805;null:+0.0963;4.A.3.2.7:+0.0739;4.A.3.2.1:+0.0467;AraC:-0.0027
487,1,chitin,host glycan,0.009738179227874512,0.747799607463969,3.A.1,3.A.1;bac;1,3.A.1;bac;1;null;SBP,3.A.1:+0.0097;bac:-0.0040;1:-0.0044;null:-0.0057;SBP:-0.0208
488,1,fructan,fructan,0.5915277851203848,0.5915277851203848,GH32,GH32;null;AraC,GH32;null;AraC;HTH;4.A.6.1.16,GH32:+0.5706;null:+0.1922;AraC:-0.0033;HTH:-0.0170;4.A.6.1.16:-0.1263
490,1,fructan,fructan,0.999905891786706,0.999905891786706,PfkB,PfkB;2.A.1.7.17;GH32,PfkB;2.A.1.7.17;GH32,PfkB:+0.1738;2.A.1.7.17:+0.1061;GH32:+0.0757
495,1,fructan,fructan,0.999905891786706,0.999905891786706,GH32,GH32;1.B.14.6.1;null,GH32;1.B.14.6.1;null,GH32:+0.7515;1.B.14.6.1:+0.1329;null:+0.1104
505,1,fructan,fructan,0.999905891786706,0.999905891786706,GH32,GH32;2.A.1.7.17;1.B.14.6.1,GH32;2.A.1.7.17;1.B.14.6.1;PfkB;null,GH32:+0.1130;2.A.1.7.17:+0.0193;1.B.14.6.1:+0.0060;PfkB:+0.0047;null:+0.0041
509,1,fructan,alpha-glucan,0.06609076722875777,0.8114369626095311,null,null;GH32;LacI,null;GH32;LacI;4.A.1.2.12,null:+0.0661;GH32:+0.0500;LacI:+0.0112;4.A.1.2.12:-0.2415
513,1,fructan,alpha-glucan,0.06609076722875777,0.8114369626095311,null,null;GH32;LacI,null;GH32;LacI;4.A.1.2.12,null:+0.0661;GH32:+0.0500;LacI:+0.0112;4.A.1.2.12:-0.2415
519,1,galactan,galactan,0.9999999999992104,0.9999999999992104,GntR,GntR;null;2.A.1.1.55,GntR;null;2.A.1.1.55;1.B.14.12.2;13,GntR:+0.0806;null:+0.0600;2.A.1.1.55:+0.0447;1.B.14.12.2:+0.0375;13:+0.0354
525,1,galactan,galactan,0.9999999999992104,0.9999999999992104,3.A.1.1.44,3.A.1.1.44;LacI;GH42,3.A.1.1.44;LacI;GH42;3.A.1.1.48,3.A.1.1.44:+0.7076;LacI:+0.6630;GH42:+0.3265;3.A.1.1.48:+0.0273
527,1,galactan,galactan,0.7457247087577524,0.7457247087577524,GH36,GH36;3.A.1.1.28;HTH,GH36;3.A.1.1.28;HTH;AraC;18,GH36:+0.1825;3.A.1.1.28:+0.1807;HTH:+0.1289;AraC:+0.1048;18:+0.0072
531,1,galactan,galactan,0.5481384512745889,0.5481384512745889,GH16,GH16;GH86;2.A.1.1.55,GH16;GH86;2.A.1.1.55;GH167;GntR,GH16:+0.0861;GH86:+0.0539;2.A.1.1.55:+0.0538;GH167:+0.0426;GntR:+0.0357
532,1,galactan,galactan,0.5772152550025276,0.5772152550025276,GH16,GH16;GH86;GntR,GH16;GH86;GntR;null;GH167,GH16:+0.0839;GH86:+0.0616;GntR:+0.0375;null:+0.0354;GH167:+0.0321
537,1,galactan,galactan,0.8527845213191062,0.8527845213191062,GH16,GH16;2.A.1;null,GH16;2.A.1;null;GntR;HTH,GH16:+0.1335;2.A.1:+0.1080;null:+0.1066;GntR:+0.0936;HTH:+0.0119
539,1,galactan,galactan,0.8892512406981499,0.8892512406981499,null,null;GH117;2.A.1,null;GH117;2.A.1;GH2;PfkB,null:+0.0535;GH117:+0.0529;2.A.1:+0.0445;GH2:+0.0430;PfkB:+0.0332
550,1,galactan,galactan,0.9999999999992104,0.9999999999992104,GH4,GH4;LacI;3.A.1.1.7,GH4;LacI;3.A.1.1.7;CE19;bac,GH4:+0.1066;LacI:+0.0564;3.A.1.1.7:+0.0517;CE19:+0.0377;bac:+0.0368
551,1,galactan,galactan,0.9999999999992104,0.9999999999992104,GH4,GH4;AraC;HTH,GH4;AraC;HTH,GH4:+0.4004;AraC:+0.1696;HTH:+0.1243
562,1,galactan,beta-mannan,0.19145333609379897,0.8022477073222711,GH53,GH53;LacI;GH42,GH53;LacI;GH42;null;3.A.1,GH53:+0.1913;LacI:+0.0831;GH42:-0.1156;null:-0.4245;3.A.1:-0.4682
563,1,galactan,beta-mannan,0.0014331321290008143,0.5821946923393936,LacI,LacI;2.A.2.3.2;GH2,LacI;2.A.2.3.2;GH2,LacI:+0.0014;2.A.2.3.2:-0.0012;GH2:-0.0129
564,1,galactan,beta-mannan,7.181081750191503e-14,0.9999999999992106,LacI,LacI;2.A.2;GH2,LacI;2.A.2;GH2,LacI:-0.0000;2.A.2:-0.0027;GH2:-0.0290
571,1,galactan,galactan,0.9997384412370911,0.9997384412370911,0044258,0044258;GH36;3.A.1.1.28,0044258;GH36;3.A.1.1.28;SBP;1,0044258:+0.0431;GH36:+0.0401;3.A.1.1.28:+0.0313;SBP:+0.0194;1:+0.0128
589,1,galactan,galactan,0.9974876234883394,0.9974876234883394,42,42;1;GH5,42;1;GH5;TPR;null,42:+0.1821;1:+0.0730;GH5:+0.0680;TPR:+0.0632;null:+0.0010
593,1,host glycan,host glycan,0.934423172871192,0.934423172871192,GH2,GH2;CBM32;GH29,GH2;CBM32;GH29;GH18;HTH,GH2:+0.0516;CBM32:+0.0483;GH29:+0.0227;GH18:+0.0166;HTH:+0.0117
606,1,host glycan,host glycan,0.9999999999992102,0.9999999999992102,GH2,GH2;1.B.14.6.1;AraC,GH2;1.B.14.6.1;AraC;HTH;null,GH2:+0.2188;1.B.14.6.1:+0.0845;AraC:+0.0593;HTH:+0.0528;null:+0.0265
611,1,host glycan,host glycan,0.9968399803091063,0.9968399803091063,DeoR,DeoR;PfkB;1.B.35.2.2,DeoR;PfkB;1.B.35.2.2;13;GH31,DeoR:+0.0569;PfkB:+0.0454;1.B.35.2.2:+0.0296;13:+0.0216;GH31:+0.0194
615,1,host glycan,host glycan,0.9974372908485062,0.9974372908485062,CE9,CE9;GH2;GH20,CE9;GH2;GH20;CE20;GH92,CE9:+0.0302;GH2:+0.0186;GH20:+0.0171;CE20:+0.0120;GH92:+0.0100
621,1,host glycan,host glycan,0.9999999999992102,0.9999999999992102,CE9,CE9;4.A.1.1.7,CE9;4.A.1.1.7,CE9:+0.1693;4.A.1.1.7:+0.0028
624,1,host glycan,host glycan,0.9999999999992102,0.9999999999992102,4.A.3.1.3,4.A.3.1.3;GH1;4.A.3.1.1,4.A.3.1.3;GH1;4.A.3.1.1;null,4.A.3.1.3:+0.2071;GH1:+0.0649;4.A.3.1.1:+0.0000;null:+0.0000
625,1,host glycan,host glycan,0.9999999999992102,0.9999999999992102,GH88,GH88;null;PfkB,GH88;null;PfkB;4.A.6.1.14;Nitroreductase,GH88:+0.1003;null:+0.0234;PfkB:+0.0227;4.A.6.1.14:+0.0189;Nitroreductase:+0.0115
628,1,host glycan,host glycan,0.9999999999992102,0.9999999999992102,CE9,CE9;DeoR;4.A.6.1.5,CE9;DeoR;4.A.6.1.5;4.A.6.1.4;SIS,CE9:+0.0514;DeoR:+0.0074;4.A.6.1.5:+0.0025;4.A.6.1.4:+0.0021;SIS:+0.0017
630,1,host glycan,host glycan,0.9922602593181372,0.9922602593181372,GH33,GH33;CBM93;3,GH33;CBM93;3;8.A.46.1.4;HTH,GH33:+0.0745;CBM93:+0.0546;3:+0.0262;8.A.46.1.4:+0.0259;HTH:+0.0186
642,1,host glycan,host glycan,0.9999999999992102,0.9999999999992102,GH33,GH33;GH2;GH20,GH33;GH2;GH20;CBM93;CE20,GH33:+0.0154;GH2:+0.0086;GH20:+0.0066;CBM93:+0.0038;CE20:+0.0017
644,1,host glycan,host glycan,0.9983387028632881,0.9983387028632881,GH33,GH33;GH2;GH20,GH33;GH2;GH20;CBM93;CE20,GH33:+0.0226;GH2:+0.0174;GH20:+0.0133;CBM93:+0.0111;CE20:+0.0089
651,1,host glycan,host glycan,0.9999999999992102,0.9999999999992102,CE9,CE9;GH20;GH2,CE9;GH20;GH2;GH92,CE9:+0.0304;GH20:+0.0201;GH2:+0.0137;GH92:+0.0026
653,1,host glycan,host glycan,0.9999999999992102,0.9999999999992102,CE9,CE9;GH20;GH2,CE9;GH20;GH2;GH92;CE3,CE9:+0.0265;GH20:+0.0216;GH2:+0.0133;GH92:+0.0040;CE3:+0.0028
659,1,host glycan,host glycan,0.9999999999992102,0.9999999999992102,GH18,GH18;GerE;1.B.14.6.13,GH18;GerE;1.B.14.6.13;FecR;8.A.46.2.1,GH18:+0.0387;GerE:+0.0181;1.B.14.6.13:+0.0145;FecR:+0.0075;8.A.46.2.1:+0.0066
660,1,host glycan,host glycan,0.9999999999992102,0.9999999999992102,GH18,GH18;8.A.46.2.2;1.B.14.6.13,GH18;8.A.46.2.2;1.B.14.6.13;FecR;null,GH18:+0.0187;8.A.46.2.2:+0.0144;1.B.14.6.13:+0.0054;FecR:+0.0041;null:+0.0017
666,1,host glycan,host glycan,0.9999999999992102,0.9999999999992102,GH89,GH89;FecR;GerE,GH89;FecR;GerE;1.B.14.6.1;null,GH89:+0.3414;FecR:+0.1374;GerE:+0.0848;1.B.14.6.1:+0.0217;null:+0.0044
678,1,host glycan,host glycan,0.6947024342699888,0.6947024342699888,GH170,GH170;4.A.3.2.4;null,GH170;4.A.3.2.4;null;GH1,GH170:+0.2289;4.A.3.2.4:+0.1289;null:+0.0983;GH1:-0.3053
682,1,host glycan,host glycan,0.6947024342699888,0.6947024342699888,GH170,GH170;4.A.3.2.4;null,GH170;4.A.3.2.4;null;GH1,GH170:+0.2289;4.A.3.2.4:+0.1289;null:+0.0983;GH1:-0.3053
689,1,host glycan,host glycan,0.9994142404355209,0.9994142404355209,GH20,GH20;GH38;GH92,GH20;GH38;GH92;GH125;null,GH20:+0.0929;GH38:+0.0704;GH92:+0.0499;GH125:+0.0446;null:+0.0037
690,1,host glycan,host glycan,0.9798740612005584,0.9798740612005584,CE9,CE9;SIS;GntR,CE9;SIS;GntR;4.A.6.1.18;GH35,CE9:+0.2489;SIS:+0.0456;GntR:+0.0342;4.A.6.1.18:+0.0324;GH35:+0.0127
692,1,host glycan,host glycan,0.6375023589249122,0.6375023589249122,GH2,GH2;2.A.2.2.3,GH2;2.A.2.2.3,GH2:+0.4140;2.A.2.2.3:-0.3322
694,1,host glycan,host glycan,0.9994142404355209,0.9994142404355209,GH20,GH20;GH38;GH92,GH20;GH38;GH92;GH125;null,GH20:+0.0929;GH38:+0.0704;GH92:+0.0499;GH125:+0.0446;null:+0.0037
696,1,host glycan,host glycan,0.9999999999992102,0.9999999999992102,GH33,GH33;GH2;GH20,GH33;GH2;GH20;CBM93;CE20,GH33:+0.0154;GH2:+0.0086;GH20:+0.0066;CBM93:+0.0038;CE20:+0.0017
702,1,host glycan,host glycan,0.9999999999992102,0.9999999999992102,GH33,GH33;GH20;GH2,GH33;GH20;GH2;CBM93;CE20,GH33:+0.0150;GH20:+0.0078;GH2:+0.0066;CBM93:+0.0061;CE20:+0.0054
703,1,host glycan,host glycan,0.9868362450625124,0.9868362450625124,GH20,GH20;GH2;2.A.115.1.2,GH20;GH2;2.A.115.1.2;1.C.39.4.5;null,GH20:+0.0247;GH2:+0.0240;2.A.115.1.2:+0.0214;1.C.39.4.5:+0.0204;null:+0.0199
715,1,host glycan,host glycan,0.9998914600182548,0.9998914600182548,GH35,GH35;19;GH43,GH35;19;GH43;9;CBM91,GH35:+0.1145;19:+0.0582;GH43:+0.0472;9:+0.0187;CBM91:+0.0095
717,1,host glycan,host glycan,0.9999999999992102,0.9999999999992102,8.A.46.2.2,8.A.46.2.2;1.B.14.6.13;GH18,8.A.46.2.2;1.B.14.6.13;GH18;FecR;null,8.A.46.2.2:+0.0622;1.B.14.6.13:+0.0378;GH18:+0.0352;FecR:+0.0081;null:+0.0077
722,1,host glycan,host glycan,0.9995699776737292,0.9995699776737292,GH18,GH18;GH163;1.B.14.6.13,GH18;GH163;1.B.14.6.13;null;8.A.46.2.1,GH18:+0.0319;GH163:+0.0178;1.B.14.6.13:+0.0140;null:+0.0095;8.A.46.2.1:+0.0086
726,1,host glycan,host glycan,0.9993154324433775,0.9993154324433775,CBM32,CBM32;GH92;1.B.14.6.1,CBM32;GH92;1.B.14.6.1;null;HTH,CBM32:+0.0583;GH92:+0.0297;1.B.14.6.1:+0.0254;null:+0.0058;HTH:+0.0058
730,1,host glycan,host glycan,0.9999083230190547,0.9999083230190547,HTH,HTH;CBM67;GH78,HTH;CBM67;GH78;AraC;null,HTH:+0.0583;CBM67:+0.0485;GH78:+0.0405;AraC:+0.0397;null:+0.0289
737,1,host glycan,host glycan,0.9999999999992102,0.9999999999992102,CBM32,CBM32;GH92;1.B.14.6.1,CBM32;GH92;1.B.14.6.1;34;null,CBM32:+0.0626;GH92:+0.0355;1.B.14.6.1:+0.0226;34:+0.0071;null:+0.0065
739,1,host glycan,host glycan,0.9999999999992102,0.9999999999992102,GH88,GH88;AraC;GH2,GH88;AraC;GH2;HTH;GH20,GH88:+0.0365;AraC:+0.0179;GH2:+0.0177;HTH:+0.0161;GH20:+0.0114
744,1,host glycan,host glycan,0.9999999999992102,0.9999999999992102,GH29,GH29;AraC;HTH,GH29;AraC;HTH;GH97;10,GH29:+0.1042;AraC:+0.0832;HTH:+0.0738;GH97:+0.0658;10:+0.0597
746,1,host glycan,host glycan,0.9995648967231586,0.9995648967231586,CE9,CE9;DeoR;4.A.6.1.5,CE9;DeoR;4.A.6.1.5;SIS;4.A.6.1.4,CE9:+0.0587;DeoR:+0.0113;4.A.6.1.5:+0.0038;SIS:+0.0025;4.A.6.1.4:+0.0011
752,1,host glycan,host glycan,0.9968399803091063,0.9968399803091063,DeoR,DeoR;PfkB;1.B.35.2.2,DeoR;PfkB;1.B.35.2.2;13;GH31,DeoR:+0.0569;PfkB:+0.0454;1.B.35.2.2:+0.0296;13:+0.0216;GH31:+0.0194
753,1,host glycan,galactan,0.27097330433549444,0.5494860855470534,GH29,GH29;GH95;null,GH29;GH95;null;3.A.1.1.48;1,GH29:+0.1516;GH95:+0.1060;null:+0.0822;3.A.1.1.48:-0.0058;1:-0.1537
757,1,host glycan,host glycan,0.9999999999992102,0.9999999999992102,CE9,CE9;4.A.1.1.2;MarR,CE9;4.A.1.1.2;MarR,CE9:+0.1764;4.A.1.1.2:+0.0000;MarR:+0.0000
761,1,host glycan,host glycan,0.9999999999992102,0.9999999999992102,GH33,GH33;CBM93;GH20,GH33;CBM93;GH20;GH2;CE20,GH33:+0.0357;CBM93:+0.0139;GH20:+0.0110;GH2:+0.0102;CE20:+0.0060
764,1,host glycan,host glycan,0.9999999999992102,0.9999999999992102,CBM32,CBM32;null;1.B.14.6.1,CBM32;null;1.B.14.6.1,CBM32:+0.7303;null:+0.0290;1.B.14.6.1:+0.0141
783,1,host glycan,host glycan,0.9999999999992102,0.9999999999992102,8.A.46.2.2,8.A.46.2.2;GH18;null,8.A.46.2.2;GH18;null;1.B.14.6.13,8.A.46.2.2:+0.0639;GH18:+0.0303;null:+0.0045;1.B.14.6.13:+0.0000
787,1,host glycan,host glycan,0.9992035246300337,0.9992035246300337,CBM32,CBM32;FecR;1.B.14.6.1,CBM32;FecR;1.B.14.6.1;2.A.115.1.1;GH109,CBM32:+0.0202;FecR:+0.0069;1.B.14.6.1:+0.0068;2.A.115.1.1:+0.0067;GH109:+0.0058
798,1,host glycan,host glycan,0.9999999999992102,0.9999999999992102,GH29,GH29;AraC;HTH,GH29;AraC;HTH;GH97;CBM91,GH29:+0.0358;AraC:+0.0304;HTH:+0.0267;GH97:+0.0228;CBM91:+0.0197
801,1,host glycan,host glycan,0.9995699776737292,0.9995699776737292,GH18,GH18;GH163;1.B.14.6.13,GH18;GH163;1.B.14.6.13;null;8.A.46.2.1,GH18:+0.0319;GH163:+0.0178;1.B.14.6.13:+0.0140;null:+0.0095;8.A.46.2.1:+0.0086
807,1,host glycan,host glycan,0.6178150732346135,0.6178150732346135,GH2,GH2;1.B.14;null,GH2;1.B.14;null,GH2:+0.4613;1.B.14:-0.1578;null:-0.2542
811,1,host glycan,host glycan,0.9960599468413844,0.9960599468413844,GH88,GH88;PL12;4.A.6.1.14,GH88;PL12;4.A.6.1.14;PfkB;null,GH88:+0.0751;PL12:+0.0156;4.A.6.1.14:+0.0146;PfkB:+0.0116;null:+0.0102
812,1,host glycan,host glycan,0.9471279854921983,0.9471279854921983,GH88,GH88;PL12;PfkB,GH88;PL12;PfkB;1;null,GH88:+0.1904;PL12:+0.0431;PfkB:+0.0149;1:+0.0105;null:+0.0095
819,1,host glycan,host glycan,0.6239595717379803,0.6239595717379803,GH3,GH3;CE8;HTH,GH3;CE8;HTH;AraC;2,GH3:+0.3263;CE8:+0.2654;HTH:+0.2508;AraC:+0.2302;2:+0.2185
828,1,host glycan,host glycan,0.9986722728483969,0.9986722728483969,GH88,GH88;PL12;null,GH88;PL12;null;PL8;4.A.6,GH88:+0.0685;PL12:+0.0192;null:+0.0080;PL8:+0.0077;4.A.6:+0.0038
831,1,pectin,pectin,0.8987512629561074,0.8987512629561074,GH105,GH105;LacI;GH28,GH105;LacI;GH28;PfkB;2.A.56.1.5,GH105:+0.0627;LacI:+0.0475;GH28:+0.0434;PfkB:+0.0329;2.A.56.1.5:+0.0315
833,1,pectin,pectin,0.9999999999992102,0.9999999999992102,GH3,GH3;GH144;8.A.46.1.3,GH3;GH144;8.A.46.1.3;1.B.14.6.1,GH3:+0.1038;GH144:+0.0252;8.A.46.1.3:+0.0100;1.B.14.6.1:+0.0000
834,1,pectin,pectin,0.9900151538205135,0.9900151538205135,GH3,GH3;GH144;1.B.14.6.1,GH3;GH144;1.B.14.6.1,GH3:+0.1150;GH144:+0.0350;1.B.14.6.1:+0.0264
838,1,pectin,pectin,0.8145853191563244,0.8145853191563244,2.A.21.3.19,2.A.21.3.19;NUDIX;1.B.14.6.1,2.A.21.3.19;NUDIX;1.B.14.6.1;GH146;1,2.A.21.3.19:+0.2805;NUDIX:+0.2789;1.B.14.6.1:+0.1875;GH146:+0.1539;1:+0.1049
844,1,pectin,chitin,0.19773782562782022,0.5366200460574473,2,2;3.A.1,2;3.A.1,2:+0.1972;3.A.1:-0.3108
857,1,pectin,pectin,0.9618688106986135,0.9618688106986135,GH105,GH105;CE12;GH28,GH105;CE12;GH28;PL1;CE8,GH105:+0.0431;CE12:+0.0379;GH28:+0.0281;PL1:+0.0232;CE8:+0.0139
861,1,pectin,pectin,0.9626727764975146,0.9626727764975146,GH105,GH105;CE12;PL11,GH105;CE12;PL11;HTH;GH28,GH105:+0.0425;CE12:+0.0341;PL11:+0.0258;HTH:+0.0221;GH28:+0.0219
865,1,pectin,pectin,0.9900151538205135,0.9900151538205135,GH3,GH3;GH144;1.B.14.6.1,GH3;GH144;1.B.14.6.1,GH3:+0.1150;GH144:+0.0350;1.B.14.6.1:+0.0264
868,1,pectin,pectin,0.9999999999992102,0.9999999999992102,GH3,GH3;null;1.B.14.6.1,GH3;null;1.B.14.6.1;GH144,GH3:+0.1254;null:+0.0100;1.B.14.6.1:+0.0000;GH144:+0.0000
871,1,pectin,pectin,0.7431993033088498,0.7431993033088498,GH28,GH28;2.A.1,GH28;2.A.1,GH28:+0.7329;2.A.1:-0.0722
882,1,pectin,pectin,0.5254263366994334,0.5254263366994334,null,null;34;GH43,null;34;GH43;10;AraC,null:+0.4850;34:+0.4264;GH43:+0.1563;10:+0.1269;AraC:+0.0826
884,1,pectin,arabinogalactan,0.1094072150016451,0.8520915247643482,NUDIX,NUDIX;GH51;4,NUDIX;GH51;4;GH146;null,NUDIX:+0.0542;GH51:+0.0180;4:+0.0137;GH146:+0.0085;null:+0.0010
889,1,pectin,pectin,0.9724677289083478,0.9724677289083478,18,18;GH140;GH28,18;GH140;GH28;PL1;GH78,18:+0.1062;GH140:+0.0698;GH28:+0.0522;PL1:+0.0459;GH78:+0.0424
891,1,pectin,pectin,0.9926604339909686,0.9926604339909686,18,18;GH33;GH140,18;GH33;GH140;GH28;GH78,18:+0.0452;GH33:+0.0227;GH140:+0.0220;GH28:+0.0171;GH78:+0.0164
894,1,pectin,pectin,0.969459869115751,0.969459869115751,GH105,GH105;CE12;GH42,GH105;CE12;GH42;HTH;GH28,GH105:+0.0306;CE12:+0.0262;GH42:+0.0236;HTH:+0.0230;GH28:+0.0217
899,1,pectin,pectin,0.5669926738161467,0.5669926738161467,CE20,CE20;null;1.B.14.6.1,CE20;null;1.B.14.6.1,CE20:+0.4344;null:-0.0718;1.B.14.6.1:-0.2413
900,1,pectin,pectin,0.9999999999992102,0.9999999999992102,CE12,CE12;GH28;GH105,CE12;GH28;GH105;LacI;10,CE12:+0.0083;GH28:+0.0081;GH105:+0.0078;LacI:+0.0060;10:+0.0060
903,1,pectin,pectin,0.9514282527899365,0.9514282527899365,PL1,PL1;2;1.B.14,PL1;2;1.B.14;null,PL1:+0.2712;2:+0.0635;1.B.14:+0.0051;null:-0.0175
912,1,pectin,pectin,0.7288789188282373,0.7288789188282373,CE1,CE1;1.B.14.6.1;null,CE1;1.B.14.6.1;null;8.A.46.1.4,CE1:+0.4474;1.B.14.6.1:+0.2791;null:+0.1652;8.A.46.1.4:-0.1436
919,1,pectin,pectin,0.7339136224827871,0.7339136224827871,GH3,GH3;1.B.14.6.1;8.A.46.1.4,GH3;1.B.14.6.1;8.A.46.1.4;null,GH3:+0.5492;1.B.14.6.1:+0.0461;8.A.46.1.4:-0.0857;null:-0.1547
929,1,pectin,pectin,0.9108550270125492,0.9108550270125492,PL1,PL1;GH36;null,PL1;GH36;null;1.B.14.6.1,PL1:+0.5472;GH36:+0.0217;null:+0.0171;1.B.14.6.1:+0.0025
940,1,xylan,xylan,0.9999999999992102,0.9999999999992102,8.A.46.1.1,8.A.46.1.1;GH20;1.B.14.6.1,8.A.46.1.1;GH20;1.B.14.6.1;CBM32,8.A.46.1.1:+0.5580;GH20:+0.3307;1.B.14.6.1:+0.1292;CBM32:+0.0148
944,1,xylan,xylan,0.8619619324655886,0.8619619324655886,7,7;GH43;17,7;GH43;17;CE6;GH3,7:+0.2274;GH43:+0.1429;17:+0.1273;CE6:+0.0527;GH3:+0.0141
949,1,xylan,xylan,0.9978136834656659,0.9978136834656659,7,7;GH43;17,7;GH43;17;CBM6;CE1,7:+0.0633;GH43:+0.0552;17:+0.0433;CBM6:+0.0252;CE1:+0.0236
953,1,xylan,xylan,0.9999999999992102,0.9999999999992102,GH95,GH95;AraC;GH3,GH95;AraC;GH3;HTH;GH10,GH95:+0.0295;AraC:+0.0246;GH3:+0.0202;HTH:+0.0159;GH10:+0.0039
959,1,xylan,xylan,0.8112093846657779,0.8112093846657779,GH97,GH97;10;GH115,GH97;10;GH115;CE1;GH43,GH97:+0.0946;10:+0.0600;GH115:+0.0503;CE1:+0.0456;GH43:+0.0369
976,1,xylan,xylan,0.7041943131295968,0.7041943131295968,GH97,GH97;CE1;10,GH97;CE1;10;GH115;GH43,GH97:+0.0747;CE1:+0.0594;10:+0.0582;GH115:+0.0519;GH43:+0.0481
977,1,xylan,xylan,0.9568923319642916,0.9568923319642916,GH67,GH67;12;GH43,GH67;12;GH43;GH10;GH115,GH67:+0.0332;12:+0.0286;GH43:+0.0278;GH10:+0.0255;GH115:+0.0115
982,1,xylan,xylan,0.9079751664558754,0.9079751664558754,GH115,GH115;12;GH97,GH115;12;GH97;GH43;10,GH115:+0.0792;12:+0.0660;GH97:+0.0639;GH43:+0.0452;10:+0.0393
983,1,xylan,beta-glucan,0.2717608063971742,0.4561646176429837,GH43,GH43;GH10;CE1,GH43;GH10;CE1;GH2;CBM6,GH43:+0.0775;GH10:+0.0559;CE1:+0.0101;GH2:-0.0119;CBM6:-0.0155
988,1,xylan,xylan,0.7696063286052535,0.7696063286052535,GH67,GH67;GH10;null,GH67;GH10;null;HTH;GH3,GH67:+0.1613;GH10:+0.1213;null:+0.0378;HTH:+0.0271;GH3:+0.0190
989,1,xylan,xylan,0.9997025666600196,0.9997025666600196,GH10,GH10;GH67;HTH,GH10;GH67;HTH;CE20;AraC,GH10:+0.0346;GH67:+0.0281;HTH:+0.0152;CE20:+0.0146;AraC:+0.0129
991,1,xylan,xylan,0.9741885577169095,0.9741885577169095,GH97,GH97;GH3;46,GH97;GH3;46;AraC;HTH,GH97:+0.0823;GH3:+0.0590;46:+0.0467;AraC:+0.0418;HTH:+0.0394
997,1,xylan,xylan,0.9999999999992102,0.9999999999992102,GH10,GH10;8;1.B.14.6.1,GH10;8;1.B.14.6.1;HTH;AraC,GH10:+0.1332;8:+0.0518;1.B.14.6.1:+0.0439;HTH:+0.0351;AraC:+0.0305
1001,1,xylan,xylan,0.9232927049347475,0.9232927049347475,GH67,GH67;GH10;GH43,GH67;GH10;GH43;AraC;HTH,GH67:+0.0990;GH10:+0.0774;GH43:+0.0082;AraC:+0.0040;HTH:-0.0061
1002,1,xylan,xylan,0.558732692304983,0.558732692304983,11,11;GH43;SBP,11;GH43;SBP;bac;AraC,11:+0.2114;GH43:+0.1054;SBP:+0.0935;bac:+0.0693;AraC:+0.0617
1004,1,xylan,xylan,0.9999999999992102,0.9999999999992102,GH10,GH10;GH3;GH95,GH10;GH3;GH95;AraC;HTH,GH10:+0.0860;GH3:+0.0480;GH95:+0.0432;AraC:+0.0365;HTH:+0.0319
1010,1,xylan,xylan,0.4957484043275163,0.4957484043275163,GH67,GH67;null;8.A.46,GH67;null;8.A.46;2.A.2;14,GH67:+0.4265;null:+0.0439;8.A.46:+0.0057;2.A.2:+0.0013;14:-0.0049
1017,1,xylan,xylan,0.9999999999992102,0.9999999999992102,10,10;GH43;CBM91,10;GH43;CBM91;CE20;LacI,10:+0.0271;GH43:+0.0226;CBM91:+0.0223;CE20:+0.0205;LacI:+0.0158
1026,1,xylan,xylan,0.7346815001392999,0.7346815001392999,GH43,GH43;11;2.A.1,GH43;11;2.A.1;2.A.2;null,GH43:+0.2910;11:+0.1323;2.A.1:+0.1030;2.A.2:+0.0524;null:+0.0479
0,2,alginate,alginate,0.9911275316425673,0.9911275316425673,PL17,PL17;PfkB;PL6,PL17;PfkB;PL6;2;1,PL17:+0.0393;PfkB:+0.0110;PL6:+0.0104;2:+0.0094;1:+0.0071
2,2,alginate,alginate,0.9991743114362333,0.9991743114362333,PL17,PL17;2;PL6,PL17;2;PL6;null;binding,PL17:+0.0493;2:+0.0121;PL6:+0.0111;null:+0.0060;binding:+0.0058
4,2,alginate,alginate,0.9961406062631188,0.9961406062631188,1,1;PL6;GntR,1;PL6;GntR;PfkB;3.D.2.2.1,1:+0.0524;PL6:+0.0393;GntR:+0.0300;PfkB:+0.0173;3.D.2.2.1:+0.0067
9,2,alginate,alginate,0.9885997588663396,0.9885997588663396,PL17,PL17;PL6;PfkB,PL17;PL6;PfkB;2;GntR,PL17:+0.0430;PL6:+0.0252;PfkB:+0.0221;2:+0.0171;GntR:+0.0147
21,2,alginate,alginate,0.8247520020565569,0.8247520020565569,PL7,PL7;GntR;null,PL7;GntR;null;1.B.14,PL7:+0.5719;GntR:+0.2235;null:+0.0671;1.B.14:-0.0808
32,2,alginate,alginate,0.9999999999918079,0.9999999999918079,PL17,PL17;PL6;1,PL17;PL6;1;2;PfkB,PL17:+0.0456;PL6:+0.0314;1:+0.0141;2:+0.0135;PfkB:+0.0116
36,2,alginate,alginate,0.8585014938772968,0.8585014938772968,1,1;PL15;binding,1;PL15;binding;3.A.1;null,1:+0.1515;PL15:+0.0952;binding:+0.0720;3.A.1:+0.0275;null:+0.0230
39,2,alginate,alginate,0.9999999999918079,0.9999999999918079,PL17,PL17;GntR;1,PL17;GntR;1;PL6;1.B.14.6.1,PL17:+0.1047;GntR:+0.0515;1:+0.0485;PL6:+0.0440;1.B.14.6.1:+0.0126
42,2,alginate,alginate,0.8106710420196594,0.8106710420196594,PL17,PL17;PL6;1,PL17;PL6;1;2;8.A.46.1.2,PL17:+0.3412;PL6:+0.1972;1:+0.0860;2:+0.0648;8.A.46.1.2:-0.0341
46,2,alginate,alginate,0.8871500190384303,0.8871500190384303,PL6,PL6;PL7;1,PL6;PL7;1;5,PL6:+0.1999;PL7:+0.0562;1:+0.0359;5:-0.0069
51,2,alpha-glucan,alpha-glucan,0.9999999999918079,0.9999999999918079,GH31,GH31;8.A.46.1.5;null,GH31;8.A.46.1.5;null;1.B.14.6.1;GH66,GH31:+0.0404;8.A.46.1.5:+0.0034;null:+0.0032;1.B.14.6.1:+0.0000;GH66:+0.0000
61,2,alpha-glucan,alpha-glucan,0.9999999999918079,0.9999999999918079,GH13,GH13;20;CBM34,GH13;20;CBM34;31;3.A.1.1.27,GH13:+0.0645;20:+0.0132;CBM34:+0.0073;31:+0.0028;3.A.1.1.27:+0.0027
65,2,alpha-glucan,alpha-glucan,0.516594322065083,0.516594322065083,GH32,GH32;LacI,GH32;LacI,GH32:-0.0489;LacI:-0.0687
73,2,alpha-glucan,alpha-glucan,0.9999999999918079,0.9999999999918079,GH13,GH13;GT5;CBM48,GH13;GT5;CBM48;9;GT35,GH13:+0.0802;GT5:+0.0397;CBM48:+0.0182;9:+0.0039;GT35:+0.0026
74,2,alpha-glucan,alpha-glucan,0.9999999999918079,0.9999999999918079,GH13,GH13;GT5;CBM48,GH13;GT5;CBM48;9;null,GH13:+0.0704;GT5:+0.0393;CBM48:+0.0176;9:+0.0051;null:+0.0008
75,2,alpha-glucan,alpha-glucan,0.9199569265191325,0.9199569265191325,PfkB,PfkB;LacI;GH13,PfkB;LacI;GH13;3.A.1.1.45;GH32,PfkB:+0.0794;LacI:+0.0740;GH13:+0.0639;3.A.1.1.45:+0.0569;GH32:+0.0526
76,2,alpha-glucan,alpha-glucan,0.9999999999918079,0.9999999999918079,GH13,GH13;Pyr;redox,GH13;Pyr;redox;1;2,GH13:+0.0580;Pyr:+0.0299;redox:+0.0262;1:+0.0230;2:+0.0149
82,2,alpha-glucan,alpha-glucan,0.9640194480289968,0.9640194480289968,GH13,GH13;18;null,GH13;18;null,GH13:+0.4871;18:+0.1185;null:-0.0116
86,2,alpha-glucan,alpha-glucan,0.9999999999918079,0.9999999999918079,LacI,LacI;GH13;GH77,LacI;GH13;GH77;3.A.1.1.45;30,LacI:+0.0220;GH13:+0.0086;GH77:+0.0057;3.A.1.1.45:+0.0051;30:+0.0000
87,2,alpha-glucan,alpha-glucan,0.9989292497952652,0.9989292497952652,GH13,GH13;LacI;30,GH13;LacI;30;3.A.1.1.45,GH13:+0.0813;LacI:+0.0371;30:+0.0154;3.A.1.1.45:+0.0122
98,2,alpha-glucan,alpha-glucan,0.8166670535406876,0.8166670535406876,GH13,GH13;LacI;46,GH13;LacI;46;null;1.B.14.6.1,GH13:+0.1852;LacI:+0.0405;46:+0.0310;null:+0.0016;1.B.14.6.1:-0.0013
101,2,alpha-glucan,alpha-glucan,0.4487263343142154,0.4487263343142154,GH31,GH31;CBM20;CBM35,GH31;CBM20;CBM35;0040266,GH31:+0.3713;CBM20:+0.0205;CBM35:-0.0188;0040266:-0.0198
106,2,alpha-glucan,alpha-glucan,0.9999999999918079,0.9999999999918079,GH32,GH32;4.A.1.2.12;LacI,GH32;4.A.1.2.12;LacI,GH32:+0.4162;4.A.1.2.12:+0.3219;LacI:+0.0000
110,2,alpha-glucan,alpha-glucan,0.9999999999918079,0.9999999999918079,31,31;GH13;null,31;GH13;null;GH36;bac,31:+0.2578;GH13:+0.2236;null:+0.0984;GH36:+0.0914;bac:+0.0771
112,2,alpha-glucan,alpha-glucan,0.9999999999918079,0.9999999999918079,GH4,GH4;4.A.1.1.16;GntR,GH4;4.A.1.1.16;GntR,GH4:+0.2389;4.A.1.1.16:+0.0000;GntR:+0.0000
114,2,alpha-glucan,alpha-glucan,0.9658200125250065,0.9658200125250065,GH13,GH13;GH97;8.A.46.1.1,GH13;GH97;8.A.46.1.1;LacI;46,GH13:+0.0495;GH97:+0.0436;8.A.46.1.1:+0.0141;LacI:+0.0135;46:+0.0134
121,2,alpha-glucan,alpha-glucan,0.9999999999918079,0.9999999999918079,GH31,GH31;8.A.46.1.5;null,GH31;8.A.46.1.5;null;1.B.14.6.1;GH66,GH31:+0.0404;8.A.46.1.5:+0.0034;null:+0.0032;1.B.14.6.1:+0.0000;GH66:+0.0000
135,2,alpha-glucan,alpha-glucan,0.9999999999918079,0.9999999999918079,3.A.1.1.10,3.A.1.1.10;GH32;SBP,3.A.1.1.10;GH32;SBP;bac;1,3.A.1.1.10:+0.1862;GH32:+0.1417;SBP:+0.0284;bac:+0.0207;1:+0.0041
139,2,alpha-glucan,alpha-glucan,0.5321216611128171,0.5321216611128171,PfkB,PfkB;LacI;GH32,PfkB;LacI;GH32;null;3.A.1.1.29,PfkB:+0.5068;LacI:+0.2565;GH32:-0.0122;null:-0.0946;3.A.1.1.29:-0.3459
140,2,alpha-glucan,alpha-glucan,0.9999999999918079,0.9999999999918079,PfkB,PfkB;LacI;4.A.1.2.12,PfkB;LacI;4.A.1.2.12;GH32,PfkB:+0.4336;LacI:+0.1384;4.A.1.2.12:+0.0747;GH32:+0.0456
145,2,alpha-glucan,alpha-glucan,0.516594322065083,0.516594322065083,GH32,GH32;LacI,GH32;LacI,GH32:-0.0489;LacI:-0.0687
149,2,alpha-glucan,alpha-glucan,0.9999999999918079,0.9999999999918079,GH13,GH13;18;LacI,GH13;18;LacI;null,GH13:+0.1418;18:+0.0434;LacI:+0.0360;null:+0.0046
162,2,alpha-glucan,alpha-glucan,0.9849274569412302,0.9849274569412302,PfkB,PfkB;LacI;PadR,PfkB;LacI;PadR;MarR;4.A.1.2.12,PfkB:+0.4080;LacI:+0.1637;PadR:+0.0875;MarR:+0.0861;4.A.1.2.12:+0.0570
168,2,alpha-glucan,alpha-glucan,0.894838402410252,0.894838402410252,LacI,LacI;PfkB;3.A.1.1.45,LacI;PfkB;3.A.1.1.45;GH32;GH13,LacI:+0.1089;PfkB:+0.1085;3.A.1.1.45:+0.0740;GH32:+0.0387;GH13:+0.0145
174,2,alpha-glucan,alpha-glucan,0.9775255554072921,0.9775255554072921,GH13,GH13;36;SBP,GH13;36;SBP;bac;1,GH13:+0.1073;36:+0.0569;SBP:+0.0121;bac:+0.0099;1:+0.0046
178,2,alpha-mannan,alpha-mannan,0.9727646615588423,0.9727646615588423,GntR,GntR;GH125;GH38,GntR;GH125;GH38;3.A.1.1.29;GH84,GntR:+0.2306;GH125:+0.1984;GH38:+0.1764;3.A.1.1.29:+0.1566;GH84:+0.1434
182,2,alpha-mannan,alpha-mannan,0.916875585087609,0.916875585087609,GH125,GH125;GH76;GH97,GH125;GH76;GH97;GH92;GH67,GH125:+0.2085;GH76:+0.1902;GH97:+0.1298;GH92:+0.1134;GH67:+0.0811
186,2,alpha-mannan,alpha-mannan,0.6981559946890753,0.6981559946890753,GH92,GH92;null;1.B.14.6.1,GH92;null;1.B.14.6.1,GH92:+0.6422;null:+0.3877;1.B.14.6.1:+0.1316
194,2,alpha-mannan,alpha-mannan,0.9999999999918079,0.9999999999918079,GH92,GH92;null;1.B.14.6.1,GH92;null;1.B.14.6.1;9.B.14.1.10;GH99,GH92:+0.0692;null:+0.0647;1.B.14.6.1:+0.0043;9.B.14.1.10:+0.0038;GH99:+0.0000
196,2,alpha-mannan,alpha-mannan,0.9989528893888644,0.9989528893888644,GH125,GH125;GH92;GH76,GH125;GH92;GH76;GT32;GH130,GH125:+0.0813;GH92:+0.0619;GH76:+0.0570;GT32:+0.0536;GH130:+0.0529
212,2,arabinogalactan,arabinogalactan,0.9999999999918081,0.9999999999918081,HTH,HTH;null;24,HTH;null;24;GH35;AraC,HTH:+0.0981;null:+0.0957;24:+0.0937;GH35:+0.0722;AraC:+0.0721
214,2,arabinogalactan,arabinogalactan,0.9999999999918081,0.9999999999918081,4,4;GH51;GH43,4;GH51;GH43;29;1.B.14.6.1,4:+0.1237;GH51:+0.1214;GH43:+0.0982;29:+0.0967;1.B.14.6.1:+0.0814
215,2,arabinogalactan,arabinogalactan,0.7604809568406078,0.7604809568406078,GH43,GH43;4;29,GH43;4;29;GH51;HTH,GH43:+0.3024;4:+0.2591;29:+0.2304;GH51:+0.0721;HTH:+0.0469
216,2,arabinogalactan,arabinogalactan,0.9999999999918081,0.9999999999918081,GH51,GH51;3.A.1.1.34;1,GH51;3.A.1.1.34;1;null,GH51:+0.1292;3.A.1.1.34:+0.1119;1:+0.1040;null:+0.0253
226,2,arabinogalactan,pectin,0.15012645194444693,0.8135806685720677,AraC,AraC;HTH;4,AraC;HTH;4;GH51;GH43,AraC:+0.0910;HTH:+0.0834;4:+0.0163;GH51:+0.0141;GH43:+0.0099
227,2,arabinogalactan,arabinogalactan,0.47105279935377903,0.47105279935377903,GH51,GH51;GH27;3.A.1,GH51;GH27;3.A.1;GH127;GH2,GH51:+0.1702;GH27:+0.0972;3.A.1:+0.0386;GH127:+0.0296;GH2:+0.0126
232,2,arabinogalactan,arabinogalactan,0.9999999999918081,0.9999999999918081,GH105,GH105;17;GH154,GH105;17;GH154;24;GH43,GH105:+0.0641;17:+0.0625;GH154:+0.0580;24:+0.0579;GH43:+0.0482
237,2,beta-glucan,beta-glucan,0.9908901649153681,0.9908901649153681,4,4;GH5;GH31,4;GH5;GH31;GH3;GH2,4:+0.1148;GH5:+0.0954;GH31:+0.0926;GH3:+0.0591;GH2:+0.0552
238,2,beta-glucan,beta-glucan,0.9025303280641429,0.9025303280641429,GH5,GH5;4;GH31,GH5;4;GH31;GH3;AraC,GH5:+0.2351;4:+0.2207;GH31:+0.1044;GH3:+0.0650;AraC:+0.0086
242,2,beta-glucan,beta-glucan,0.9346791556147277,0.9346791556147277,GH8,GH8;4.D.3.1.6;1.B.55.3.1,GH8;4.D.3.1.6;1.B.55.3.1,GH8:+0.1551;4.D.3.1.6:+0.0960;1.B.55.3.1:+0.0191
255,2,beta-glucan,beta-glucan,0.600369118934984,0.600369118934984,CBM4,CBM4;null;1.B.14,CBM4;null;1.B.14,CBM4:+0.5265;null:-0.0234;1.B.14:-0.2687
264,2,beta-glucan,beta-glucan,0.4525102864235417,0.4525102864235417,GH16,GH16;GH3;1.B.14,GH16;GH3;1.B.14;LacI;8.A.49,GH16:+0.2857;GH3:+0.1944;1.B.14:+0.0466;LacI:-0.1028;8.A.49:-0.1322
266,2,beta-glucan,beta-glucan,0.991238200142186,0.991238200142186,GH1,GH1;3;GH3,GH1;3;GH3;GH16;LacI,GH1:+0.0831;3:+0.0355;GH3:+0.0354;GH16:+0.0347;LacI:+0.0290
272,2,beta-glucan,beta-glucan,0.9219996443419961,0.9219996443419961,GH31,GH31;4;GH5,GH31;4;GH5;12;GH3,GH31:+0.1371;4:+0.1347;GH5:+0.1192;12:+0.0688;GH3:+0.0680
281,2,beta-glucan,beta-glucan,0.9889901222311979,0.9889901222311979,GH5,GH5;4;HTH,GH5;4;HTH;AraC;GH36,GH5:+0.1484;4:+0.1117;HTH:+0.0597;AraC:+0.0488;GH36:+0.0260
285,2,beta-glucan,beta-glucan,0.9417170333654106,0.9417170333654106,GH31,GH31;GH5;GH3,GH31;GH5;GH3;4;HTH,GH31:+0.0916;GH5:+0.0711;GH3:+0.0684;4:+0.0608;HTH:+0.0427
293,2,beta-glucan,beta-glucan,0.9999999999918081,0.9999999999918081,GH3,GH3;8.A.46.2.1;GH16,GH3;8.A.46.2.1;GH16;3;1.B.14.6.2,GH3:+0.1053;8.A.46.2.1:+0.0897;GH16:+0.0591;3:+0.0488;1.B.14.6.2:+0.0473
296,2,beta-glucan,beta-glucan,0.9999999999918081,0.9999999999918081,3,3;GH30;GH3,3;GH30;GH3;7;1.B.14.6.1,3:+0.1241;GH30:+0.0588;GH3:+0.0452;7:+0.0411;1.B.14.6.1:+0.0258
300,2,beta-glucan,beta-glucan,0.8528603480360253,0.8528603480360253,GH5,GH5;4;CBM4,GH5;4;CBM4;null;HTH,GH5:+0.2390;4:+0.1836;CBM4:+0.0453;null:+0.0236;HTH:-0.0249
310,2,beta-glucan,beta-glucan,0.970696229740669,0.970696229740669,GT2,GT2;GH8,GT2;GH8,GT2:+0.2045;GH8:+0.0715
317,2,beta-glucan,beta-glucan,0.9864942840782005,0.9864942840782005,GH16,GH16;GH3;8.A.46,GH16;GH3;8.A.46;1.B.14;null,GH16:+0.1972;GH3:+0.1080;8.A.46:+0.0768;1.B.14:+0.0282;null:+0.0025
324,2,beta-glucan,beta-glucan,0.9998355735510371,0.9998355735510371,GH1,GH1;LacI;3.A.1.1.23,GH1;LacI;3.A.1.1.23,GH1:+0.4057;LacI:+0.2429;3.A.1.1.23:+0.1044
325,2,beta-glucan,beta-glucan,0.7528961936177925,0.7528961936177925,GH1,GH1;LacI;3,GH1;LacI;3;Peripla;BP,GH1:+0.5937;LacI:+0.0425;3:-0.0264;Peripla:-0.0365;BP:-0.0389
328,2,beta-glucan,beta-glucan,0.912670791829319,0.912670791829319,3,3;GH3;GH30,3;GH3;GH30;1.B.14;null,3:+0.1894;GH3:+0.1247;GH30:+0.1002;1.B.14:-0.0102;null:-0.0158
338,2,beta-glucan,beta-glucan,0.9999999999918081,0.9999999999918081,GH16,GH16;null;21,GH16;null;21,GH16:+0.2729;null:+0.0155;21:+0.0000
339,2,beta-glucan,beta-mannan,0.3723154904023793,0.6226060846440681,4,4;GH36;GH3,4;GH36;GH3;7;GH5,4:+0.1703;GH36:+0.1127;GH3:+0.1038;7:+0.0937;GH5:+0.0899
346,2,beta-glucan,beta-glucan,0.9487866857107807,0.9487866857107807,GH31,GH31;GH3;GH5,GH31;GH3;GH5;4;GH2,GH31:+0.0807;GH3:+0.0677;GH5:+0.0523;4:+0.0503;GH2:+0.0419
350,2,beta-glucan,beta-glucan,0.6508319702166914,0.6508319702166914,GH9,GH9;GH31;3,GH9;GH31;3;GH30;1.B.14.6.1,GH9:+0.1729;GH31:+0.1336;3:+0.0980;GH30:+0.0415;1.B.14.6.1:+0.0370
352,2,beta-glucan,beta-glucan,0.9994101714510046,0.9994101714510046,GH73,GH73;9.B.154.1.2;null,GH73;9.B.154.1.2;null;Peptidase;M23,GH73:+0.0900;9.B.154.1.2:+0.0749;null:+0.0127;Peptidase:+0.0026;M23:+0.0004
353,2,beta-glucan,beta-glucan,0.9245305763805912,0.9245305763805912,GH73,GH73;M23;Peptidase,GH73;M23;Peptidase;null,GH73:+0.1984;M23:+0.0451;Peptidase:+0.0377;null:+0.0050
356,2,beta-glucan,beta-glucan,0.9999999999918081,0.9999999999918081,null,null;GH2;CBM57,null;GH2;CBM57;1.B.14.6.1;PL38,null:+0.0826;GH2:+0.0638;CBM57:+0.0507;1.B.14.6.1:+0.0485;PL38:+0.0353
359,2,beta-mannan,galactan,0.4235066721198714,0.5133528777673957,2.A.2,2.A.2;LacI;GH2,2.A.2;LacI;GH2;AraC;HTH,2.A.2:+0.2366;LacI:+0.1295;GH2:+0.1037;AraC:-0.0368;HTH:-0.0633
368,2,beta-mannan,beta-mannan,0.46774126824476836,0.46774126824476836,LacI,LacI;GH2;SBP,LacI;GH2;SBP;bac;1,LacI:+0.3368;GH2:+0.1779;SBP:+0.0996;bac:+0.0739;1:+0.0390
379,2,beta-mannan,beta-mannan,0.9861726940904428,0.9861726940904428,CE7,CE7;AraC;GH26,CE7;AraC;GH26;1.B.14.6.1;8.A.46.1.6,CE7:+0.0505;AraC:+0.0417;GH26:+0.0415;1.B.14.6.1:+0.0349;8.A.46.1.6:+0.0330
381,2,beta-mannan,beta-mannan,0.5137128744544245,0.5137128744544245,GH130,GH130;GH27;null,GH130;GH27;null;7;GH5,GH130:+0.3309;GH27:+0.1451;null:-0.0136;7:-0.0302;GH5:-0.0303
383,2,beta-mannan,beta-mannan,0.9998059172300251,0.9998059172300251,4.A.3.2.8,4.A.3.2.8;4.A.3.2.4;GH1,4.A.3.2.8;4.A.3.2.4;GH1,4.A.3.2.8:+0.5332;4.A.3.2.4:+0.3142;GH1:+0.2018
389,2,beta-mannan,beta-mannan,0.9999999999918081,0.9999999999918081,GH26,GH26;GntR;4.A.3.2.8,GH26;GntR;4.A.3.2.8;4.A.3.2.6;GH1,GH26:+0.1686;GntR:+0.1330;4.A.3.2.8:+0.1171;4.A.3.2.6:+0.0871;GH1:+0.0835
396,2,beta-mannan,beta-mannan,0.9999999999918081,0.9999999999918081,GH42,GH42;3.A.1.1.48,GH42;3.A.1.1.48,GH42:+0.6109;3.A.1.1.48:+0.0826
402,2,beta-mannan,beta-mannan,0.9999999999918081,0.9999999999918081,GH130,GH130;GH26;2.A.2.3.6,GH130;GH26;2.A.2.3.6;HTH;1,GH130:+0.0732;GH26:+0.0681;2.A.2.3.6:+0.0300;HTH:+0.0236;1:+0.0204
411,2,beta-mannan,fructan,0.2592873926125357,0.4383223922674276,31,31;GH32;null,31;GH32;null;LacI;GH13,31:+0.2378;GH32:+0.1873;null:+0.1606;LacI:+0.1288;GH13:+0.0884
414,2,beta-mannan,galactan,0.24726451556033027,0.7402607301018146,3.A.1.1.48,3.A.1.1.48;GH42;null,3.A.1.1.48;GH42;null;LacI,3.A.1.1.48:+0.1841;GH42:+0.1363;null:-0.0234;LacI:-0.7188
415,2,beta-mannan,galactan,0.25345714251323903,0.6773589315766932,3.A.1.1.48,3.A.1.1.48;GH42;3.A.1.1.34,3.A.1.1.48;GH42;3.A.1.1.34;null;LacI,3.A.1.1.48:+0.1743;GH42:+0.1205;3.A.1.1.34:+0.0062;null:-0.0221;LacI:-0.6531
416,2,beta-mannan,galactan,7.469444442139157e-13,0.9946902410142734,null,null;GH42;3.A.1,null;GH42;3.A.1;LacI,null:+0.0000;GH42:-0.0143;3.A.1:-0.0632;LacI:-0.7289
420,2,beta-mannan,beta-mannan,0.49912301516193536,0.49912301516193536,GH130,GH130;3.A.1;1,GH130;3.A.1;1;SBP;bac,GH130:+0.4639;3.A.1:+0.0256;1:+0.0205;SBP:+0.0192;bac:-0.0033
422,2,beta-mannan,beta-mannan,0.9987085160040665,0.9987085160040665,GH130,GH130;GH26;2.A.2,GH130;GH26;2.A.2;HTH;null,GH130:+0.1416;GH26:+0.0797;2.A.2:+0.0480;HTH:+0.0235;null:+0.0229
426,2,chitin,host glycan,0.2439696576931916,0.6966007735907868,GH20,GH20;null,GH20;null,GH20:+0.2394;null:+0.1974
428,2,chitin,beta-mannan,0.010620470437750527,0.39318674088362393,3.A.1,3.A.1;GH3,3.A.1;GH3,3.A.1:+0.0106;GH3:-0.0076
440,2,chitin,chitin,0.9999999999918081,0.9999999999918081,CE4,CE4;GH4;4.A.3.2.6,CE4;GH4;4.A.3.2.6,CE4:+0.2847;GH4:+0.2331;4.A.3.2.6:+0.1404
441,2,chitin,chitin,0.9972218986480743,0.9972218986480743,GH4,GH4;CE4;4.A.3.2.6,GH4;CE4;4.A.3.2.6;null,GH4:+0.3080;CE4:+0.1936;4.A.3.2.6:+0.0582;null:-0.0028
457,2,chitin,chitin,0.9999999999918081,0.9999999999918081,4.A.3.2.1,4.A.3.2.1;GH4;AraC,4.A.3.2.1;GH4;AraC;HTH;null,4.A.3.2.1:+0.3866;GH4:+0.2062;AraC:+0.0256;HTH:+0.0182;null:+0.0000
459,2,chitin,chitin,0.9776691615049011,0.9776691615049011,4.A.3.2.1,4.A.3.2.1;GH4;null,4.A.3.2.1;GH4;null;AraC;HTH,4.A.3.2.1:+0.3643;GH4:+0.2586;null:+0.0881;AraC:+0.0200;HTH:+0.0108
460,2,chitin,chitin,0.9999999999918081,0.9999999999918081,4.A.3.2.1,4.A.3.2.1;GH4;4.A.3.2.7,4.A.3.2.1;GH4;4.A.3.2.7;HTH;AraC,4.A.3.2.1:+0.3738;GH4:+0.1643;4.A.3.2.7:+0.1105;HTH:+0.0282;AraC:+0.0278
467,2,chitin,chitin,0.9627848489752827,0.9627848489752827,4.A.3.2.1,4.A.3.2.1;GH4;null,4.A.3.2.1;GH4;null;AraC;HTH,4.A.3.2.1:+0.6025;GH4:+0.2203;null:+0.0732;AraC:+0.0239;HTH:+0.0175
468,2,chitin,chitin,0.9999999999918081,0.9999999999918081,4.A.3.2.1,4.A.3.2.1;GH4;AraC,4.A.3.2.1;GH4;AraC;HTH;null,4.A.3.2.1:+0.6397;GH4:+0.1834;AraC:+0.0348;HTH:+0.0287;null:+0.0000
469,2,chitin,chitin,0.9999999999918081,0.9999999999918081,4.A.3.2.1,4.A.3.2.1;GH4;AraC,4.A.3.2.1;GH4;AraC;HTH;null,4.A.3.2.1:+0.2610;GH4:+0.2307;AraC:+0.0212;HTH:+0.0161;null:+0.0000
473,2,chitin,chitin,0.996927056933743,0.996927056933743,GH20,GH20;reg;GH9,GH20;reg;GH9;c;HATPase,GH20:+0.0924;reg:+0.0719;GH9:+0.0529;c:+0.0487;HATPase:+0.0469
478,2,chitin,chitin,0.9999999999918081,0.9999999999918081,GH4,GH4;4.A.3.2.1;4.A.3.2.7,GH4;4.A.3.2.1;4.A.3.2.7;AraC;HTH,GH4:+0.2013;4.A.3.2.1:+0.0640;4.A.3.2.7:+0.0223;AraC:+0.0096;HTH:+0.0040
479,2,chitin,chitin,0.9776691615049011,0.9776691615049011,4.A.3.2.1,4.A.3.2.1;GH4;null,4.A.3.2.1;GH4;null;AraC;HTH,4.A.3.2.1:+0.3643;GH4:+0.2586;null:+0.0881;AraC:+0.0200;HTH:+0.0108
489,2,fructan,fructan,0.9999999999918081,0.9999999999918081,GH68,GH68;GH32;2.A.3.11.1,GH68;GH32;2.A.3.11.1;1,GH68:+0.1233;GH32:+0.0735;2.A.3.11.1:+0.0558;1:+0.0522
499,2,fructan,fructan,0.6129602060453715,0.6129602060453715,PfkB,PfkB;GH32,PfkB;GH32,PfkB:+0.2382;GH32:+0.2230
500,2,fructan,alpha-glucan,8.486797693375757e-13,0.813623792483658,GH36,GH36;SBP;1,GH36;SBP;1;30;GH13,GH36:+0.0000;SBP:-0.0000;1:-0.0000;30:-0.0000;GH13:-0.0004
512,2,fructan,fructan,0.992873642733905,0.992873642733905,GH32,GH32;2.A.1.7.17;1.B.14.6.1,GH32;2.A.1.7.17;1.B.14.6.1;null;0039384,GH32:+0.1417;2.A.1.7.17:+0.0426;1.B.14.6.1:+0.0245;null:+0.0127;0039384:+0.0113
516,2,fructan,fructan,0.9999999999918081,0.9999999999918081,2.A.1.7.17,2.A.1.7.17;PfkB;GH32,2.A.1.7.17;PfkB;GH32,2.A.1.7.17:+0.3931;PfkB:+0.1502;GH32:+0.0882
518,2,fructan,alpha-glucan,8.486797693375757e-13,0.813623792483658,GH36,GH36;SBP;1,GH36;SBP;1;30;GH13,GH36:+0.0000;SBP:-0.0000;1:-0.0000;30:-0.0000;GH13:-0.0004
520,2,galactan,galactan,0.9895733883665294,0.9895733883665294,16,16;GH16;null,16;GH16;null;1.B.14.6.1,16:+0.7957;GH16:+0.3224;null:+0.0112;1.B.14.6.1:-0.0104
540,2,galactan,galactan,0.9093731329115524,0.9093731329115524,null,null;GH117;2.A.1,null;GH117;2.A.1;GH2;GH50,null:+0.0625;GH117:+0.0621;2.A.1:+0.0561;GH2:+0.0393;GH50:+0.0384
547,2,galactan,host glycan,0.2134020315037436,0.6126629954613522,GH117,GH117;null;MarR,GH117;null;MarR;GH2;1.B.14.6.1,GH117:+0.1661;null:+0.0261;MarR:+0.0084;GH2:-0.0015;1.B.14.6.1:-0.0394
549,2,galactan,galactan,0.7352219019902178,0.7352219019902178,3.A.1.1.28,3.A.1.1.28;GH36;18,3.A.1.1.28;GH36;18;31;GH13,3.A.1.1.28:+0.3385;GH36:+0.1899;18:+0.1625;31:+0.0810;GH13:-0.0538
552,2,galactan,galactan,0.9717619819140663,0.9717619819140663,LacI,LacI;GH42;3.A.1.1.2,LacI;GH42;3.A.1.1.2;GH53,LacI:+0.3728;GH42:+0.2604;3.A.1.1.2:+0.1720;GH53:-0.0281
556,2,galactan,galactan,0.958315857978909,0.958315857978909,GH129,GH129;GH127;HTH,GH129;GH127;HTH;AraC;2.A.1.1.55,GH129:+0.1466;GH127:+0.1138;HTH:+0.0957;AraC:+0.0830;2.A.1.1.55:+0.0824
557,2,galactan,galactan,0.9999999999918083,0.9999999999918083,AraC,AraC;HTH;GH53,AraC;HTH;GH53;8.A.46.1.1;1.B.14.6.1,AraC:+0.2541;HTH:+0.2427;GH53:+0.2218;8.A.46.1.1:+0.1900;1.B.14.6.1:+0.1116
568,2,galactan,galactan,0.9999999999918083,0.9999999999918083,2.A.2.2.1,2.A.2.2.1;GH2;null,2.A.2.2.1;GH2;null;GH36,2.A.2.2.1:+0.4395;GH2:+0.1077;null:+0.0548;GH36:+0.0000
575,2,galactan,beta-glucan,0.2056701015831787,0.4758042270631448,GH86,GH86;null;1.B.14,GH86;null;1.B.14;GH16;CBM6,GH86:+0.1569;null:+0.0738;1.B.14:+0.0516;GH16:+0.0422;CBM6:-0.0321
580,2,galactan,host glycan,0.0018250581561709057,0.6419376847866753,8.A.46,8.A.46;null;1.B.14,8.A.46;null;1.B.14,8.A.46:+0.0005;null:+0.0002;1.B.14:-0.0027
581,2,galactan,pectin,0.0011825572219335387,0.7520990328342554,1.B.14.6.1,1.B.14.6.1;null,1.B.14.6.1;null,1.B.14.6.1:-0.0006;null:-0.0007
585,2,galactan,beta-mannan,0.1358252915807735,0.8601217345037799,null,null;GH53;LacI,null;GH53;LacI;GH42;CBM61,null:+0.1358;GH53:+0.0753;LacI:+0.0174;GH42:+0.0129;CBM61:-0.0155
586,2,galactan,beta-mannan,0.03724589059489118,0.94916945705535,null,null;LacI;GH42,null;LacI;GH42;1;SBP,null:+0.0372;LacI:-0.0019;GH42:-0.0037;1:-0.1117;SBP:-0.1512
590,2,galactan,galactan,0.9552123833127268,0.9552123833127268,42,42;TPR;1,42;TPR;1;GH5;null,42:+0.2109;TPR:+0.1274;1:+0.1004;GH5:+0.0858;null:+0.0122
591,2,host glycan,host glycan,0.9999999999918083,0.9999999999918083,CBM32,CBM32;null;1.B.14.6.1,CBM32;null;1.B.14.6.1;0038753,CBM32:+0.3440;null:+0.0222;1.B.14.6.1:+0.0123;0038753:+0.0000
597,2,host glycan,host glycan,0.9999999999918083,0.9999999999918083,1.B.14.6.13,1.B.14.6.13;8.A.46.2.2;GH18,1.B.14.6.13;8.A.46.2.2;GH18;GerE;FecR,1.B.14.6.13:+0.0520;8.A.46.2.2:+0.0460;GH18:+0.0402;GerE:+0.0137;FecR:+0.0105
598,2,host glycan,host glycan,0.9999999999918083,0.9999999999918083,8.A.46.2.2,8.A.46.2.2;1.B.14.6.13;GH18,8.A.46.2.2;1.B.14.6.13;GH18;GerE;FecR,8.A.46.2.2:+0.0639;1.B.14.6.13:+0.0629;GH18:+0.0469;GerE:+0.0127;FecR:+0.0081
604,2,host glycan,host glycan,0.9999999999918083,0.9999999999918083,CBM32,CBM32;1.B.14.6.1;null,CBM32;1.B.14.6.1;null,CBM32:+0.7346;1.B.14.6.1:+0.0354;null:+0.0346
605,2,host glycan,host glycan,0.934577611903358,0.934577611903358,CBM32,CBM32;GH92;1.B.14.6.1,CBM32;GH92;1.B.14.6.1;null;34,CBM32:+0.2772;GH92:+0.0443;1.B.14.6.1:+0.0405;null:+0.0346;34:-0.0264
616,2,host glycan,host glycan,0.6432289549503877,0.6432289549503877,GH29,GH29;GH33;GH20,GH29;GH33;GH20;GH2;GH95,GH29:+0.1193;GH33:+0.0777;GH20:+0.0510;GH2:+0.0454;GH95:+0.0450
617,2,host glycan,host glycan,0.9999999999918083,0.9999999999918083,null,null;3.A.1.1.48;GH112,null;3.A.1.1.48;GH112;0043669,null:+0.0687;3.A.1.1.48:+0.0471;GH112:+0.0383;0043669:+0.0168
620,2,host glycan,host glycan,0.9999999999918083,0.9999999999918083,CE9,CE9;4.A.1.1.2;MarR,CE9;4.A.1.1.2;MarR,CE9:+0.1700;4.A.1.1.2:+0.0000;MarR:+0.0000
627,2,host glycan,host glycan,0.9989528893888646,0.9989528893888646,CE9,CE9;DeoR;4.A.6.1.5,CE9;DeoR;4.A.6.1.5;SIS;HTH,CE9:+0.0541;DeoR:+0.0086;4.A.6.1.5:+0.0048;SIS:+0.0039;HTH:+0.0024
632,2,host glycan,host glycan,0.938553468772905,0.938553468772905,8.A.46.2.2,8.A.46.2.2;GH18;null,8.A.46.2.2;GH18;null;FecR;GH92,8.A.46.2.2:+0.1201;GH18:+0.0992;null:+0.0236;FecR:-0.0049;GH92:-0.0531
643,2,host glycan,host glycan,0.9999999999918083,0.9999999999918083,GH20,GH20;GH33;CBM93,GH20;GH33;CBM93;GH2;CE20,GH20:+0.0226;GH33:+0.0222;CBM93:+0.0154;GH2:+0.0121;CE20:+0.0049
646,2,host glycan,host glycan,0.9960766463278502,0.9960766463278502,CE9,CE9;GH2;GH20,CE9;GH2;GH20;CE3;GH92,CE9:+0.0320;GH2:+0.0235;GH20:+0.0140;CE3:+0.0050;GH92:+0.0044
648,2,host glycan,host glycan,0.9999999999918083,0.9999999999918083,GH20,GH20;CE9;GH2,GH20;CE9;GH2;GH92;CE20,GH20:+0.0331;CE9:+0.0255;GH2:+0.0246;GH92:+0.0161;CE20:+0.0136
652,2,host glycan,host glycan,0.9960766463278502,0.9960766463278502,CE9,CE9;GH2;GH20,CE9;GH2;GH20;CE3;GH92,CE9:+0.0320;GH2:+0.0235;GH20:+0.0140;CE3:+0.0050;GH92:+0.0044
657,2,host glycan,host glycan,0.390956773683588,0.390956773683588,GH89,GH89;1.B.14;null,GH89;1.B.14;null;CE2;2.A.1,GH89:+0.1822;1.B.14:+0.0647;null:+0.0283;CE2:-0.1286;2.A.1:-0.1866
658,2,host glycan,host glycan,0.9997693885860429,0.9997693885860429,8.A.46.2.2,8.A.46.2.2;1.B.14.6.13;GH18,8.A.46.2.2;1.B.14.6.13;GH18;GerE;FecR,8.A.46.2.2:+0.0619;1.B.14.6.13:+0.0559;GH18:+0.0509;GerE:+0.0178;FecR:+0.0109
667,2,host glycan,host glycan,0.9021255423665626,0.9021255423665626,GH18,GH18;FecR;null,GH18;FecR;null;8.A.46;1.B.14,GH18:+0.2271;FecR:+0.1287;null:+0.0416;8.A.46:+0.0017;1.B.14:-0.0351
688,2,host glycan,host glycan,0.9999999999918083,0.9999999999918083,GH20,GH20;GH38;GH125,GH20;GH38;GH125;GH92;null,GH20:+0.1563;GH38:+0.1020;GH125:+0.0600;GH92:+0.0561;null:+0.0160
699,2,host glycan,host glycan,0.9999999999918083,0.9999999999918083,GH2,GH2;1.C.39.4.5;GH20,GH2;1.C.39.4.5;GH20;1.B.14.6.1;Pribosyltran,GH2:+0.0224;1.C.39.4.5:+0.0146;GH20:+0.0126;1.B.14.6.1:+0.0097;Pribosyltran:+0.0096
701,2,host glycan,host glycan,0.9999999999918083,0.9999999999918083,GH2,GH2;null,GH2;null,GH2:+0.4165;null:+0.0547
705,2,host glycan,host glycan,0.9999999999918083,0.9999999999918083,GH2,GH2;Pribosyltran;GH20,GH2;Pribosyltran;GH20;2.A.115.1.2;null,GH2:+0.0337;Pribosyltran:+0.0211;GH20:+0.0149;2.A.115.1.2:+0.0141;null:+0.0138
714,2,host glycan,host glycan,0.9999999999918083,0.9999999999918083,GH35,GH35;2;19,GH35;2;19;GH51;GH43,GH35:+0.2719;2:+0.1801;19:+0.1561;GH51:+0.0982;GH43:+0.0790
721,2,host glycan,host glycan,0.9999999999918083,0.9999999999918083,8.A.46.2.1,8.A.46.2.1;1.B.14.6.13;GH18,8.A.46.2.1;1.B.14.6.13;GH18;GH92;GH130,8.A.46.2.1:+0.0337;1.B.14.6.13:+0.0327;GH18:+0.0319;GH92:+0.0313;GH130:+0.0300
729,2,host glycan,host glycan,0.3502474112123223,0.3502474112123223,1.B.14.6.1,1.B.14.6.1;null;AraC,1.B.14.6.1;null;AraC;HTH;GH43,1.B.14.6.1:+0.1644;null:+0.1621;AraC:+0.1466;HTH:+0.1352;GH43:-0.1191
735,2,host glycan,chitin,0.21848906638697344,0.45428783017379126,null,null;HATPase;3.A.1.5.15,null;HATPase;3.A.1.5.15;c;GH1,null:+0.1469;HATPase:-0.0264;3.A.1.5.15:-0.0297;c:-0.0304;GH1:-0.0548
738,2,host glycan,host glycan,0.9999999999918083,0.9999999999918083,CBM32,CBM32;GH92;1.B.14.6.1,CBM32;GH92;1.B.14.6.1;null;AraC,CBM32:+0.1542;GH92:+0.0573;1.B.14.6.1:+0.0310;null:+0.0279;AraC:+0.0082
740,2,host glycan,host glycan,0.9999999999918083,0.9999999999918083,GH112,GH112;3.A.1.1.4;GH136,GH112;3.A.1.1.4;GH136;AraC;HTH,GH112:+0.0772;3.A.1.1.4:+0.0677;GH136:+0.0567;AraC:+0.0294;HTH:+0.0206
742,2,host glycan,host glycan,0.9610894768698077,0.9610894768698077,GH2,GH2;1.B.14.6.1;HTH,GH2;1.B.14.6.1;HTH;AraC;null,GH2:+0.4704;1.B.14.6.1:+0.1147;HTH:+0.0713;AraC:+0.0504;null:+0.0483
743,2,host glycan,host glycan,0.9999999999918083,0.9999999999918083,GH2,GH2;1.B.14.6.1;null,GH2;1.B.14.6.1;null;HTH;AraC,GH2:+0.3153;1.B.14.6.1:+0.1116;null:+0.0872;HTH:+0.0740;AraC:+0.0544
749,2,host glycan,host glycan,0.9999999999918083,0.9999999999918083,DeoR,DeoR;null;GH95,DeoR;null;GH95;4.A.6.1.9;GH98,DeoR:+0.0325;null:+0.0305;GH95:+0.0304;4.A.6.1.9:+0.0161;GH98:+0.0130
754,2,host glycan,host glycan,0.6519890409538645,0.6519890409538645,GH88,GH88;PL8;null,GH88;PL8;null;PfkB;3.A.1,GH88:+0.3371;PL8:+0.1739;null:+0.0783;PfkB:-0.0072;3.A.1:-0.0212
759,2,host glycan,host glycan,0.9999999999918083,0.9999999999918083,GH88,GH88;4.A.6.1.14;PfkB,GH88;4.A.6.1.14;PfkB;Nitroreductase;null,GH88:+0.1040;4.A.6.1.14:+0.0495;PfkB:+0.0485;Nitroreductase:+0.0229;null:+0.0193
766,2,host glycan,host glycan,0.9998059172300253,0.9998059172300253,4.A.3.1.3,4.A.3.1.3;GH1;null,4.A.3.1.3;GH1;null,4.A.3.1.3:+0.5459;GH1:+0.1072;null:+0.0438
775,2,host glycan,host glycan,0.9999999999918083,0.9999999999918083,CE9,CE9;null;GntR,CE9;null;GntR,CE9:+0.6061;null:+0.0184;GntR:+0.0033
789,2,host glycan,host glycan,0.9977125962466598,0.9977125962466598,CBM32,CBM32;1.B.14.6.1;GH2,CBM32;1.B.14.6.1;GH2;FecR;2.A.115.1.1,CBM32:+0.0337;1.B.14.6.1:+0.0270;GH2:+0.0242;FecR:+0.0226;2.A.115.1.1:+0.0133
790,2,host glycan,host glycan,0.9999999999918083,0.9999999999918083,CBM32,CBM32;1.B.14.6.1;GH2,CBM32;1.B.14.6.1;GH2;FecR;2.A.115.1.1,CBM32:+0.0337;1.B.14.6.1:+0.0256;GH2:+0.0237;FecR:+0.0192;2.A.115.1.1:+0.0106
791,2,host glycan,host glycan,0.9999999999918083,0.9999999999918083,CBM32,CBM32;GH29;null,CBM32;GH29;null,CBM32:+0.1214;GH29:+0.0354;null:+0.0080
796,2,host glycan,host glycan,0.9999999999918083,0.9999999999918083,CE9,CE9;SIS;GntR,CE9;SIS;GntR;4.A.6.1.18;GH35,CE9:+0.1904;SIS:+0.0319;GntR:+0.0263;4.A.6.1.18:+0.0141;GH35:+0.0047
802,2,host glycan,host glycan,0.9999999999918083,0.9999999999918083,GH18,GH18;8.A.46.2.2;1.B.14.6.13,GH18;8.A.46.2.2;1.B.14.6.13;FecR;null,GH18:+0.0221;8.A.46.2.2:+0.0150;1.B.14.6.13:+0.0128;FecR:+0.0107;null:+0.0018
806,2,host glycan,host glycan,0.9021667762840816,0.9021667762840816,GH163,GH163;GH130;GH92,GH163;GH130;GH92;GH18;8.A.46,GH163:+0.1546;GH130:+0.0995;GH92:+0.0908;GH18:+0.0175;8.A.46:+0.0090
808,2,host glycan,host glycan,0.9473824368999484,0.9473824368999484,GH2,GH2;GH33;GH20,GH2;GH33;GH20;null;1.B.14,GH2:+0.1017;GH33:+0.0521;GH20:+0.0470;null:+0.0019;1.B.14:+0.0017
809,2,host glycan,xylan,0.21998869810908753,0.29813583470089944,null,null;GerE;AraC,null;GerE;AraC;GH1;3.A.1.5.15,null:+0.0942;GerE:+0.0923;AraC:+0.0042;GH1:-0.0008;3.A.1.5.15:-0.0198
810,2,host glycan,xylan,0.22195918296248773,0.3008157371590839,null,null;GerE;AraC,null;GerE;AraC;GH1;3.A.1.5.15,null:+0.0961;GerE:+0.0934;AraC:+0.0034;GH1:-0.0003;3.A.1.5.15:-0.0200
813,2,host glycan,host glycan,0.9913501624528367,0.9913501624528367,GH88,GH88;PL12;PL8,GH88;PL12;PL8;1;PfkB,GH88:+0.1125;PL12:+0.0633;PL8:+0.0316;1:+0.0252;PfkB:+0.0206
822,2,host glycan,host glycan,0.9561940454808553,0.9561940454808553,GH88,GH88;PL12;1.B.14.6.1,GH88;PL12;1.B.14.6.1;HTH;2,GH88:+0.1461;PL12:+0.0690;1.B.14.6.1:+0.0377;HTH:+0.0281;2:+0.0246
823,2,host glycan,host glycan,0.7927502611320437,0.7927502611320437,GH88,GH88;PL12;2,GH88;PL12;2;null;HTH,GH88:+0.2930;PL12:+0.1258;2:+0.0270;null:+0.0171;HTH:-0.0003
827,2,host glycan,host glycan,0.8056332036601457,0.8056332036601457,GH88,GH88;PL8;GH2,GH88;PL8;GH2;PL29;HTH,GH88:+0.1212;PL8:+0.0666;GH2:+0.0356;PL29:+0.0239;HTH:+0.0193
830,2,host glycan,host glycan,0.9999999999918083,0.9999999999918083,GH20,GH20;TetR;N,GH20;TetR;N,GH20:+0.2650;TetR:+0.0342;N:+0.0334
839,2,pectin,pectin,0.9951286237199392,0.9951286237199392,CE1,CE1;1.B.14.6.1;null,CE1;1.B.14.6.1;null,CE1:+0.2763;1.B.14.6.1:+0.1559;null:+0.0776
840,2,pectin,pectin,0.9998356267824052,0.9998356267824052,GH28,GH28;LacI;GH105,GH28;LacI;GH105;CE8;CE12,GH28:+0.0265;LacI:+0.0235;GH105:+0.0170;CE8:+0.0137;CE12:+0.0131
841,2,pectin,pectin,0.8925280527203561,0.8925280527203561,PL10,PL10;1;CE8,PL10;1;CE8;1.B.14,PL10:+0.2367;1:+0.1501;CE8:+0.1213;1.B.14:-0.0483
842,2,pectin,pectin,0.8405101627828365,0.8405101627828365,GH133,GH133;GH3;GH57,GH133;GH3;GH57;GT4;HTH,GH133:+0.2825;GH3:+0.1464;GH57:+0.1391;GT4:+0.1163;HTH:+0.0581
854,2,pectin,pectin,0.7702017224014703,0.7702017224014703,GH28,GH28;GH105;PL11,GH28;GH105;PL11;PL1;CE20,GH28:+0.1779;GH105:+0.0430;PL11:+0.0298;PL1:+0.0233;CE20:+0.0228
862,2,pectin,pectin,0.9546426213936572,0.9546426213936572,GH28,GH28;GH42;CE12,GH28;GH42;CE12;GH106;GH105,GH28:+0.0493;GH42:+0.0490;CE12:+0.0472;GH106:+0.0400;GH105:+0.0357
863,2,pectin,pectin,0.797631361728469,0.797631361728469,CE12,CE12;GH28;GH106,CE12;GH28;GH106;GH105;GH42,CE12:+0.0621;GH28:+0.0583;GH106:+0.0412;GH105:+0.0411;GH42:+0.0346
872,2,pectin,pectin,0.9642417842218721,0.9642417842218721,GH28,GH28;PfkB;GH105,GH28;PfkB;GH105;2.A.56.1.5;1.B.14.12.2,GH28:+0.0995;PfkB:+0.0602;GH105:+0.0579;2.A.56.1.5:+0.0551;1.B.14.12.2:+0.0472
873,2,pectin,pectin,0.9999999999918083,0.9999999999918083,GH92,GH92;1.B.14.6.1;GerE,GH92;1.B.14.6.1;GerE;GH28;FecR,GH92:+0.2104;1.B.14.6.1:+0.1092;GerE:+0.1003;GH28:+0.0790;FecR:+0.0786
876,2,pectin,pectin,0.6779738944346143,0.6779738944346143,GH28,GH28;GH105;8.A.46,GH28;GH105;8.A.46;PL11;null,GH28:+0.2754;GH105:+0.0405;8.A.46:+0.0225;PL11:-0.0032;null:-0.0045
877,2,pectin,host glycan,7.446917942094398e-13,0.98908275810492,GH18,GH18;1.B.14.6.1;AraC,GH18;1.B.14.6.1;AraC;null;4,GH18:+0.0000;1.B.14.6.1:-0.0002;AraC:-0.0017;null:-0.0032;4:-0.0039
879,2,pectin,pectin,0.3595156291667291,0.3595156291667291,GH28,GH28;34;1.B.14,GH28;34;1.B.14;null;GH43,GH28:+0.3100;34:+0.0272;1.B.14:+0.0121;null:+0.0050;GH43:+0.0023
881,2,pectin,host glycan,0.020518466095371495,0.9792518858273883,null,null;34;GH29,null;34;GH29;10;GH43,null:+0.0195;34:+0.0104;GH29:+0.0079;10:+0.0075;GH43:+0.0053
890,2,pectin,pectin,0.7366139537306283,0.7366139537306283,GH140,GH140;HTH;AraC,GH140;HTH;AraC;null;1.B.14,GH140:+0.6649;HTH:+0.0182;AraC:+0.0097;null:-0.0019;1.B.14:-0.0497
897,2,pectin,pectin,0.7755607351003503,0.7755607351003503,PL9,PL9;PL22;MarR,PL9;PL22;MarR;PfkB;1,PL9:+0.2722;PL22:+0.2137;MarR:+0.1150;PfkB:+0.0858;1:+0.0666
898,2,pectin,pectin,0.9999999999918083,0.9999999999918083,CE12,CE12;1.B.14.6.1;1.B.14.6.2,CE12;1.B.14.6.1;1.B.14.6.2;8.A.46.1.4;1,CE12:+0.0234;1.B.14.6.1:+0.0195;1.B.14.6.2:+0.0189;8.A.46.1.4:+0.0176;1:+0.0171
911,2,pectin,pectin,0.9951286237199392,0.9951286237199392,CE1,CE1;1.B.14.6.1;null,CE1;1.B.14.6.1;null,CE1:+0.2763;1.B.14.6.1:+0.1559;null:+0.0776
914,2,pectin,host glycan,0.020518466095371495,0.9792518858273883,null,null;34;GH29,null;34;GH29;10;GH43,null:+0.0195;34:+0.0104;GH29:+0.0079;10:+0.0075;GH43:+0.0053
917,2,pectin,pectin,0.9633695310128088,0.9633695310128088,GH28,GH28;GH105;CE8,GH28;GH105;CE8;null;PfkB,GH28:+0.0996;GH105:+0.0522;CE8:+0.0494;null:+0.0387;PfkB:+0.0355
926,2,pectin,pectin,0.9797993174139819,0.9797993174139819,GH28,GH28;PfkB;LacI,GH28;PfkB;LacI;GH105;CE8,GH28:+0.0543;PfkB:+0.0439;LacI:+0.0376;GH105:+0.0340;CE8:+0.0313
932,2,pectin,pectin,0.9999999999918083,0.9999999999918083,2,2;PL1;TrmB,2;PL1;TrmB;5;null,2:+0.0590;PL1:+0.0558;TrmB:+0.0141;5:+0.0091;null:+0.0041
937,2,xylan,beta-glucan,0.27132218028906396,0.5957588338500915,GH35,GH35;null;1.B.14,GH35;null;1.B.14,GH35:+0.2653;null:+0.1135;1.B.14:-0.3691
941,2,xylan,xylan,0.7618407801956817,0.7618407801956817,12,12;GH115;10,12;GH115;10;GH146;GH97,12:+0.2000;GH115:+0.1403;10:+0.1333;GH146:+0.1301;GH97:+0.1210
942,2,xylan,xylan,0.8968346796885827,0.8968346796885827,GH67,GH67;AraC;HTH,GH67;AraC;HTH;PfkB;SBP,GH67:+0.0708;AraC:+0.0396;HTH:+0.0298;PfkB:+0.0266;SBP:+0.0212
947,2,xylan,xylan,0.9985044069534125,0.9985044069534125,7,7;17;GH43,7;17;GH43;CBM6;CE1,7:+0.1029;17:+0.0757;GH43:+0.0547;CBM6:+0.0277;CE1:+0.0271
956,2,xylan,xylan,0.9999999999918083,0.9999999999918083,GH10,GH10;1.B.14.6.1;HTH,GH10;1.B.14.6.1;HTH;AraC;null,GH10:+0.6557;1.B.14.6.1:+0.1141;HTH:+0.0960;AraC:+0.0754;null:+0.0295
967,2,xylan,xylan,0.7411472081982609,0.7411472081982609,7,7;1;GH43,7;1;GH43;GH3;PL11,7:+0.2156;1:+0.1323;GH43:+0.1201;GH3:+0.0891;PL11:+0.0815
968,2,xylan,xylan,0.9999999999918083,0.9999999999918083,GH10,GH10;8;HTH,GH10;8;HTH;1.B.14.6.1;AraC,GH10:+0.1424;8:+0.0753;HTH:+0.0609;1.B.14.6.1:+0.0583;AraC:+0.0582
969,2,xylan,xylan,0.9999999999918083,0.9999999999918083,8,8;GH30;GH43,8;GH30;GH43;CBM6;16,8:+0.1512;GH30:+0.1357;GH43:+0.0969;CBM6:+0.0842;16:+0.0690
973,2,xylan,beta-glucan,0.3929119746674217,0.5287362436532962,GH10,GH10;2.A.2;HTH,GH10;2.A.2;HTH;null;AraC,GH10:+0.2930;2.A.2:+0.0496;HTH:+0.0326;null:+0.0235;AraC:+0.0178
974,2,xylan,xylan,0.9022293872672472,0.9022293872672472,GH67,GH67;12;LacI,GH67;12;LacI;GH10;GH43,GH67:+0.0655;12:+0.0411;LacI:+0.0377;GH10:+0.0298;GH43:+0.0290
992,2,xylan,xylan,0.9971678544114729,0.9971678544114729,7,7;17;GH43,7;17;GH43;2;CBM6,7:+0.0980;17:+0.0749;GH43:+0.0500;2:+0.0479;CBM6:+0.0354
996,2,xylan,xylan,0.9775169278494882,0.9775169278494882,7,7;17;GH43,7;17;GH43;2;CBM6,7:+0.1049;17:+0.0977;GH43:+0.0744;2:+0.0297;CBM6:+0.0259
1003,2,xylan,xylan,0.9773784994939836,0.9773784994939836,GH10,GH10;8;1.B.14.6.1,GH10;8;1.B.14.6.1;HTH;AraC,GH10:+0.1650;8:+0.0846;1.B.14.6.1:+0.0627;HTH:+0.0592;AraC:+0.0493
1007,2,xylan,xylan,0.9999999999918083,0.9999999999918083,GH95,GH95;GH3;AraC,GH95;GH3;AraC;HTH;bac,GH95:+0.0438;GH3:+0.0374;AraC:+0.0347;HTH:+0.0241;bac:+0.0015
1011,2,xylan,xylan,0.7468527053480214,0.7468527053480214,26,26;13;GH5,26;13;GH5;GH43;GH127,26:+0.2424;13:+0.2283;GH5:+0.1784;GH43:+0.1322;GH127:+0.1237
1013,2,xylan,xylan,0.9295447516926536,0.9295447516926536,CE20,CE20;11;GH43,CE20;11;GH43;10;CBM91,CE20:+0.0883;11:+0.0815;GH43:+0.0696;10:+0.0662;CBM91:+0.0623
1014,2,xylan,xylan,0.9998356267824052,0.9998356267824052,12,12;CE20;LacI,12;CE20;LacI;GH43;10,12:+0.0466;CE20:+0.0441;LacI:+0.0410;GH43:+0.0408;10:+0.0400
1015,2,xylan,xylan,0.9998356267824052,0.9998356267824052,12,12;LacI;GH43,12;LacI;GH43;CE20;10,12:+0.0418;LacI:+0.0400;GH43:+0.0391;CE20:+0.0322;10:+0.0300
1027,2,xylan,xylan,0.7956699625157775,0.7956699625157775,GH10,GH10;GH67;SBP,GH10;GH67;SBP;AraC;bac,GH10:+0.0631;GH67:+0.0513;SBP:+0.0307;AraC:+0.0257;bac:+0.0212
5,3,alginate,alginate,0.9943363249453492,0.9943363249453492,1,1;PL6;GntR,1;PL6;GntR;PfkB;null,1:+0.0629;PL6:+0.0516;GntR:+0.0422;PfkB:+0.0207;null:+0.0103
14,3,alginate,alginate,0.9935347747089149,0.9935347747089149,PL17,PL17;PL6;2,PL17;PL6;2;GntR;null,PL17:+0.1050;PL6:+0.0242;2:+0.0221;GntR:+0.0174;null:+0.0146
22,3,alginate,alginate,0.9723751498329553,0.9723751498329553,PL17,PL17;GntR;null,PL17;GntR;null;2;2.A.1.14.25,PL17:+0.2181;GntR:+0.0489;null:+0.0284;2:+0.0236;2.A.1.14.25:+0.0156
25,3,alginate,alginate,0.9956844975835625,0.9956844975835625,PL17,PL17;PL6;1,PL17;PL6;1;2;binding,PL17:+0.0297;PL6:+0.0156;1:+0.0120;2:+0.0063;binding:+0.0061
26,3,alginate,alginate,0.989638951699523,0.989638951699523,PL6,PL6;PL17;PL7,PL6;PL17;PL7;GntR;1,PL6:+0.0348;PL17:+0.0297;PL7:+0.0131;GntR:+0.0121;1:+0.0089
29,3,alginate,alginate,0.9851547164516358,0.9851547164516358,PL17,PL17;GntR;binding,PL17;GntR;binding;PL7;2,PL17:+0.0690;GntR:+0.0290;binding:+0.0117;PL7:+0.0090;2:+0.0089
34,3,alginate,alginate,0.9440609190532572,0.9440609190532572,PL17,PL17;PL6;1,PL17;PL6;1;2;PfkB,PL17:+0.1182;PL6:+0.0929;1:+0.0328;2:+0.0269;PfkB:+0.0248
35,3,alginate,alginate,0.9978715624296394,0.9978715624296394,1,1;PL7;PL15,1;PL7;PL15;PL5;3.A.1,1:+0.0336;PL7:+0.0310;PL15:+0.0279;PL5:+0.0274;3.A.1:+0.0214
47,3,alginate,alginate,0.9671442905659123,0.9671442905659123,PL17,PL17;PL6;PL7,PL17;PL6;PL7;binding;1,PL17:+0.0396;PL6:+0.0239;PL7:+0.0171;binding:+0.0143;1:+0.0132
48,3,alpha-glucan,alpha-glucan,0.9999999999998046,0.9999999999998046,GH97,GH97;GH31;8.A.46.1.5,GH97;GH31;8.A.46.1.5;1.B.14.6.1;null,GH97:+0.0456;GH31:+0.0355;8.A.46.1.5:+0.0193;1.B.14.6.1:+0.0134;null:+0.0005
50,3,alpha-glucan,alpha-glucan,0.9999999999998046,0.9999999999998046,GH31,GH31;GH66;8.A.46.1.5,GH31;GH66;8.A.46.1.5;1.B.14.6.1;null,GH31:+0.0624;GH66:+0.0374;8.A.46.1.5:+0.0366;1.B.14.6.1:+0.0150;null:+0.0008
52,3,alpha-glucan,alpha-glucan,0.9976727186778983,0.9976727186778983,GH97,GH97;GH13;1.B.14.6.1,GH97;GH13;1.B.14.6.1;null,GH97:+0.0986;GH13:+0.0975;1.B.14.6.1:+0.0022;null:+0.0005
55,3,alpha-glucan,alpha-glucan,0.9955280848187038,0.9955280848187038,GH13,GH13;18;2.A.1.2.93,GH13;18;2.A.1.2.93,GH13:+0.0946;18:+0.0562;2.A.1.2.93:+0.0082
66,3,alpha-glucan,alpha-glucan,0.9948997383949,0.9948997383949,GH31,GH31;GH97;GH66,GH31;GH97;GH66;8.A.46.1.5;null,GH31:+0.0218;GH97:+0.0195;GH66:+0.0083;8.A.46.1.5:+0.0076;null:-0.0003
68,3,alpha-glucan,alpha-glucan,0.8526100976905329,0.8526100976905329,LacI,LacI;GH77;8.A.9,LacI;GH77;8.A.9;3.A.1;9.B.28,LacI:+0.1760;GH77:+0.1734;8.A.9:+0.0456;3.A.1:-0.0450;9.B.28:-0.0783
81,3,alpha-glucan,alpha-glucan,0.9715966197394624,0.9715966197394624,GH13,GH13;GH97;1.B.14,GH13;GH97;1.B.14;null;8.A.46,GH13:+0.0982;GH97:+0.0761;1.B.14:-0.0010;null:-0.0052;8.A.46:-0.0114
84,3,alpha-glucan,alpha-glucan,0.9621909980026325,0.9621909980026325,GH13,GH13;20;8.A.9,GH13;20;8.A.9;3.A.1,GH13:+0.2073;20:+0.0759;8.A.9:+0.0380;3.A.1:-0.0172
91,3,alpha-glucan,alpha-glucan,0.9999999999998046,0.9999999999998046,GH13,GH13;31;null,GH13;31;null;GH36;bac,GH13:+0.2204;31:+0.2117;null:+0.0906;GH36:+0.0557;bac:+0.0305
92,3,alpha-glucan,alpha-glucan,0.9997052804159533,0.9997052804159533,GH13,GH13;GH97;null,GH13;GH97;null;46;36,GH13:+0.0783;GH97:+0.0394;null:+0.0081;46:+0.0070;36:+0.0029
93,3,alpha-glucan,alpha-glucan,0.9999999999998046,0.9999999999998046,GH13,GH13;GH97;null,GH13;GH97;null;46;36,GH13:+0.0646;GH97:+0.0373;null:+0.0084;46:+0.0064;36:+0.0023
97,3,alpha-glucan,alpha-glucan,0.9997052804159533,0.9997052804159533,GH13,GH13;GH97;null,GH13;GH97;null;46;36,GH13:+0.0783;GH97:+0.0394;null:+0.0081;46:+0.0070;36:+0.0029
99,3,alpha-glucan,alpha-glucan,0.9849992422574477,0.9849992422574477,GH31,GH31;GH66;8.A.46.1.5,GH31;GH66;8.A.46.1.5;14;null,GH31:+0.0735;GH66:+0.0576;8.A.46.1.5:+0.0543;14:+0.0030;null:-0.0007
102,3,alpha-glucan,alpha-glucan,0.9999999999998046,0.9999999999998046,GH31,GH31;8.A.46.1.5;GH66,GH31;8.A.46.1.5;GH66;1.B.14.6.1;null,GH31:+0.0754;8.A.46.1.5:+0.0469;GH66:+0.0456;1.B.14.6.1:+0.0246;null:+0.0015
105,3,alpha-glucan,alpha-glucan,0.7086401942044562,0.7086401942044562,4.A.1.2.12,4.A.1.2.12;GH32,4.A.1.2.12;GH32,4.A.1.2.12:+0.5155;GH32:+0.3249
116,3,alpha-glucan,alpha-glucan,0.9976727186778983,0.9976727186778983,GH97,GH97;GH13;1.B.14.6.1,GH97;GH13;1.B.14.6.1;null,GH97:+0.0986;GH13:+0.0975;1.B.14.6.1:+0.0022;null:+0.0005
130,3,alpha-glucan,alpha-glucan,0.9999999999998046,0.9999999999998046,GT5,GT5;GH13;CBM48,GT5;GH13;CBM48;GT35;9,GT5:+0.0335;GH13:+0.0298;CBM48:+0.0069;GT35:+0.0016;9:+0.0013
131,3,alpha-glucan,alpha-glucan,0.9999999999998046,0.9999999999998046,GT5,GT5;GH13;CBM48,GT5;GH13;CBM48;9;null,GT5:+0.0319;GH13:+0.0271;CBM48:+0.0064;9:+0.0007;null:+0.0003
146,3,alpha-glucan,alpha-glucan,0.9999999999998046,0.9999999999998046,GH32,GH32;LacI;4.A.1.2.12,GH32;LacI;4.A.1.2.12,GH32:+0.3147;LacI:+0.2914;4.A.1.2.12:+0.0574
147,3,alpha-glucan,alpha-glucan,0.9998015120134013,0.9998015120134013,LacI,LacI;2.A.1.5.3;GH32,LacI;2.A.1.5.3;GH32;PfkB,LacI:+0.1968;2.A.1.5.3:+0.0376;GH32:+0.0262;PfkB:+0.0000
156,3,alpha-glucan,alpha-glucan,0.9865064292613295,0.9865064292613295,GH97,GH97;GH13;46,GH97;GH13;46;null;1.B.14.6.1,GH97:+0.1249;GH13:+0.0955;46:+0.0159;null:+0.0135;1.B.14.6.1:+0.0059
157,3,alpha-glucan,alpha-glucan,0.9890799200757749,0.9890799200757749,GH97,GH97;GH13;null,GH97;GH13;null;46;1.B.14.6.1,GH97:+0.1134;GH13:+0.0804;null:+0.0161;46:+0.0151;1.B.14.6.1:+0.0053
165,3,alpha-glucan,alpha-glucan,0.9622429224750461,0.9622429224750461,LacI,LacI;GH32;PfkB,LacI;GH32;PfkB,LacI:+0.8909;GH32:+0.0491;PfkB:-0.0376
166,3,alpha-glucan,alpha-glucan,0.9998015120134013,0.9998015120134013,LacI,LacI;GH32;3.A.1.1.10,LacI;GH32;3.A.1.1.10;null;PfkB,LacI:+0.3738;GH32:+0.0360;3.A.1.1.10:+0.0332;null:+0.0063;PfkB:+0.0000
169,3,alpha-glucan,alpha-glucan,0.9897162741144738,0.9897162741144738,LacI,LacI;PfkB;3.A.1.1.45,LacI;PfkB;3.A.1.1.45;GH32;18,LacI:+0.0775;PfkB:+0.0404;3.A.1.1.45:+0.0391;GH32:+0.0335;18:+0.0279
175,3,alpha-glucan,alpha-glucan,0.9316953061263927,0.9316953061263927,GH13,GH13;36;SBP,GH13;36;SBP;1;bac,GH13:+0.2018;36:+0.1112;SBP:+0.0139;1:+0.0076;bac:-0.0054
181,3,alpha-mannan,alpha-mannan,0.9997817035433804,0.9997817035433804,GH125,GH125;GH76;CBM32,GH125;GH76;CBM32;GH38;GH92,GH125:+0.0676;GH76:+0.0644;CBM32:+0.0492;GH38:+0.0440;GH92:+0.0437
184,3,alpha-mannan,alpha-mannan,0.9999999999998046,0.9999999999998046,GH92,GH92;null;1.B.14.6.1,GH92;null;1.B.14.6.1;GH99,GH92:+0.1015;null:+0.0722;1.B.14.6.1:+0.0093;GH99:+0.0000
188,3,alpha-mannan,alpha-mannan,0.9999999999998046,0.9999999999998046,GH92,GH92;null;1.B.14.6.1,GH92;null;1.B.14.6.1;GH99,GH92:+0.1015;null:+0.0722;1.B.14.6.1:+0.0093;GH99:+0.0000
191,3,alpha-mannan,alpha-mannan,0.9968983318668015,0.9968983318668015,GH99,GH99;GH92;null,GH99;GH92;null;1.B.14,GH99:+0.2032;GH92:+0.0991;null:+0.0383;1.B.14:+0.0120
205,3,arabinogalactan,xylan,0.05244220644977886,0.9272498609020308,GH51,GH51;4;GH43,GH51;4;GH43;GH127;5,GH51:+0.0268;4:+0.0155;GH43:+0.0121;GH127:+0.0115;5:+0.0079
208,3,arabinogalactan,beta-glucan,0.23306436894885987,0.41451361902320016,1.B.14.6.1,1.B.14.6.1;3;CBM32,1.B.14.6.1;3;CBM32;AraC;HTH,1.B.14.6.1:+0.1849;3:+0.1324;CBM32:+0.1310;AraC:+0.1028;HTH:+0.1016
211,3,arabinogalactan,arabinogalactan,0.6196221752287496,0.6196221752287496,24,24;GH43;HTH,24;GH43;HTH;AraC;null,24:+0.4647;GH43:+0.1972;HTH:+0.0954;AraC:+0.0890;null:+0.0763
213,3,arabinogalactan,arabinogalactan,0.9999999999998046,0.9999999999998046,4,4;GH43;29,4;GH43;29;GH51;AraC,4:+0.0725;GH43:+0.0652;29:+0.0640;GH51:+0.0592;AraC:+0.0388
218,3,arabinogalactan,host glycan,0.07039827187867666,0.745292431566909,GH51,GH51;4;2,GH51;4;2;AraC;null,GH51:+0.0623;4:+0.0402;2:+0.0289;AraC:+0.0087;null:+0.0011
224,3,arabinogalactan,arabinogalactan,0.9999999999998046,0.9999999999998046,GH35,GH35;HTH;AraC,GH35;HTH;AraC;24;null,GH35:+0.0755;HTH:+0.0673;AraC:+0.0671;24:+0.0598;null:+0.0571
225,3,arabinogalactan,arabinogalactan,0.9975767429303997,0.9975767429303997,GH35,GH35;24;HTH,GH35;24;HTH;AraC;null,GH35:+0.0727;24:+0.0657;HTH:+0.0651;AraC:+0.0611;null:+0.0413
233,3,arabinogalactan,arabinogalactan,0.42681076942740515,0.42681076942740515,GH51,GH51;GH127;3.A.1,GH51;GH127;3.A.1;GH27;GH43,GH51:+0.1782;GH127:+0.0804;3.A.1:+0.0791;GH27:+0.0240;GH43:+0.0031
243,3,beta-glucan,beta-glucan,0.9999999999998046,0.9999999999998046,GH8,GH8;4.D.3.1.6;1.B.55.3.1,GH8;4.D.3.1.6;1.B.55.3.1;GT2,GH8:+0.0224;4.D.3.1.6:+0.0037;1.B.55.3.1:+0.0000;GT2:+0.0000
248,3,beta-glucan,beta-glucan,0.9999999999998046,0.9999999999998046,4.A.1.2.2,4.A.1.2.2;GH1,4.A.1.2.2;GH1,4.A.1.2.2:+0.8019;GH1:+0.1395
251,3,beta-glucan,beta-glucan,0.9999999999998046,0.9999999999998046,LacI,LacI;GH1;4.A.3.2.7,LacI;GH1;4.A.3.2.7;4.A.3.2.6;Glucokinase,LacI:+0.2207;GH1:+0.1697;4.A.3.2.7:+0.0679;4.A.3.2.6:+0.0444;Glucokinase:+0.0388
257,3,beta-glucan,beta-glucan,0.8792876568035989,0.8792876568035989,GH16,GH16;GerE;8.A.46,GH16;GerE;8.A.46;null;1.B.14,GH16:+0.5381;GerE:+0.0188;8.A.46:+0.0008;null:-0.0044;1.B.14:-0.0227
265,3,beta-glucan,beta-glucan,0.9999999999998046,0.9999999999998046,GH16,GH16;null;21,GH16;null;21,GH16:+0.2788;null:+0.0039;21:+0.0000
270,3,beta-glucan,beta-glucan,0.6231718328134003,0.6231718328134003,GH9,GH9;GH26,GH9;GH26,GH9:+0.5204;GH26:-0.2857
274,3,beta-glucan,beta-mannan,0.07324899172396188,0.6089873138575947,GH30,GH30;1;2.A.1.2.93,GH30;1;2.A.1.2.93;0043143;GH42,GH30:+0.0726;1:-0.0010;2.A.1.2.93:-0.0019;0043143:-0.0168;GH42:-0.1145
275,3,beta-glucan,beta-glucan,0.9999999999998046,0.9999999999998046,CBM57,CBM57;GH2;null,CBM57;GH2;null;1.B.14.6.1;PL38,CBM57:+0.0520;GH2:+0.0450;null:+0.0328;1.B.14.6.1:+0.0251;PL38:+0.0240
276,3,beta-glucan,beta-glucan,0.9455558590963671,0.9455558590963671,GH5,GH5;4;GH31,GH5;4;GH31;3;null,GH5:+0.1057;4:+0.0822;GH31:+0.0436;3:+0.0291;null:+0.0221
280,3,beta-glucan,beta-glucan,0.9999999999998046,0.9999999999998046,4,4;GH5;HTH,4;GH5;HTH;AraC;1.B.14.6.2,4:+0.0526;GH5:+0.0436;HTH:+0.0237;AraC:+0.0216;1.B.14.6.2:+0.0141
283,3,beta-glucan,beta-glucan,0.6922842180791048,0.6922842180791048,GH158,GH158;GerE;null,GH158;GerE;null;GH3;1.B.14.6.1,GH158:+0.4765;GerE:+0.2839;null:+0.0463;GH3:+0.0184;1.B.14.6.1:-0.2510
286,3,beta-glucan,beta-glucan,0.9999999999998046,0.9999999999998046,3,3;GH30;7,3;GH30;7;GH3;HTH,3:+0.1529;GH30:+0.0540;7:+0.0376;GH3:+0.0334;HTH:+0.0199
291,3,beta-glucan,beta-glucan,0.989832587711258,0.989832587711258,GH16,GH16;3;GH3,GH16;3;GH3;1.B.14.6.2;HTH,GH16:+0.0443;3:+0.0351;GH3:+0.0302;1.B.14.6.2:+0.0293;HTH:+0.0186
292,3,beta-glucan,beta-glucan,0.9999999999998046,0.9999999999998046,3,3;GH3;GH16,3;GH3;GH16;1.B.14.6.2;8.A.46.2.1,3:+0.0471;GH3:+0.0465;GH16:+0.0386;1.B.14.6.2:+0.0179;8.A.46.2.1:+0.0159
294,3,beta-glucan,beta-glucan,0.989832587711258,0.989832587711258,GH16,GH16;3;GH3,GH16;3;GH3;1.B.14.6.2;HTH,GH16:+0.0443;3:+0.0351;GH3:+0.0302;1.B.14.6.2:+0.0293;HTH:+0.0186
301,3,beta-glucan,beta-glucan,0.8804831587339411,0.8804831587339411,GH5,GH5;4;null,GH5;4;null,GH5:+0.3860;4:+0.3436;null:-0.0256
320,3,beta-glucan,beta-glucan,0.6222896395192884,0.6222896395192884,GH5,GH5;GH94;GH36,GH5;GH94;GH36;HTH;1.B.14,GH5:+0.3457;GH94:+0.0707;GH36:+0.0402;HTH:+0.0222;1.B.14:+0.0212
329,3,beta-glucan,beta-glucan,0.9951812514075202,0.9951812514075202,GH5,GH5;GH31;4,GH5;GH31;4;GH2;GH3,GH5:+0.0751;GH31:+0.0484;4:+0.0436;GH2:+0.0285;GH3:+0.0217
335,3,beta-glucan,beta-glucan,0.8658339699274255,0.8658339699274255,GH31,GH31;4;GH5,GH31;4;GH5;3;GH9,GH31:+0.1081;4:+0.0884;GH5:+0.0859;3:+0.0409;GH9:+0.0268
336,3,beta-glucan,host glycan,1.7783042484917553e-14,0.9999999999998044,GH1,GH1;null,GH1;null,GH1:-0.1446;null:-0.1981
340,3,beta-glucan,beta-glucan,0.9712496003305123,0.9712496003305123,GH3,GH3;GH16;8.A.46,GH3;GH16;8.A.46;1.B.14;GH149,GH3:+0.1298;GH16:+0.0404;8.A.46:+0.0132;1.B.14:+0.0111;GH149:+0.0104
343,3,beta-glucan,beta-glucan,0.7816024405667199,0.7816024405667199,GH31,GH31;1.B.14;GH9,GH31;1.B.14;GH9;null;GH26,GH31:+0.2651;1.B.14:+0.1381;GH9:+0.0899;null:+0.0585;GH26:-0.0109
345,3,beta-glucan,beta-glucan,0.999815662228637,0.999815662228637,GH5,GH5;GH3;GH31,GH5;GH3;GH31;4;HTH,GH5:+0.0267;GH3:+0.0241;GH31:+0.0232;4:+0.0166;HTH:+0.0131
351,3,beta-glucan,beta-glucan,0.9016961597641999,0.9016961597641999,GH73,GH73;9.B.154.1.2;null,GH73;9.B.154.1.2;null,GH73:+0.3044;9.B.154.1.2:+0.1463;null:+0.0096
358,3,beta-mannan,galactan,1.7783042484917553e-14,0.9999999999998044,GH2,GH2;LacI;2.A.2,GH2;LacI;2.A.2,GH2:-0.0011;LacI:-0.0027;2.A.2:-0.2111
369,3,beta-mannan,beta-mannan,0.9999999999998046,0.9999999999998046,4.A.3.2.8,4.A.3.2.8;GH1;4.A.3.2.4,4.A.3.2.8;GH1;4.A.3.2.4,4.A.3.2.8:+0.4049;GH1:+0.2352;4.A.3.2.4:+0.2145
371,3,beta-mannan,beta-mannan,0.9999999999998046,0.9999999999998046,GH26,GH26;GntR;4.A.3.2.8,GH26;GntR;4.A.3.2.8;GH1;4.A.3.2.6,GH26:+0.1125;GntR:+0.0650;4.A.3.2.8:+0.0515;GH1:+0.0455;4.A.3.2.6:+0.0243
385,3,beta-mannan,beta-mannan,0.9999999999998046,0.9999999999998046,GH26,GH26;GH130;2.A.2.3.6,GH26;GH130;2.A.2.3.6;1;null,GH26:+0.0364;GH130:+0.0362;2.A.2.3.6:+0.0348;1:+0.0284;null:+0.0004
386,3,beta-mannan,beta-mannan,0.8582372240662274,0.8582372240662274,GH130,GH130;GH26;null,GH130;GH26;null;2.A.2,GH130:+0.3421;GH26:+0.2862;null:-0.0074;2.A.2:-0.0244
387,3,beta-mannan,beta-mannan,0.5728474395360781,0.5728474395360781,GH130,GH130;GH26;HTH,GH130;GH26;HTH;AraC;null,GH130:+0.3265;GH26:+0.2774;HTH:+0.1438;AraC:+0.0839;null:+0.0037
388,3,beta-mannan,beta-mannan,0.7974792954504567,0.7974792954504567,CE7,CE7;8.A.46.1.6;AraC,CE7;8.A.46.1.6;AraC;1.B.14.6.1;GH26,CE7:+0.2271;8.A.46.1.6:+0.0974;AraC:+0.0802;1.B.14.6.1:+0.0694;GH26:+0.0646
395,3,beta-mannan,beta-mannan,0.997715063355753,0.997715063355753,2,2;GH130;1,2;GH130;1;2.A.2.3.5;GH5,2:+0.0604;GH130:+0.0536;1:+0.0405;2.A.2.3.5:+0.0218;GH5:+0.0212
398,3,beta-mannan,beta-mannan,0.707275474154561,0.707275474154561,GH130,GH130;GH27;GH26,GH130;GH27;GH26;AraC;HTH,GH130:+0.2802;GH27:+0.1560;GH26:+0.0843;AraC:+0.0454;HTH:+0.0407
405,3,beta-mannan,beta-mannan,0.9989629067230033,0.9989629067230033,GH130,GH130;GH26;1,GH130;GH26;1;HTH;2.A.2.3.6,GH130:+0.0317;GH26:+0.0270;1:+0.0190;HTH:+0.0105;2.A.2.3.6:+0.0078
413,3,beta-mannan,beta-mannan,0.9023143490758884,0.9023143490758884,GH130,GH130;GH26;GH27,GH130;GH26;GH27;2;HTH,GH130:+0.2012;GH26:+0.0858;GH27:+0.0827;2:+0.0474;HTH:+0.0378
417,3,beta-mannan,beta-mannan,0.9973132109050417,0.9973132109050417,GH130,GH130;GH26;2.A.2,GH130;GH26;2.A.2;GH36;AraC,GH130:+0.0677;GH26:+0.0657;2.A.2:+0.0303;GH36:+0.0210;AraC:+0.0172
419,3,beta-mannan,beta-mannan,0.967829303280871,0.967829303280871,GH26,GH26;GH130;2.A.2,GH26;GH130;2.A.2;AraC;HTH,GH26:+0.0852;GH130:+0.0745;2.A.2:+0.0157;AraC:+0.0128;HTH:+0.0097
424,3,beta-mannan,galactan,0.1749785639666465,0.8249545811141903,GH42,GH42;3.A.1.1.48;1,GH42;3.A.1.1.48;1;SBP;bac,GH42:+0.0736;3.A.1.1.48:+0.0641;1:-0.0930;SBP:-0.1071;bac:-0.1080
425,3,chitin,chitin,0.9999999999998044,0.9999999999998044,1.B.25.1.13,1.B.25.1.13;GH20;null,1.B.25.1.13;GH20;null,1.B.25.1.13:+0.3300;GH20:+0.2090;null:+0.1123
437,3,chitin,chitin,0.9999999999998044,0.9999999999998044,GH4,GH4;4.A.3.2.1;AraC,GH4;4.A.3.2.1;AraC;HTH;4.A.3.2.7,GH4:+0.1413;4.A.3.2.1:+0.1393;AraC:+0.0061;HTH:+0.0035;4.A.3.2.7:+0.0000
438,3,chitin,chitin,0.9999999999998044,0.9999999999998044,4.A.3.2.7,4.A.3.2.7;GH4;AraC,4.A.3.2.7;GH4;AraC;HTH,4.A.3.2.7:+1.0000;GH4:+0.1833;AraC:+0.0231;HTH:+0.0174
445,3,chitin,chitin,0.9999999999998044,0.9999999999998044,GH18,GH18;CBM5;AA10,GH18;CBM5;AA10,GH18:+0.0991;CBM5:+0.0227;AA10:+0.0000
451,3,chitin,host glycan,0.22323438423793385,0.6263276680577853,PIG-L,PIG-L;3.A.1;GH18,PIG-L;3.A.1;GH18;GH1;null,PIG-L:+0.1769;3.A.1:+0.0812;GH18:+0.0476;GH1:-0.0489;null:-0.0637
463,3,chitin,chitin,0.9999999999998044,0.9999999999998044,4.A.3.2.7,4.A.3.2.7;GH4;HTH,4.A.3.2.7;GH4;HTH;AraC;null,4.A.3.2.7:+0.3501;GH4:+0.2247;HTH:+0.0034;AraC:+0.0026;null:+0.0000
466,3,chitin,chitin,0.9627725646014076,0.9627725646014076,AA10,AA10;1;HTH,AA10;1;HTH;GH18;null,AA10:+0.4352;1:+0.0833;HTH:+0.0673;GH18:+0.0394;null:-0.0123
470,3,chitin,chitin,0.9999999999998044,0.9999999999998044,GH4,GH4;4.A.3.2.1;AraC,GH4;4.A.3.2.1;AraC;HTH;4.A.3.2.7,GH4:+0.1413;4.A.3.2.1:+0.1393;AraC:+0.0061;HTH:+0.0035;4.A.3.2.7:+0.0000
476,3,chitin,chitin,0.9999999999998044,0.9999999999998044,4.A.3.2.1,4.A.3.2.1;GH4;HTH,4.A.3.2.1;GH4;HTH;AraC;null,4.A.3.2.1:+0.3501;GH4:+0.1461;HTH:+0.0078;AraC:+0.0069;null:+0.0000
480,3,chitin,chitin,0.9999999999998044,0.9999999999998044,GH4,GH4;4.A.3.2.1;HTH,GH4;4.A.3.2.1;HTH;AraC;4.A.3.2.7,GH4:+0.1578;4.A.3.2.1:+0.0272;HTH:+0.0028;AraC:+0.0024;4.A.3.2.7:+0.0000
484,3,chitin,chitin,0.9999999999998044,0.9999999999998044,4.A.3.2.7,4.A.3.2.7;GH4;null,4.A.3.2.7;GH4;null;HTH;AraC,4.A.3.2.7:+0.3501;GH4:+0.2688;null:+0.0558;HTH:+0.0058;AraC:+0.0035
486,3,chitin,beta-glucan,0.00010396332019002112,0.4526745953598927,GH3,GH3;1.A.30;SIS,GH3;1.A.30;SIS;1.B.14;GntR,GH3:+0.0001;1.A.30:-0.0000;SIS:-0.0002;1.B.14:-0.0005;GntR:-0.0006
493,3,fructan,fructan,0.9999999999998044,0.9999999999998044,GH32,GH32;1.B.14.6.1;null,GH32;1.B.14.6.1;null,GH32:+0.7074;1.B.14.6.1:+0.0513;null:+0.0451
501,3,fructan,fructan,0.9999999999998044,0.9999999999998044,GH68,GH68;GH32;2.A.3.11.1,GH68;GH32;2.A.3.11.1;1,GH68:+0.1058;GH32:+0.0437;2.A.3.11.1:+0.0367;1:+0.0234
503,3,fructan,alpha-glucan,0.16957670605670674,0.6533917064111217,null,null;4.A.1.2.12;GH32,null;4.A.1.2.12;GH32;HTH;1,null:+0.1479;4.A.1.2.12:+0.1006;GH32:+0.0735;HTH:+0.0553;1:-0.0204
504,3,fructan,fructan,0.8506049054961181,0.8506049054961181,GH32,GH32;HTH;PfkB,GH32;HTH;PfkB;AraC;8.A.46,GH32:+0.6686;HTH:+0.0434;PfkB:+0.0370;AraC:+0.0111;8.A.46:-0.0214
510,3,fructan,alpha-glucan,0.13490813482493355,0.8625928550741074,null,null;GH32;LacI,null;GH32;LacI,null:+0.1347;GH32:+0.0881;LacI:-0.2669
511,3,fructan,fructan,0.9999999999998044,0.9999999999998044,GH32,GH32;1.B.14.6.1;null,GH32;1.B.14.6.1;null,GH32:+0.7074;1.B.14.6.1:+0.0753;null:+0.0621
515,3,fructan,fructan,0.7181332992981698,0.7181332992981698,4.A.1,4.A.1;GH32;null,4.A.1;GH32;null;LacI;HTH,4.A.1:+0.5278;GH32:+0.1871;null:+0.1660;LacI:+0.0495;HTH:+0.0054
521,3,galactan,galactan,0.9913532875163071,0.9913532875163071,16,16;GH16;null,16;GH16;null;1.B.14.6.1,16:+0.7699;GH16:+0.1841;null:-0.0032;1.B.14.6.1:-0.0048
522,3,galactan,beta-mannan,0.019246503341699184,0.9807534966581231,1.B.52,1.B.52;LacI;null,1.B.52;LacI;null;GH42;3.A.1,1.B.52:+0.0192;LacI:-0.0062;null:-0.0799;GH42:-0.0828;3.A.1:-0.1425
526,3,galactan,beta-mannan,0.05755059046658012,0.9354144147484149,LacI,LacI;GH42;3.A.1,LacI;GH42;3.A.1,LacI:+0.0573;GH42:+0.0315;3.A.1:-0.4350
533,3,galactan,galactan,0.7506799029585316,0.7506799029585316,16,16;GH117;GH16,16;GH117;GH16;GH50;GH2,16:+0.1352;GH117:+0.1065;GH16:+0.0768;GH50:+0.0357;GH2:+0.0312
536,3,galactan,galactan,0.9269573891221646,0.9269573891221646,GntR,GntR;GH167;null,GntR;GH167;null;2.A.1.1.55;1.B.14.12.2,GntR:+0.1242;GH167:+0.0691;null:+0.0612;2.A.1.1.55:+0.0554;1.B.14.12.2:+0.0528
541,3,galactan,galactan,0.46822490000801387,0.46822490000801387,GH16,GH16;GH117;null,GH16;GH117;null;GH154;GH29,GH16:+0.2940;GH117:+0.1251;null:+0.1141;GH154:+0.0948;GH29:+0.0901
546,3,galactan,galactan,0.9999999999998044,0.9999999999998044,2.A.2.2.1,2.A.2.2.1;GH2;null,2.A.2.2.1;GH2;null;GH36,2.A.2.2.1:+0.4437;GH2:+0.0636;null:+0.0197;GH36:+0.0000
558,3,galactan,galactan,0.999938500785964,0.999938500785964,18,18;3.A.1.1.28;GH36,18;3.A.1.1.28;GH36;GH13;31,18:+0.0962;3.A.1.1.28:+0.0563;GH36:+0.0539;GH13:+0.0341;31:+0.0275
559,3,galactan,galactan,0.9999999999998044,0.9999999999998044,GH4,GH4;AraC;HTH,GH4;AraC;HTH,GH4:+0.3956;AraC:+0.2202;HTH:+0.1833
560,3,galactan,galactan,0.9999999999998044,0.9999999999998044,GH4,GH4;AraC;HTH,GH4;AraC;HTH;2.A.2.1.1,GH4:+0.1624;AraC:+0.0982;HTH:+0.0973;2.A.2.1.1:+0.0000
567,3,galactan,galactan,0.9999999999998044,0.9999999999998044,3.A.1.1.44,3.A.1.1.44;LacI;GH42,3.A.1.1.44;LacI;GH42;3.A.1.1.48,3.A.1.1.44:+0.7803;LacI:+0.6230;GH42:+0.2962;3.A.1.1.48:+0.1273
572,3,galactan,galactan,0.8421950236025512,0.8421950236025512,GH36,GH36;3.A.1.1.28;MarR,GH36;3.A.1.1.28;MarR;null,GH36:+0.3336;3.A.1.1.28:+0.2854;MarR:+0.0234;null:-0.0105
582,3,galactan,galactan,0.8843402859318907,0.8843402859318907,LacI,LacI;2.A.2;GH2,LacI;2.A.2;GH2;null;GH42,LacI:+0.5373;2.A.2:+0.4925;GH2:+0.0581;null:-0.0415;GH42:-0.0655
587,3,galactan,galactan,0.7118304344678975,0.7118304344678975,null,null;LacI;GH42,null;LacI;GH42;2.A.2;SBP,null:+0.4802;LacI:+0.3759;GH42:+0.2719;2.A.2:+0.1486;SBP:+0.0591
594,3,host glycan,host glycan,0.964910949725249,0.964910949725249,GH2,GH2;CBM32;GH29,GH2;CBM32;GH29;GH20;GH18,GH2:+0.0469;CBM32:+0.0181;GH29:+0.0158;GH20:+0.0088;GH18:-0.0030
602,3,host glycan,host glycan,0.9765657182669863,0.9765657182669863,CBM93,CBM93;GH33;HTH,CBM93;GH33;HTH;CBM67;MarR,CBM93:+0.0264;GH33:+0.0196;HTH:+0.0119;CBM67:+0.0100;MarR:+0.0078
603,3,host glycan,beta-glucan,0.04429137141973008,0.7667879298981042,GH18,GH18;null;1.B.14.6.1,GH18;null;1.B.14.6.1;AraC;HTH,GH18:+0.0306;null:+0.0181;1.B.14.6.1:+0.0033;AraC:-0.0104;HTH:-0.0188
609,3,host glycan,host glycan,0.7077948141698887,0.7077948141698887,GH20,GH20;GH29;GH18,GH20;GH29;GH18;GH92;GH2,GH20:+0.1436;GH29:+0.1133;GH18:+0.0244;GH92:+0.0223;GH2:-0.0135
613,3,host glycan,host glycan,0.9965047498634656,0.9965047498634656,GH2,GH2;GH20;2.A.115.1.2,GH2;GH20;2.A.115.1.2;1.C.39.4.5;Pribosyltran,GH2:+0.0385;GH20:+0.0266;2.A.115.1.2:+0.0165;1.C.39.4.5:+0.0130;Pribosyltran:+0.0076
619,3,host glycan,host glycan,0.9990196505727551,0.9990196505727551,CE9,CE9;4.A.1.1.2,CE9;4.A.1.1.2,CE9:+0.2315;4.A.1.1.2:+0.0002
623,3,host glycan,host glycan,0.9999999999998044,0.9999999999998044,GH1,GH1;4.A.3.1.1;4.A.3.1.3,GH1;4.A.3.1.1;4.A.3.1.3,GH1:+0.0633;4.A.3.1.1:+0.0606;4.A.3.1.3:+0.0469
631,3,host glycan,host glycan,0.9800869036689398,0.9800869036689398,8.A.46.2.2,8.A.46.2.2;GH18;null,8.A.46.2.2;GH18;null,8.A.46.2.2:+0.1597;GH18:+0.0368;null:+0.0197
640,3,host glycan,host glycan,0.9965289898413359,0.9965289898413359,GH20,GH20;GH33;CBM93,GH20;GH33;CBM93;GH2;CBM32,GH20:+0.0216;GH33:+0.0211;CBM93:+0.0140;GH2:+0.0130;CBM32:+0.0051
641,3,host glycan,host glycan,0.9992780386455826,0.9992780386455826,GH33,GH33;GH20;CBM93,GH33;GH20;CBM93;CE20;CE3,GH33:+0.0169;GH20:+0.0125;CBM93:+0.0116;CE20:+0.0091;CE3:+0.0061
647,3,host glycan,host glycan,0.9999999999998044,0.9999999999998044,CE9,CE9;GH2;GH20,CE9;GH2;GH20;CE3;GH92,CE9:+0.0192;GH2:+0.0184;GH20:+0.0159;CE3:+0.0078;GH92:+0.0053
649,3,host glycan,host glycan,0.9990196505727551,0.9990196505727551,CE9,CE9;4.A.1.1.2,CE9;4.A.1.1.2,CE9:+0.2315;4.A.1.1.2:+0.0002
662,3,host glycan,host glycan,0.9999999999998044,0.9999999999998044,8.A.46.2.2,8.A.46.2.2;GH18;1.B.14.6.13,8.A.46.2.2;GH18;1.B.14.6.13;FecR;null,8.A.46.2.2:+0.0112;GH18:+0.0077;1.B.14.6.13:+0.0051;FecR:+0.0049;null:+0.0004
665,3,host glycan,host glycan,0.735190922754446,0.735190922754446,FecR,FecR;GH20;null,FecR;GH20;null;GerE;1.B.14.6.1,FecR:+0.1166;GH20:+0.1100;null:+0.0185;GerE:-0.0173;1.B.14.6.1:-0.1639
670,3,host glycan,host glycan,0.9999999999998044,0.9999999999998044,GH112,GH112;3.A.1.1.4;GH136,GH112;3.A.1.1.4;GH136;HTH;AraC,GH112:+0.0694;3.A.1.1.4:+0.0376;GH136:+0.0350;HTH:+0.0143;AraC:+0.0111
673,3,host glycan,host glycan,0.9999999999998044,0.9999999999998044,GH1,GH1;null;4.A.3.1.3,GH1;null;4.A.3.1.3,GH1:+0.1087;null:+0.0606;4.A.3.1.3:+0.0000
680,3,host glycan,host glycan,0.9999999999998044,0.9999999999998044,8.A.46.2.2,8.A.46.2.2;1.B.14.6.13;GH18,8.A.46.2.2;1.B.14.6.13;GH18;null;FecR,8.A.46.2.2:+0.0300;1.B.14.6.13:+0.0092;GH18:+0.0081;null:+0.0043;FecR:+0.0029
695,3,host glycan,host glycan,0.9965289898413359,0.9965289898413359,GH20,GH20;GH33;CBM93,GH20;GH33;CBM93;GH2;CBM32,GH20:+0.0216;GH33:+0.0211;CBM93:+0.0140;GH2:+0.0130;CBM32:+0.0051
700,3,host glycan,host glycan,0.998393725857853,0.998393725857853,GH2,GH2;GH20;1.C.39.4.5,GH2;GH20;1.C.39.4.5;2.A.115.1.2;null,GH2:+0.0172;GH20:+0.0120;1.C.39.4.5:+0.0079;2.A.115.1.2:+0.0078;null:+0.0046
706,3,host glycan,host glycan,0.9995919977947406,0.9995919977947406,GH2,GH2;GH20;1.C.39.4.5,GH2;GH20;1.C.39.4.5;1.B.14.6.1;Pribosyltran,GH2:+0.0157;GH20:+0.0137;1.C.39.4.5:+0.0079;1.B.14.6.1:+0.0065;Pribosyltran:+0.0065
708,3,host glycan,host glycan,0.9845321932955581,0.9845321932955581,GH2,GH2;GH33;null,GH2;GH33;null;GH20,GH2:+0.1294;GH33:+0.0263;null:-0.0100;GH20:-0.0137
727,3,host glycan,host glycan,0.9436532122092909,0.9436532122092909,CBM32,CBM32;null;1.B.14.6.1,CBM32;null;1.B.14.6.1;GH92,CBM32:+0.5753;null:+0.0187;1.B.14.6.1:-0.0127;GH92:-0.0544
732,3,host glycan,host glycan,0.9410513659069377,0.9410513659069377,CE9,CE9;GntR;SIS,CE9;GntR;SIS;null;4.A.1,CE9:+0.3325;GntR:+0.0131;SIS:+0.0063;null:+0.0052;4.A.1:-0.0567
734,3,host glycan,host glycan,0.9990433831800515,0.9990433831800515,CE9,CE9;SIS;4.A.6.1.18,CE9;SIS;4.A.6.1.18;GntR;GH35,CE9:+0.1697;SIS:+0.0281;4.A.6.1.18:+0.0233;GntR:+0.0229;GH35:+0.0031
745,3,host glycan,host glycan,0.9536750894501966,0.9536750894501966,GH88,GH88;PL12;2,GH88;PL12;2;HTH;AraC,GH88:+0.1849;PL12:+0.0417;2:+0.0294;HTH:+0.0216;AraC:+0.0198
747,3,host glycan,host glycan,0.9999999999998044,0.9999999999998044,CE9,CE9;DeoR;4.A.6.1.4,CE9;DeoR;4.A.6.1.4;SIS;4.A.6.1.5,CE9:+0.0662;DeoR:+0.0188;4.A.6.1.4:+0.0088;SIS:+0.0050;4.A.6.1.5:+0.0041
748,3,host glycan,host glycan,0.9999999999998044,0.9999999999998044,CE9,CE9;DeoR;SIS,CE9;DeoR;SIS;4.A.6.1.5;4.A.6.1.4,CE9:+0.0315;DeoR:+0.0044;SIS:+0.0020;4.A.6.1.5:+0.0008;4.A.6.1.4:+0.0007
751,3,host glycan,host glycan,0.9999999999998044,0.9999999999998044,DeoR,DeoR;PfkB;13,DeoR;PfkB;13;1.B.35.2.2;GH31,DeoR:+0.0337;PfkB:+0.0296;13:+0.0260;1.B.35.2.2:+0.0236;GH31:+0.0226
756,3,host glycan,host glycan,0.933319551839737,0.933319551839737,CE9,CE9;MarR;4.A.1,CE9;MarR;4.A.1,CE9:+0.3873;MarR:+0.0201;4.A.1:-0.0667
762,3,host glycan,host glycan,0.9999999999998044,0.9999999999998044,CBM93,CBM93;GH33;GH20,CBM93;GH33;GH20;CE20;GH2,CBM93:+0.0368;GH33:+0.0265;GH20:+0.0245;CE20:+0.0132;GH2:+0.0117
768,3,host glycan,host glycan,0.9999999999998044,0.9999999999998044,CE9,CE9;DeoR;4.A.6.1.4,CE9;DeoR;4.A.6.1.4;SIS;4.A.6.1.5,CE9:+0.0619;DeoR:+0.0163;4.A.6.1.4:+0.0068;SIS:+0.0048;4.A.6.1.5:+0.0037
769,3,host glycan,host glycan,0.9999999999998044,0.9999999999998044,CE9,CE9;DeoR;4.A.6.1.4,CE9;DeoR;4.A.6.1.4;SIS;4.A.6.1.5,CE9:+0.0662;DeoR:+0.0188;4.A.6.1.4:+0.0088;SIS:+0.0050;4.A.6.1.5:+0.0041
774,3,host glycan,host glycan,0.8075465942169672,0.8075465942169672,GH33,GH33;CBM93;GH20,GH33;CBM93;GH20;8.A.46.1.4;CE20,GH33:+0.2779;CBM93:+0.2392;GH20:+0.0886;8.A.46.1.4:+0.0198;CE20:-0.0046
776,3,host glycan,host glycan,0.9986280320286605,0.9986280320286605,GH88,GH88;PL12;4.A.6.1.14,GH88;PL12;4.A.6.1.14;PfkB;CHASE2,GH88:+0.0543;PL12:+0.0073;4.A.6.1.14:+0.0063;PfkB:+0.0031;CHASE2:+0.0028
777,3,host glycan,host glycan,0.9995633212949898,0.9995633212949898,CBM32,CBM32;GH92;CE20,CBM32;GH92;CE20;3;8,CBM32:+0.0254;GH92:+0.0251;CE20:+0.0245;3:+0.0218;8:+0.0214
779,3,host glycan,host glycan,0.9760266474388292,0.9760266474388292,GH92,GH92;GH38;3,GH92;GH38;3;GerE;CBM67,GH92:+0.0544;GH38:+0.0460;3:+0.0453;GerE:+0.0412;CBM67:+0.0407
781,3,host glycan,host glycan,0.9999999999998044,0.9999999999998044,GH18,GH18;1.B.14.6.13;GerE,GH18;1.B.14.6.13;GerE;8.A.46.2.1;null,GH18:+0.0169;1.B.14.6.13:+0.0149;GerE:+0.0099;8.A.46.2.1:+0.0087;null:+0.0008
786,3,host glycan,host glycan,0.9999999999998044,0.9999999999998044,GH2,GH2;null,GH2;null,GH2:+0.2663;null:+0.0123
788,3,host glycan,host glycan,0.9999999999998044,0.9999999999998044,CBM32,CBM32;2.A.115.1.1;GH109,CBM32;2.A.115.1.1;GH109;GH2;1.B.14.6.1,CBM32:+0.0316;2.A.115.1.1:+0.0091;GH109:+0.0062;GH2:+0.0056;1.B.14.6.1:+0.0037
792,3,host glycan,host glycan,0.9999999999998044,0.9999999999998044,CBM32,CBM32;GH92;CE20,CBM32;GH92;CE20;3;8,CBM32:+0.0240;GH92:+0.0237;CE20:+0.0230;3:+0.0199;8:+0.0192
793,3,host glycan,host glycan,0.9760266474388292,0.9760266474388292,GH92,GH92;GH38;3,GH92;GH38;3;GerE;CBM67,GH92:+0.0544;GH38:+0.0460;3:+0.0453;GerE:+0.0412;CBM67:+0.0407
795,3,host glycan,host glycan,0.9999999999998044,0.9999999999998044,CE9,CE9;Glucokinase;null,CE9;Glucokinase;null,CE9:+0.2661;Glucokinase:+0.0000;null:+0.0000
800,3,host glycan,host glycan,0.9999999999998044,0.9999999999998044,GH18,GH18;1.B.14.6.13;GerE,GH18;1.B.14.6.13;GerE;8.A.46.2.1;FecR,GH18:+0.0162;1.B.14.6.13:+0.0121;GerE:+0.0098;8.A.46.2.1:+0.0094;FecR:+0.0073
803,3,host glycan,host glycan,0.9999999999998044,0.9999999999998044,null,null;GH112;3.A.1.1.48,null;GH112;3.A.1.1.48;0043669,null:+0.0265;GH112:+0.0263;3.A.1.1.48:+0.0188;0043669:+0.0152
820,3,host glycan,host glycan,0.9042672116960992,0.9042672116960992,GH88,GH88;PL12;2,GH88;PL12;2;null;2.A.1.7.18,GH88:+0.2912;PL12:+0.0878;2:+0.0425;null:+0.0255;2.A.1.7.18:+0.0209
821,3,host glycan,host glycan,0.9536750894501966,0.9536750894501966,GH88,GH88;PL12;2,GH88;PL12;2;HTH;AraC,GH88:+0.1849;PL12:+0.0417;2:+0.0294;HTH:+0.0216;AraC:+0.0198
824,3,host glycan,host glycan,0.5177346534939125,0.5177346534939125,PL8,PL8;HTH;AraC,PL8;HTH;AraC;1.B.14.6.1;null,PL8:+0.3581;HTH:+0.0895;AraC:+0.0781;1.B.14.6.1:+0.0583;null:+0.0310
826,3,host glycan,host glycan,0.9968674575073297,0.9968674575073297,1.B.14.6.1,1.B.14.6.1;GH2;8.A.1.6.3,1.B.14.6.1;GH2;8.A.1.6.3;PL29;null,1.B.14.6.1:+0.0319;GH2:+0.0252;8.A.1.6.3:+0.0238;PL29:+0.0203;null:+0.0187
832,3,pectin,pectin,0.7574841979266859,0.7574841979266859,GH140,GH140;HTH;AraC,GH140;HTH;AraC;null;8.A.46.1.2,GH140:+0.6862;HTH:+0.0050;AraC:-0.0106;null:-0.0154;8.A.46.1.2:-0.0865
836,3,pectin,pectin,0.8532171300561581,0.8532171300561581,GH144,GH144;1.B.14.6.1;null,GH144;1.B.14.6.1;null;GH3,GH144:+0.1774;1.B.14.6.1:+0.1044;null:+0.0426;GH3:-0.0689
845,3,pectin,pectin,0.98326578140505,0.98326578140505,GH5,GH5;GH140;5,GH5;GH140;5;2.A.2.3.6;2,GH5:+0.0855;GH140:+0.0802;5:+0.0711;2.A.2.3.6:+0.0594;2:+0.0433
850,3,pectin,pectin,0.9695542443025832,0.9695542443025832,GH105,GH105;GH28;CE8,GH105;GH28;CE8;CE12;PL10,GH105:+0.0619;GH28:+0.0603;CE8:+0.0246;CE12:+0.0220;PL10:+0.0207
853,3,pectin,pectin,0.9999999999998044,0.9999999999998044,GH92,GH92;GerE;1.B.14.6.1,GH92;GerE;1.B.14.6.1;FecR;GH28,GH92:+0.1512;GerE:+0.1251;1.B.14.6.1:+0.1046;FecR:+0.0702;GH28:+0.0346
859,3,pectin,pectin,0.9771774772481997,0.9771774772481997,GH105,GH105;CE12;GH28,GH105;CE12;GH28;PL1;LytTR,GH105:+0.0535;CE12:+0.0396;GH28:+0.0191;PL1:+0.0155;LytTR:+0.0109
860,3,pectin,pectin,0.9868442135552209,0.9868442135552209,GH105,GH105;CE12;PL1,GH105;CE12;PL1;CE8;2,GH105:+0.0644;CE12:+0.0310;PL1:+0.0229;CE8:+0.0203;2:+0.0128
875,3,pectin,galactan,1.7783042484917553e-14,0.9999999999998044,null,null;1.B.14;GH147,null;1.B.14;GH147;8.A.46;GH53,null:-0.0000;1.B.14:-0.0000;GH147:-0.0001;8.A.46:-0.0001;GH53:-0.0003
885,3,pectin,pectin,0.98326578140505,0.98326578140505,GH5,GH5;GH140;5,GH5;GH140;5;2.A.2.3.6;2,GH5:+0.0855;GH140:+0.0802;5:+0.0711;2.A.2.3.6:+0.0594;2:+0.0433
888,3,pectin,pectin,0.9461899779316619,0.9461899779316619,18,18;GH28;GH140,18;GH28;GH140;PL1;GH95,18:+0.0852;GH28:+0.0612;GH140:+0.0547;PL1:+0.0381;GH95:+0.0296
901,3,pectin,pectin,0.8958082165516125,0.8958082165516125,GH28,GH28;null;1.B.14,GH28;null;1.B.14,GH28:+0.7847;null:-0.0028;1.B.14:-0.0095
902,3,pectin,beta-glucan,0.0499152741367814,0.7940196888392963,null,null;GH3;8.A.46,null;GH3;8.A.46;1.B.14,null:+0.0314;GH3:-0.0291;8.A.46:-0.1194;1.B.14:-0.1256
905,3,pectin,pectin,0.9195376587705925,0.9195376587705925,CE20,CE20;null;1.B.14.6.2,CE20;null;1.B.14.6.2,CE20:+0.5638;null:+0.1013;1.B.14.6.2:+0.0187
910,3,pectin,pectin,0.9955875678974014,0.9955875678974014,CE1,CE1;1.B.14.6.1;null,CE1;1.B.14.6.1;null,CE1:+0.4783;1.B.14.6.1:+0.0937;null:+0.0290
913,3,pectin,host glycan,0.2946628990038876,0.3294325476396033,PL1,PL1;GH105;bac,PL1;GH105;bac;1;SBP,PL1:+0.1711;GH105:+0.1632;bac:+0.0056;1:-0.0016;SBP:-0.0108
915,3,pectin,pectin,0.9999999999998044,0.9999999999998044,PfkB,PfkB;GH105;GH28,PfkB;GH105;GH28;CE12;null,PfkB:+0.0308;GH105:+0.0286;GH28:+0.0286;CE12:+0.0183;null:+0.0170
916,3,pectin,pectin,0.999782371397807,0.999782371397807,PfkB,PfkB;GH105;GH28,PfkB;GH105;GH28;CE12;null,PfkB:+0.0298;GH105:+0.0287;GH28:+0.0279;CE12:+0.0181;null:+0.0168
920,3,pectin,pectin,0.9924734689381826,0.9924734689381826,18,18;GH95;GH140,18;GH95;GH140;GH33;CBM67,18:+0.0313;GH95:+0.0151;GH140:+0.0150;GH33:+0.0140;CBM67:+0.0106
924,3,pectin,pectin,0.9434057106976991,0.9434057106976991,PL10,PL10;CE8;1,PL10;CE8;1;PL11,PL10:+0.1967;CE8:+0.0977;1:+0.0746;PL11:-0.0280
931,3,pectin,pectin,0.8457415772857619,0.8457415772857619,CE12,CE12;PL11;GH105,CE12;PL11;GH105;AraC;bac,CE12:+0.2472;PL11:+0.1470;GH105:+0.1411;AraC:+0.0688;bac:+0.0647
938,3,xylan,xylan,0.8718774456744821,0.8718774456744821,11,11;GH43;2.A.2.3.2,11;GH43;2.A.2.3.2;CBM91,11:+0.2833;GH43:+0.1474;2.A.2.3.2:+0.1192;CBM91:+0.0627
939,3,xylan,xylan,0.46179015991948613,0.46179015991948613,8.A.46.1.1,8.A.46.1.1;1.B.14.6.1;GH20,8.A.46.1.1;1.B.14.6.1;GH20,8.A.46.1.1:+0.3992;1.B.14.6.1:+0.1828;GH20:+0.1694
946,3,xylan,xylan,0.9999398757243606,0.9999398757243606,7,7;17;GH43,7;17;GH43;2;CBM6,7:+0.0640;17:+0.0351;GH43:+0.0329;2:+0.0117;CBM6:+0.0115
948,3,xylan,xylan,0.9883159715838272,0.9883159715838272,GH43,GH43;7;17,GH43;7;17;CE1;CBM6,GH43:+0.0372;7:+0.0335;17:+0.0308;CE1:+0.0253;CBM6:+0.0160
950,3,xylan,xylan,0.990256649108033,0.990256649108033,7,7;17;GH43,7;17;GH43;2;CBM6,7:+0.0929;17:+0.0584;GH43:+0.0582;2:+0.0321;CBM6:+0.0265
951,3,xylan,xylan,0.755160666838421,0.755160666838421,GH10,GH10;CE6;GH95,GH10;CE6;GH95;GH5;CE1,GH10:+0.3740;CE6:+0.0429;GH95:+0.0418;GH5:+0.0287;CE1:-0.0012
958,3,xylan,xylan,0.9490436114723859,0.9490436114723859,12,12;10;GH97,12;10;GH97;GH67;GH10,12:+0.0265;10:+0.0249;GH97:+0.0233;GH67:+0.0225;GH10:+0.0219
963,3,xylan,xylan,0.8003937331422373,0.8003937331422373,GH128,GH128;GH43;19,GH128;GH43;19;null;GH51,GH128:+0.5177;GH43:+0.1490;19:+0.1193;null:+0.1039;GH51:+0.0028
965,3,xylan,xylan,0.8286194869886303,0.8286194869886303,8.A.46.1.1,8.A.46.1.1;GH20;CBM32,8.A.46.1.1;GH20;CBM32;1.B.14.6.1,8.A.46.1.1:+0.6880;GH20:+0.3827;CBM32:+0.3668;1.B.14.6.1:+0.2276
978,3,xylan,xylan,0.8718774456744821,0.8718774456744821,11,11;GH43;2.A.2.3.2,11;GH43;2.A.2.3.2;CBM91,11:+0.2833;GH43:+0.1474;2.A.2.3.2:+0.1192;CBM91:+0.0627
986,3,xylan,xylan,0.7355818348658523,0.7355818348658523,GH128,GH128;GH43;19,GH128;GH43;19;GH51;null,GH128:+0.4609;GH43:+0.1228;19:+0.1200;GH51:+0.0666;null:+0.0578
987,3,xylan,xylan,0.8386828323144702,0.8386828323144702,GH10,GH10;2.A.2;1,GH10;2.A.2;1;12;1.B.14,GH10:+0.1447;2.A.2:+0.0880;1:+0.0505;12:+0.0434;1.B.14:-0.0029
994,3,xylan,xylan,0.996678226552865,0.996678226552865,7,7;GH43;17,7;GH43;17;CBM6;2,7:+0.0711;GH43:+0.0549;17:+0.0386;CBM6:+0.0187;2:+0.0178
999,3,xylan,xylan,0.9999999999998044,0.9999999999998044,GH10,GH10;1.B.14.6.1;HTH,GH10;1.B.14.6.1;HTH;AraC;null,GH10:+0.7059;1.B.14.6.1:+0.0544;HTH:+0.0369;AraC:+0.0366;null:+0.0119
1005,3,xylan,xylan,0.9999999999998044,0.9999999999998044,11,11;2.A.2.3.2;CBM91,11;2.A.2.3.2;CBM91;AraC;GH43,11:+0.1339;2.A.2.3.2:+0.0903;CBM91:+0.0508;AraC:+0.0347;GH43:+0.0276
1006,3,xylan,xylan,0.8592026973094574,0.8592026973094574,GH95,GH95;GH3;AraC,GH95;GH3;AraC;HTH;1,GH95:+0.2580;GH3:+0.1515;AraC:+0.1423;HTH:+0.1020;1:+0.0836
1008,3,xylan,xylan,0.6294511184334195,0.6294511184334195,GH10,GH10;GH67;GH43,GH10;GH67;GH43;LacI;GH3,GH10:+0.2721;GH67:+0.2274;GH43:+0.0356;LacI:+0.0354;GH3:+0.0169
1009,3,xylan,xylan,0.9425685601888726,0.9425685601888726,GH67,GH67;GH10;2.A.2,GH67;GH10;2.A.2;1;GH43,GH67:+0.0687;GH10:+0.0497;2.A.2:+0.0415;1:+0.0323;GH43:+0.0060
1019,3,xylan,xylan,0.6975841316478797,0.6975841316478797,GH67,GH67;HTH;8.A.59,GH67;HTH;8.A.59;null;3.A.1,GH67:+0.5453;HTH:+0.0597;8.A.59:+0.0408;null:+0.0369;3.A.1:+0.0248
1021,3,xylan,xylan,0.7263858172768958,0.7263858172768958,GH67,GH67;2.A.2.3.6;1.B.14.6.1,GH67;2.A.2.3.6;1.B.14.6.1;GerE;null,GH67:+0.6043;2.A.2.3.6:+0.1187;1.B.14.6.1:+0.0819;GerE:+0.0704;null:+0.0453
1,4,alginate,alginate,0.9936835223234228,0.9936835223234228,PL17,PL17;PL6;2.A.1.14.25,PL17;PL6;2.A.1.14.25;1;PfkB,PL17:+0.0418;PL6:+0.0269;2.A.1.14.25:+0.0115;1:+0.0089;PfkB:+0.0068
3,4,alginate,alginate,0.9845187670628044,0.9845187670628044,PL17,PL17;PL6;1,PL17;PL6;1;2;1.B.14,PL17:+0.1668;PL6:+0.0974;1:+0.0401;2:+0.0393;1.B.14:+0.0088
13,4,alginate,alginate,0.8356106292968432,0.8356106292968432,PL6,PL6;GntR;PL7,PL6;GntR;PL7;1;2.A.1.14.25,PL6:+0.0901;GntR:+0.0583;PL7:+0.0525;1:+0.0506;2.A.1.14.25:+0.0453
17,4,alginate,alginate,0.9523076446107926,0.9523076446107926,PL17,PL17;GntR;PL6,PL17;GntR;PL6;2;null,PL17:+0.2435;GntR:+0.0569;PL6:+0.0326;2:+0.0278;null:+0.0127
23,4,alginate,alginate,0.9993167332792435,0.9993167332792435,PL17,PL17;2;PL6,PL17;2;PL6;binding;1,PL17:+0.0189;2:+0.0054;PL6:+0.0048;binding:+0.0044;1:+0.0039
31,4,alginate,alginate,0.9936835223234228,0.9936835223234228,PL17,PL17;PL6;2.A.1.14.25,PL17;PL6;2.A.1.14.25;1;PfkB,PL17:+0.0418;PL6:+0.0269;2.A.1.14.25:+0.0115;1:+0.0089;PfkB:+0.0068
37,4,alginate,alginate,0.9999999999960456,0.9999999999960456,PL17,PL17;PL6;1,PL17;PL6;1;GntR;2,PL17:+0.1072;PL6:+0.0704;1:+0.0364;GntR:+0.0305;2:+0.0160
41,4,alginate,alginate,0.965879577832584,0.965879577832584,PL15,PL15;1;PL5,PL15;1;PL5;3.A.1;PL7,PL15:+0.0822;1:+0.0779;PL5:+0.0565;3.A.1:+0.0551;PL7:+0.0494
44,4,alginate,alginate,0.9982631266565818,0.9982631266565818,PL6,PL6;1.B.14.12.2;1,PL6;1.B.14.12.2;1;LacI;null,PL6:+0.0596;1.B.14.12.2:+0.0364;1:+0.0296;LacI:+0.0139;null:+0.0101
49,4,alpha-glucan,alpha-glucan,0.9999999999960456,0.9999999999960456,GH31,GH31;GH66;8.A.46.1.5,GH31;GH66;8.A.46.1.5;1.B.14.6.1;null,GH31:+0.0843;GH66:+0.0689;8.A.46.1.5:+0.0602;1.B.14.6.1:+0.0065;null:+0.0026
54,4,alpha-glucan,alpha-glucan,0.9190798752431776,0.9190798752431776,GH97,GH97;GH66;8.A.46,GH97;GH66;8.A.46;GH31;null,GH97:+0.2874;GH66:+0.0700;8.A.46:+0.0029;GH31:-0.0001;null:-0.0003
56,4,alpha-glucan,alpha-glucan,0.9999999999960456,0.9999999999960456,GH13,GH13;18;2.A.1.2.93,GH13;18;2.A.1.2.93;LacI,GH13:+0.0581;18:+0.0288;2.A.1.2.93:+0.0056;LacI:+0.0000
57,4,alpha-glucan,alpha-glucan,0.9999999999960456,0.9999999999960456,2.A.1.5.3,2.A.1.5.3;GH32,2.A.1.5.3;GH32,2.A.1.5.3:+0.2755;GH32:+0.1247
80,4,alpha-glucan,alpha-glucan,0.9999999999960456,0.9999999999960456,GH13,GH13;GH97;null,GH13;GH97;null;8.A.46.1.1;1.B.14.6.1,GH13:+0.0678;GH97:+0.0358;null:+0.0120;8.A.46.1.1:+0.0057;1.B.14.6.1:+0.0036
85,4,alpha-glucan,alpha-glucan,0.9999999999960456,0.9999999999960456,LacI,LacI;GH13;3.A.1.1.45,LacI;GH13;3.A.1.1.45;30,LacI:+0.0494;GH13:+0.0377;3.A.1.1.45:+0.0126;30:+0.0056
95,4,alpha-glucan,alpha-glucan,0.9999999999960456,0.9999999999960456,LacI,LacI;3.A.1.1.45;GH13,LacI;3.A.1.1.45;GH13;GH77;9.B.28.1.3,LacI:+0.0267;3.A.1.1.45:+0.0059;GH13:+0.0053;GH77:+0.0027;9.B.28.1.3:+0.0005
113,4,alpha-glucan,alpha-glucan,0.9540058203341163,0.9540058203341163,GH97,GH97;GH66;null,GH97;GH66;null;8.A.46;GH65,GH97:+0.1877;GH66:+0.0421;null:+0.0183;8.A.46:+0.0126;GH65:+0.0112
117,4,alpha-glucan,alpha-glucan,0.9774634678975863,0.9774634678975863,GH13,GH13;GH97;null,GH13;GH97;null;1.B.14,GH13:+0.1199;GH97:+0.0983;null:+0.0039;1.B.14:-0.0156
119,4,alpha-glucan,alpha-glucan,0.9999999999960456,0.9999999999960456,GH13,GH13;GH97;1.B.14.6.1,GH13;GH97;1.B.14.6.1;TPR;2,GH13:+0.1406;GH97:+0.1319;1.B.14.6.1:+0.0173;TPR:+0.0103;2:+0.0060
120,4,alpha-glucan,host glycan,0.43527072374300574,0.4769583826420886,GH97,GH97;GH13;1.B.14.6.1,GH97;GH13;1.B.14.6.1;null;8.A.46.1.3,GH97:+0.2358;GH13:+0.1354;1.B.14.6.1:+0.0221;null:-0.0068;8.A.46.1.3:-0.0775
123,4,alpha-glucan,alpha-glucan,0.9999999999960456,0.9999999999960456,GH97,GH97;GH31;8.A.46.1.5,GH97;GH31;8.A.46.1.5;1.B.14.6.1;null,GH97:+0.0689;GH31:+0.0526;8.A.46.1.5:+0.0341;1.B.14.6.1:+0.0127;null:+0.0022
126,4,alpha-glucan,alpha-glucan,0.9961815250153605,0.9961815250153605,LacI,LacI;GH77;GT35,LacI;GH77;GT35;3.A.1.1.26;null,LacI:+0.0620;GH77:+0.0496;GT35:+0.0424;3.A.1.1.26:+0.0021;null:-0.0038
129,4,alpha-glucan,alpha-glucan,0.9999999999960456,0.9999999999960456,GT5,GT5;GH13;GT35,GT5;GH13;GT35;CBM48;null,GT5:+0.0423;GH13:+0.0421;GT35:+0.0188;CBM48:+0.0095;null:+0.0021
133,4,alpha-glucan,alpha-glucan,0.9999999999960456,0.9999999999960456,LacI,LacI;GH13;10,LacI;GH13;10;8.A.46.1.1;null,LacI:+0.0824;GH13:+0.0733;10:+0.0732;8.A.46.1.1:+0.0208;null:+0.0195
134,4,alpha-glucan,alpha-glucan,0.9999999999960456,0.9999999999960456,GH32,GH32;2.A.1.5.3;LacI,GH32;2.A.1.5.3;LacI,GH32:+0.0843;2.A.1.5.3:+0.0000;LacI:+0.0000
138,4,alpha-glucan,alpha-glucan,0.9999999999960456,0.9999999999960456,LacI,LacI;3.A.1.1.10;GH32,LacI;3.A.1.1.10;GH32;null;PfkB,LacI:+0.3895;3.A.1.1.10:+0.0575;GH32:+0.0506;null:+0.0079;PfkB:+0.0000
142,4,alpha-glucan,alpha-glucan,0.7833820849973857,0.7833820849973857,GH97,GH97;GH13;1.B.14,GH97;GH13;1.B.14;8.A.9;null,GH97:+0.1421;GH13:+0.1230;1.B.14:+0.0695;8.A.9:+0.0388;null:+0.0099
143,4,alpha-glucan,alpha-glucan,0.9999999999960456,0.9999999999960456,LacI,LacI;GH13;31,LacI;GH13;31,LacI:+0.0760;GH13:+0.0722;31:+0.0157
148,4,alpha-glucan,alpha-glucan,0.9961815250153605,0.9961815250153605,LacI,LacI;GH77;GT35,LacI;GH77;GT35;3.A.1.1.26;null,LacI:+0.0620;GH77:+0.0496;GT35:+0.0424;3.A.1.1.26:+0.0021;null:-0.0038
151,4,alpha-glucan,alpha-glucan,0.9999999999960456,0.9999999999960456,GH13,GH13;20;CBM34,GH13;20;CBM34;3.A.1.1.26;null,GH13:+0.0542;20:+0.0161;CBM34:+0.0095;3.A.1.1.26:+0.0030;null:+0.0018
153,4,alpha-glucan,alpha-glucan,0.9999999999960456,0.9999999999960456,GH97,GH97;GH13;null,GH97;GH13;null;46;1.B.14.6.1,GH97:+0.0494;GH13:+0.0488;null:+0.0198;46:+0.0130;1.B.14.6.1:+0.0030
163,4,alpha-glucan,alpha-glucan,0.9981403932647214,0.9981403932647214,PfkB,PfkB;LacI;MarR,PfkB;LacI;MarR;PadR;4.A.1.2.12,PfkB:+0.2947;LacI:+0.1395;MarR:+0.0962;PadR:+0.0708;4.A.1.2.12:+0.0576
164,4,alpha-glucan,alpha-glucan,0.9999999999960456,0.9999999999960456,PfkB,PfkB;LacI;GH32,PfkB;LacI;GH32;4.A.1.2.12,PfkB:+0.2748;LacI:+0.2165;GH32:+0.0420;4.A.1.2.12:+0.0336
171,4,alpha-glucan,alpha-glucan,0.9980247526472267,0.9980247526472267,GH13,GH13;GT5;9,GH13;GT5;9;CBM48;null,GH13:+0.0323;GT5:+0.0189;9:+0.0056;CBM48:+0.0048;null:+0.0036
172,4,alpha-glucan,alpha-glucan,0.9999999999960456,0.9999999999960456,GH13,GH13;GT5;CBM48,GH13;GT5;CBM48;9;redox,GH13:+0.0264;GT5:+0.0219;CBM48:+0.0048;9:+0.0040;redox:+0.0028
176,4,alpha-mannan,host glycan,0.1979567531596071,0.45106091090740946,GH92,GH92;1.B.14.6.2;GH125,GH92;1.B.14.6.2;GH125;LacI;GH2,GH92:+0.0771;1.B.14.6.2:+0.0739;GH125:+0.0710;LacI:+0.0385;GH2:-0.0219
183,4,alpha-mannan,alpha-mannan,0.9849465121681955,0.9849465121681955,GH76,GH76;GH125;GH92,GH76;GH125;GH92;GH97;GH67,GH76:+0.1180;GH125:+0.1115;GH92:+0.0820;GH97:+0.0759;GH67:+0.0600
189,4,alpha-mannan,alpha-mannan,0.9999999999960456,0.9999999999960456,GH92,GH92;null;1.B.14.6.1,GH92;null;1.B.14.6.1;9.B.14.1.10;GH99,GH92:+0.0664;null:+0.0378;1.B.14.6.1:+0.0051;9.B.14.1.10:+0.0028;GH99:+0.0000
195,4,alpha-mannan,alpha-mannan,0.9960263532346955,0.9960263532346955,GH99,GH99;GH92;null,GH99;GH92;null;1.B.14.6.2;9.B.14.1.10,GH99:+0.1595;GH92:+0.1042;null:+0.0275;1.B.14.6.2:+0.0012;9.B.14.1.10:+0.0001
198,4,arabinogalactan,arabinogalactan,0.7856443027127454,0.7856443027127454,18,18;GH142;GH143,18;GH142;GH143;CBM67;GH78,18:+0.2318;GH142:+0.2241;GH143:+0.1943;CBM67:+0.1172;GH78:+0.1136
203,4,arabinogalactan,arabinogalactan,0.8530714613289737,0.8530714613289737,GH43,GH43;34;26,GH43;34;26;22;27,GH43:+0.0788;34:+0.0725;26:+0.0512;22:+0.0505;27:+0.0444
209,4,arabinogalactan,arabinogalactan,0.9995140890057623,0.9995140890057623,1.B.14.6.1,1.B.14.6.1;GH16;CBM32,1.B.14.6.1;GH16;CBM32;AraC;3,1.B.14.6.1:+0.0959;GH16:+0.0926;CBM32:+0.0844;AraC:+0.0692;3:+0.0627
223,4,arabinogalactan,arabinogalactan,0.9999999999960456,0.9999999999960456,17,17;GH154;GH105,17;GH154;GH105;GH43;24,17:+0.0785;GH154:+0.0632;GH105:+0.0595;GH43:+0.0553;24:+0.0517
229,4,arabinogalactan,arabinogalactan,0.42780519870544514,0.42780519870544514,GH51,GH51;null;1,GH51;null;1;MarR;LacI,GH51:+0.4226;null:+0.1224;1:+0.0816;MarR:-0.1677;LacI:-0.1965
230,4,arabinogalactan,arabinogalactan,0.9999999999960456,0.9999999999960456,GH51,GH51;3.A.1.1.34;1,GH51;3.A.1.1.34;1;null,GH51:+0.1366;3.A.1.1.34:+0.0984;1:+0.0456;null:+0.0144
231,4,arabinogalactan,arabinogalactan,0.825708402061204,0.825708402061204,24,24;null;AraC,24;null;AraC;HTH;GH43,24:+0.2841;null:+0.1144;AraC:+0.1100;HTH:+0.0980;GH43:+0.0853
239,4,beta-glucan,beta-glucan,0.9840684199143164,0.9840684199143164,GH5,GH5;GH31;4,GH5;GH31;4;GH2;AraC,GH5:+0.0776;GH31:+0.0767;4:+0.0620;GH2:+0.0513;AraC:+0.0433
253,4,beta-glucan,beta-glucan,0.893535832839511,0.893535832839511,GH9,GH9;CBM3;17,GH9;CBM3;17;1;CBM4,GH9:+0.0524;CBM3:+0.0330;17:+0.0197;1:+0.0113;CBM4:-0.0007
259,4,beta-glucan,xylan,0.3883603495688836,0.5286948928850981,GH30,GH30;GH62;CBM32,GH30;GH62;CBM32;CE6;GH95,GH30:+0.1916;GH62:+0.1102;CBM32:+0.0975;CE6:+0.0937;GH95:+0.0795
260,4,beta-glucan,beta-glucan,0.5749857559711009,0.5749857559711009,GH1,GH1;4.A.3.2.7;GntR,GH1;4.A.3.2.7;GntR,GH1:+0.5244;4.A.3.2.7:+0.0882;GntR:-0.2271
262,4,beta-glucan,beta-glucan,0.9999999999960456,0.9999999999960456,GH1,GH1;4.A.1.2.2;null,GH1;4.A.1.2.2;null,GH1:+0.2003;4.A.1.2.2:+0.0000;null:+0.0000
263,4,beta-glucan,beta-glucan,0.9143850222306114,0.9143850222306114,GH16,GH16;GH3;8.A.46,GH16;GH3;8.A.46;1.B.14;null,GH16:+0.4120;GH3:+0.1994;8.A.46:+0.1135;1.B.14:+0.0289;null:+0.0047
267,4,beta-glucan,beta-glucan,0.9999999999960456,0.9999999999960456,GH1,GH1;LacI;3,GH1;LacI;3;GH3;GH16,GH1:+0.0416;LacI:+0.0328;3:+0.0248;GH3:+0.0242;GH16:+0.0107
273,4,beta-glucan,beta-glucan,0.9504873752021209,0.9504873752021209,GH31,GH31;4;GH5,GH31;4;GH5;GH3;GH2,GH31:+0.0902;4:+0.0720;GH5:+0.0713;GH3:+0.0499;GH2:+0.0453
287,4,beta-glucan,beta-glucan,0.8750892645471006,0.8750892645471006,GH3,GH3;GH157;HTH,GH3;GH157;HTH;AraC;null,GH3:+0.2705;GH157:+0.1395;HTH:+0.1205;AraC:+0.0957;null:+0.0634
288,4,beta-glucan,beta-glucan,0.9999999999960456,0.9999999999960456,GH3,GH3;4;GH31,GH3;4;GH31;GH5;AraC,GH3:+0.0366;4:+0.0338;GH31:+0.0335;GH5:+0.0298;AraC:+0.0256
295,4,beta-glucan,beta-glucan,0.9999999999960456,0.9999999999960456,3,3;GH30;7,3;GH30;7;GH3;HTH,3:+0.1971;GH30:+0.0706;7:+0.0413;GH3:+0.0329;HTH:+0.0152
297,4,beta-glucan,beta-glucan,0.9894122278320197,0.9894122278320197,GH9,GH9;CBM4;CBM3,GH9;CBM4;CBM3;GH8,GH9:+0.0302;CBM4:+0.0050;CBM3:+0.0047;GH8:-0.0018
298,4,beta-glucan,beta-glucan,0.9729952971429706,0.9729952971429706,GH9,GH9;GH5;17,GH9;GH5;17;CBM3;PL11,GH9:+0.0537;GH5:+0.0455;17:+0.0319;CBM3:+0.0228;PL11:+0.0196
299,4,beta-glucan,beta-glucan,0.9035226510417974,0.9035226510417974,GH5,GH5;4;CBM4,GH5;4;CBM4;null;HTH,GH5:+0.1384;4:+0.0949;CBM4:+0.0553;null:+0.0143;HTH:-0.0398
303,4,beta-glucan,beta-glucan,0.984880836392574,0.984880836392574,GH8,GH8;4.D.3.1.6;GT2,GH8;4.D.3.1.6;GT2,GH8:+0.0900;4.D.3.1.6:+0.0370;GT2:+0.0283
305,4,beta-glucan,beta-glucan,0.9654757973757913,0.9654757973757913,GH5,GH5;4;GH31,GH5;4;GH31;GH3;GH2,GH5:+0.0987;4:+0.0929;GH31:+0.0858;GH3:+0.0587;GH2:+0.0524
308,4,beta-glucan,beta-glucan,0.5749857559711009,0.5749857559711009,GH1,GH1;4.A.3.2.7;GntR,GH1;4.A.3.2.7;GntR,GH1:+0.5244;4.A.3.2.7:+0.0882;GntR:-0.2271
311,4,beta-glucan,beta-glucan,0.6157599306839187,0.6157599306839187,GT2,GT2;null;GT4,GT2;null;GT4,GT2:+0.4548;null:-0.0013;GT4:-0.1311
318,4,beta-glucan,beta-glucan,0.40630539291524326,0.40630539291524326,CBM4,CBM4;GH16;CBM6,CBM4;GH16;CBM6;3.A.1;AraC,CBM4:+0.2765;GH16:+0.0500;CBM6:-0.0324;3.A.1:-0.0503;AraC:-0.0574
326,4,beta-glucan,host glycan,0.46986950264245786,0.5036203607557855,CBM57,CBM57;PL38;1.B.14.6.1,CBM57;PL38;1.B.14.6.1;null;GH88,CBM57:+0.2676;PL38:+0.1827;1.B.14.6.1:+0.0897;null:+0.0280;GH88:+0.0236
327,4,beta-glucan,beta-glucan,0.9958776195975632,0.9958776195975632,GH5,GH5;4;AraC,GH5;4;AraC;HTH;1.B.14.6.2,GH5:+0.0984;4:+0.0868;AraC:+0.0407;HTH:+0.0235;1.B.14.6.2:+0.0201
332,4,beta-glucan,beta-glucan,0.999149050442907,0.999149050442907,GH73,GH73;null;9.B.154.1.2,GH73;null;9.B.154.1.2;Peptidase;M23,GH73:+0.0531;null:+0.0118;9.B.154.1.2:+0.0038;Peptidase:+0.0028;M23:+0.0019
337,4,beta-glucan,beta-glucan,0.7392982978118081,0.7392982978118081,GH16,GH16;null,GH16;null,GH16:+0.4318;null:+0.0300
344,4,beta-glucan,beta-glucan,0.9999999999960456,0.9999999999960456,GH4,GH4;11;4.A.3.2.2,GH4;11;4.A.3.2.2;HTH;Mga,GH4:+0.1358;11:+0.1313;4.A.3.2.2:+0.1193;HTH:+0.0788;Mga:+0.0533
354,4,beta-glucan,beta-glucan,0.599509427630906,0.599509427630906,GT2,GT2;null;GT4,GT2;null;GT4,GT2:+0.4691;null:-0.0175;GT4:-0.1421
360,4,beta-mannan,beta-mannan,0.9561196969727037,0.9561196969727037,2.A.1.14.25,2.A.1.14.25;TrkA;C,2.A.1.14.25;TrkA;C;2.A.38.1.1;AraC,2.A.1.14.25:+0.1461;TrkA:+0.1222;C:+0.1196;2.A.38.1.1:+0.1191;AraC:+0.0981
363,4,beta-mannan,beta-mannan,0.6471662888814655,0.6471662888814655,TrkA,TrkA;C;AraC,TrkA;C;AraC;HTH;GH29,TrkA:+0.1778;C:+0.1618;AraC:+0.1226;HTH:+0.0560;GH29:+0.0486
365,4,beta-mannan,beta-mannan,0.9999999999960456,0.9999999999960456,GH42,GH42;3.A.1.1.48,GH42;3.A.1.1.48,GH42:+0.5612;3.A.1.1.48:+0.0481
366,4,beta-mannan,galactan,0.004154432318241806,0.9952596072332313,CBM61,CBM61;GH53;GH42,CBM61;GH53;GH42;3.A.1;LacI,CBM61:+0.0033;GH53:+0.0024;GH42:-0.0095;3.A.1:-0.0641;LacI:-0.4185
367,4,beta-mannan,beta-mannan,0.6419928365115141,0.6419928365115141,LacI,LacI;3.A.1.1.39;GH2,LacI;3.A.1.1.39;GH2;SBP;bac,LacI:+0.3136;3.A.1.1.39:+0.1499;GH2:+0.1241;SBP:+0.0899;bac:+0.0815
370,4,beta-mannan,beta-mannan,0.8332584240259256,0.8332584240259256,GntR,GntR;GH26;4.A.3.2.8,GntR;GH26;4.A.3.2.8;4.A.3.2.6;GH1,GntR:+0.2149;GH26:+0.2064;4.A.3.2.8:+0.1318;4.A.3.2.6:+0.0989;GH1:+0.0808
390,4,beta-mannan,beta-mannan,0.7048869169749223,0.7048869169749223,GH130,GH130;GH26;GH27,GH130;GH26;GH27;HTH;AraC,GH130:+0.1448;GH26:+0.1211;GH27:+0.0972;HTH:+0.0617;AraC:+0.0415
392,4,beta-mannan,beta-mannan,0.9999999999960456,0.9999999999960456,GH3,GH3;CBM27;CBM23,GH3;CBM27;CBM23;GH26,GH3:+0.1743;CBM27:+0.0207;CBM23:+0.0153;GH26:+0.0000
400,4,beta-mannan,alpha-glucan,0.0004704212639153911,0.7758642266992812,null,null;LacI;1.B.14,null;LacI;1.B.14;8.A.46;CBM32,null:+0.0003;LacI:+0.0003;1.B.14:-0.0007;8.A.46:-0.0018;CBM32:-0.0024
401,4,beta-mannan,beta-mannan,0.9957511225730302,0.9957511225730302,GH130,GH130;GH26;1,GH130;GH26;1;AraC;2.A.2.3.6,GH130:+0.0796;GH26:+0.0738;1:+0.0253;AraC:+0.0243;2.A.2.3.6:+0.0220
403,4,beta-mannan,beta-mannan,0.9993224218059282,0.9993224218059282,GH130,GH130;GH26;1,GH130;GH26;1;AraC;2.A.2.3.6,GH130:+0.0689;GH26:+0.0642;1:+0.0245;AraC:+0.0236;2.A.2.3.6:+0.0208
404,4,beta-mannan,beta-mannan,0.9999999999960456,0.9999999999960456,GH130,GH130;GH26;AraC,GH130;GH26;AraC;1;2.A.2.3.6,GH130:+0.0641;GH26:+0.0554;AraC:+0.0225;1:+0.0220;2.A.2.3.6:+0.0196
409,4,beta-mannan,beta-mannan,0.9999999999960456,0.9999999999960456,GH130,GH130;GH26;2.A.2.3.6,GH130;GH26;2.A.2.3.6;1;null,GH130:+0.1545;GH26:+0.0565;2.A.2.3.6:+0.0372;1:+0.0316;null:+0.0107
418,4,beta-mannan,beta-mannan,0.9960835551054347,0.9960835551054347,GH26,GH26;GH130;AraC,GH26;GH130;AraC;HTH;1,GH26:+0.0599;GH130:+0.0594;AraC:+0.0215;HTH:+0.0202;1:+0.0186
427,4,chitin,chitin,0.9999999999960456,0.9999999999960456,AA10,AA10;1;HTH,AA10;1;HTH;GH18;1.E.2.1.11,AA10:+0.1098;1:+0.0557;HTH:+0.0374;GH18:+0.0374;1.E.2.1.11:+0.0088
431,4,chitin,chitin,0.9999999999960456,0.9999999999960456,4.A.3.2.1,4.A.3.2.1;GH4;AraC,4.A.3.2.1;GH4;AraC;HTH;null,4.A.3.2.1:+0.6327;GH4:+0.1587;AraC:+0.0263;HTH:+0.0250;null:+0.0000
443,4,chitin,chitin,0.9999999999960456,0.9999999999960456,CE4,CE4;GH4;4.A.3.2.6,CE4;GH4;4.A.3.2.6;CBM12,CE4:+0.1838;GH4:+0.1554;4.A.3.2.6:+0.0897;CBM12:+0.0000
444,4,chitin,chitin,0.9999999999960456,0.9999999999960456,GH18,GH18;CBM5;AA10,GH18;CBM5;AA10,GH18:+0.1228;CBM5:+0.0347;AA10:+0.0000
446,4,chitin,chitin,0.9999999999960456,0.9999999999960456,GH18,GH18;CBM5;AA10,GH18;CBM5;AA10,GH18:+0.1228;CBM5:+0.0347;AA10:+0.0000
448,4,chitin,host glycan,0.27517453837058137,0.5383617910766509,PIG-L,PIG-L;GH18;GH20,PIG-L;GH18;GH20;null;2.A.1,PIG-L:+0.1447;GH18:+0.0252;GH20:+0.0185;null:+0.0028;2.A.1:-0.0334
449,4,chitin,host glycan,0.3085521460915268,0.5483406105018163,PIG-L,PIG-L;GH20;GH18,PIG-L;GH20;GH18;null;LytTR,PIG-L:+0.1510;GH20:+0.0330;GH18:+0.0147;null:+0.0089;LytTR:-0.0339
455,4,chitin,chitin,0.9460468513702398,0.9460468513702398,4.A.3.2.7,4.A.3.2.7;GH4;null,4.A.3.2.7;GH4;null,4.A.3.2.7:+0.3461;GH4:+0.2123;null:+0.1239
471,4,chitin,chitin,0.9999999999960456,0.9999999999960456,GH4,GH4;4.A.3.2.1;AraC,GH4;4.A.3.2.1;AraC;HTH;4.A.3.2.7,GH4:+0.1671;4.A.3.2.1:+0.0439;AraC:+0.0083;HTH:+0.0026;4.A.3.2.7:+0.0002
475,4,chitin,chitin,0.9999999999960456,0.9999999999960456,4.A.3.2.5,4.A.3.2.5;AraC;HTH,4.A.3.2.5;AraC;HTH;GH1;null,4.A.3.2.5:+0.4123;AraC:+0.2740;HTH:+0.2621;GH1:+0.1559;null:+0.0000
481,4,chitin,chitin,0.9999999999960456,0.9999999999960456,GH4,GH4;4.A.3.2.7;4.A.3.2.1,GH4;4.A.3.2.7;4.A.3.2.1;null,GH4:+0.1548;4.A.3.2.7:+0.1106;4.A.3.2.1:+0.0604;null:+0.0570
485,4,chitin,chitin,0.7209412556765916,0.7209412556765916,null,null;GH4;4.A.3,null;GH4;4.A.3;AraC;HTH,null:+0.6564;GH4:+0.5504;4.A.3:+0.0107;AraC:-0.0448;HTH:-0.0617
492,4,fructan,fructan,0.9995974380034519,0.9995974380034519,GH32,GH32;1.B.14.6.1;null,GH32;1.B.14.6.1;null,GH32:+0.7592;1.B.14.6.1:+0.1534;null:+0.1134
494,4,fructan,fructan,0.9867859356112262,0.9867859356112262,GH32,GH32;1.B.14.6.1;null,GH32;1.B.14.6.1;null;2.A.1.7.17;0039384,GH32:+0.1741;1.B.14.6.1:+0.0604;null:+0.0376;2.A.1.7.17:+0.0134;0039384:+0.0026
496,4,fructan,fructan,0.9995974380034519,0.9995974380034519,GH32,GH32;1.B.14.6.1;null,GH32;1.B.14.6.1;null,GH32:+0.7592;1.B.14.6.1:+0.0995;null:+0.0802
497,4,fructan,fructan,0.9985611847795611,0.9985611847795611,GH32,GH32;2.A.1.7.17;null,GH32;2.A.1.7.17;null;1.B.14.6.1;0039384,GH32:+0.1065;2.A.1.7.17:+0.0296;null:+0.0124;1.B.14.6.1:+0.0057;0039384:+0.0038
506,4,fructan,alpha-glucan,0.24933520294985756,0.7460759589632974,3.A.1.1.29,3.A.1.1.29;3.A.1.1.10;GH32,3.A.1.1.29;3.A.1.1.10;GH32;null;LacI,3.A.1.1.29:+0.2493;3.A.1.1.10:+0.1382;GH32:+0.0353;null:+0.0329;LacI:-0.0348
517,4,fructan,fructan,0.5026973760843699,0.5026973760843699,3.A.1.1.10,3.A.1.1.10;3.A.1.1.29;PfkB,3.A.1.1.10;3.A.1.1.29;PfkB;null;GH32,3.A.1.1.10:+0.5027;3.A.1.1.29:+0.5027;PfkB:+0.2534;null:+0.0585;GH32:+0.0396
529,4,galactan,galactan,0.9999999999960456,0.9999999999960456,LacI,LacI;GH4;bac,LacI;GH4;bac;CE19;3.A.1.1.7,LacI:+0.1760;GH4:+0.1240;bac:+0.0676;CE19:+0.0658;3.A.1.1.7:+0.0530
530,4,galactan,galactan,0.9999999999960456,0.9999999999960456,18,18;3.A.1.1.28;GH36,18;3.A.1.1.28;GH36;31;GH13,18:+0.1215;3.A.1.1.28:+0.0979;GH36:+0.0758;31:+0.0464;GH13:+0.0460
534,4,galactan,galactan,0.8682093774152518,0.8682093774152518,16,16;GH16;null,16;GH16;null,16:+0.6941;GH16:+0.1604;null:+0.0227
535,4,galactan,galactan,0.9999999999960456,0.9999999999960456,GntR,GntR;null;GH16,GntR;null;GH16;1.B.14.12.2;2.A.1.1.55,GntR:+0.0740;null:+0.0628;GH16:+0.0346;1.B.14.12.2:+0.0320;2.A.1.1.55:+0.0309
538,4,galactan,chitin,0.05830610148523647,0.22520500412519248,18,18;HTH;AraC,18;HTH;AraC;reg;SIS,18:+0.0533;HTH:+0.0472;AraC:+0.0231;reg:-0.0031;SIS:-0.0046
542,4,galactan,galactan,0.9999999999960456,0.9999999999960456,GH53,GH53;HTH;AraC,GH53;HTH;AraC;8.A.46.1.1;GH2,GH53:+0.3074;HTH:+0.2217;AraC:+0.2177;8.A.46.1.1:+0.2026;GH2:+0.1335
543,4,galactan,galactan,0.9180147828042317,0.9180147828042317,GH53,GH53;AraC;HTH,GH53;AraC;HTH;8.A.46.1.1;GH2,GH53:+0.3315;AraC:+0.3198;HTH:+0.3164;8.A.46.1.1:+0.2234;GH2:+0.1961
548,4,galactan,galactan,0.9999999999960456,0.9999999999960456,3.A.1.1.28,3.A.1.1.28;GH36;0044258,3.A.1.1.28;GH36;0044258;bac;SBP,3.A.1.1.28:+0.0788;GH36:+0.0731;0044258:+0.0635;bac:+0.0206;SBP:+0.0167
565,4,galactan,galactan,0.8714551932374782,0.8714551932374782,GH42,GH42;LacI;3.A.1.1.2,GH42;LacI;3.A.1.1.2,GH42:+0.6509;LacI:+0.6290;3.A.1.1.2:+0.1243
569,4,galactan,galactan,0.5289563457141058,0.5289563457141058,2.A.2.2.1,2.A.2.2.1;null;GH2,2.A.2.2.1;null;GH2,2.A.2.2.1:+0.5154;null:+0.0652;GH2:-0.1972
573,4,galactan,galactan,0.9999999999960456,0.9999999999960456,3.A.1.1.28,3.A.1.1.28;GH36;MarR,3.A.1.1.28;GH36;MarR;null;SBP,3.A.1.1.28:+0.0918;GH36:+0.0807;MarR:+0.0428;null:+0.0117;SBP:+0.0073
576,4,galactan,galactan,0.9731136089842657,0.9731136089842657,GH129,GH129;GH127;2.A.1.1.55,GH129;GH127;2.A.1.1.55;AraC;HTH,GH129:+0.0895;GH127:+0.0711;2.A.1.1.55:+0.0503;AraC:+0.0315;HTH:+0.0294
579,4,galactan,galactan,0.8849369865532091,0.8849369865532091,LacI,LacI;GH42;GH53,LacI;GH42;GH53;2.A.2;null,LacI:+0.3379;GH42:+0.3321;GH53:+0.2050;2.A.2:+0.0793;null:+0.0253
583,4,galactan,galactan,0.9355856292254852,0.9355856292254852,GntR,GntR;null;2.A.1,GntR;null;2.A.1;GH16;1.B.14,GntR:+0.1968;null:+0.1428;2.A.1:+0.1246;GH16:+0.0727;1.B.14:+0.0280
584,4,galactan,host glycan,0.11184025856725306,0.624637133915642,GH16,GH16;CBM16;null,GH16;CBM16;null;N;TetR,GH16:+0.0712;CBM16:+0.0176;null:+0.0037;N:-0.0372;TetR:-0.0751
595,4,host glycan,host glycan,0.9999999999960456,0.9999999999960456,GH18,GH18;GH163;8.A.46.2.1,GH18;GH163;8.A.46.2.1;GH92;1.B.14.6.13,GH18:+0.0575;GH163:+0.0458;8.A.46.2.1:+0.0391;GH92:+0.0325;1.B.14.6.13:+0.0237
596,4,host glycan,host glycan,0.9999999999960456,0.9999999999960456,8.A.46.2.2,8.A.46.2.2;GH18;null,8.A.46.2.2;GH18;null;1.B.14.6.13,8.A.46.2.2:+0.0680;GH18:+0.0395;null:+0.0122;1.B.14.6.13:+0.0000
599,4,host glycan,host glycan,0.46574395675399194,0.46574395675399194,GH2,GH2;GH88;null,GH2;GH88;null;8.A.46.1.2;1.B.14.6.1,GH2:+0.1091;GH88:+0.0387;null:+0.0156;8.A.46.1.2:-0.0654;1.B.14.6.1:-0.1304
600,4,host glycan,host glycan,0.9999999999960456,0.9999999999960456,GH20,GH20;GH33;CBM93,GH20;GH33;CBM93;GH2;CE3,GH20:+0.0327;GH33:+0.0167;CBM93:+0.0127;GH2:+0.0075;CE3:+0.0047
608,4,host glycan,host glycan,0.9901233791998065,0.9901233791998065,GH18,GH18;8.A.46;1.B.14,GH18;8.A.46;1.B.14;null,GH18:+0.4922;8.A.46:+0.0969;1.B.14:+0.0372;null:+0.0032
610,4,host glycan,host glycan,0.7442108404076787,0.7442108404076787,CE9,CE9;SIS;null,CE9;SIS;null;2.A.1;GntR,CE9:+0.5151;SIS:+0.0634;null:+0.0335;2.A.1:+0.0049;GntR:-0.0195
614,4,host glycan,host glycan,0.9999999999960456,0.9999999999960456,GH2,GH2;GH20;CE9,GH2;GH20;CE9;CE3;CE20,GH2:+0.0260;GH20:+0.0211;CE9:+0.0152;CE3:+0.0074;CE20:+0.0070
622,4,host glycan,host glycan,0.9999999999960456,0.9999999999960456,CE9,CE9;4.A.1.1.7;MarR,CE9;4.A.1.1.7;MarR,CE9:+0.2278;4.A.1.1.7:+0.0000;MarR:+0.0000
629,4,host glycan,host glycan,0.9976218415705219,0.9976218415705219,GH33,GH33;CBM93;3,GH33;CBM93;3;MarR;8.A.46.1.4,GH33:+0.1429;CBM93:+0.1134;3:+0.0573;MarR:+0.0425;8.A.46.1.4:+0.0351
634,4,host glycan,host glycan,0.9999999999960456,0.9999999999960456,CBM32,CBM32;null;1.B.14.6.1,CBM32;null;1.B.14.6.1,CBM32:+0.7825;null:+0.0294;1.B.14.6.1:+0.0222
638,4,host glycan,host glycan,0.9958546134727442,0.9958546134727442,GH88,GH88;PfkB;PL12,GH88;PfkB;PL12;null;4.A.6.1.14,GH88:+0.1145;PfkB:+0.0201;PL12:+0.0181;null:+0.0149;4.A.6.1.14:+0.0072
645,4,host glycan,host glycan,0.9999999999960456,0.9999999999960456,GH20,GH20;GH33;CBM93,GH20;GH33;CBM93;GH2;CBM32,GH20:+0.0288;GH33:+0.0231;CBM93:+0.0147;GH2:+0.0109;CBM32:+0.0040
650,4,host glycan,host glycan,0.9999999999960456,0.9999999999960456,CE9,CE9;4.A.1.1.7,CE9;4.A.1.1.7,CE9:+0.2494;4.A.1.1.7:+0.0067
656,4,host glycan,host glycan,0.9911263419337104,0.9911263419337104,CE9,CE9;null,CE9;null,CE9:+0.5310;null:-0.0022
663,4,host glycan,host glycan,0.9999999999960456,0.9999999999960456,FecR,FecR;GerE;8.A.46.2.2,FecR;GerE;8.A.46.2.2;1.B.14.6.13;GH18,FecR:+0.0423;GerE:+0.0286;8.A.46.2.2:+0.0245;1.B.14.6.13:+0.0150;GH18:+0.0111
664,4,host glycan,host glycan,0.9999999999960456,0.9999999999960456,FecR,FecR;GH18;GerE,FecR;GH18;GerE;1.B.14.6.13;8.A.46.2.1,FecR:+0.0452;GH18:+0.0280;GerE:+0.0211;1.B.14.6.13:+0.0153;8.A.46.2.1:+0.0068
672,4,host glycan,host glycan,0.9999999999960456,0.9999999999960456,4.A.3.1.3,4.A.3.1.3;GH1;4.A.3.1.1,4.A.3.1.3;GH1;4.A.3.1.1,4.A.3.1.3:+0.2417;GH1:+0.0994;4.A.3.1.1:+0.0735
674,4,host glycan,host glycan,0.9999999999960456,0.9999999999960456,4.A.3.1.3,4.A.3.1.3;GH1;4.A.3.1.1,4.A.3.1.3;GH1;4.A.3.1.1;null,4.A.3.1.3:+0.3742;GH1:+0.0694;4.A.3.1.1:+0.0000;null:+0.0000
676,4,host glycan,host glycan,0.9999999999960456,0.9999999999960456,GH88,GH88;GH2;GH20,GH88;GH2;GH20;HTH;AraC,GH88:+0.0362;GH2:+0.0189;GH20:+0.0159;HTH:+0.0158;AraC:+0.0152
679,4,host glycan,host glycan,0.9280012622912712,0.9280012622912712,8.A.46.2.2,8.A.46.2.2;1.B.14.6.13;null,8.A.46.2.2;1.B.14.6.13;null;GH18,8.A.46.2.2:+0.2438;1.B.14.6.13:+0.0653;null:+0.0430;GH18:-0.0374
681,4,host glycan,beta-glucan,3.5947803097821025e-13,0.9999999999960456,null,null;GH1,null;GH1,null:-0.0126;GH1:-0.4601
687,4,host glycan,host glycan,0.6644605302187359,0.6644605302187359,GH20,GH20,GH20,GH20:+0.3656
697,4,host glycan,host glycan,0.9999999999960456,0.9999999999960456,CE9,CE9;GH2;GH20,CE9;GH2;GH20;GH92,CE9:+0.0417;GH2:+0.0378;GH20:+0.0205;GH92:+0.0064
704,4,host glycan,host glycan,0.9615726599959364,0.9615726599959364,GH2,GH2;CBM32;null,GH2;CBM32;null;GH20;1.C.39.4.5,GH2:+0.0545;CBM32:+0.0398;null:+0.0351;GH20:+0.0337;1.C.39.4.5:+0.0326
707,4,host glycan,pectin,0.003073483121482906,0.8757844020100326,1.B.14.6.1,1.B.14.6.1;HTH;null,1.B.14.6.1;HTH;null;AraC;Mga,1.B.14.6.1:+0.0017;HTH:-0.0009;null:-0.0010;AraC:-0.0022;Mga:-0.0083
710,4,host glycan,host glycan,0.9998235854927954,0.9998235854927954,GH35,GH35;19;GH43,GH35;19;GH43;CBM91;9,GH35:+0.0922;19:+0.0583;GH43:+0.0502;CBM91:+0.0203;9:+0.0167
711,4,host glycan,host glycan,0.9995401181786919,0.9995401181786919,GH35,GH35;19;2,GH35;19;2;GH51;GH43,GH35:+0.2225;19:+0.1169;2:+0.1058;GH51:+0.0942;GH43:+0.0714
713,4,host glycan,host glycan,0.9996538964179864,0.9996538964179864,1.B.14.6.1,1.B.14.6.1;CBM91;CBM32,1.B.14.6.1;CBM91;CBM32;HTH;GH29,1.B.14.6.1:+0.1012;CBM91:+0.0997;CBM32:+0.0596;HTH:+0.0368;GH29:+0.0355
718,4,host glycan,host glycan,0.9999999999960456,0.9999999999960456,8.A.46.2.2,8.A.46.2.2;FecR;GH18,8.A.46.2.2;FecR;GH18;1.B.14.6.13;null,8.A.46.2.2:+0.0315;FecR:+0.0228;GH18:+0.0110;1.B.14.6.13:+0.0040;null:+0.0022
723,4,host glycan,host glycan,0.7485856141590217,0.7485856141590217,GH163,GH163;GH130;GH92,GH163;GH130;GH92;8.A.46;1.B.14,GH163:+0.3881;GH130:+0.0959;GH92:+0.0958;8.A.46:+0.0807;1.B.14:+0.0277
724,4,host glycan,host glycan,0.9029296319698081,0.9029296319698081,FecR,FecR;GH163;GH130,FecR;GH163;GH130;GH20;GH92,FecR:+0.0795;GH163:+0.0663;GH130:+0.0621;GH20:+0.0323;GH92:+0.0295
736,4,host glycan,host glycan,0.9999999999960456,0.9999999999960456,CBM32,CBM32;GH2;GH109,CBM32;GH2;GH109;2.A.115.1.1;1.B.14.6.1,CBM32:+0.0243;GH2:+0.0179;GH109:+0.0149;2.A.115.1.1:+0.0122;1.B.14.6.1:+0.0067
750,4,host glycan,host glycan,0.9883016512188922,0.9883016512188922,DeoR,DeoR;PfkB;13,DeoR;PfkB;13;1.B.35.2.2;GH31,DeoR:+0.1229;PfkB:+0.0541;13:+0.0516;1.B.35.2.2:+0.0481;GH31:+0.0257
755,4,host glycan,host glycan,0.9999999999960456,0.9999999999960456,CE9,CE9;MarR,CE9;MarR,CE9:+0.3373;MarR:+0.0067
763,4,host glycan,host glycan,0.9999999999960456,0.9999999999960456,GH20,GH20;GH33;CBM93,GH20;GH33;CBM93;GH2;CE20,GH20:+0.0273;GH33:+0.0192;CBM93:+0.0113;GH2:+0.0092;CE20:+0.0044
765,4,host glycan,host glycan,0.9915670078566643,0.9915670078566643,8.A.46.1.3,8.A.46.1.3;PL8;2,8.A.46.1.3;PL8;2;HTH;AraC,8.A.46.1.3:+0.0400;PL8:+0.0323;2:+0.0305;HTH:+0.0293;AraC:+0.0151
767,4,host glycan,host glycan,0.9850308679230668,0.9850308679230668,GH88,GH88;PL12;1,GH88;PL12;1;4.A.6.1.14;null,GH88:+0.1197;PL12:+0.0441;1:+0.0153;4.A.6.1.14:+0.0080;null:+0.0024
772,4,host glycan,host glycan,0.5696540380379178,0.5696540380379178,CBM32,CBM32;null;1.B.14,CBM32;null;1.B.14;binding,CBM32:+0.4516;null:+0.0309;1.B.14:-0.0898;binding:-0.3323
778,4,host glycan,host glycan,0.9995450918124672,0.9995450918124672,GerE,GerE;GH38;CBM67,GerE;GH38;CBM67;GH92;3,GerE:+0.0304;GH38:+0.0280;CBM67:+0.0274;GH92:+0.0266;3:+0.0264
782,4,host glycan,host glycan,0.9548403488276955,0.9548403488276955,GH18,GH18;1.B.14.6.13;8.A.46.2.1,GH18;1.B.14.6.13;8.A.46.2.1;null;gnl,GH18:+0.1045;1.B.14.6.13:+0.0755;8.A.46.2.1:+0.0294;null:+0.0094;gnl:+0.0053
784,4,host glycan,host glycan,0.9999999999960456,0.9999999999960456,FecR,FecR;GH18;8.A.46.2.2,FecR;GH18;8.A.46.2.2;1.B.14.6.13;null,FecR:+0.0255;GH18:+0.0089;8.A.46.2.2:+0.0060;1.B.14.6.13:+0.0027;null:+0.0015
785,4,host glycan,host glycan,0.9290798222672457,0.9290798222672457,8.A.46.2.2,8.A.46.2.2;1.B.14.6.13;null,8.A.46.2.2;1.B.14.6.13;null;GH18,8.A.46.2.2:+0.2266;1.B.14.6.13:+0.0582;null:+0.0441;GH18:-0.0190
799,4,host glycan,host glycan,0.9990385771896741,0.9990385771896741,GH18,GH18;GH163;8.A.46.2.1,GH18;GH163;8.A.46.2.1;1.B.14.6.13;GH92,GH18:+0.0403;GH163:+0.0242;8.A.46.2.1:+0.0211;1.B.14.6.13:+0.0170;GH92:+0.0140
805,4,host glycan,host glycan,0.9999999999960456,0.9999999999960456,FecR,FecR;GH18;8.A.46.2.2,FecR;GH18;8.A.46.2.2;1.B.14.6.13;null,FecR:+0.0257;GH18:+0.0093;8.A.46.2.2:+0.0065;1.B.14.6.13:+0.0029;null:+0.0015
814,4,host glycan,beta-glucan,0.04792724211991316,0.4010281049300969,2,2;AraC;HTH,2;AraC;HTH;GH43;ATPase,2:+0.0347;AraC:+0.0160;HTH:+0.0117;GH43:+0.0001;ATPase:-0.0015
815,4,host glycan,host glycan,0.9850308679230668,0.9850308679230668,GH88,GH88;PL12;1,GH88;PL12;1;4.A.6.1.14;null,GH88:+0.1197;PL12:+0.0441;1:+0.0153;4.A.6.1.14:+0.0080;null:+0.0024
817,4,host glycan,host glycan,0.9958546134727442,0.9958546134727442,GH88,GH88;PfkB;PL12,GH88;PfkB;PL12;null;4.A.6.1.14,GH88:+0.1145;PfkB:+0.0201;PL12:+0.0181;null:+0.0149;4.A.6.1.14:+0.0072
829,4,host glycan,host glycan,0.9874887028371542,0.9874887028371542,GH88,GH88;PL12;PfkB,GH88;PL12;PfkB;PL8;1,GH88:+0.1552;PL12:+0.0318;PfkB:+0.0283;PL8:+0.0200;1:+0.0189
835,4,pectin,pectin,0.9999999999960458,0.9999999999960458,1.B.14.6.1,1.B.14.6.1;GH3;GH144,1.B.14.6.1;GH3;GH144;null,1.B.14.6.1:+0.2120;GH3:+0.1214;GH144:+0.0000;null:+0.0000
837,4,pectin,pectin,0.8169376706017834,0.8169376706017834,GH133,GH133;GH57;GT4,GH133;GH57;GT4;GH3;null,GH133:+0.1848;GH57:+0.1322;GT4:+0.1216;GH3:+0.0855;null:-0.0147
843,4,pectin,pectin,0.7795441819618402,0.7795441819618402,CE20,CE20;1.B.14.6.2;null,CE20;1.B.14.6.2;null;2.A.1.1.55,CE20:+0.4435;1.B.14.6.2:+0.1380;null:+0.0910;2.A.1.1.55:-0.1938
846,4,pectin,pectin,0.9495893468646368,0.9495893468646368,GH140,GH140;5;GH5,GH140;5;GH5;2.A.2.3.6;CBM67,GH140:+0.1375;5:+0.0991;GH5:+0.0870;2.A.2.3.6:+0.0748;CBM67:+0.0651
849,4,pectin,pectin,0.9913874420690011,0.9913874420690011,GH105,GH105;null;CE12,GH105;null;CE12;GH28;CE8,GH105:+0.0442;null:+0.0268;CE12:+0.0225;GH28:+0.0215;CE8:+0.0159
858,4,pectin,pectin,0.9554850488078117,0.9554850488078117,GH105,GH105;CE12;GH28,GH105;CE12;GH28;CE8;PL1,GH105:+0.0765;CE12:+0.0467;GH28:+0.0340;CE8:+0.0338;PL1:+0.0260
866,4,pectin,pectin,0.8373977175316378,0.8373977175316378,GH144,GH144;8.A.46.1.3;GH3,GH144;8.A.46.1.3;GH3,GH144:+0.3175;8.A.46.1.3:+0.1298;GH3:+0.0835
867,4,pectin,pectin,0.9999999999960458,0.9999999999960458,1.B.14.6.1,1.B.14.6.1;GH3;GH144,1.B.14.6.1;GH3;GH144;8.A.46.1.3,1.B.14.6.1:+0.1626;GH3:+0.1433;GH144:+0.0352;8.A.46.1.3:+0.0000
869,4,pectin,pectin,0.7033940046738308,0.7033940046738308,GH147,GH147;GH53;GH133,GH147;GH53;GH133;null;10,GH147:+0.3397;GH53:+0.1605;GH133:+0.1509;null:+0.0586;10:+0.0371
870,4,pectin,pectin,0.8344384034905702,0.8344384034905702,CE12,CE12;1.B.14.6.2;8.A.46.1.4,CE12;1.B.14.6.2;8.A.46.1.4;PL11;GH105,CE12:+0.0513;1.B.14.6.2:+0.0463;8.A.46.1.4:+0.0355;PL11:+0.0339;GH105:+0.0314
880,4,pectin,pectin,0.9601959818101857,0.9601959818101857,NUDIX,NUDIX;GH146;GH51,NUDIX;GH146;GH51;2.A.21.3.19;4,NUDIX:+0.1890;GH146:+0.1453;GH51:+0.0960;2.A.21.3.19:+0.0691;4:+0.0625
887,4,pectin,host glycan,0.33773579654346025,0.645277102509501,GH92,GH92;1.B.14.6.1;GerE,GH92;1.B.14.6.1;GerE;FecR;null,GH92:+0.2402;1.B.14.6.1:+0.2043;GerE:+0.1298;FecR:+0.1133;null:-0.0039
893,4,pectin,pectin,0.9999999999960458,0.9999999999960458,GH105,GH105;CE12;GH28,GH105;CE12;GH28;CE8;2,GH105:+0.0595;CE12:+0.0429;GH28:+0.0304;CE8:+0.0167;2:+0.0155
896,4,pectin,pectin,0.7754557348663625,0.7754557348663625,PL9,PL9;PL22;MarR,PL9;PL22;MarR;1.B.35;PfkB,PL9:+0.2559;PL22:+0.1584;MarR:+0.1111;1.B.35:+0.0423;PfkB:+0.0329
904,4,pectin,pectin,0.9321447334856285,0.9321447334856285,PL1,PL1;2;null,PL1;2;null;1.B.14,PL1:+0.3106;2:+0.0754;null:-0.0061;1.B.14:-0.0284
906,4,pectin,pectin,0.9999999999960458,0.9999999999960458,1.B.14.6.1,1.B.14.6.1;1.B.14.6.2;CE12,1.B.14.6.1;1.B.14.6.2;CE12;8.A.46.1.4;GH105,1.B.14.6.1:+0.0208;1.B.14.6.2:+0.0179;CE12:+0.0156;8.A.46.1.4:+0.0139;GH105:+0.0131
909,4,pectin,pectin,0.7879950065897011,0.7879950065897011,GH144,GH144;GH3;null,GH144;GH3;null,GH144:+0.3813;GH3:+0.0973;null:+0.0804
921,4,pectin,pectin,0.9846385533550348,0.9846385533550348,18,18;GH33;GH140,18;GH33;GH140;GH106;CBM67,18:+0.0399;GH33:+0.0368;GH140:+0.0287;GH106:+0.0258;CBM67:+0.0214
922,4,pectin,pectin,0.9598443396630222,0.9598443396630222,GH105,GH105;GH28;null,GH105;GH28;null;PL1;2.A.56,GH105:+0.0492;GH28:+0.0357;null:+0.0352;PL1:+0.0172;2.A.56:+0.0168
923,4,pectin,pectin,0.9894083435231138,0.9894083435231138,LacI,LacI;GH28;GH105,LacI;GH28;GH105;CE12;CE8,LacI:+0.0254;GH28:+0.0232;GH105:+0.0216;CE12:+0.0184;CE8:+0.0123
933,4,xylan,xylan,0.9998841487469208,0.9998841487469208,7,7;17;GH43,7;17;GH43;CE1;2,7:+0.1116;17:+0.0630;GH43:+0.0616;CE1:+0.0256;2:+0.0167
935,4,xylan,xylan,0.9592885140108707,0.9592885140108707,12,12;10;1.B.14,12;10;1.B.14;GH115;GH43,12:+0.0864;10:+0.0624;1.B.14:+0.0530;GH115:+0.0522;GH43:+0.0499
936,4,xylan,xylan,0.8796186004450289,0.8796186004450289,GH10,GH10;GH43;1.B.14,GH10;GH43;1.B.14;2.A.2;1,GH10:+0.2058;GH43:+0.0631;1.B.14:+0.0349;2.A.2:+0.0207;1:+0.0199
945,4,xylan,xylan,0.9998841487469208,0.9998841487469208,7,7;17;GH43,7;17;GH43;CE1;GH3,7:+0.0844;17:+0.0509;GH43:+0.0469;CE1:+0.0200;GH3:+0.0068
952,4,xylan,xylan,0.9999999999960458,0.9999999999960458,GH10,GH10;GH95;AraC,GH10;GH95;AraC;GH3;CE1,GH10:+0.0986;GH95:+0.0528;AraC:+0.0516;GH3:+0.0452;CE1:+0.0425
954,4,xylan,xylan,0.7606567470613196,0.7606567470613196,GH10,GH10;GH43;2.A.1,GH10;GH43;2.A.1;2.A.2;1,GH10:+0.2543;GH43:+0.1354;2.A.1:+0.1041;2.A.2:+0.0691;1:+0.0468
955,4,xylan,xylan,0.8067406071266878,0.8067406071266878,GH10,GH10;GH43;1,GH10;GH43;1,GH10:+0.5731;GH43:+0.0622;1:+0.0317
960,4,xylan,xylan,0.8115976349961801,0.8115976349961801,26,26;13;GH5,26;13;GH5;GH127;GH43,26:+0.2331;13:+0.1880;GH5:+0.1395;GH127:+0.1332;GH43:+0.0847
962,4,xylan,xylan,0.780039012451824,0.780039012451824,GH128,GH128;19;GH51,GH128;19;GH51;null;GH43,GH128:+0.5010;19:+0.1322;GH51:+0.1300;null:+0.1116;GH43:+0.0893
971,4,xylan,xylan,0.9163560041844421,0.9163560041844421,GH97,GH97;GH10;GH43,GH97;GH10;GH43;GH115;GH67,GH97:+0.0427;GH10:+0.0312;GH43:+0.0312;GH115:+0.0310;GH67:+0.0260
972,4,xylan,xylan,0.5470009580033918,0.5470009580033918,GH35,GH35;null;1.B.14.6.1,GH35;null;1.B.14.6.1,GH35:+0.5377;null:+0.1739;1.B.14.6.1:-0.2767
975,4,xylan,xylan,0.8885316800348443,0.8885316800348443,GH97,GH97;12;GH115,GH97;12;GH115;10;GH43,GH97:+0.0877;12:+0.0651;GH115:+0.0557;10:+0.0523;GH43:+0.0349
980,4,xylan,xylan,0.9163560041844421,0.9163560041844421,GH97,GH97;GH10;GH43,GH97;GH10;GH43;GH115;GH67,GH97:+0.0427;GH10:+0.0312;GH43:+0.0312;GH115:+0.0310;GH67:+0.0260
985,4,xylan,xylan,0.8067406071266878,0.8067406071266878,GH10,GH10;GH43;1,GH10;GH43;1,GH10:+0.5731;GH43:+0.0622;1:+0.0317
990,4,xylan,xylan,0.9407351283317748,0.9407351283317748,GH10,GH10;GH67;GH43,GH10;GH67;GH43;1;null,GH10:+0.1010;GH67:+0.0862;GH43:+0.0541;1:+0.0486;null:+0.0287
998,4,xylan,xylan,0.9999999999960458,0.9999999999960458,GH67,GH67;GH10;CE20,GH67;GH10;CE20;HTH;1,GH67:+0.0492;GH10:+0.0459;CE20:+0.0273;HTH:+0.0237;1:+0.0233
1022,4,xylan,xylan,0.8071447003741835,0.8071447003741835,GH67,GH67;2.A.2.3.6;GerE,GH67;2.A.2.3.6;GerE;1.B.14.6.1;null,GH67:+0.4316;2.A.2.3.6:+0.1271;GerE:+0.1120;1.B.14.6.1:+0.0630;null:+0.0331
1023,4,xylan,xylan,0.4485711056032951,0.4485711056032951,1,1;GH3;GH43,1;GH3;GH43;7;PL11,1:+0.1644;GH3:+0.1614;GH43:+0.1586;7:+0.1531;PL11:+0.1386
1028,4,xylan,xylan,0.9451096912647521,0.9451096912647521,GH67,GH67;GH10;HTH,GH67;GH10;HTH;PfkB;AraC,GH67:+0.0758;GH10:+0.0570;HTH:+0.0560;PfkB:+0.0406;AraC:+0.0341
1029,4,xylan,xylan,0.5356379803027598,0.5356379803027598,GH10,GH10;Fer4;null,GH10;Fer4;null;1;2,GH10:+0.4500;Fer4:+0.0491;null:+0.0231;1:+0.0032;2:-0.0053
