idx,fold,true,pred,prob,top1,top3,top5,top5_with_delta
8,0,alginate,alginate,0.7354790540227568,binding,binding;PL5;1,binding;PL5;1;AraC;null,binding:+0.2245;PL5:+0.1972;1:+0.1625;AraC:+0.1069;null:+0.0308
10,0,alginate,alginate,0.48292682926829256,PL17,PL17;PL6;binding,PL17;PL6;binding;PfkB;2,PL17:+0.0899;PL6:+0.0787;binding:+0.0534;PfkB:+0.0405;2:+0.0343
11,0,alginate,alginate,1.0,PL17,PL17;PL6;GntR,PL17;PL6;GntR;1;2,PL17:+0.1947;PL6:+0.1263;GntR:+0.1113;1:+0.0904;2:+0.0656
12,0,alginate,alginate,1.0,PL17,PL17;PL6;GntR,PL17;PL6;GntR;1;2,PL17:+0.1913;PL6:+0.1253;GntR:+0.1161;1:+0.0820;2:+0.0656
19,0,alginate,alginate,1.0,PL6,PL6;1;1.B.14.12.2,PL6;1;1.B.14.12.2;PL7;5,PL6:+0.1636;1:+0.1529;1.B.14.12.2:+0.1213;PL7:+0.1211;5:+0.0957
24,0,alginate,alginate,0.9959919839679359,PL6,PL6;1;GntR,PL6;1;GntR;PL17;3,PL6:+0.0788;1:+0.0620;GntR:+0.0596;PL17:+0.0430;3:+0.0428
27,0,alginate,alginate,0.45719992786894337,PL5,PL5;1;null,PL5;1;null,PL5:+0.3826;1:+0.1240;null:+0.0026
30,0,alginate,alginate,1.0,PL17,PL17;PL6;1,PL17;PL6;1;2;2.A.1.14.25,PL17:+0.1466;PL6:+0.1081;1:+0.0607;2:+0.0593;2.A.1.14.25:+0.0467
33,0,alginate,alginate,0.993963782696177,PL17,PL17;PL6;1,PL17;PL6;1;2.A.1.14.25;2,PL17:+0.1516;PL6:+0.1089;1:+0.0838;2.A.1.14.25:+0.0585;2:+0.0567
43,0,alginate,alginate,0.7642699175963525,PL6,PL6;1.B.14.12.2;1,PL6;1.B.14.12.2;1;null;LacI,PL6:+0.3405;1.B.14.12.2:+0.1865;1:+0.1771;null:+0.0787;LacI:+0.0185
58,0,alpha-glucan,alpha-glucan,1.0,LacI,LacI;GH32;2.A.1.5.3,LacI;GH32;2.A.1.5.3,LacI:+0.3117;GH32:+0.1776;2.A.1.5.3:+0.0780
60,0,alpha-glucan,alpha-glucan,0.6100628930817609,GH13,GH13;redox;Pyr,GH13;redox;Pyr;2;38,GH13:+0.0930;redox:+0.0891;Pyr:+0.0885;2:+0.0788;38:+0.0305
62,0,alpha-glucan,alpha-glucan,1.0,LacI,LacI;GH13;3.A.1.1.45,LacI;GH13;3.A.1.1.45;30,LacI:+0.1808;GH13:+0.1404;3.A.1.1.45:+0.0737;30:+0.0458
64,0,alpha-glucan,beta-glucan,0.5068762278978389,3,3;BP;Peripla,3;BP;Peripla;LacI;3.A.1,3:+0.1547;BP:+0.1469;Peripla:+0.1307;LacI:+0.0414;3.A.1:+0.0125
67,0,alpha-glucan,alpha-glucan,0.9880478087649402,GH13,GH13;20;8.A.9,GH13;20;8.A.9;CBM34;3.A.1,GH13:+0.2566;20:+0.1645;8.A.9:+0.0797;CBM34:+0.0109;3.A.1:+0.0082
69,0,alpha-glucan,alpha-glucan,0.6948675308968593,GH97,GH97;8.A.9,GH97;8.A.9,GH97:+0.3246;8.A.9:+0.0657
70,0,alpha-glucan,alpha-glucan,1.0,GH13,GH13;20;CBM34,GH13;20;CBM34;3.A.1.1.26;null,GH13:+0.2380;20:+0.1139;CBM34:+0.0676;3.A.1.1.26:+0.0345;null:+0.0158
71,0,alpha-glucan,alpha-glucan,0.8670334186667196,GH13,GH13;GT5;GT35,GH13;GT5;GT35;CBM48;null,GH13:+0.1705;GT5:+0.1141;GT35:+0.0845;CBM48:+0.0519;null:+0.0101
83,0,alpha-glucan,alpha-glucan,0.9982618233405173,GH13,GH13;18;null,GH13;18;null,GH13:+0.2342;18:+0.1587;null:+0.0243
90,0,alpha-glucan,alpha-glucan,1.0,GH13,GH13;LacI;31,GH13;LacI;31,GH13:+0.2155;LacI:+0.1885;31:+0.1074
96,0,alpha-glucan,alpha-glucan,0.998500228401874,GH13,GH13;GH97;null,GH13;GH97;null;1.B.14.6.1;8.A.46.1.1,GH13:+0.1465;GH97:+0.1377;null:+0.0361;1.B.14.6.1:+0.0268;8.A.46.1.1:+0.0202
100,0,alpha-glucan,alpha-glucan,1.0,GH31,GH31;8.A.46.1.5;GH66,GH31;8.A.46.1.5;GH66;null,GH31:+0.2035;8.A.46.1.5:+0.1909;GH66:+0.1641;null:+0.0158
103,0,alpha-glucan,alpha-glucan,1.0,2.A.1.5.3,2.A.1.5.3;GH32,2.A.1.5.3;GH32,2.A.1.5.3:+0.3492;GH32:+0.3246
109,0,alpha-glucan,alpha-glucan,1.0,GH32,GH32;3.A.1.1.10;bac,GH32;3.A.1.1.10;bac;SBP;1,GH32:+0.2666;3.A.1.1.10:+0.1936;bac:+0.0433;SBP:+0.0315;1:+0.0060
115,0,alpha-glucan,alpha-glucan,0.695728718256187,GH97,GH97;GH13;GH31,GH97;GH13;GH31;1.B.14;38,GH97:+0.2212;GH13:+0.1084;GH31:+0.0376;1.B.14:+0.0111;38:+0.0005
118,0,alpha-glucan,alpha-glucan,0.9919028340080972,GH97,GH97;GH13;1.B.14.6.1,GH97;GH13;1.B.14.6.1;null,GH97:+0.2737;GH13:+0.2369;1.B.14.6.1:+0.0334;null:+0.0083
127,0,alpha-glucan,alpha-glucan,0.9240433747900524,LacI,LacI;GH77;GT35,LacI;GH77;GT35,LacI:+0.2436;GH77:+0.1743;GT35:+0.1078
128,0,alpha-glucan,alpha-glucan,0.9347690970555389,LacI,LacI;GH77;GT35,LacI;GH77;GT35;3.A.1.1.27,LacI:+0.2040;GH77:+0.1477;GT35:+0.0962;3.A.1.1.27:+0.0107
136,0,alpha-glucan,fructan,1.0,3.A.1.1.10,3.A.1.1.10;3.A.1.1.29;GH32,3.A.1.1.10;3.A.1.1.29;GH32;null;LacI,3.A.1.1.10:+1.0000;3.A.1.1.29:+1.0000;GH32:+0.2210;null:+0.1786;LacI:+0.1763
144,0,alpha-glucan,alpha-glucan,0.6104129120906475,GH13,GH13;LacI,GH13;LacI,GH13:+0.2667;LacI:+0.0563
150,0,alpha-glucan,alpha-glucan,1.0,GH13,GH13;20;CBM34,GH13;20;CBM34;31;3.A.1.1.27,GH13:+0.1418;20:+0.0733;CBM34:+0.0674;31:+0.0638;3.A.1.1.27:+0.0596
152,0,alpha-glucan,alpha-glucan,0.8673601957307185,GH13,GH13;CBM34;3.A.1.1.45,GH13;CBM34;3.A.1.1.45;CBM20;39,GH13:+0.2525;CBM34:+0.0322;3.A.1.1.45:+0.0287;CBM20:+0.0096;39:+0.0061
160,0,alpha-glucan,alpha-glucan,0.6043845095097858,GH13,GH13;36;null,GH13;36;null;1.B.14;7,GH13:+0.1895;36:+0.0614;null:+0.0393;1.B.14:+0.0217;7:+0.0184
167,0,alpha-glucan,fructan,1.0,3.A.1.1.10,3.A.1.1.10;3.A.1.1.29;GH32,3.A.1.1.10;3.A.1.1.29;GH32;null;LacI,3.A.1.1.10:+1.0000;3.A.1.1.29:+1.0000;GH32:+0.2210;null:+0.1786;LacI:+0.1763
170,0,alpha-glucan,alpha-glucan,1.0,GH13,GH13;GT5;9,GH13;GT5;9;CBM48;GT35,GH13:+0.1119;GT5:+0.0573;9:+0.0347;CBM48:+0.0207;GT35:+0.0162
173,0,alpha-glucan,alpha-glucan,1.0,GH13,GH13;redox;1,GH13;redox;1;Pyr;2,GH13:+0.1745;redox:+0.1027;1:+0.0796;Pyr:+0.0775;2:+0.0676
177,0,alpha-mannan,alpha-mannan,0.9558201347475377,GH125,GH125;GH1;GH38,GH125;GH1;GH38;GntR;GH84,GH125:+0.2757;GH1:+0.2676;GH38:+0.2384;GntR:+0.2325;GH84:+0.2181
185,0,alpha-mannan,alpha-mannan,0.8286671708467367,GH99,GH99;GH92;null,GH99;GH92;null,GH99:+0.3227;GH92:+0.2697;null:+0.1294
187,0,alpha-mannan,alpha-mannan,0.9460199156997262,GH92,GH92;null;1.B.14.6.1,GH92;null;1.B.14.6.1;9.B.14.1.10,GH92:+0.4235;null:+0.3125;1.B.14.6.1:+0.1548;9.B.14.1.10:+0.0387
192,0,alpha-mannan,alpha-mannan,0.5327029817591079,GH125,GH125;GH92;LacI,GH125;GH92;LacI;GH76;GH2,GH125:+0.1902;GH92:+0.1158;LacI:+0.0996;GH76:+0.0993;GH2:+0.0694
201,0,arabinogalactan,arabinogalactan,0.29483058259595396,2.A.3,2.A.3;9.B.28;GH43,2.A.3;9.B.28;GH43;HTH;22,2.A.3:+0.1023;9.B.28:+0.0803;GH43:+0.0456;HTH:+0.0451;22:+0.0330
207,0,arabinogalactan,pectin,0.30703027382599973,GH146,GH146;1.B.14;null,GH146;1.B.14;null;29,GH146:+0.1086;1.B.14:+0.0394;null:+0.0322;29:+0.0277
210,0,arabinogalactan,arabinogalactan,0.968,1.B.14.6.1,1.B.14.6.1;CBM32;3,1.B.14.6.1;CBM32;3;GH16;HTH,1.B.14.6.1:+0.2052;CBM32:+0.1983;3:+0.1873;GH16:+0.1636;HTH:+0.1473
217,0,arabinogalactan,arabinogalactan,0.998939609170237,3.A.1.1.34,3.A.1.1.34;GH51;1,3.A.1.1.34;GH51;1;null,3.A.1.1.34:+0.3542;GH51:+0.3094;1:+0.2351;null:+0.0948
219,0,arabinogalactan,arabinogalactan,0.28433643565257943,GH51,GH51;null,GH51;null,GH51:+0.2784;null:+0.0811
220,0,arabinogalactan,pectin,0.5728157436177587,GH146,GH146;NUDIX;2.A.21,GH146;NUDIX;2.A.21;29;GH51,GH146:+0.1759;NUDIX:+0.1648;2.A.21:+0.1247;29:+0.1020;GH51:+0.0949
221,0,arabinogalactan,host glycan,0.30630630630630634,GH2,GH2;1.B.14.6.1;AraC,GH2;1.B.14.6.1;AraC;HTH,GH2:+0.1885;1.B.14.6.1:+0.0493;AraC:+0.0282;HTH:+0.0184
241,0,beta-glucan,beta-glucan,0.8115384615384614,GH5,GH5;4;GH31,GH5;4;GH31;GH3;AraC,GH5:+0.2119;4:+0.1918;GH31:+0.1323;GH3:+0.0806;AraC:+0.0654
245,0,beta-glucan,beta-glucan,1.0,GH1,GH1;GH3;LacI,GH1;GH3;LacI;3;GH16,GH1:+0.1419;GH3:+0.0930;LacI:+0.0926;3:+0.0735;GH16:+0.0549
249,0,beta-glucan,beta-glucan,0.863483875091314,GH1,GH1;LacI;4.A.3.2.7,GH1;LacI;4.A.3.2.7;Glucokinase;4.A.3.2.6,GH1:+0.3909;LacI:+0.2385;4.A.3.2.7:+0.1070;Glucokinase:+0.0777;4.A.3.2.6:+0.0196
252,0,beta-glucan,beta-glucan,0.46714447151432337,GH95,GH95;GH30;CE6,GH95;GH30;CE6;GH62;CBM32,GH95:+0.1386;GH30:+0.1344;CE6:+0.0880;GH62:+0.0825;CBM32:+0.0803
254,0,beta-glucan,beta-glucan,0.46719276103864155,CBM4,CBM4;null,CBM4;null,CBM4:+0.3991;null:+0.0143
258,0,beta-glucan,beta-glucan,0.9959919839679359,GH16,GH16;8.A.46;1.B.14,GH16;8.A.46;1.B.14;GerE;null,GH16:+0.2761;8.A.46:+0.1228;1.B.14:+0.0572;GerE:+0.0332;null:+0.0221
268,0,beta-glucan,beta-glucan,1.0,GH3,GH3;3;GH16,GH3;3;GH16;8.A.46.2.1;1.B.14.6.2,GH3:+0.2246;3:+0.1718;GH16:+0.1539;8.A.46.2.1:+0.1393;1.B.14.6.2:+0.0467
269,0,beta-glucan,beta-mannan,0.523648494304542,1,1;1.B.14.6.1;GH26,1;1.B.14.6.1;GH26;GH130;CE7,1:+0.0967;1.B.14.6.1:+0.0783;GH26:+0.0737;GH130:+0.0526;CE7:+0.0208
271,0,beta-glucan,beta-glucan,0.689840572673292,3,3;GH30;CBM57,3;GH30;CBM57;null;1.B.14.6.1,3:+0.1838;GH30:+0.1374;CBM57:+0.1096;null:+0.0669;1.B.14.6.1:+0.0396
278,0,beta-glucan,beta-glucan,0.5816498070236635,GH5,GH5;4;GH105,GH5;4;GH105;null,GH5:+0.1472;4:+0.1449;GH105:+0.0700;null:+0.0054
282,0,beta-glucan,beta-glucan,1.0,GH3,GH3;GH158;3,GH3;GH158;3;GerE;GH16,GH3:+0.2063;GH158:+0.0681;3:+0.0460;GerE:+0.0337;GH16:+0.0337
289,0,beta-glucan,beta-glucan,0.9681808002904718,4,4;GH31;GH3,4;GH31;GH3;GH5;GH2,4:+0.1709;GH31:+0.1393;GH3:+0.1307;GH5:+0.1114;GH2:+0.0793
302,0,beta-glucan,beta-mannan,0.3574236435306428,7,7;GH26;GH5,7;GH26;GH5;null,7:+0.1402;GH26:+0.1109;GH5:+0.0629;null:+0.0187
306,0,beta-glucan,beta-glucan,0.7785682713738914,GH9,GH9;CBM3,GH9;CBM3,GH9:+0.2974;CBM3:+0.0639
309,0,beta-glucan,beta-glucan,1.0,GH8,GH8;4.D.3.1.6,GH8;4.D.3.1.6,GH8:+0.1373;4.D.3.1.6:+0.0319
312,0,beta-glucan,beta-glucan,1.0,GH4,GH4;4.A.3.2.2;Mga,GH4;4.A.3.2.2;Mga;11;HTH,GH4:+0.3407;4.A.3.2.2:+0.3079;Mga:+0.2679;11:+0.2657;HTH:+0.2072
315,0,beta-glucan,beta-glucan,1.0,3,3;GH3;GH30,3;GH3;GH30;7;HTH,3:+0.2341;GH3:+0.1916;GH30:+0.1656;7:+0.1066;HTH:+0.0730
319,0,beta-glucan,beta-glucan,1.0,GH3,GH3;8.A.46.2.1;1.B.14.6.2,GH3;8.A.46.2.1;1.B.14.6.2;3;GH16,GH3:+0.2249;8.A.46.2.1:+0.1953;1.B.14.6.2:+0.1751;3:+0.1677;GH16:+0.1364
330,0,beta-glucan,beta-glucan,1.0,4.A.1.2.2,4.A.1.2.2;GH1,4.A.1.2.2;GH1,4.A.1.2.2:+0.4654;GH1:+0.3110
333,0,beta-glucan,beta-glucan,1.0,GH73,GH73;9.B.154.1.2;null,GH73;9.B.154.1.2;null;Peptidase;M23,GH73:+0.1907;9.B.154.1.2:+0.0754;null:+0.0748;Peptidase:+0.0251;M23:+0.0040
334,0,beta-glucan,beta-glucan,1.0,GH73,GH73;null;9.B.154.1.2,GH73;null;9.B.154.1.2,GH73:+0.1863;null:+0.0748;9.B.154.1.2:+0.0662
341,0,beta-glucan,beta-glucan,0.7716981132075471,GH31,GH31;3;GH9,GH31;3;GH9;null;9.B.27.3.1,GH31:+0.1293;3:+0.1249;GH9:+0.0879;null:+0.0522;9.B.27.3.1:+0.0374
342,0,beta-glucan,beta-glucan,0.8652173913043477,GH5,GH5;GH31;4,GH5;GH31;4;null;GH26,GH5:+0.1165;GH31:+0.0978;4:+0.0840;null:+0.0192;GH26:+0.0137
347,0,beta-glucan,beta-glucan,0.9981394586877919,GH5,GH5;4;AraC,GH5;4;AraC;HTH;GH36,GH5:+0.2600;4:+0.2061;AraC:+0.1517;HTH:+0.1243;GH36:+0.1100
349,0,beta-glucan,beta-glucan,1.0,GH73,GH73;9.B.154.1.2;null,GH73;9.B.154.1.2;null;Peptidase;M23,GH73:+0.1907;9.B.154.1.2:+0.0754;null:+0.0748;Peptidase:+0.0251;M23:+0.0040
357,0,beta-mannan,beta-mannan,1.0,LacI,LacI;2.A.2.2.3;GH2,LacI;2.A.2.2.3;GH2,LacI:+1.0000;2.A.2.2.3:+0.6208;GH2:+0.4273
361,0,beta-mannan,beta-mannan,0.998,GH29,GH29;HTH;AraC,GH29;HTH;AraC;C;2.A.1.14.25,GH29:+0.2181;HTH:+0.2015;AraC:+0.1838;C:+0.1763;2.A.1.14.25:+0.1536
362,0,beta-mannan,beta-mannan,1.0,GH29,GH29;HTH;C,GH29;HTH;C;AraC;2.A.1.14.25,GH29:+0.1940;HTH:+0.1804;C:+0.1478;AraC:+0.1421;2.A.1.14.25:+0.1138
372,0,beta-mannan,beta-mannan,0.29651868149945504,GH26,GH26;4.A.3;null,GH26;4.A.3;null,GH26:+0.1085;4.A.3:+0.0434;null:+0.0163
376,0,beta-mannan,beta-mannan,0.9306122448979591,LacI,LacI;GH130;1,LacI;GH130;1;9.B.28.1.2;3.A.1.1.46,LacI:+0.2037;GH130:+0.1855;1:+0.0954;9.B.28.1.2:+0.0907;3.A.1.1.46:+0.0894
377,0,beta-mannan,beta-mannan,0.9007936320140838,GH130,GH130;GH26;GH5,GH130;GH26;GH5;HTH;2,GH130:+0.1361;GH26:+0.1125;GH5:+0.1100;HTH:+0.0795;2:+0.0648
380,0,beta-mannan,beta-mannan,0.5706328699187597,GH130,GH130;CE7;GH27,GH130;CE7;GH27,GH130:+0.1993;CE7:+0.0695;GH27:+0.0027
382,0,beta-mannan,beta-mannan,1.0,31,31;LacI;GH13,31;LacI;GH13;GH32;4.A.1.2.12,31:+0.6329;LacI:+0.5306;GH13:+0.4547;GH32:+0.3783;4.A.1.2.12:+0.3156
384,0,beta-mannan,beta-mannan,0.3887443745892516,GH130,GH130;GH113;LacI,GH130;GH113;LacI;CE2;1,GH130:+0.2073;GH113:+0.0441;LacI:+0.0348;CE2:+0.0189;1:+0.0178
391,0,beta-mannan,beta-glucan,0.4078038539790324,GH3,GH3,GH3,GH3:+0.1734
397,0,beta-mannan,galactan,0.36923295966456976,GH42,GH42;3.A.1,GH42;3.A.1,GH42:+0.3263;3.A.1:+0.0920
408,0,beta-mannan,beta-mannan,0.43961790007429274,GH42,GH42;LacI;GH35,GH42;LacI;GH35;null;3.A.1,GH42:+0.1816;LacI:+0.1562;GH35:+0.1498;null:+0.1366;3.A.1:+0.0262
423,0,beta-mannan,galactan,0.7570248048520829,LacI,LacI;GH42;SBP,LacI;GH42;SBP;bac;1,LacI:+0.3635;GH42:+0.3196;SBP:+0.1660;bac:+0.1468;1:+0.1325
433,0,chitin,chitin,0.9297872340425531,GH4,GH4;null;4.A.3.2.1,GH4;null;4.A.3.2.1;4.A.3.2.7,GH4:+0.4019;null:+0.1289;4.A.3.2.1:+0.1101;4.A.3.2.7:+0.0846
434,0,chitin,chitin,0.8963208884391685,4.A.3.2.5,4.A.3.2.5;GH1;AraC,4.A.3.2.5;GH1;AraC;HTH,4.A.3.2.5:+0.4134;GH1:+0.3690;AraC:+0.3520;HTH:+0.3011
435,0,chitin,chitin,0.9984276389027259,AraC,AraC;4.A.3.2.5;HTH,AraC;4.A.3.2.5;HTH;GH1;null,AraC:+0.4900;4.A.3.2.5:+0.4812;HTH:+0.4441;GH1:+0.4003;null:+0.1021
439,0,chitin,chitin,1.0,AA10,AA10;GH18;1,AA10;GH18;1;HTH;1.E.2.1.11,AA10:+0.3379;GH18:+0.1742;1:+0.1353;HTH:+0.0982;1.E.2.1.11:+0.0435
447,0,chitin,chitin,0.4771516139550049,GH18,GH18;CBM5,GH18;CBM5,GH18:+0.2354;CBM5:+0.1395
450,0,chitin,chitin,1.0,GH20,GH20;1.B.25.1.13;null,GH20;1.B.25.1.13;null,GH20:+0.4396;1.B.25.1.13:+0.4207;null:+0.1941
452,0,chitin,chitin,1.0,GH4,GH4;4.A.3.2.7;null,GH4;4.A.3.2.7;null;4.A.3.2.1,GH4:+0.4312;4.A.3.2.7:+0.2122;null:+0.1314;4.A.3.2.1:+0.0369
453,0,chitin,chitin,1.0,CE4,CE4;GH4;4.A.3.2.6,CE4;GH4;4.A.3.2.6,CE4:+0.3833;GH4:+0.3576;4.A.3.2.6:+0.2260
464,0,chitin,chitin,1.0,GH4,GH4;4.A.3.2.7;null,GH4;4.A.3.2.7;null;AraC;HTH,GH4:+0.4279;4.A.3.2.7:+0.4118;null:+0.1403;AraC:+0.0546;HTH:+0.0513
472,0,chitin,chitin,0.5364238410596025,GH20,GH20;PAS;HisKA,GH20;PAS;HisKA;Response;HATPase,GH20:+0.1158;PAS:+0.1051;HisKA:+0.0732;Response:+0.0546;HATPase:+0.0530
474,0,chitin,chitin,0.8095238095238095,GH4,GH4;4.A.3.2.1;AraC,GH4;4.A.3.2.1;AraC;HTH;4.A.3.2.7,GH4:+0.3367;4.A.3.2.1:+0.2446;AraC:+0.0792;HTH:+0.0348;4.A.3.2.7:+0.0220
477,0,chitin,chitin,1.0,GH4,GH4;4.A.3.2.1;HTH,GH4;4.A.3.2.1;HTH;AraC,GH4:+0.3753;4.A.3.2.1:+0.3299;HTH:+0.0908;AraC:+0.0901
483,0,chitin,chitin,1.0,4.A.3.2.7,4.A.3.2.7;GH4;AraC,4.A.3.2.7;GH4;AraC;HTH,4.A.3.2.7:+0.4118;GH4:+0.3841;AraC:+0.0450;HTH:+0.0204
491,0,fructan,alpha-glucan,0.5291666666666667,GH32,GH32;LacI,GH32;LacI,GH32:+0.2880;LacI:+0.2709
498,0,fructan,fructan,1.0,GH32,GH32;2.A.1.7.17;1.B.14.6.1,GH32;2.A.1.7.17;1.B.14.6.1;PfkB;null,GH32:+0.2793;2.A.1.7.17:+0.0720;1.B.14.6.1:+0.0344;PfkB:+0.0309;null:+0.0279
502,0,fructan,fructan,0.49977032613688566,GH68,GH68;GH32,GH68;GH32,GH68:+0.3635;GH32:+0.1259
507,0,fructan,fructan,1.0,3.A.1.1.10,3.A.1.1.10;3.A.1.1.29;GH32,3.A.1.1.10;3.A.1.1.29;GH32;null;LacI,3.A.1.1.10:+1.0000;3.A.1.1.29:+1.0000;GH32:+0.2210;null:+0.1786;LacI:+0.1763
508,0,fructan,alpha-glucan,0.9152542372881355,GH32,GH32;LacI,GH32;LacI,GH32:+0.3853;LacI:+0.3060
514,0,fructan,alpha-glucan,0.4051383399209486,GH32,GH32;LacI,GH32;LacI,GH32:+0.1351;LacI:+0.0920
523,0,galactan,galactan,1.0,GH4,GH4;HTH;AraC,GH4;HTH;AraC,GH4:+0.4156;HTH:+0.2825;AraC:+0.2797
524,0,galactan,galactan,1.0,3.A.1.1.28,3.A.1.1.28;GH36;MarR,3.A.1.1.28;GH36;MarR;null;SBP,3.A.1.1.28:+0.2474;GH36:+0.2179;MarR:+0.1329;null:+0.0458;SBP:+0.0301
528,0,galactan,galactan,0.5615005540079856,3.A.1.1.2,3.A.1.1.2;GH42;LacI,3.A.1.1.2;GH42;LacI,3.A.1.1.2:+0.3330;GH42:+0.1554;LacI:+0.1400
544,0,galactan,pectin,1.0,HTH,HTH;GH53;GH147,HTH;GH53;GH147;AraC;8.A.46,HTH:+0.3282;GH53:+0.3247;GH147:+0.3187;AraC:+0.3149;8.A.46:+0.2892
545,0,galactan,pectin,0.6497797356828194,GH53,GH53;HTH;AraC,GH53;HTH;AraC;8.A.46;GH2,GH53:+0.3134;HTH:+0.2528;AraC:+0.2328;8.A.46:+0.2257;GH2:+0.1761
553,0,galactan,beta-glucan,0.44302638774752223,BP,BP;3;Peripla,BP;3;Peripla;LacI;3.A.1,BP:+0.1171;3:+0.1135;Peripla:+0.1107;LacI:+0.0284;3.A.1:+0.0114
554,0,galactan,galactan,0.5108695652173914,GH16,GH16;GH117;null,GH16;GH117;null;GH29;16,GH16:+0.0915;GH117:+0.0574;null:+0.0510;GH29:+0.0452;16:+0.0373
555,0,galactan,galactan,0.5692567567567567,GH16,GH16;null;GH117,GH16;null;GH117;GH86;GH2,GH16:+0.1291;null:+0.0724;GH117:+0.0693;GH86:+0.0520;GH2:+0.0423
561,0,galactan,galactan,0.5714285714285715,GH53,GH53;8.A.46.1.1;HTH,GH53;8.A.46.1.1;HTH;AraC;1.B.14.6.1,GH53:+0.3990;8.A.46.1.1:+0.1784;HTH:+0.1344;AraC:+0.1187;1.B.14.6.1:+0.0507
566,0,galactan,galactan,0.4910812442283937,3.A.1.1.28,3.A.1.1.28;18;GH36,3.A.1.1.28;18;GH36;GH13;31,3.A.1.1.28:+0.2032;18:+0.1429;GH36:+0.1259;GH13:+0.0635;31:+0.0508
570,0,galactan,galactan,0.5374677002583979,null,null;GntR;GH16,null;GntR;GH16;2.A.1;1.B.14,null:+0.2308;GntR:+0.2237;GH16:+0.1485;2.A.1:+0.1003;1.B.14:+0.0854
574,0,galactan,galactan,0.9165009940357853,42,42;1;TPR,42;1;TPR;GH5;null,42:+0.3968;1:+0.2255;TPR:+0.1960;GH5:+0.1754;null:+0.0398
577,0,galactan,galactan,0.6015127603430702,GH129,GH129;GH127;HTH,GH129;GH127;HTH;AraC;null,GH129:+0.2241;GH127:+0.1490;HTH:+0.0980;AraC:+0.0557;null:+0.0446
578,0,galactan,galactan,0.5019990586956627,GntR,GntR;null;GH16,GntR;null;GH16;2.A.1;HTH,GntR:+0.2039;null:+0.1536;GH16:+0.1500;2.A.1:+0.1127;HTH:+0.0554
588,0,galactan,galactan,0.6995125406918885,null,null;GH42;LacI,null;GH42;LacI;bac;SBP,null:+0.5608;GH42:+0.2489;LacI:+0.2193;bac:+0.1396;SBP:+0.1386
592,0,host glycan,host glycan,0.46723192373459493,GH20,GH20,GH20,GH20:+0.2069
601,0,host glycan,host glycan,0.8951456310679612,GH20,GH20;GH33;GH2,GH20;GH33;GH2;CBM93;GH29,GH20:+0.0478;GH33:+0.0388;GH2:+0.0377;CBM93:+0.0300;GH29:+0.0230
607,0,host glycan,host glycan,0.9324753393180243,GH18,GH18;8.A.46;1.B.14,GH18;8.A.46;1.B.14;null,GH18:+0.5005;8.A.46:+0.2034;1.B.14:+0.0892;null:+0.0441
612,0,host glycan,host glycan,1.0,DeoR,DeoR;PfkB;GH31,DeoR;PfkB;GH31;1.B.35.2.2;13,DeoR:+0.2062;PfkB:+0.1600;GH31:+0.1583;1.B.35.2.2:+0.1368;13:+0.1204
618,0,host glycan,host glycan,0.3643057609318888,null,null;3.A.1.1.48,null;3.A.1.1.48,null:+0.0998;3.A.1.1.48:+0.0207
626,0,host glycan,host glycan,1.0,CE9,CE9;GntR;SIS,CE9;GntR;SIS;4.A.6.1.18;GH35,CE9:+0.4004;GntR:+0.1194;SIS:+0.1161;4.A.6.1.18:+0.0711;GH35:+0.0100
633,0,host glycan,host glycan,1.0,GH2,GH2;1.C.39.4.5;GH20,GH2;1.C.39.4.5;GH20;2.A.115.1.2;1.B.14.6.1,GH2:+0.1292;1.C.39.4.5:+0.0891;GH20:+0.0853;2.A.115.1.2:+0.0755;1.B.14.6.1:+0.0393
635,0,host glycan,host glycan,0.6699410609037328,CBM67,CBM67;2.A.4.7.2;GH78,CBM67;2.A.4.7.2;GH78;AraC;null,CBM67:+0.1555;2.A.4.7.2:+0.1257;GH78:+0.1181;AraC:+0.1037;null:+0.1030
636,0,host glycan,host glycan,1.0,GH97,GH97;CBM67;GH3,GH97;CBM67;GH3;GH78;AraC,GH97:+0.2425;CBM67:+0.2137;GH3:+0.2046;GH78:+0.1964;AraC:+0.1953
637,0,host glycan,host glycan,0.50774702419703,CBM67,CBM67;null;GH78,CBM67;null;GH78;AraC;2.A.4.7.9,CBM67:+0.1350;null:+0.1019;GH78:+0.0821;AraC:+0.0443;2.A.4.7.9:+0.0293
639,0,host glycan,host glycan,0.9860834990059641,GH88,GH88;PL12;PfkB,GH88;PL12;PfkB;null;PL8,GH88:+0.2109;PL12:+0.0716;PfkB:+0.0691;null:+0.0292;PL8:+0.0253
654,0,host glycan,host glycan,1.0,CBM93,CBM93;GH20;GH33,CBM93;GH20;GH33;CE20;GH2,CBM93:+0.0653;GH20:+0.0641;GH33:+0.0617;CE20:+0.0316;GH2:+0.0297
655,0,host glycan,host glycan,1.0,CE9,CE9;MarR,CE9;MarR,CE9:+0.5421;MarR:+0.0201
661,0,host glycan,host glycan,1.0,GH18,GH18;8.A.46.2.2;FecR,GH18;8.A.46.2.2;FecR;1.B.14.6.13;null,GH18:+0.0844;8.A.46.2.2:+0.0405;FecR:+0.0289;1.B.14.6.13:+0.0239;null:+0.0179
668,0,host glycan,host glycan,1.0,GH18,GH18;8.A.46.2.2;FecR,GH18;8.A.46.2.2;FecR;1.B.14.6.13;null,GH18:+0.1506;8.A.46.2.2:+0.1271;FecR:+0.0633;1.B.14.6.13:+0.0388;null:+0.0285
669,0,host glycan,host glycan,1.0,GH18,GH18;8.A.46.2.2;FecR,GH18;8.A.46.2.2;FecR;null;1.B.14.6.13,GH18:+0.1455;8.A.46.2.2:+0.1283;FecR:+0.0631;null:+0.0285;1.B.14.6.13:+0.0245
671,0,host glycan,host glycan,0.6178217821782178,CBM67,CBM67;GH78;null,CBM67;GH78;null;AraC;GH3,CBM67:+0.1786;GH78:+0.1496;null:+0.1133;AraC:+0.1089;GH3:+0.1029
675,0,host glycan,host glycan,0.8151093439363817,GH88,GH88;GH2;GH20,GH88;GH2;GH20;PL33;AraC,GH88:+0.1684;GH2:+0.1099;GH20:+0.0738;PL33:+0.0554;AraC:+0.0457
677,0,host glycan,host glycan,0.7610441767068273,GH170,GH170;null;4.A.3.2.4,GH170;null;4.A.3.2.4,GH170:+0.2909;null:+0.1093;4.A.3.2.4:+0.1040
683,0,host glycan,host glycan,0.46723192373459493,GH20,GH20,GH20,GH20:+0.2069
684,0,host glycan,host glycan,1.0,GH33,GH33;CBM93;GH20,GH33;CBM93;GH20;CE20;GH2,GH33:+0.1462;CBM93:+0.1247;GH20:+0.0798;CE20:+0.0762;GH2:+0.0532
685,0,host glycan,host glycan,1.0,GH33,GH33;CBM93;GH20,GH33;CBM93;GH20;CE20;GH2,GH33:+0.1575;CBM93:+0.1448;GH20:+0.0925;CE20:+0.0592;GH2:+0.0519
686,0,host glycan,host glycan,0.9920159680638723,GH33,GH33;CBM93;GH20,GH33;CBM93;GH20;CE20;GH2,GH33:+0.1747;CBM93:+0.1555;GH20:+0.1116;CE20:+0.0701;GH2:+0.0588
691,0,host glycan,host glycan,1.0,GH20,GH20;N;TetR,GH20;N;TetR,GH20:+0.4127;N:+0.1931;TetR:+0.1599
693,0,host glycan,host glycan,1.0,CBM32,CBM32;GH29;null,CBM32;GH29;null,CBM32:+0.2207;GH29:+0.1206;null:+0.0568
698,0,host glycan,host glycan,0.9897099872261911,null,null;GH29,null;GH29,null:+0.0551;GH29:+0.0020
709,0,host glycan,host glycan,0.6924493554327809,19,19;GH43;GH35,19;GH43;GH35;9;CBM91,19:+0.1873;GH43:+0.1270;GH35:+0.1264;9:+0.0886;CBM91:+0.0775
712,0,host glycan,host glycan,0.9967078786954681,GH29,GH29;CBM91;GH97,GH29;CBM91;GH97;AraC;10,GH29:+0.2497;CBM91:+0.2293;GH97:+0.2191;AraC:+0.2183;10:+0.2105
716,0,host glycan,host glycan,1.0,GH89,GH89;FecR;GerE,GH89;FecR;GerE;1.B.14.6.1;null,GH89:+0.4079;FecR:+0.2877;GerE:+0.2105;1.B.14.6.1:+0.0795;null:+0.0335
719,0,host glycan,host glycan,1.0,8.A.46.2.2,8.A.46.2.2;GH18;1.B.14.6.13,8.A.46.2.2;GH18;1.B.14.6.13;FecR;null,8.A.46.2.2:+0.1527;GH18:+0.1475;1.B.14.6.13:+0.0611;FecR:+0.0525;null:+0.0343
720,0,host glycan,host glycan,1.0,GH38,GH38;GH20;GH125,GH38;GH20;GH125;GH92;null,GH38:+0.3008;GH20:+0.2740;GH125:+0.2076;GH92:+0.2015;null:+0.0179
725,0,host glycan,host glycan,1.0,CBM32,CBM32;GH92;1.B.14.6.1,CBM32;GH92;1.B.14.6.1;34;HTH,CBM32:+0.2362;GH92:+0.1832;1.B.14.6.1:+0.1619;34:+0.0514;HTH:+0.0337
728,0,host glycan,host glycan,1.0,CBM32,CBM32;GH92;1.B.14.6.1,CBM32;GH92;1.B.14.6.1;null;HTH,CBM32:+0.2801;GH92:+0.2154;1.B.14.6.1:+0.1634;null:+0.0922;HTH:+0.0631
731,0,host glycan,host glycan,0.9571984435797665,CE9,CE9,CE9,CE9:+0.5328
733,0,host glycan,host glycan,1.0,CE9,CE9;null;GntR,CE9;null;GntR,CE9:+0.6698;null:+0.0809;GntR:+0.0238
741,0,host glycan,host glycan,0.8250428816466551,GH112,GH112;GH136;3.A.1.1.4,GH112;GH136;3.A.1.1.4;null;AraC,GH112:+0.1851;GH136:+0.1345;3.A.1.1.4:+0.1096;null:+0.0321;AraC:+0.0185
758,0,host glycan,host glycan,1.0,CE9,CE9,CE9,CE9:+0.4017
760,0,host glycan,galactan,0.32828058724455955,GH53,GH53;null,GH53;null,GH53:+0.2793;null:+0.0273
770,0,host glycan,host glycan,1.0,CBM32,CBM32;null;1.B.14.6.1,CBM32;null;1.B.14.6.1,CBM32:+0.7731;null:+0.1032;1.B.14.6.1:+0.0986
771,0,host glycan,host glycan,1.0,CBM32,CBM32;null;1.B.14.6.1,CBM32;null;1.B.14.6.1,CBM32:+0.5111;null:+0.0798;1.B.14.6.1:+0.0727
773,0,host glycan,host glycan,0.9191919191919191,GH33,GH33;CBM93;3,GH33;CBM93;3;MarR;1.B.14.6.1,GH33:+0.1316;CBM93:+0.1245;3:+0.0730;MarR:+0.0330;1.B.14.6.1:+0.0307
780,0,host glycan,host glycan,0.9984276389027259,4.A.3.1.3,4.A.3.1.3;GH1;null,4.A.3.1.3;GH1;null,4.A.3.1.3:+0.5330;GH1:+0.3079;null:+0.1901
794,0,host glycan,host glycan,0.9981925930233123,DeoR,DeoR;GH95;null,DeoR;GH95;null;HTH;4.A.6.1.9,DeoR:+0.2180;GH95:+0.1231;null:+0.1046;HTH:+0.0944;4.A.6.1.9:+0.0922
797,0,host glycan,host glycan,0.8651424387076663,GH29,GH29;AraC;HTH,GH29;AraC;HTH;CBM91;10,GH29:+0.2051;AraC:+0.1841;HTH:+0.1683;CBM91:+0.1631;10:+0.1313
804,0,host glycan,host glycan,1.0,GH18,GH18;1.B.14.6.13;GH163,GH18;1.B.14.6.13;GH163;8.A.46.2.1;GH92,GH18:+0.0951;1.B.14.6.13:+0.0748;GH163:+0.0610;8.A.46.2.1:+0.0391;GH92:+0.0354
816,0,host glycan,host glycan,0.9184543086025956,GH88,GH88;PL12;1,GH88;PL12;1;4.A.6;null,GH88:+0.2550;PL12:+0.1149;1:+0.0356;4.A.6:+0.0206;null:+0.0122
818,0,host glycan,host glycan,0.5316742081447964,HTH,HTH;CE8;AraC,HTH;CE8;AraC;2;GH3,HTH:+0.1457;CE8:+0.1447;AraC:+0.1427;2:+0.1412;GH3:+0.1317
825,0,host glycan,host glycan,0.9793388429752066,PL8,PL8;2;HTH,PL8;2;HTH;8.A.46.1.3;AraC,PL8:+0.0519;2:+0.0495;HTH:+0.0493;8.A.46.1.3:+0.0439;AraC:+0.0389
847,0,pectin,pectin,0.5755991172280538,GH140,GH140;GH28;GH95,GH140;GH28;GH95;PL1;18,GH140:+0.0838;GH28:+0.0591;GH95:+0.0402;PL1:+0.0229;18:+0.0229
848,0,pectin,pectin,0.3158306723494306,1.B.35,1.B.35;CE10,1.B.35;CE10,1.B.35:+0.1419;CE10:+0.0532
851,0,pectin,pectin,0.8536585365853658,GH28,GH28;GH105;PL10,GH28;GH105;PL10;CE8;CE12,GH28:+0.0976;GH105:+0.0818;PL10:+0.0678;CE8:+0.0672;CE12:+0.0596
852,0,pectin,pectin,0.8276553106212424,GH105,GH105;GH28;PL11,GH105;GH28;PL11;PL1;GH106,GH105:+0.0817;GH28:+0.0803;PL11:+0.0515;PL1:+0.0488;GH106:+0.0293
855,0,pectin,pectin,0.850210970464135,GH105,GH105;CE12;CE8,GH105;CE12;CE8;PL1;HTH,GH105:+0.1212;CE12:+0.0920;CE8:+0.0729;PL1:+0.0580;HTH:+0.0330
856,0,pectin,pectin,0.9107883817427386,GH105,GH105;CE12;PL1,GH105;CE12;PL1;CE8;2,GH105:+0.1223;CE12:+0.0974;PL1:+0.0907;CE8:+0.0793;2:+0.0648
864,0,pectin,pectin,0.6487729596220655,GH147,GH147;GH53;GH133,GH147;GH53;GH133;GH2;10,GH147:+0.1766;GH53:+0.1415;GH133:+0.1394;GH2:+0.1084;10:+0.0554
874,0,pectin,pectin,0.5850556438791733,GH28,GH28;CE12;GH105,GH28;CE12;GH105;GH106,GH28:+0.1476;CE12:+0.1263;GH105:+0.0380;GH106:+0.0333
878,0,pectin,pectin,0.5293877153703883,GH3,GH3;1.B.14.6.1,GH3;1.B.14.6.1,GH3:+0.3346;1.B.14.6.1:+0.1998
883,0,pectin,pectin,0.6413699602198366,GH146,GH146;NUDIX;2.A.21.3.19,GH146;NUDIX;2.A.21.3.19;1;1.B.14.6.1,GH146:+0.1553;NUDIX:+0.1486;2.A.21.3.19:+0.0567;1:+0.0386;1.B.14.6.1:+0.0384
886,0,pectin,galactan,0.4595021148544854,GH53,GH53;GH147;8.A.46.1.1,GH53;GH147;8.A.46.1.1;1.B.14.6.1;null,GH53:+0.2100;GH147:+0.1338;8.A.46.1.1:+0.0667;1.B.14.6.1:+0.0552;null:+0.0087
892,0,pectin,pectin,0.9940357852882704,GH105,GH105;CE12;PL1,GH105;CE12;PL1;GH28;2,GH105:+0.1388;CE12:+0.0977;PL1:+0.0830;GH28:+0.0777;2:+0.0707
895,0,pectin,pectin,0.9273422562141491,GH33,GH33;GH95;18,GH33;GH95;18;GH28;GH140,GH33:+0.1052;GH95:+0.0881;18:+0.0876;GH28:+0.0775;GH140:+0.0770
907,0,pectin,pectin,0.5391962042492099,GH28,GH28,GH28,GH28:+0.3772
908,0,pectin,pectin,0.6678337547818194,PL1,PL1;null;GH36,PL1;null;GH36,PL1:+0.4769;null:+0.0351;GH36:+0.0338
918,0,pectin,pectin,0.36506505043235765,GH28,GH28;GH105;null,GH28;GH105;null;TrmB;PfkB,GH28:+0.1978;GH105:+0.0527;null:+0.0329;TrmB:+0.0136;PfkB:+0.0112
925,0,pectin,pectin,0.739021390632804,PL1,PL1;2;null,PL1;2;null,PL1:+0.3937;2:+0.0719;null:+0.0124
927,0,pectin,pectin,0.8273092369477911,GH28,GH28;GH105;PL11,GH28;GH105;PL11;PL1;GH106,GH28:+0.0794;GH105:+0.0788;PL11:+0.0485;PL1:+0.0473;GH106:+0.0277
928,0,pectin,pectin,1.0,2,2;PL1;TrmB,2;PL1;TrmB;5;null,2:+0.2282;PL1:+0.2132;TrmB:+0.0971;5:+0.0904;null:+0.0318
930,0,pectin,pectin,0.8160122293458668,GH105,GH105;PL11;CE12,GH105;PL11;CE12;HTH;AraC,GH105:+0.2071;PL11:+0.1685;CE12:+0.1684;HTH:+0.0902;AraC:+0.0901
934,0,xylan,xylan,0.8635396252267227,GH10,GH10;GH67;GH43,GH10;GH67;GH43;GH5;1,GH10:+0.1703;GH67:+0.0898;GH43:+0.0632;GH5:+0.0588;1:+0.0474
943,0,xylan,beta-mannan,0.19796449732573754,GH51,GH51;HTH,GH51;HTH,GH51:+0.1663;HTH:+0.0731
957,0,xylan,xylan,0.7530434782608696,12,12;GH43;GH10,12;GH43;GH10;GH97;CE1,12:+0.0480;GH43:+0.0477;GH10:+0.0454;GH97:+0.0419;CE1:+0.0412
961,0,xylan,xylan,0.6103678929765887,GH128,GH128;19;GH51,GH128;19;GH51;null;GH43,GH128:+0.2560;19:+0.1401;GH51:+0.0947;null:+0.0817;GH43:+0.0661
964,0,xylan,xylan,0.9104477611940298,GH97,GH97;46;8,GH97;46;8;GH3;GH13,GH97:+0.1839;46:+0.1323;8:+0.1203;GH3:+0.1184;GH13:+0.1101
966,0,xylan,xylan,0.9981872002570046,8.A.46.1.1,8.A.46.1.1;GH20;1.B.14.6.1,8.A.46.1.1;GH20;1.B.14.6.1;CBM32,8.A.46.1.1:+0.5972;GH20:+0.3869;1.B.14.6.1:+0.2039;CBM32:+0.0486
970,0,xylan,alpha-glucan,0.28206068608034424,LacI,LacI,LacI,LacI:+0.2576
979,0,xylan,xylan,1.0,2.A.2.3.2,2.A.2.3.2;11;CBM91,2.A.2.3.2;11;CBM91;GH43;HTH,2.A.2.3.2:+0.3147;11:+0.2919;CBM91:+0.1774;GH43:+0.1361;HTH:+0.0472
981,0,xylan,xylan,0.7830516657562127,GH115,GH115;12;GH43,GH115;12;GH43;8;CE1,GH115:+0.1024;12:+0.0800;GH43:+0.0700;8:+0.0666;CE1:+0.0645
984,0,xylan,xylan,0.9982409637386547,GH30,GH30;8;16,GH30;8;16;GH43;CBM6,GH30:+0.2943;8:+0.2634;16:+0.2047;GH43:+0.1953;CBM6:+0.1948
993,0,xylan,xylan,1.0,7,7;17;GH43,7;17;GH43;CE1;GH3,7:+0.1922;17:+0.1764;GH43:+0.1213;CE1:+0.0892;GH3:+0.0491
995,0,xylan,xylan,0.9960159362549801,7,7;17;GH43,7;17;GH43;CBM6;CE1,7:+0.2317;17:+0.1969;GH43:+0.1465;CBM6:+0.1047;CE1:+0.0954
1000,0,xylan,xylan,0.8003316838066274,GH10,GH10;GH67;2.A.2,GH10;GH67;2.A.2;21;1,GH10:+0.0983;GH67:+0.0423;2.A.2:+0.0332;21:+0.0314;1:+0.0307
1012,0,xylan,xylan,0.9983207116851636,LacI,LacI;CE20;CBM91,LacI;CE20;CBM91;11;10,LacI:+0.1243;CE20:+0.1217;CBM91:+0.1098;11:+0.1076;10:+0.1048
1016,0,xylan,xylan,0.9783109922802151,LacI,LacI;CE20;CBM91,LacI;CE20;CBM91;10;GH43,LacI:+0.1165;CE20:+0.1067;CBM91:+0.1046;10:+0.0993;GH43:+0.0988
1018,0,xylan,xylan,0.9783974300374987,CBM91,CBM91;CE20;10,CBM91;CE20;10;LacI;GH43,CBM91:+0.1298;CE20:+0.1175;10:+0.1098;LacI:+0.1042;GH43:+0.0982
1020,0,xylan,xylan,0.8051181102362204,GH10,GH10;GH67;1,GH10;GH67;1;GH43;2.A.2,GH10:+0.1841;GH67:+0.1117;1:+0.0511;GH43:+0.0383;2.A.2:+0.0323
1024,0,xylan,arabinogalactan,0.5526315789473684,GH51,GH51;27;GH43,GH51;27;GH43;4;26,GH51:+0.1099;27:+0.0668;GH43:+0.0656;4:+0.0575;26:+0.0391
1025,0,xylan,xylan,0.5238069178976191,11,11;GH43;null,11;GH43;null;12,11:+0.1872;GH43:+0.1327;null:+0.0681;12:+0.0609
6,1,alginate,alginate,0.7918093507582639,PL6,PL6;1;GntR,PL6;1;GntR;PfkB;null,PL6:+0.2512;1:+0.1622;GntR:+0.1246;PfkB:+0.0776;null:+0.0186
7,1,alginate,alginate,0.5945485519591142,PL5,PL5;1;binding,PL5;1;binding;null;AraC,PL5:+0.2331;1:+0.1279;binding:+0.0457;null:+0.0301;AraC:+0.0056
15,1,alginate,alginate,0.9723865877712031,PL17,PL17;PL6;5,PL17;PL6;5;binding;3,PL17:+0.1029;PL6:+0.0884;5:+0.0480;binding:+0.0480;3:+0.0453
16,1,alginate,alginate,0.540437025393522,PL15,PL15;1;null,PL15;1;null;GntR,PL15:+0.2123;1:+0.1766;null:+0.0503;GntR:+0.0170
18,1,alginate,alginate,0.5945485519591142,PL5,PL5;1;binding,PL5;1;binding;null;AraC,PL5:+0.2331;1:+0.1279;binding:+0.0457;null:+0.0301;AraC:+0.0056
20,1,alginate,alginate,0.6396226415094339,PL7,PL7;GntR;null,PL7;GntR;null,PL7:+0.3640;GntR:+0.1834;null:+0.0529
28,1,alginate,alginate,0.7890909090909091,PL17,PL17;GntR;2,PL17;GntR;2;2.A.1.14.25;binding,PL17:+0.1489;GntR:+0.0630;2:+0.0581;2.A.1.14.25:+0.0451;binding:+0.0428
38,1,alginate,alginate,1.0,PL17,PL17;PL6;GntR,PL17;PL6;GntR;1;2,PL17:+0.2453;PL6:+0.1581;GntR:+0.1232;1:+0.0963;2:+0.0658
40,1,alginate,alginate,0.9512711864406779,PL17,PL17;PL6;2,PL17;PL6;2;1;GntR,PL17:+0.2473;PL6:+0.1158;2:+0.0554;1:+0.0531;GntR:+0.0366
45,1,alginate,alginate,0.8827160493827161,PL17,PL17;PL6;1,PL17;PL6;1;2;null,PL17:+0.2858;PL6:+0.1540;1:+0.0865;2:+0.0268;null:+0.0049
53,1,alpha-glucan,alpha-glucan,1.0,GH13,GH13;GH97;1.B.14.6.1,GH13;GH97;1.B.14.6.1;TPR;2,GH13:+0.2893;GH97:+0.2360;1.B.14.6.1:+0.0909;TPR:+0.0453;2:+0.0331
59,1,alpha-glucan,alpha-glucan,0.8352713178294573,LacI,LacI;GH13;Pyr,LacI;GH13;Pyr;redox;GH65,LacI:+0.1545;GH13:+0.1497;Pyr:+0.0637;redox:+0.0491;GH65:+0.0256
63,1,alpha-glucan,alpha-glucan,0.653631284916201,20,20;CBM34;GH13,20;CBM34;GH13;8.A.9,20:+0.0861;CBM34:+0.0808;GH13:+0.0712;8.A.9:+0.0425
72,1,alpha-glucan,alpha-glucan,1.0,GH13,GH13;GT5;GT35,GH13;GT5;GT35;CBM48;null,GH13:+0.1467;GT5:+0.0984;GT35:+0.0968;CBM48:+0.0598;null:+0.0081
77,1,alpha-glucan,alpha-glucan,1.0,LacI,LacI;GH13;10,LacI;GH13;10;8.A.46.1.1;1.B.14.6.1,LacI:+0.2915;GH13:+0.2609;10:+0.2176;8.A.46.1.1:+0.1496;1.B.14.6.1:+0.0657
78,1,alpha-glucan,alpha-glucan,0.5995145631067961,GH13,GH13;10;LacI,GH13;10;LacI,GH13:+0.2245;10:+0.0704;LacI:+0.0345
79,1,alpha-glucan,alpha-glucan,0.8752598752598751,GH13,GH13;GH97;10,GH13;GH97;10;null;8.A.46.1.1,GH13:+0.2281;GH97:+0.1938;10:+0.0342;null:+0.0299;8.A.46.1.1:+0.0199
88,1,alpha-glucan,alpha-glucan,1.0,LacI,LacI;GH13;3.A.1.1.45,LacI;GH13;3.A.1.1.45;30,LacI:+0.1767;GH13:+0.0484;3.A.1.1.45:+0.0205;30:+0.0124
89,1,alpha-glucan,alpha-glucan,1.0,GH13,GH13;CBM34;20,GH13;CBM34;20;3.A.1.1.27;31,GH13:+0.1956;CBM34:+0.0824;20:+0.0763;3.A.1.1.27:+0.0290;31:+0.0156
94,1,alpha-glucan,alpha-glucan,0.9898580121703854,LacI,LacI;GH13;GH77,LacI;GH13;GH77;3.A.1.1.45;44,LacI:+0.1218;GH13:+0.0531;GH77:+0.0216;3.A.1.1.45:+0.0104;44:+0.0001
104,1,alpha-glucan,alpha-glucan,1.0,GH32,GH32,GH32,GH32:+0.1917
107,1,alpha-glucan,host glycan,0.2780238500851788,GerE,GerE;c;4.A.6.1.6,GerE;c;4.A.6.1.6;HATPase;null,GerE:+0.1681;c:+0.0362;4.A.6.1.6:+0.0120;HATPase:+0.0105;null:+0.0039
108,1,alpha-glucan,alpha-glucan,0.7591627830322561,3.A.1.1.10,3.A.1.1.10;GH32;bac,3.A.1.1.10;GH32;bac;SBP;1,3.A.1.1.10:+0.2203;GH32:+0.1820;bac:+0.1099;SBP:+0.0982;1:+0.0276
111,1,alpha-glucan,alpha-glucan,0.6260367221937347,4.A.1.1.16,4.A.1.1.16;GH4,4.A.1.1.16;GH4,4.A.1.1.16:+0.4697;GH4:+0.1787
122,1,alpha-glucan,alpha-glucan,0.8716893308457233,GH97,GH97;GH66;GH31,GH97;GH66;GH31,GH97:+0.2040;GH66:+0.0734;GH31:+0.0657
124,1,alpha-glucan,alpha-glucan,0.5701754385964912,GntR,GntR;GH4,GntR;GH4,GntR:+0.4138;GH4:+0.3324
125,1,alpha-glucan,alpha-glucan,1.0,LacI,LacI;GH77;GT35,LacI;GH77;GT35,LacI:+0.2176;GH77:+0.1117;GT35:+0.0907
132,1,alpha-glucan,alpha-glucan,0.8897020548474712,GH13,GH13;GT5;CBM48,GH13;GT5;CBM48;9;null,GH13:+0.2572;GT5:+0.1174;CBM48:+0.0813;9:+0.0302;null:+0.0174
137,1,alpha-glucan,alpha-glucan,0.548265662812584,LacI,LacI;GH32,LacI;GH32,LacI:+0.1646;GH32:+0.1024
141,1,alpha-glucan,alpha-glucan,1.0,GH13,GH13;18;2.A.1.2.93,GH13;18;2.A.1.2.93,GH13:+0.1256;18:+0.0731;2.A.1.2.93:+0.0183
154,1,alpha-glucan,alpha-glucan,1.0,GH13,GH13;20;CBM34,GH13;20;CBM34;GH65;31,GH13:+0.1253;20:+0.0915;CBM34:+0.0887;GH65:+0.0849;31:+0.0706
155,1,alpha-glucan,fructan,0.5020049495578784,GH32,GH32;null,GH32;null,GH32:+0.4507;null:+0.2491
158,1,alpha-glucan,fructan,0.5020049495578784,GH32,GH32;null,GH32;null,GH32:+0.4507;null:+0.2491
159,1,alpha-glucan,alpha-glucan,1.0,GH13,GH13;GT35;GT5,GH13;GT35;GT5;CBM48;9,GH13:+0.1237;GT35:+0.0551;GT5:+0.0525;CBM48:+0.0340;9:+0.0101
161,1,alpha-glucan,alpha-glucan,0.9722222222222222,GH13,GH13;GT5;GT35,GH13;GT5;GT35;CBM48;9,GH13:+0.1049;GT5:+0.0777;GT35:+0.0739;CBM48:+0.0504;9:+0.0224
179,1,alpha-mannan,alpha-mannan,0.9841269841269841,GH76,GH76;GH92;GH125,GH76;GH92;GH125;null;GT32,GH76:+0.1651;GH92:+0.1463;GH125:+0.1460;null:+0.1419;GT32:+0.1184
180,1,alpha-mannan,alpha-mannan,0.9939879759519038,GH92,GH92;GH125;GH76,GH92;GH125;GH76;GH130;GH38,GH92:+0.1910;GH125:+0.1800;GH76:+0.1713;GH130:+0.1598;GH38:+0.1490
190,1,alpha-mannan,alpha-mannan,0.8926029093160012,GH99,GH99;GH92;null,GH99;GH92;null,GH99:+0.3530;GH92:+0.2058;null:+0.1740
193,1,alpha-mannan,alpha-mannan,0.466281310211946,GH125,GH125;GH92;LacI,GH125;GH92;LacI;GH76;null,GH125:+0.1715;GH92:+0.1094;LacI:+0.1006;GH76:+0.0817;null:+0.0433
197,1,alpha-mannan,alpha-mannan,0.5773026315789472,GH125,GH125;GH76;GH97,GH125;GH76;GH97;GH67;GH92,GH125:+0.1678;GH76:+0.1655;GH97:+0.1134;GH67:+0.1093;GH92:+0.1035
199,1,arabinogalactan,arabinogalactan,0.6686007580678152,GH142,GH142;GH143;18,GH142;GH143;18;GH43;CBM67,GH142:+0.1760;GH143:+0.1618;18:+0.1547;GH43:+0.1194;CBM67:+0.1145
200,1,arabinogalactan,xylan,0.3608097216194432,GH43,GH43;26;27,GH43;26;27,GH43:+0.0926;26:+0.0836;27:+0.0311
202,1,arabinogalactan,arabinogalactan,0.36066154631762143,22,22;9.B.28;2.A.3,22;9.B.28;2.A.3;GH43,22:+0.1152;9.B.28:+0.0919;2.A.3:+0.0680;GH43:+0.0440
204,1,arabinogalactan,arabinogalactan,0.655367231638418,5,5;GH146;GH43,5;GH146;GH43;22;HTH,5:+0.0819;GH146:+0.0805;GH43:+0.0769;22:+0.0706;HTH:+0.0676
206,1,arabinogalactan,arabinogalactan,0.4844348379378633,24,24;HTH;AraC,24;HTH;AraC;GH43;GH16,24:+0.2419;HTH:+0.0723;AraC:+0.0598;GH43:+0.0499;GH16:+0.0209
222,1,arabinogalactan,beta-mannan,0.4015345268542199,LacI,LacI;3.A.1;bac,LacI;3.A.1;bac;SBP;null,LacI:+0.2304;3.A.1:+0.1347;bac:+0.0709;SBP:+0.0523;null:+0.0249
228,1,arabinogalactan,arabinogalactan,1.0,GH51,GH51;3.A.1.1.34;1,GH51;3.A.1.1.34;1;null,GH51:+0.3419;3.A.1.1.34:+0.2381;1:+0.1862;null:+0.1136
234,1,beta-glucan,beta-glucan,0.4812040634801744,GH1,GH1;LacI,GH1;LacI,GH1:+0.4380;LacI:+0.0896
235,1,beta-glucan,beta-glucan,0.5838527909843285,GH1,GH1;LacI,GH1;LacI,GH1:+0.5215;LacI:+0.1235
236,1,beta-glucan,beta-glucan,0.5878378378378378,3,3;GH3;GH16,3;GH3;GH16;null,3:+0.2244;GH3:+0.1563;GH16:+0.0796;null:+0.0180
240,1,beta-glucan,beta-glucan,0.7251067489672608,GH1,GH1;3;LacI,GH1;3;LacI;Peripla;BP,GH1:+0.4148;3:+0.1216;LacI:+0.0881;Peripla:+0.0561;BP:+0.0545
244,1,beta-glucan,beta-glucan,1.0,GH1,GH1;LacI;3,GH1;LacI;3;GH3;GH16,GH1:+0.1941;LacI:+0.1408;3:+0.1103;GH3:+0.1002;GH16:+0.0800
246,1,beta-glucan,beta-glucan,0.7625231910946195,GH30,GH30;3;GH3,GH30;3;GH3;GH17;GH149,GH30:+0.1668;3:+0.1030;GH3:+0.0926;GH17:+0.0255;GH149:+0.0231
247,1,beta-glucan,beta-glucan,0.20168067226890754,GH16,GH16;GH3,GH16;GH3,GH16:+0.1493;GH3:+0.0480
250,1,beta-glucan,beta-mannan,0.3260814408355392,4.A.3.2.4,4.A.3.2.4;GH1,4.A.3.2.4;GH1,4.A.3.2.4:+0.2517;GH1:+0.1555
256,1,beta-glucan,beta-glucan,1.0,GH3,GH3;GerE;GH158,GH3;GerE;GH158;3;GH16,GH3:+0.1537;GerE:+0.1453;GH158:+0.1331;3:+0.0756;GH16:+0.0534
261,1,beta-glucan,beta-glucan,1.0,4.A.1.2.2,4.A.1.2.2;GH1,4.A.1.2.2;GH1,4.A.1.2.2:+0.4362;GH1:+0.3987
277,1,beta-glucan,xylan,0.4521600319265689,GH35,GH35;1.B.14,GH35;1.B.14,GH35:+0.3452;1.B.14:+0.0726
279,1,beta-glucan,xylan,0.6719275917352066,GH35,GH35;1.B.14;null,GH35;1.B.14;null,GH35:+0.5864;1.B.14:+0.1625;null:+0.0819
284,1,beta-glucan,beta-glucan,0.8105895412916782,GH3,GH3;GH158;GerE,GH3;GH158;GerE;null;1.B.14,GH3:+0.2182;GH158:+0.2059;GerE:+0.1883;null:+0.0571;1.B.14:+0.0115
290,1,beta-glucan,beta-glucan,0.9312499999999999,GH16,GH16;GH3;1.B.14,GH16;GH3;1.B.14;8.A.46;HTH,GH16:+0.2097;GH3:+0.2069;1.B.14:+0.1507;8.A.46:+0.1298;HTH:+0.0756
304,1,beta-glucan,chitin,0.30738961993555985,GH3,GH3;GH94,GH3;GH94,GH3:+0.1276;GH94:+0.0331
307,1,beta-glucan,beta-glucan,0.6672661781391361,GH9,GH9;CBM3;GH5,GH9;CBM3;GH5;17,GH9:+0.2361;CBM3:+0.0568;GH5:+0.0476;17:+0.0131
313,1,beta-glucan,beta-glucan,1.0,3,3;GH30;7,3;GH30;7;GH3;HTH,3:+0.3664;GH30:+0.3058;7:+0.2058;GH3:+0.1621;HTH:+0.1010
314,1,beta-glucan,beta-glucan,1.0,3,3;GH30;7,3;GH30;7;GH3;HTH,3:+0.3229;GH30:+0.2899;7:+0.1815;GH3:+0.1546;HTH:+0.0840
316,1,beta-glucan,beta-glucan,0.5663551401869158,GH157,GH157;GH3;HTH,GH157;GH3;HTH;AraC;null,GH157:+0.2688;GH3:+0.2583;HTH:+0.1263;AraC:+0.0919;null:+0.0764
321,1,beta-glucan,beta-glucan,0.5838527909843285,GH1,GH1;LacI,GH1;LacI,GH1:+0.5215;LacI:+0.1235
322,1,beta-glucan,beta-glucan,1.0,GH1,GH1;LacI;3.A.1.1.23,GH1;LacI;3.A.1.1.23,GH1:+0.5137;LacI:+0.3194;3.A.1.1.23:+0.2588
323,1,beta-glucan,beta-glucan,1.0,GH1,GH1;LacI;4.A.3.2.7,GH1;LacI;4.A.3.2.7;4.A.3.2.6;Glucokinase,GH1:+0.3592;LacI:+0.3448;4.A.3.2.7:+0.1883;4.A.3.2.6:+0.1819;Glucokinase:+0.1480
331,1,beta-glucan,beta-glucan,1.0,GH73,GH73;null;9.B.154.1.2,GH73;null;9.B.154.1.2;Peptidase;M23,GH73:+0.2195;null:+0.0642;9.B.154.1.2:+0.0418;Peptidase:+0.0159;M23:+0.0060
348,1,beta-glucan,beta-glucan,0.8160676532769555,GH5,GH5;4;AraC,GH5;4;AraC;HTH;null,GH5:+0.3497;4:+0.2833;AraC:+0.0615;HTH:+0.0353;null:+0.0247
355,1,beta-glucan,beta-glucan,0.740286298568507,GH9,GH9;GH31;3,GH9;GH31;3;null;3.A.1.15.15,GH9:+0.1153;GH31:+0.1001;3:+0.0912;null:+0.0617;3.A.1.15.15:+0.0377
364,1,beta-mannan,beta-mannan,1.0,C,C;GH29;AraC,C;GH29;AraC;TrkA;HTH,C:+0.1556;GH29:+0.1457;AraC:+0.1373;TrkA:+0.1286;HTH:+0.1257
373,1,beta-mannan,beta-glucan,0.5114766113556394,GH1,GH1,GH1,GH1:+0.3823
374,1,beta-mannan,beta-mannan,1.0,GH3,GH3;CBM27;CBM23,GH3;CBM27;CBM23,GH3:+0.3192;CBM27:+0.0629;CBM23:+0.0624
375,1,beta-mannan,beta-mannan,0.8203703703703703,GH130,GH130;LacI;SBP,GH130;LacI;SBP;GH113;1,GH130:+0.1805;LacI:+0.1433;SBP:+0.0553;GH113:+0.0538;1:+0.0458
378,1,beta-mannan,beta-mannan,0.8210922787193973,GH27,GH27;GH130;GH26,GH27;GH130;GH26;2;GH5,GH27:+0.1406;GH130:+0.1394;GH26:+0.1305;2:+0.0971;GH5:+0.0862
393,1,beta-mannan,beta-mannan,0.819672131147541,GH130,GH130;GH26;HTH,GH130;GH26;HTH;1;AraC,GH130:+0.1125;GH26:+0.0780;HTH:+0.0702;1:+0.0682;AraC:+0.0655
394,1,beta-mannan,beta-mannan,0.9783037475345168,GH26,GH26;GH130;2,GH26;GH130;2;AraC;GH5,GH26:+0.1701;GH130:+0.1209;2:+0.1055;AraC:+0.0913;GH5:+0.0900
399,1,beta-mannan,beta-mannan,0.4740368509212729,GH130,GH130;GH26;2.A.2,GH130;GH26;2.A.2;CE7,GH130:+0.1256;GH26:+0.0768;2.A.2:+0.0709;CE7:+0.0190
406,1,beta-mannan,beta-mannan,1.0,LacI,LacI;GH2;2.A.2.2.3,LacI;GH2;2.A.2.2.3,LacI:+0.6109;GH2:+0.3937;2.A.2.2.3:+0.3034
407,1,beta-mannan,beta-mannan,0.5968379446640316,GH35,GH35;GH42;SBP,GH35;GH42;SBP;LacI;bac,GH35:+0.3171;GH42:+0.1154;SBP:+0.0774;LacI:+0.0755;bac:+0.0406
410,1,beta-mannan,beta-mannan,0.9982530571499876,LacI,LacI;31;GH13,LacI;31;GH13;4.A.1.2.12;GH32,LacI:+0.5364;31:+0.5083;GH13:+0.3457;4.A.1.2.12:+0.3266;GH32:+0.3203
412,1,beta-mannan,arabinogalactan,0.4260586221843565,GH51,GH51;null;AraC,GH51;null;AraC;1.B.14,GH51:+0.4066;null:+0.0918;AraC:+0.0600;1.B.14:+0.0171
421,1,beta-mannan,beta-mannan,0.6916666666666667,GH130,GH130;LacI;9.B.28.1.2,GH130;LacI;9.B.28.1.2;3.A.1.1.46;1,GH130:+0.2612;LacI:+0.1234;9.B.28.1.2:+0.0573;3.A.1.1.46:+0.0526;1:+0.0465
429,1,chitin,chitin,0.47909407665505227,CBM5,CBM5;GH18;PIG-L,CBM5;GH18;PIG-L;3.A.1,CBM5:+0.0829;GH18:+0.0787;PIG-L:+0.0741;3.A.1:+0.0161
430,1,chitin,chitin,0.8686274509803922,4.A.3.2.1,4.A.3.2.1;GH4;AraC,4.A.3.2.1;GH4;AraC;HTH,4.A.3.2.1:+0.8686;GH4:+0.2256;AraC:+0.0296;HTH:+0.0175
432,1,chitin,chitin,1.0,4.A.3.2.1,4.A.3.2.1;GH4;4.A.3.2.7,4.A.3.2.1;GH4;4.A.3.2.7;AraC;HTH,4.A.3.2.1:+0.4625;GH4:+0.2887;4.A.3.2.7:+0.1696;AraC:+0.0591;HTH:+0.0492
436,1,chitin,chitin,1.0,4.A.3.2.1,4.A.3.2.1;GH4;4.A.3.2.7,4.A.3.2.1;GH4;4.A.3.2.7;AraC;HTH,4.A.3.2.1:+0.4625;GH4:+0.2887;4.A.3.2.7:+0.1696;AraC:+0.0591;HTH:+0.0492
442,1,chitin,chitin,0.7733852949878087,GH4,GH4;CE4;null,GH4;CE4;null,GH4:+0.4521;CE4:+0.1457;null:+0.0545
454,1,chitin,chitin,1.0,GH4,GH4;4.A.3.2.6;CE4,GH4;4.A.3.2.6;CE4,GH4:+0.3311;4.A.3.2.6:+0.2154;CE4:+0.1972
456,1,chitin,chitin,0.8686274509803922,4.A.3.2.1,4.A.3.2.1;GH4;AraC,4.A.3.2.1;GH4;AraC;HTH,4.A.3.2.1:+0.8686;GH4:+0.2256;AraC:+0.0296;HTH:+0.0175
458,1,chitin,chitin,1.0,4.A.3.2.1,4.A.3.2.1;GH4;4.A.3.2.7,4.A.3.2.1;GH4;4.A.3.2.7;AraC;HTH,4.A.3.2.1:+0.4625;GH4:+0.2887;4.A.3.2.7:+0.1696;AraC:+0.0591;HTH:+0.0492
461,1,chitin,chitin,1.0,GH4,GH4;4.A.3.2.1;HTH,GH4;4.A.3.2.1;HTH;AraC,GH4:+0.3123;4.A.3.2.1:+0.1432;HTH:+0.0342;AraC:+0.0273
462,1,chitin,chitin,1.0,4.A.3.2.7,4.A.3.2.7;GH4;AraC,4.A.3.2.7;GH4;AraC;HTH,4.A.3.2.7:+1.0000;GH4:+0.3449;AraC:+0.0686;HTH:+0.0504
465,1,chitin,chitin,0.986111111111111,GH20,GH20;reg;GH9,GH20;reg;GH9;c;HATPase,GH20:+0.1896;reg:+0.1328;GH9:+0.0975;c:+0.0895;HATPase:+0.0840
482,1,chitin,chitin,0.9351464435146443,GH4,GH4;null;4.A.3.2.7,GH4;null;4.A.3.2.7;4.A.3.2.1;HTH,GH4:+0.3351;null:+0.1356;4.A.3.2.7:+0.1168;4.A.3.2.1:+0.0783;HTH:+0.0199
487,1,chitin,host glycan,0.5090090090090089,CE9,CE9,CE9,CE9:+0.4947
488,1,fructan,fructan,0.42629375891639365,GH32,GH32;null,GH32;null,GH32:+0.3756;null:+0.1296
490,1,fructan,fructan,0.9982530571499876,PfkB,PfkB;GH32;2.A.1.7.17,PfkB;GH32;2.A.1.7.17,PfkB:+0.3082;GH32:+0.2450;2.A.1.7.17:+0.2206
495,1,fructan,fructan,0.9982530571499876,GH32,GH32;1.B.14.6.1;null,GH32;1.B.14.6.1;null,GH32:+0.7860;1.B.14.6.1:+0.3006;null:+0.2797
505,1,fructan,fructan,0.9982530571499876,GH32,GH32;2.A.1.7.17;1.B.14.6.1,GH32;2.A.1.7.17;1.B.14.6.1;PfkB;null,GH32:+0.2916;2.A.1.7.17:+0.0993;1.B.14.6.1:+0.0510;PfkB:+0.0402;null:+0.0392
509,1,fructan,alpha-glucan,0.6699174793698424,GH32,GH32;4.A.1.2.12,GH32;4.A.1.2.12,GH32:+0.0916;4.A.1.2.12:+0.0772
513,1,fructan,alpha-glucan,0.6699174793698424,GH32,GH32;4.A.1.2.12,GH32;4.A.1.2.12,GH32:+0.0916;4.A.1.2.12:+0.0772
519,1,galactan,galactan,1.0,GntR,GntR;null;2.A.1.1.55,GntR;null;2.A.1.1.55;1.B.14.12.2;GH16,GntR:+0.2618;null:+0.2148;2.A.1.1.55:+0.1816;1.B.14.12.2:+0.1718;GH16:+0.1610
525,1,galactan,galactan,1.0,3.A.1.1.44,3.A.1.1.44;LacI;GH42,3.A.1.1.44;LacI;GH42;3.A.1.1.48,3.A.1.1.44:+0.6492;LacI:+0.6138;GH42:+0.4845;3.A.1.1.48:+0.1127
527,1,galactan,galactan,0.562536866614924,3.A.1.1.28,3.A.1.1.28;GH36;HTH,3.A.1.1.28;GH36;HTH;18;AraC,3.A.1.1.28:+0.1336;GH36:+0.1191;HTH:+0.0681;18:+0.0455;AraC:+0.0383
531,1,galactan,galactan,0.3543689320388349,GH16,GH16;2.A.1.1.55;GH86,GH16;2.A.1.1.55;GH86;GH167;GntR,GH16:+0.0495;2.A.1.1.55:+0.0316;GH86:+0.0307;GH167:+0.0256;GntR:+0.0214
532,1,galactan,galactan,0.3745318352059925,GH16,GH16;GH86;null,GH16;GH86;null;GntR;GH167,GH16:+0.0506;GH86:+0.0365;null:+0.0246;GntR:+0.0223;GH167:+0.0195
537,1,galactan,galactan,0.631439842671765,GH16,GH16;null;GntR,GH16;null;GntR;2.A.1;1.B.52,GH16:+0.1321;null:+0.1282;GntR:+0.1181;2.A.1:+0.1133;1.B.52:+0.0048
539,1,galactan,galactan,0.7506750155614275,GH117,GH117;null;2.A.1,GH117;null;2.A.1;GH2;3.A.1,GH117:+0.0955;null:+0.0949;2.A.1:+0.0904;GH2:+0.0735;3.A.1:+0.0729
550,1,galactan,galactan,1.0,GH4,GH4;LacI;3.A.1.1.7,GH4;LacI;3.A.1.1.7;bac;CE19,GH4:+0.2744;LacI:+0.2016;3.A.1.1.7:+0.1729;bac:+0.1507;CE19:+0.1476
551,1,galactan,galactan,1.0,GH4,GH4;AraC;HTH,GH4;AraC;HTH,GH4:+0.5708;AraC:+0.3585;HTH:+0.3073
562,1,galactan,beta-mannan,0.6915390214007828,GH42,GH42;3.A.1;null,GH42;3.A.1;null;LacI,GH42:+0.3688;3.A.1:+0.3280;null:+0.2911;LacI:+0.0797
563,1,galactan,beta-mannan,0.4769230769230769,LacI,LacI;GH2,LacI;GH2,LacI:+0.4287;GH2:+0.3829
564,1,galactan,beta-mannan,1.0,LacI,LacI;GH2;2.A.2,LacI;GH2;2.A.2,LacI:+0.4850;GH2:+0.4300;2.A.2:+0.3034
571,1,galactan,galactan,0.9964881050279113,GH36,GH36;3.A.1.1.28;0044258,GH36;3.A.1.1.28;0044258;SBP;1,GH36:+0.1690;3.A.1.1.28:+0.1544;0044258:+0.1204;SBP:+0.1083;1:+0.0705
589,1,galactan,galactan,0.9743083003952568,42,42;GH5;1,42;GH5;1;TPR;null,42:+0.3469;GH5:+0.2258;1:+0.1962;TPR:+0.1847;null:+0.0119
593,1,host glycan,host glycan,0.7715430861723447,CBM32,CBM32;GH2;GH29,CBM32;GH2;GH29;HTH;GH20,CBM32:+0.0986;GH2:+0.0808;GH29:+0.0389;HTH:+0.0321;GH20:+0.0277
606,1,host glycan,host glycan,1.0,GH2,GH2;1.B.14.6.1;AraC,GH2;1.B.14.6.1;AraC;HTH;null,GH2:+0.4016;1.B.14.6.1:+0.2448;AraC:+0.2233;HTH:+0.2197;null:+0.1120
611,1,host glycan,host glycan,0.9723865877712031,DeoR,DeoR;PfkB;1.B.35.2.2,DeoR;PfkB;1.B.35.2.2;GH31;13,DeoR:+0.2056;PfkB:+0.1673;1.B.35.2.2:+0.1389;GH31:+0.1021;13:+0.1006
615,1,host glycan,host glycan,0.9779116465863453,CE9,CE9;GH20;GH2,CE9;GH20;GH2;CE20;GH92,CE9:+0.1199;GH20:+0.0862;GH2:+0.0809;CE20:+0.0536;GH92:+0.0510
621,1,host glycan,host glycan,1.0,CE9,CE9;4.A.1.1.7,CE9;4.A.1.1.7,CE9:+0.3977;4.A.1.1.7:+0.0263
624,1,host glycan,host glycan,1.0,4.A.3.1.3,4.A.3.1.3;GH1,4.A.3.1.3;GH1,4.A.3.1.3:+0.2851;GH1:+0.2266
625,1,host glycan,host glycan,1.0,GH88,GH88;4.A.6.1.14;PfkB,GH88;4.A.6.1.14;PfkB;null;Nitroreductase,GH88:+0.2787;4.A.6.1.14:+0.1086;PfkB:+0.1084;null:+0.0938;Nitroreductase:+0.0652
628,1,host glycan,host glycan,1.0,CE9,CE9;DeoR;4.A.6.1.4,CE9;DeoR;4.A.6.1.4;SIS;4.A.6.1.5,CE9:+0.1844;DeoR:+0.0500;4.A.6.1.4:+0.0224;SIS:+0.0202;4.A.6.1.5:+0.0201
630,1,host glycan,host glycan,0.9441117764471058,GH33,GH33;CBM93;8.A.46.1.4,GH33;CBM93;8.A.46.1.4;MarR;3,GH33:+0.2211;CBM93:+0.1733;8.A.46.1.4:+0.0905;MarR:+0.0813;3:+0.0784
642,1,host glycan,host glycan,1.0,GH33,GH33;GH2;GH20,GH33;GH2;GH20;CBM93;CE20,GH33:+0.0741;GH2:+0.0521;GH20:+0.0437;CBM93:+0.0285;CE20:+0.0141
644,1,host glycan,host glycan,0.9821428571428571,GH33,GH33;GH2;GH20,GH33;GH2;GH20;CBM93;CE20,GH33:+0.1003;GH2:+0.0786;GH20:+0.0620;CBM93:+0.0586;CE20:+0.0375
651,1,host glycan,host glycan,1.0,CE9,CE9;GH20;GH2,CE9;GH20;GH2;GH92,CE9:+0.1294;GH20:+0.0820;GH2:+0.0741;GH92:+0.0225
653,1,host glycan,host glycan,1.0,CE9,CE9;GH20;GH2,CE9;GH20;GH2;GH92;CE3,CE9:+0.1253;GH20:+0.0893;GH2:+0.0788;GH92:+0.0319;CE3:+0.0238
659,1,host glycan,host glycan,1.0,GH18,GH18;GerE;1.B.14.6.13,GH18;GerE;1.B.14.6.13;8.A.46.2.1;FecR,GH18:+0.1274;GerE:+0.0957;1.B.14.6.13:+0.0794;8.A.46.2.1:+0.0455;FecR:+0.0341
660,1,host glycan,host glycan,1.0,GH18,GH18;8.A.46.2.2;1.B.14.6.13,GH18;8.A.46.2.2;1.B.14.6.13;FecR;null,GH18:+0.0971;8.A.46.2.2:+0.0696;1.B.14.6.13:+0.0301;FecR:+0.0244;null:+0.0178
666,1,host glycan,host glycan,1.0,GH89,GH89;FecR;GerE,GH89;FecR;GerE;1.B.14.6.1;null,GH89:+0.4139;FecR:+0.3212;GerE:+0.2387;1.B.14.6.1:+0.0948;null:+0.0351
678,1,host glycan,host glycan,0.5673653272842827,GH170,GH170;null;4.A.3.2.4,GH170;null;4.A.3.2.4,GH170:+0.1567;null:+0.0691;4.A.3.2.4:+0.0404
682,1,host glycan,host glycan,0.5673653272842827,GH170,GH170;null;4.A.3.2.4,GH170;null;4.A.3.2.4,GH170:+0.1567;null:+0.0691;4.A.3.2.4:+0.0404
689,1,host glycan,host glycan,0.9939148073022313,GH20,GH20;GH38;GH92,GH20;GH38;GH92;GH125;null,GH20:+0.2038;GH38:+0.1891;GH92:+0.1580;GH125:+0.1447;null:+0.0241
690,1,host glycan,host glycan,0.9346534653465346,CE9,CE9;SIS;GntR,CE9;SIS;GntR;4.A.6.1.18;GH35,CE9:+0.3763;SIS:+0.1147;GntR:+0.0897;4.A.6.1.18:+0.0816;GH35:+0.0244
692,1,host glycan,host glycan,0.573943661971831,GH2,GH2,GH2,GH2:+0.3370
694,1,host glycan,host glycan,0.9939148073022313,GH20,GH20;GH38;GH92,GH20;GH38;GH92;GH125;null,GH20:+0.2038;GH38:+0.1891;GH92:+0.1580;GH125:+0.1447;null:+0.0241
696,1,host glycan,host glycan,1.0,GH33,GH33;GH2;GH20,GH33;GH2;GH20;CBM93;CE20,GH33:+0.0741;GH2:+0.0521;GH20:+0.0437;CBM93:+0.0285;CE20:+0.0141
702,1,host glycan,host glycan,1.0,GH33,GH33;GH20;CBM93,GH33;GH20;CBM93;GH2;CE20,GH33:+0.0792;GH20:+0.0528;CBM93:+0.0494;GH2:+0.0464;CE20:+0.0342
703,1,host glycan,host glycan,0.9196078431372549,GH2,GH2;2.A.115.1.2;GH20,GH2;2.A.115.1.2;GH20;1.C.39.4.5;CBM32,GH2:+0.0769;2.A.115.1.2:+0.0709;GH20:+0.0697;1.C.39.4.5:+0.0668;CBM32:+0.0636
715,1,host glycan,host glycan,0.9980741045797551,GH35,GH35;19;GH43,GH35;19;GH43;9;CBM91,GH35:+0.2852;19:+0.1867;GH43:+0.1759;9:+0.0736;CBM91:+0.0544
717,1,host glycan,host glycan,1.0,8.A.46.2.2,8.A.46.2.2;GH18;1.B.14.6.13,8.A.46.2.2;GH18;1.B.14.6.13;FecR;null,8.A.46.2.2:+0.1537;GH18:+0.1214;1.B.14.6.13:+0.1050;FecR:+0.0519;null:+0.0434
722,1,host glycan,host glycan,0.9940119760479041,GH18,GH18;GH163;1.B.14.6.13,GH18;GH163;1.B.14.6.13;null;8.A.46.2.1,GH18:+0.1313;GH163:+0.0875;1.B.14.6.13:+0.0841;null:+0.0613;8.A.46.2.1:+0.0572
726,1,host glycan,host glycan,0.9920318725099602,CBM32,CBM32;1.B.14.6.1;GH92,CBM32;1.B.14.6.1;GH92;null;HTH,CBM32:+0.1925;1.B.14.6.1:+0.1272;GH92:+0.1135;null:+0.0460;HTH:+0.0392
730,1,host glycan,host glycan,0.9982840369243844,HTH,HTH;CBM67;GH78,HTH;CBM67;GH78;AraC;null,HTH:+0.2098;CBM67:+0.1887;GH78:+0.1696;AraC:+0.1650;null:+0.1491
737,1,host glycan,host glycan,1.0,CBM32,CBM32;GH92;1.B.14.6.1,CBM32;GH92;1.B.14.6.1;null;34,CBM32:+0.2118;GH92:+0.1379;1.B.14.6.1:+0.1243;null:+0.0540;34:+0.0428
739,1,host glycan,host glycan,1.0,GH88,GH88;AraC;HTH,GH88;AraC;HTH;GH2;GH20,GH88:+0.1648;AraC:+0.1141;HTH:+0.1061;GH2:+0.1045;GH20:+0.0792
744,1,host glycan,host glycan,1.0,GH29,GH29;GH97;AraC,GH29;GH97;AraC;10;HTH,GH29:+0.2710;GH97:+0.2257;AraC:+0.2229;10:+0.2149;HTH:+0.2008
746,1,host glycan,host glycan,0.993963782696177,CE9,CE9;DeoR;4.A.6.1.5,CE9;DeoR;4.A.6.1.5;SIS;4.A.6.1.4,CE9:+0.1947;DeoR:+0.0646;4.A.6.1.5:+0.0242;SIS:+0.0240;4.A.6.1.4:+0.0124
752,1,host glycan,host glycan,0.9723865877712031,DeoR,DeoR;PfkB;1.B.35.2.2,DeoR;PfkB;1.B.35.2.2;GH31;13,DeoR:+0.2056;PfkB:+0.1673;1.B.35.2.2:+0.1389;GH31:+0.1021;13:+0.1006
753,1,host glycan,galactan,0.4020100502512563,null,null;3.A.1.1.48;LacI,null;3.A.1.1.48;LacI;bac;SBP,null:+0.3599;3.A.1.1.48:+0.1968;LacI:+0.1640;bac:+0.1520;SBP:+0.1439
757,1,host glycan,host glycan,1.0,CE9,CE9,CE9,CE9:+0.3670
761,1,host glycan,host glycan,1.0,GH33,GH33;CBM93;GH20,GH33;CBM93;GH20;GH2;CE20,GH33:+0.1414;CBM93:+0.0856;GH20:+0.0677;GH2:+0.0566;CE20:+0.0378
764,1,host glycan,host glycan,1.0,CBM32,CBM32;null;1.B.14.6.1,CBM32;null;1.B.14.6.1,CBM32:+0.7737;null:+0.1102;1.B.14.6.1:+0.0971
783,1,host glycan,host glycan,1.0,8.A.46.2.2,8.A.46.2.2;GH18;null,8.A.46.2.2;GH18;null,8.A.46.2.2:+0.1995;GH18:+0.1470;null:+0.0321
787,1,host glycan,host glycan,0.9900596421471173,CBM32,CBM32;FecR;2.A.115.1.1,CBM32;FecR;2.A.115.1.1;GH109;1.B.14.6.1,CBM32:+0.1037;FecR:+0.0414;2.A.115.1.1:+0.0413;GH109:+0.0402;1.B.14.6.1:+0.0335
798,1,host glycan,host glycan,1.0,GH29,GH29;AraC;HTH,GH29;AraC;HTH;GH97;CBM91,GH29:+0.1390;AraC:+0.1281;HTH:+0.1147;GH97:+0.1139;CBM91:+0.0945
801,1,host glycan,host glycan,0.9940119760479041,GH18,GH18;GH163;1.B.14.6.13,GH18;GH163;1.B.14.6.13;null;8.A.46.2.1,GH18:+0.1313;GH163:+0.0875;1.B.14.6.13:+0.0841;null:+0.0613;8.A.46.2.1:+0.0572
807,1,host glycan,host glycan,0.4336283185840708,GH2,GH2,GH2,GH2:+0.2821
811,1,host glycan,host glycan,0.9644268774703557,GH88,GH88;PL12;4.A.6.1.14,GH88;PL12;4.A.6.1.14;null;PfkB,GH88:+0.2323;PL12:+0.0783;4.A.6.1.14:+0.0659;null:+0.0498;PfkB:+0.0411
812,1,host glycan,host glycan,0.8415713248764302,GH88,GH88;PL12;PfkB,GH88;PL12;PfkB;null;4.A.6,GH88:+0.2908;PL12:+0.1170;PfkB:+0.0285;null:+0.0257;4.A.6:+0.0253
819,1,host glycan,host glycan,0.48798777419148426,GH3,GH3;CE8;2,GH3;CE8;2;HTH;AraC,GH3:+0.1949;CE8:+0.1702;2:+0.1477;HTH:+0.1329;AraC:+0.1227
828,1,host glycan,host glycan,0.9822134387351779,GH88,GH88;PL12;PL8,GH88;PL12;PL8;null;4.A.6,GH88:+0.2306;PL12:+0.0990;PL8:+0.0410;null:+0.0395;4.A.6:+0.0251
831,1,pectin,pectin,0.7310344827586207,GH105,GH105;LacI;GH28,GH105;LacI;GH28;PfkB;2.A.56.1.5,GH105:+0.0926;LacI:+0.0771;GH28:+0.0701;PfkB:+0.0557;2.A.56.1.5:+0.0484
833,1,pectin,pectin,1.0,GH3,GH3;GH144;8.A.46.1.3,GH3;GH144;8.A.46.1.3,GH3:+0.2672;GH144:+0.1206;8.A.46.1.3:+0.0589
834,1,pectin,pectin,0.9410569105691057,GH3,GH3;GH144;1.B.14.6.1,GH3;GH144;1.B.14.6.1,GH3:+0.2754;GH144:+0.0967;1.B.14.6.1:+0.0681
838,1,pectin,pectin,0.6018410021623318,NUDIX,NUDIX;2.A.21.3.19;GH146,NUDIX;2.A.21.3.19;GH146;1.B.14.6.1;1,NUDIX:+0.2044;2.A.21.3.19:+0.2019;GH146:+0.1455;1.B.14.6.1:+0.1367;1:+0.0971
844,1,pectin,chitin,0.35850849800664036,3.A.1,3.A.1,3.A.1,3.A.1:+0.3227
857,1,pectin,pectin,0.8277153558052434,GH105,GH105;CE12;PL1,GH105;CE12;PL1;GH28;CE8,GH105:+0.0916;CE12:+0.0782;PL1:+0.0605;GH28:+0.0593;CE8:+0.0420
861,1,pectin,pectin,0.8321323459493056,GH105,GH105;CE12;HTH,GH105;CE12;HTH;PL11;GH28,GH105:+0.1012;CE12:+0.0777;HTH:+0.0581;PL11:+0.0568;GH28:+0.0534
865,1,pectin,pectin,0.9410569105691057,GH3,GH3;GH144;1.B.14.6.1,GH3;GH144;1.B.14.6.1,GH3:+0.2754;GH144:+0.0967;1.B.14.6.1:+0.0681
868,1,pectin,pectin,1.0,GH3,GH3;null,GH3;null,GH3:+0.3261;null:+0.0589
871,1,pectin,pectin,0.4925828129780941,GH28,GH28,GH28,GH28:+0.4664
882,1,pectin,pectin,0.42718446601941745,null,null;34;10,null;34;10;GH43;AraC,null:+0.3357;34:+0.2770;10:+0.0977;GH43:+0.0919;AraC:+0.0674
884,1,pectin,arabinogalactan,0.6943364527687724,29,29;GH51;2.A.21,29;GH51;2.A.21;GH43;GH146,29:+0.1138;GH51:+0.0915;2.A.21:+0.0822;GH43:+0.0733;GH146:+0.0679
889,1,pectin,pectin,0.867579203860982,18,18;GH140;GH28,18;GH140;GH28;PL1;GH78,18:+0.1445;GH140:+0.1374;GH28:+0.1078;PL1:+0.1008;GH78:+0.1006
891,1,pectin,pectin,0.9433438229162546,18,18;GH33;GH140,18;GH33;GH140;CBM67;AraC,18:+0.1244;GH33:+0.0837;GH140:+0.0811;CBM67:+0.0676;AraC:+0.0661
894,1,pectin,pectin,0.8495316033677849,GH105,GH105;CE12;AraC,GH105;CE12;AraC;HTH;GH106,GH105:+0.0818;CE12:+0.0762;AraC:+0.0666;HTH:+0.0666;GH106:+0.0617
899,1,pectin,pectin,0.3983286908077994,CE20,CE20,CE20,CE20:+0.2392
900,1,pectin,pectin,1.0,CE12,CE12;GH105;GH28,CE12;GH105;GH28;LacI;10,CE12:+0.0636;GH105:+0.0596;GH28:+0.0578;LacI:+0.0538;10:+0.0426
903,1,pectin,pectin,0.8093036161258006,PL1,PL1;2;1.B.14,PL1;2;1.B.14,PL1:+0.3513;2:+0.1096;1.B.14:+0.0273
912,1,pectin,pectin,0.5173267326732673,CE1,CE1;1.B.14.6.1;null,CE1;1.B.14.6.1;null,CE1:+0.2846;1.B.14.6.1:+0.1869;null:+0.1024
919,1,pectin,pectin,0.5057736720554272,GH3,GH3;1.B.14.6.1,GH3;1.B.14.6.1,GH3:+0.3235;1.B.14.6.1:+0.0478
929,1,pectin,pectin,0.7154684698637075,PL1,PL1;GH36;null,PL1;GH36;null,PL1:+0.4428;GH36:+0.0401;null:+0.0163
940,1,xylan,xylan,1.0,8.A.46.1.1,8.A.46.1.1;GH20;1.B.14.6.1,8.A.46.1.1;GH20;1.B.14.6.1;CBM32,8.A.46.1.1:+0.5482;GH20:+0.4134;1.B.14.6.1:+0.2400;CBM32:+0.0535
944,1,xylan,xylan,0.7062256809338521,7,7;GH43;17,7;GH43;17;CE6;GH3,7:+0.1792;GH43:+0.1367;17:+0.1182;CE6:+0.0548;GH3:+0.0308
949,1,xylan,xylan,0.978,7,7;GH43;17,7;GH43;17;CBM6;CE1,7:+0.1982;GH43:+0.1822;17:+0.1542;CBM6:+0.1076;CE1:+0.1017
953,1,xylan,xylan,1.0,AraC,AraC;GH95;GH3,AraC;GH95;GH3;HTH;GH10,AraC:+0.1423;GH95:+0.1399;GH3:+0.1202;HTH:+0.1041;GH10:+0.0236
959,1,xylan,xylan,0.6884057971014492,GH97,GH97;10;CE1,GH97;10;CE1;GH43;GH115,GH97:+0.0711;10:+0.0583;CE1:+0.0524;GH43:+0.0496;GH115:+0.0490
976,1,xylan,xylan,0.5024232633279483,CE1,CE1;10;12,CE1;10;12;GH97;GH115,CE1:+0.0463;10:+0.0456;12:+0.0443;GH97:+0.0431;GH115:+0.0405
977,1,xylan,xylan,0.8176470588235294,GH43,GH43;GH67;12,GH43;GH67;12;GH10;GH115,GH43:+0.0795;GH67:+0.0702;12:+0.0618;GH10:+0.0562;GH115:+0.0284
982,1,xylan,xylan,0.7131630648330058,GH115,GH115;12;10,GH115;12;10;GH43;GH97,GH115:+0.1140;12:+0.0982;10:+0.0698;GH43:+0.0691;GH97:+0.0650
983,1,xylan,beta-glucan,0.3348623853211009,GH59,GH59;10;29,GH59;10;29;GH62;CBM6,GH59:+0.0757;10:+0.0623;29:+0.0577;GH62:+0.0554;CBM6:+0.0542
988,1,xylan,xylan,0.5384615384615384,GH67,GH67;GH10;HTH,GH67;GH10;HTH;null;11,GH67:+0.1344;GH10:+0.1070;HTH:+0.0316;null:+0.0275;11:+0.0191
989,1,xylan,xylan,0.9961661606914929,GH10,GH10;GH67;2.A.2.3.2,GH10;GH67;2.A.2.3.2;AraC;HTH,GH10:+0.1392;GH67:+0.1201;2.A.2.3.2:+0.0726;AraC:+0.0705;HTH:+0.0703
991,1,xylan,xylan,0.877431906614786,GH97,GH97;GH3;46,GH97;GH3;46;1;8,GH97:+0.1671;GH3:+0.1356;46:+0.1163;1:+0.0982;8:+0.0950
997,1,xylan,xylan,1.0,GH10,GH10;1.B.14.6.1;8,GH10;1.B.14.6.1;8;HTH;AraC,GH10:+0.2969;1.B.14.6.1:+0.1757;8:+0.1684;HTH:+0.1458;AraC:+0.1323
1001,1,xylan,xylan,0.7464212678936605,GH67,GH67;GH10;AraC,GH67;GH10;AraC;GH43;HTH,GH67:+0.1402;GH10:+0.1335;AraC:+0.0226;GH43:+0.0127;HTH:+0.0102
1002,1,xylan,xylan,0.37532133676092544,11,11;GH43;AraC,11;GH43;AraC;SBP;HTH,11:+0.1233;GH43:+0.0646;AraC:+0.0527;SBP:+0.0428;HTH:+0.0403
1004,1,xylan,xylan,1.0,GH10,GH10;GH95;GH3,GH10;GH95;GH3;AraC;HTH,GH10:+0.2597;GH95:+0.1870;GH3:+0.1801;AraC:+0.1673;HTH:+0.1549
1010,1,xylan,xylan,0.36363636363636365,GH67,GH67;null;14,GH67;null;14,GH67:+0.2598;null:+0.0227;14:+0.0015
1017,1,xylan,xylan,1.0,10,10;CBM91;GH43,10;CBM91;GH43;CE20;LacI,10:+0.1288;CBM91:+0.1181;GH43:+0.1176;CE20:+0.1093;LacI:+0.0936
1026,1,xylan,xylan,0.5186310561009034,GH43,GH43;11;2.A.2,GH43;11;2.A.2;2.A.1;null,GH43:+0.1934;11:+0.0967;2.A.2:+0.0601;2.A.1:+0.0509;null:+0.0138
0,2,alginate,alginate,0.9678068410462777,PL17,PL17;PL6;PfkB,PL17;PL6;PfkB;2;1,PL17:+0.1130;PL6:+0.0427;PfkB:+0.0358;2:+0.0356;1:+0.0228
2,2,alginate,alginate,0.9939759036144579,PL17,PL17;2;PL6,PL17;2;PL6;null;PfkB,PL17:+0.1395;2:+0.0508;PL6:+0.0504;null:+0.0315;PfkB:+0.0267
4,2,alginate,alginate,0.9840319361277445,1,1;PL6;GntR,1;PL6;GntR;PfkB;3.D.2.2.1,1:+0.1489;PL6:+0.1306;GntR:+0.1081;PfkB:+0.0752;3.D.2.2.1:+0.0361
9,2,alginate,alginate,0.9468503937007874,PL17,PL17;PL6;PfkB,PL17;PL6;PfkB;2;GntR,PL17:+0.1223;PL6:+0.0819;PfkB:+0.0765;2:+0.0577;GntR:+0.0511
21,2,alginate,alginate,0.6428974315013181,PL7,PL7;GntR;null,PL7;GntR;null,PL7:+0.4217;GntR:+0.1674;null:+0.0688
32,2,alginate,alginate,1.0,PL17,PL17;PL6;1,PL17;PL6;1;2;PfkB,PL17:+0.1537;PL6:+0.1153;1:+0.0645;2:+0.0615;PfkB:+0.0521
36,2,alginate,alginate,0.6773345024112231,1,1;PL15;binding,1;PL15;binding;null;3.A.1,1:+0.1609;PL15:+0.1168;binding:+0.0816;null:+0.0312;3.A.1:+0.0213
39,2,alginate,alginate,1.0,PL17,PL17;GntR;PL6,PL17;GntR;PL6;1;2,PL17:+0.2247;GntR:+0.1311;PL6:+0.1303;1:+0.1197;2:+0.0459
42,2,alginate,alginate,0.7007722007722007,PL17,PL17;PL6;1,PL17;PL6;1;2,PL17:+0.2737;PL6:+0.1832;1:+0.0740;2:+0.0647
46,2,alginate,alginate,0.728778640251389,PL6,PL6;PL7;1,PL6;PL7;1,PL6:+0.2214;PL7:+0.0781;1:+0.0674
51,2,alpha-glucan,alpha-glucan,1.0,GH31,GH31;null;8.A.46.1.5,GH31;null;8.A.46.1.5,GH31:+0.1324;null:+0.0198;8.A.46.1.5:+0.0194
61,2,alpha-glucan,alpha-glucan,1.0,GH13,GH13;20;CBM34,GH13;20;CBM34;31;3.A.1.1.27,GH13:+0.1730;20:+0.0591;CBM34:+0.0349;31:+0.0176;3.A.1.1.27:+0.0123
65,2,alpha-glucan,alpha-glucan,0.49564493584407826,GH32,GH32;LacI,GH32;LacI,GH32:+0.0727;LacI:+0.0213
73,2,alpha-glucan,alpha-glucan,1.0,GH13,GH13;GT5;CBM48,GH13;GT5;CBM48;9;GT35,GH13:+0.1756;GT5:+0.1007;CBM48:+0.0624;9:+0.0253;GT35:+0.0154
74,2,alpha-glucan,alpha-glucan,1.0,GH13,GH13;GT5;CBM48,GH13;GT5;CBM48;9;null,GH13:+0.1575;GT5:+0.1065;CBM48:+0.0612;9:+0.0316;null:+0.0060
75,2,alpha-glucan,alpha-glucan,0.8095517355694728,LacI,LacI;PfkB;GH13,LacI;PfkB;GH13;3.A.1.1.45;18,LacI:+0.1387;PfkB:+0.1248;GH13:+0.1167;3.A.1.1.45:+0.0905;18:+0.0896
76,2,alpha-glucan,alpha-glucan,1.0,GH13,GH13;Pyr;redox,GH13;Pyr;redox;1;2,GH13:+0.1774;Pyr:+0.1063;redox:+0.0996;1:+0.0862;2:+0.0707
82,2,alpha-glucan,alpha-glucan,0.8792230319518892,GH13,GH13;18,GH13;18,GH13:+0.5008;18:+0.1798
86,2,alpha-glucan,alpha-glucan,1.0,LacI,LacI;GH13;3.A.1.1.45,LacI;GH13;3.A.1.1.45;GH77,LacI:+0.0825;GH13:+0.0440;3.A.1.1.45:+0.0276;GH77:+0.0237
87,2,alpha-glucan,alpha-glucan,0.9918991899189918,GH13,GH13;LacI;30,GH13;LacI;30;3.A.1.1.45,GH13:+0.2116;LacI:+0.1098;30:+0.0596;3.A.1.1.45:+0.0481
98,2,alpha-glucan,alpha-glucan,0.6722592945662536,GH13,GH13;LacI;46,GH13;LacI;46;GH65,GH13:+0.2026;LacI:+0.0515;46:+0.0338;GH65:+0.0116
101,2,alpha-glucan,alpha-glucan,0.36762834055485427,GH31,GH31;CBM20,GH31;CBM20,GH31:+0.2648;CBM20:+0.0133
106,2,alpha-glucan,alpha-glucan,1.0,GH32,GH32;4.A.1.2.12,GH32;4.A.1.2.12,GH32:+0.5103;4.A.1.2.12:+0.3816
110,2,alpha-glucan,alpha-glucan,1.0,31,31;GH13;GH36,31;GH13;GH36;bac;null,31:+0.3291;GH13:+0.3133;GH36:+0.2007;bac:+0.1919;null:+0.1742
112,2,alpha-glucan,alpha-glucan,1.0,GH4,GH4,GH4,GH4:+0.4058
114,2,alpha-glucan,alpha-glucan,0.8875714588185475,GH13,GH13;GH97;8.A.46.1.1,GH13;GH97;8.A.46.1.1;46;null,GH13:+0.1072;GH97:+0.0980;8.A.46.1.1:+0.0347;46:+0.0299;null:+0.0277
121,2,alpha-glucan,alpha-glucan,1.0,GH31,GH31;null;8.A.46.1.5,GH31;null;8.A.46.1.5,GH31:+0.1324;null:+0.0198;8.A.46.1.5:+0.0194
135,2,alpha-glucan,alpha-glucan,1.0,3.A.1.1.10,3.A.1.1.10;GH32;SBP,3.A.1.1.10;GH32;SBP;bac;1,3.A.1.1.10:+0.3439;GH32:+0.2947;SBP:+0.0920;bac:+0.0694;1:+0.0224
139,2,alpha-glucan,alpha-glucan,0.520050230780552,PfkB,PfkB;LacI;GH32,PfkB;LacI;GH32,PfkB:+0.4582;LacI:+0.2197;GH32:+0.0450
140,2,alpha-glucan,alpha-glucan,1.0,PfkB,PfkB;LacI;GH32,PfkB;LacI;GH32;4.A.1.2.12,PfkB:+0.4506;LacI:+0.2369;GH32:+0.1418;4.A.1.2.12:+0.1387
145,2,alpha-glucan,alpha-glucan,0.49564493584407826,GH32,GH32;LacI,GH32;LacI,GH32:+0.0727;LacI:+0.0213
149,2,alpha-glucan,alpha-glucan,1.0,GH13,GH13;18;LacI,GH13;18;LacI;null,GH13:+0.3109;18:+0.1391;LacI:+0.1208;null:+0.0237
162,2,alpha-glucan,alpha-glucan,0.9554455445544554,PfkB,PfkB;LacI;PadR,PfkB;LacI;PadR;GH32;MarR,PfkB:+0.4199;LacI:+0.2754;PadR:+0.1410;GH32:+0.1258;MarR:+0.1206
168,2,alpha-glucan,alpha-glucan,0.7914041404140414,LacI,LacI;PfkB;3.A.1.1.45,LacI;PfkB;3.A.1.1.45;GH13;GH32,LacI:+0.1453;PfkB:+0.1369;3.A.1.1.45:+0.0881;GH13:+0.0512;GH32:+0.0366
174,2,alpha-glucan,alpha-glucan,0.9171483622350673,GH13,GH13;36;SBP,GH13;36;SBP;bac;1,GH13:+0.2123;36:+0.1361;SBP:+0.0444;bac:+0.0337;1:+0.0173
178,2,alpha-mannan,alpha-mannan,0.9109258734445227,GH125,GH125;GntR;GH38,GH125;GntR;GH38;GH84;3.A.1.1.29,GH125:+0.2974;GntR:+0.2950;GH38:+0.2615;GH84:+0.2256;3.A.1.1.29:+0.2235
182,2,alpha-mannan,alpha-mannan,0.7904564315352697,GH125,GH125;GH76;GH92,GH125;GH76;GH92;GH97;GH67,GH125:+0.2389;GH76:+0.2249;GH92:+0.1506;GH97:+0.1491;GH67:+0.1077
186,2,alpha-mannan,alpha-mannan,0.5753086031481452,GH92,GH92;null;1.B.14.6.1,GH92;null;1.B.14.6.1,GH92:+0.4823;null:+0.2994;1.B.14.6.1:+0.1192
194,2,alpha-mannan,alpha-mannan,1.0,null,null;GH92;1.B.14.6.1,null;GH92;1.B.14.6.1;9.B.14.1.10,null:+0.1792;GH92:+0.1719;1.B.14.6.1:+0.0257;9.B.14.1.10:+0.0159
196,2,alpha-mannan,alpha-mannan,0.9920318725099602,GH125,GH125;GH92;GH76,GH125;GH92;GH76;GH130;GT32,GH125:+0.2017;GH92:+0.1638;GH76:+0.1568;GH130:+0.1427;GT32:+0.1403
212,2,arabinogalactan,arabinogalactan,1.0,null,null;24;HTH,null;24;HTH;GH35;AraC,null:+0.2207;24:+0.2138;HTH:+0.2047;GH35:+0.1881;AraC:+0.1784
214,2,arabinogalactan,arabinogalactan,1.0,4,4;GH51;29,4;GH51;29;GH43;1.B.14.6.1,4:+0.2756;GH51:+0.2572;29:+0.2384;GH43:+0.2276;1.B.14.6.1:+0.2227
215,2,arabinogalactan,arabinogalactan,0.6041666666666666,GH43,GH43;29;4,GH43;29;4;GH51;HTH,GH43:+0.2059;29:+0.1840;4:+0.1686;GH51:+0.0854;HTH:+0.0665
216,2,arabinogalactan,arabinogalactan,1.0,GH51,GH51;3.A.1.1.34;1,GH51;3.A.1.1.34;1;null,GH51:+0.2939;3.A.1.1.34:+0.2784;1:+0.2514;null:+0.0932
226,2,arabinogalactan,pectin,0.6888322442731619,NUDIX,NUDIX;GH146;2.A.21.3.19,NUDIX;GH146;2.A.21.3.19;1;1.B.14.6.1,NUDIX:+0.1582;GH146:+0.1562;2.A.21.3.19:+0.1350;1:+0.0985;1.B.14.6.1:+0.0860
227,2,arabinogalactan,arabinogalactan,0.3641304347826087,GH51,GH51;GH27;3.A.1,GH51;GH27;3.A.1;GH127;GH43,GH51:+0.1100;GH27:+0.0529;3.A.1:+0.0254;GH127:+0.0248;GH43:+0.0234
232,2,arabinogalactan,arabinogalactan,1.0,17,17;GH105;24,17;GH105;24;GH154;GH43,17:+0.1753;GH105:+0.1685;24:+0.1656;GH154:+0.1620;GH43:+0.1534
237,2,beta-glucan,beta-glucan,0.9599198396793587,4,4;GH5;GH31,4;GH5;GH31;GH3;GH2,4:+0.2153;GH5:+0.1895;GH31:+0.1753;GH3:+0.1391;GH2:+0.1243
238,2,beta-glucan,beta-glucan,0.7735124760076776,GH5,GH5;4;GH31,GH5;4;GH31;GH3;null,GH5:+0.2297;4:+0.2082;GH31:+0.1212;GH3:+0.0664;null:+0.0314
242,2,beta-glucan,beta-glucan,0.8302463071784522,GH8,GH8;4.D.3.1.6;1.B.55.3.1,GH8;4.D.3.1.6;1.B.55.3.1,GH8:+0.2068;4.D.3.1.6:+0.1439;1.B.55.3.1:+0.0316
255,2,beta-glucan,beta-glucan,0.47305439683141615,CBM4,CBM4,CBM4,CBM4:+0.3687
264,2,beta-glucan,beta-glucan,0.32814665036599444,GH16,GH16;GH3;1.B.14,GH16;GH3;1.B.14,GH16:+0.1733;GH3:+0.1131;1.B.14:+0.0280
266,2,beta-glucan,beta-glucan,0.9577569854429975,GH1,GH1;GH16;GH3,GH1;GH16;GH3;3;LacI,GH1:+0.1919;GH16:+0.1027;GH3:+0.0998;3:+0.0983;LacI:+0.0870
272,2,beta-glucan,beta-glucan,0.8165680473372781,4,4;GH31;GH5,4;GH31;GH5;GH3;12,4:+0.1913;GH31:+0.1878;GH5:+0.1732;GH3:+0.1172;12:+0.1116
281,2,beta-glucan,beta-glucan,0.9465811965811965,GH5,GH5;4;HTH,GH5;4;HTH;AraC;GH36,GH5:+0.2959;4:+0.2428;HTH:+0.1390;AraC:+0.1212;GH36:+0.0812
285,2,beta-glucan,beta-glucan,0.8601941747572815,GH31,GH31;GH5;GH3,GH31;GH5;GH3;4;HTH,GH31:+0.1420;GH5:+0.1211;GH3:+0.1172;4:+0.1009;HTH:+0.0761
293,2,beta-glucan,beta-glucan,1.0,GH3,GH3;8.A.46.2.1;GH16,GH3;8.A.46.2.1;GH16;1.B.14.6.2;3,GH3:+0.2213;8.A.46.2.1:+0.2104;GH16:+0.1749;1.B.14.6.2:+0.1537;3:+0.1535
296,2,beta-glucan,beta-glucan,1.0,3,3;GH30;GH3,3;GH30;GH3;7;1.B.14.6.1,3:+0.2549;GH30:+0.1626;GH3:+0.1318;7:+0.1230;1.B.14.6.1:+0.0939
300,2,beta-glucan,beta-glucan,0.6746506986027945,GH5,GH5;4;CBM4,GH5;4;CBM4;null,GH5:+0.2343;4:+0.1906;CBM4:+0.0577;null:+0.0282
310,2,beta-glucan,beta-glucan,0.8995249080892035,GT2,GT2;GH8,GT2;GH8,GT2:+0.2898;GH8:+0.1407
317,2,beta-glucan,beta-glucan,0.9350689181901594,GH16,GH16;GH3;8.A.46,GH16;GH3;8.A.46;1.B.14;null,GH16:+0.3171;GH3:+0.2099;8.A.46:+0.1843;1.B.14:+0.0748;null:+0.0090
324,2,beta-glucan,beta-glucan,0.998446487723671,GH1,GH1;LacI;3.A.1.1.23,GH1;LacI;3.A.1.1.23,GH1:+0.5344;LacI:+0.3497;3.A.1.1.23:+0.2443
325,2,beta-glucan,beta-glucan,0.6104239976538899,GH1,GH1;LacI,GH1;LacI,GH1:+0.4223;LacI:+0.0849
328,2,beta-glucan,beta-glucan,0.764208655396189,3,3;GH3;GH30,3;GH3;GH30,3:+0.2055;GH3:+0.1469;GH30:+0.1220
338,2,beta-glucan,beta-glucan,1.0,GH16,GH16;null,GH16;null,GH16:+0.4077;null:+0.0573
339,2,beta-glucan,beta-mannan,0.5778611632270169,GH130,GH130;GH26;2.A.2,GH130;GH26;2.A.2;1.B.14,GH130:+0.1059;GH26:+0.1016;2.A.2:+0.1009;1.B.14:+0.0375
346,2,beta-glucan,beta-glucan,0.86328125,GH31,GH31;GH3;GH5,GH31;GH3;GH5;4;GH2,GH31:+0.1297;GH3:+0.1252;GH5:+0.0936;4:+0.0916;GH2:+0.0682
350,2,beta-glucan,beta-glucan,0.4751908396946565,GH9,GH9;GH31;3,GH9;GH31;3;GH30;1.B.14.6.1,GH9:+0.1213;GH31:+0.0953;3:+0.0733;GH30:+0.0316;1.B.14.6.1:+0.0277
352,2,beta-glucan,beta-glucan,0.996,GH73,GH73;9.B.154.1.2;null,GH73;9.B.154.1.2;null;Peptidase;M23,GH73:+0.2037;9.B.154.1.2:+0.1806;null:+0.0552;Peptidase:+0.0099;M23:+0.0020
353,2,beta-glucan,beta-glucan,0.815407617451827,GH73,GH73;M23;Peptidase,GH73;M23;Peptidase;null,GH73:+0.2335;M23:+0.0749;Peptidase:+0.0587;null:+0.0152
356,2,beta-glucan,beta-glucan,1.0,null,null;GH2;CBM57,null;GH2;CBM57;1.B.14.6.1;PL38,null:+0.1582;GH2:+0.1450;CBM57:+0.1301;1.B.14.6.1:+0.1257;PL38:+0.0792
359,2,beta-mannan,galactan,0.44553149236551504,LacI,LacI;GH2,LacI;GH2,LacI:+0.1310;GH2:+0.0711
368,2,beta-mannan,beta-mannan,0.35117997009842594,LacI,LacI;GH2;SBP,LacI;GH2;SBP;bac;1,LacI:+0.2182;GH2:+0.1080;SBP:+0.0744;bac:+0.0548;1:+0.0232
379,2,beta-mannan,beta-mannan,0.944223107569721,CE7,CE7;GH26;AraC,CE7;GH26;AraC;1.B.14.6.1;HTH,CE7:+0.1123;GH26:+0.1086;AraC:+0.0968;1.B.14.6.1:+0.0824;HTH:+0.0720
381,2,beta-mannan,beta-mannan,0.42855701233475385,GH130,GH130;GH27;GH5,GH130;GH27;GH5,GH130:+0.2212;GH27:+0.0809;GH5:+0.0086
383,2,beta-mannan,beta-mannan,0.9982433823974802,4.A.3.2.8,4.A.3.2.8;4.A.3.2.4;GH1,4.A.3.2.8;4.A.3.2.4;GH1,4.A.3.2.8:+0.5805;4.A.3.2.4:+0.4120;GH1:+0.3258
389,2,beta-mannan,beta-mannan,1.0,GH26,GH26;GntR;4.A.3.2.8,GH26;GntR;4.A.3.2.8;GH1;4.A.3.2.6,GH26:+0.3105;GntR:+0.2426;4.A.3.2.8:+0.2250;GH1:+0.2229;4.A.3.2.6:+0.1919
396,2,beta-mannan,beta-mannan,1.0,GH42,GH42;3.A.1.1.48,GH42;3.A.1.1.48,GH42:+0.6235;3.A.1.1.48:+0.2073
402,2,beta-mannan,beta-mannan,1.0,GH26,GH26;GH130;2.A.2.3.6,GH26;GH130;2.A.2.3.6;HTH;AraC,GH26:+0.2013;GH130:+0.1987;2.A.2.3.6:+0.1164;HTH:+0.0875;AraC:+0.0830
411,2,beta-mannan,fructan,0.4050880626223092,4.A.1,4.A.1;GH32;LacI,4.A.1;GH32;LacI;null,4.A.1:+0.2939;GH32:+0.1636;LacI:+0.1254;null:+0.0118
414,2,beta-mannan,galactan,0.6542146284868022,LacI,LacI;GH42,LacI;GH42,LacI:+0.6257;GH42:+0.4358
415,2,beta-mannan,galactan,0.5713909483456456,LacI,LacI;GH42,LacI;GH42,LacI:+0.5455;GH42:+0.3912
416,2,beta-mannan,galactan,0.9720405862457723,LacI,LacI;GH42;3.A.1,LacI;GH42;3.A.1,LacI:+0.7060;GH42:+0.6573;3.A.1:+0.1945
420,2,beta-mannan,beta-mannan,0.37259100642398285,GH130,GH130;SBP;1,GH130;SBP;1;3.A.1;HTH,GH130:+0.3159;SBP:+0.0174;1:+0.0149;3.A.1:+0.0099;HTH:+0.0072
422,2,beta-mannan,beta-mannan,0.9899598393574297,GH130,GH130;GH26;2.A.2,GH130;GH26;2.A.2;HTH;AraC,GH130:+0.2729;GH26:+0.2095;2.A.2:+0.1313;HTH:+0.0871;AraC:+0.0781
426,2,chitin,host glycan,0.5856230900916756,GH20,GH20,GH20,GH20:+0.1081
428,2,chitin,beta-mannan,0.3111966824644549,GH3,GH3,GH3,GH3:+0.0160
440,2,chitin,chitin,1.0,GH4,GH4;CE4;4.A.3.2.6,GH4;CE4;4.A.3.2.6,GH4:+0.4055;CE4:+0.3973;4.A.3.2.6:+0.2389
441,2,chitin,chitin,0.9839357429718876,GH4,GH4;CE4;4.A.3.2.6,GH4;CE4;4.A.3.2.6,GH4:+0.4470;CE4:+0.3215;4.A.3.2.6:+0.1313
457,2,chitin,chitin,1.0,4.A.3.2.1,4.A.3.2.1;GH4;AraC,4.A.3.2.1;GH4;AraC;HTH,4.A.3.2.1:+0.4209;GH4:+0.3666;AraC:+0.0940;HTH:+0.0714
459,2,chitin,chitin,0.9429175475687103,GH4,GH4;4.A.3.2.1;null,GH4;4.A.3.2.1;null;AraC;HTH,GH4:+0.3912;4.A.3.2.1:+0.3639;null:+0.1183;AraC:+0.0783;HTH:+0.0592
460,2,chitin,chitin,1.0,4.A.3.2.1,4.A.3.2.1;GH4;4.A.3.2.7,4.A.3.2.1;GH4;4.A.3.2.7;AraC;HTH,4.A.3.2.1:+0.4106;GH4:+0.3333;4.A.3.2.7:+0.1754;AraC:+0.0919;HTH:+0.0853
467,2,chitin,chitin,0.9178947368421053,4.A.3.2.1,4.A.3.2.1;GH4;null,4.A.3.2.1;GH4;null;AraC;HTH,4.A.3.2.1:+0.5256;GH4:+0.3504;null:+0.0933;AraC:+0.0891;HTH:+0.0790
468,2,chitin,chitin,1.0,4.A.3.2.1,4.A.3.2.1;GH4;AraC,4.A.3.2.1;GH4;AraC;HTH,4.A.3.2.1:+0.6077;GH4:+0.3474;AraC:+0.1131;HTH:+0.0972
469,2,chitin,chitin,1.0,GH4,GH4;4.A.3.2.1;AraC,GH4;4.A.3.2.1;AraC;HTH,GH4:+0.3835;4.A.3.2.1:+0.3297;AraC:+0.0850;HTH:+0.0666
473,2,chitin,chitin,0.9839679358717435,GH20,GH20;reg;GH9,GH20;reg;GH9;HATPase;PAS,GH20:+0.2042;reg:+0.1506;GH9:+0.1325;HATPase:+0.1214;PAS:+0.1195
478,2,chitin,chitin,1.0,GH4,GH4;4.A.3.2.1;4.A.3.2.7,GH4;4.A.3.2.1;4.A.3.2.7;AraC;HTH,GH4:+0.3740;4.A.3.2.1:+0.1263;4.A.3.2.7:+0.0571;AraC:+0.0438;HTH:+0.0244
479,2,chitin,chitin,0.9429175475687103,GH4,GH4;4.A.3.2.1;null,GH4;4.A.3.2.1;null;AraC;HTH,GH4:+0.3912;4.A.3.2.1:+0.3639;null:+0.1183;AraC:+0.0783;HTH:+0.0592
489,2,fructan,fructan,1.0,GH68,GH68;GH32;2.A.3.11.1,GH68;GH32;2.A.3.11.1;1,GH68:+0.2528;GH32:+0.2235;2.A.3.11.1:+0.1531;1:+0.1354
499,2,fructan,fructan,0.5431472081218274,GH32,GH32;PfkB,GH32;PfkB,GH32:+0.2414;PfkB:+0.1667
500,2,fructan,alpha-glucan,0.6634429400386848,GH13,GH13;30;bac,GH13;30;bac;1;SBP,GH13:+0.2956;30:+0.0307;bac:+0.0189;1:+0.0152;SBP:+0.0121
512,2,fructan,fructan,0.967280163599182,GH32,GH32;2.A.1.7.17;1.B.14.6.1,GH32;2.A.1.7.17;1.B.14.6.1;null;0039384,GH32:+0.2664;2.A.1.7.17:+0.1108;1.B.14.6.1:+0.0817;null:+0.0491;0039384:+0.0347
516,2,fructan,fructan,1.0,2.A.1.7.17,2.A.1.7.17;PfkB;GH32,2.A.1.7.17;PfkB;GH32,2.A.1.7.17:+0.4792;PfkB:+0.2652;GH32:+0.2272
518,2,fructan,alpha-glucan,0.6634429400386848,GH13,GH13;30;bac,GH13;30;bac;1;SBP,GH13:+0.2956;30:+0.0307;bac:+0.0189;1:+0.0152;SBP:+0.0121
520,2,galactan,galactan,0.9584158415841584,16,16;GH16;null,16;GH16;null,16:+0.7394;GH16:+0.4341;null:+0.0387
540,2,galactan,galactan,0.7528007135961227,null,null;GH117;2.A.1,null;GH117;2.A.1;GH50;GH2,null:+0.0941;GH117:+0.0941;2.A.1:+0.0854;GH50:+0.0599;GH2:+0.0579
547,2,galactan,host glycan,0.49298597194388777,GH2,GH2;MarR,GH2;MarR,GH2:+0.2215;MarR:+0.0534
549,2,galactan,galactan,0.6742160278745644,3.A.1.1.28,3.A.1.1.28;GH36;18,3.A.1.1.28;GH36;18;31;GH13,3.A.1.1.28:+0.2645;GH36:+0.1497;18:+0.1354;31:+0.0665;GH13:+0.0014
552,2,galactan,galactan,0.9281521621007773,LacI,LacI;GH42;3.A.1.1.2,LacI;GH42;3.A.1.1.2,LacI:+0.4177;GH42:+0.3796;3.A.1.1.2:+0.2130
556,2,galactan,galactan,0.8626358150397941,GH129,GH129;GH127;HTH,GH129;GH127;HTH;AraC;2.A.1.1.55,GH129:+0.2347;GH127:+0.1918;HTH:+0.1674;AraC:+0.1525;2.A.1.1.55:+0.1453
557,2,galactan,galactan,1.0,AraC,AraC;GH53;HTH,AraC;GH53;HTH;8.A.46.1.1;1.B.14.6.1,AraC:+0.3539;GH53:+0.3443;HTH:+0.3431;8.A.46.1.1:+0.3123;1.B.14.6.1:+0.2068
568,2,galactan,galactan,1.0,2.A.2.2.1,2.A.2.2.1;GH2;null,2.A.2.2.1;GH2;null,2.A.2.2.1:+0.4973;GH2:+0.2509;null:+0.1313
575,2,galactan,beta-glucan,0.37209302325581395,GH16,GH16,GH16,GH16:+0.2593
580,2,galactan,host glycan,0.5038011120789507,1.B.14,1.B.14;8.A.46,1.B.14;8.A.46,1.B.14:+0.0636;8.A.46:+0.0234
581,2,galactan,pectin,0.5719150565685507,1.B.14.6.1,1.B.14.6.1;null,1.B.14.6.1;null,1.B.14.6.1:+0.3547;null:+0.1213
585,2,galactan,beta-mannan,0.7812830827863645,3.A.1.1.48,3.A.1.1.48;GH42;LacI,3.A.1.1.48;GH42;LacI;bac;SBP,3.A.1.1.48:+0.3757;GH42:+0.2418;LacI:+0.1519;bac:+0.1210;SBP:+0.1026
586,2,galactan,beta-mannan,0.8739015817223199,GH42,GH42;bac;3.A.1.1.48,GH42;bac;3.A.1.1.48;SBP;LacI,GH42:+0.4096;bac:+0.2494;3.A.1.1.48:+0.2320;SBP:+0.2181;LacI:+0.2059
590,2,galactan,galactan,0.8821292775665399,42,42;TPR;GH5,42;TPR;GH5;1;null,42:+0.3158;TPR:+0.2141;GH5:+0.1790;1:+0.1638;null:+0.0315
591,2,host glycan,host glycan,1.0,CBM32,CBM32;null;1.B.14.6.1,CBM32;null;1.B.14.6.1,CBM32:+0.4797;null:+0.0725;1.B.14.6.1:+0.0613
597,2,host glycan,host glycan,1.0,1.B.14.6.13,1.B.14.6.13;8.A.46.2.2;GH18,1.B.14.6.13;8.A.46.2.2;GH18;FecR;GerE,1.B.14.6.13:+0.1242;8.A.46.2.2:+0.1173;GH18:+0.1149;FecR:+0.0453;GerE:+0.0415
598,2,host glycan,host glycan,1.0,8.A.46.2.2,8.A.46.2.2;1.B.14.6.13;GH18,8.A.46.2.2;1.B.14.6.13;GH18;GerE;FecR,8.A.46.2.2:+0.1422;1.B.14.6.13:+0.1372;GH18:+0.1222;GerE:+0.0395;FecR:+0.0371
604,2,host glycan,host glycan,1.0,CBM32,CBM32;null;1.B.14.6.1,CBM32;null;1.B.14.6.1,CBM32:+0.7355;null:+0.1028;1.B.14.6.1:+0.1020
605,2,host glycan,host glycan,0.8415094339622641,CBM32,CBM32;GH92;1.B.14.6.1,CBM32;GH92;1.B.14.6.1;null,CBM32:+0.3371;GH92:+0.0756;1.B.14.6.1:+0.0755;null:+0.0742
616,2,host glycan,host glycan,0.4902912621359222,GH29,GH29;GH33;GH20,GH29;GH33;GH20;GH2;GH95,GH29:+0.0886;GH33:+0.0577;GH20:+0.0391;GH2:+0.0327;GH95:+0.0289
617,2,host glycan,host glycan,1.0,3.A.1.1.48,3.A.1.1.48;null;GH112,3.A.1.1.48;null;GH112;0043669,3.A.1.1.48:+0.1561;null:+0.1506;GH112:+0.1210;0043669:+0.0752
620,2,host glycan,host glycan,1.0,CE9,CE9,CE9,CE9:+0.3474
627,2,host glycan,host glycan,0.9920318725099602,CE9,CE9;DeoR;4.A.6.1.5,CE9;DeoR;4.A.6.1.5;SIS;4.A.6.1.4,CE9:+0.1570;DeoR:+0.0344;4.A.6.1.5:+0.0243;SIS:+0.0201;4.A.6.1.4:+0.0084
632,2,host glycan,host glycan,0.85471878979221,8.A.46.2.2,8.A.46.2.2;GH18;null,8.A.46.2.2;GH18;null,8.A.46.2.2:+0.1918;GH18:+0.1523;null:+0.0502
643,2,host glycan,host glycan,1.0,GH33,GH33;GH20;CBM93,GH33;GH20;CBM93;GH2;CE20,GH33:+0.0782;GH20:+0.0759;CBM93:+0.0538;GH2:+0.0469;CE20:+0.0241
646,2,host glycan,host glycan,0.9838383838383838,CE9,CE9;GH2;GH20,CE9;GH2;GH20;CE3;GH92,CE9:+0.0958;GH2:+0.0747;GH20:+0.0423;CE3:+0.0225;GH92:+0.0182
648,2,host glycan,host glycan,1.0,GH20,GH20;CE9;GH2,GH20;CE9;GH2;GH92;CE3,GH20:+0.1208;CE9:+0.0959;GH2:+0.0948;GH92:+0.0623;CE3:+0.0539
652,2,host glycan,host glycan,0.9838383838383838,CE9,CE9;GH2;GH20,CE9;GH2;GH20;CE3;GH92,CE9:+0.0958;GH2:+0.0747;GH20:+0.0423;CE3:+0.0225;GH92:+0.0182
657,2,host glycan,host glycan,0.3006964438565092,GH89,GH89;1.B.14;null,GH89;1.B.14;null,GH89:+0.1115;1.B.14:+0.0364;null:+0.0082
658,2,host glycan,host glycan,0.998003992015968,8.A.46.2.2,8.A.46.2.2;GH18;1.B.14.6.13,8.A.46.2.2;GH18;1.B.14.6.13;GerE;FecR,8.A.46.2.2:+0.1361;GH18:+0.1326;1.B.14.6.13:+0.1276;GerE:+0.0587;FecR:+0.0473
667,2,host glycan,host glycan,0.8123569794050343,GH18,GH18;FecR;null,GH18;FecR;null;8.A.46,GH18:+0.2324;FecR:+0.1140;null:+0.0686;8.A.46:+0.0268
688,2,host glycan,host glycan,1.0,GH20,GH20;GH38;GH125,GH20;GH38;GH125;GH92;null,GH20:+0.2712;GH38:+0.2030;GH125:+0.1575;GH92:+0.1530;null:+0.0490
699,2,host glycan,host glycan,1.0,GH2,GH2;1.C.39.4.5;GH20,GH2;1.C.39.4.5;GH20;Pribosyltran;1.B.14.6.1,GH2:+0.0875;1.C.39.4.5:+0.0631;GH20:+0.0575;Pribosyltran:+0.0486;1.B.14.6.1:+0.0464
701,2,host glycan,host glycan,1.0,GH2,GH2;null,GH2;null,GH2:+0.5225;null:+0.1465
705,2,host glycan,host glycan,1.0,GH2,GH2;Pribosyltran;GH20,GH2;Pribosyltran;GH20;1.C.39.4.5;null,GH2:+0.1143;Pribosyltran:+0.0807;GH20:+0.0639;1.C.39.4.5:+0.0599;null:+0.0587
714,2,host glycan,host glycan,1.0,GH35,GH35;19;2,GH35;19;2;GH51;GH43,GH35:+0.4231;19:+0.3075;2:+0.3071;GH51:+0.2298;GH43:+0.2119
721,2,host glycan,host glycan,1.0,1.B.14.6.13,1.B.14.6.13;GH18;8.A.46.2.1,1.B.14.6.13;GH18;8.A.46.2.1;GH130;GH163,1.B.14.6.13:+0.1118;GH18:+0.1111;8.A.46.2.1:+0.1097;GH130:+0.1036;GH163:+0.0996
729,2,host glycan,host glycan,0.27317073170731704,1.B.14.6.1,1.B.14.6.1;null;AraC,1.B.14.6.1;null;AraC;HTH,1.B.14.6.1:+0.1056;null:+0.0973;AraC:+0.0920;HTH:+0.0862
735,2,host glycan,chitin,0.3417967978419012,HTH,HTH;AraC;GH1,HTH;AraC;GH1;3.A.1.5.15,HTH:+0.1365;AraC:+0.1333;GH1:+0.0875;3.A.1.5.15:+0.0485
738,2,host glycan,host glycan,1.0,CBM32,CBM32;GH92;1.B.14.6.1,CBM32;GH92;1.B.14.6.1;null;AraC,CBM32:+0.3267;GH92:+0.1659;1.B.14.6.1:+0.1065;null:+0.1050;AraC:+0.0458
740,2,host glycan,host glycan,1.0,GH112,GH112;3.A.1.1.4;GH136,GH112;3.A.1.1.4;GH136;AraC;HTH,GH112:+0.2083;3.A.1.1.4:+0.1898;GH136:+0.1670;AraC:+0.1051;HTH:+0.0871
742,2,host glycan,host glycan,0.8852459016393442,GH2,GH2;1.B.14.6.1;HTH,GH2;1.B.14.6.1;HTH;AraC;null,GH2:+0.4965;1.B.14.6.1:+0.1825;HTH:+0.1569;AraC:+0.1181;null:+0.0880
743,2,host glycan,host glycan,1.0,GH2,GH2;1.B.14.6.1;HTH,GH2;1.B.14.6.1;HTH;null;AraC,GH2:+0.4855;1.B.14.6.1:+0.2431;HTH:+0.2085;null:+0.2028;AraC:+0.1689
749,2,host glycan,host glycan,1.0,GH95,GH95;DeoR;null,GH95;DeoR;null;4.A.6.1.9;GH98,GH95:+0.1199;DeoR:+0.1122;null:+0.1059;4.A.6.1.9:+0.0667;GH98:+0.0587
754,2,host glycan,host glycan,0.5047461146578195,GH88,GH88;PL8;null,GH88;PL8;null;PfkB,GH88:+0.2290;PL8:+0.1264;null:+0.0390;PfkB:+0.0299
759,2,host glycan,host glycan,1.0,GH88,GH88;4.A.6.1.14;PfkB,GH88;4.A.6.1.14;PfkB;Nitroreductase;null,GH88:+0.2551;4.A.6.1.14:+0.1413;PfkB:+0.1301;Nitroreductase:+0.0910;null:+0.0797
766,2,host glycan,host glycan,0.9982433823974802,4.A.3.1.3,4.A.3.1.3;GH1;null,4.A.3.1.3;GH1;null,4.A.3.1.3:+0.5325;GH1:+0.2362;null:+0.1142
775,2,host glycan,host glycan,1.0,CE9,CE9;null;GntR,CE9;null;GntR,CE9:+0.6834;null:+0.0576;GntR:+0.0180
789,2,host glycan,host glycan,0.9861932938856016,CBM32,CBM32;1.B.14.6.1;GH2,CBM32;1.B.14.6.1;GH2;FecR;2.A.115.1.1,CBM32:+0.1068;1.B.14.6.1:+0.0873;GH2:+0.0858;FecR:+0.0810;2.A.115.1.1:+0.0526
790,2,host glycan,host glycan,1.0,CBM32,CBM32;GH2;1.B.14.6.1,CBM32;GH2;1.B.14.6.1;FecR;2.A.115.1.1,CBM32:+0.1146;GH2:+0.0906;1.B.14.6.1:+0.0894;FecR:+0.0819;2.A.115.1.1:+0.0527
791,2,host glycan,host glycan,1.0,CBM32,CBM32;GH29;null,CBM32;GH29;null,CBM32:+0.2576;GH29:+0.1020;null:+0.0401
796,2,host glycan,host glycan,1.0,CE9,CE9;SIS;GntR,CE9;SIS;GntR;4.A.6.1.18;GH35,CE9:+0.3695;SIS:+0.0925;GntR:+0.0843;4.A.6.1.18:+0.0573;GH35:+0.0236
802,2,host glycan,host glycan,1.0,GH18,GH18;8.A.46.2.2;1.B.14.6.13,GH18;8.A.46.2.2;1.B.14.6.13;FecR;null,GH18:+0.0801;8.A.46.2.2:+0.0578;1.B.14.6.13:+0.0486;FecR:+0.0389;null:+0.0120
806,2,host glycan,host glycan,0.7929343030990138,GH163,GH163;GH130;GH92,GH163;GH130;GH92;8.A.46;GH18,GH163:+0.1972;GH130:+0.1298;GH92:+0.1292;8.A.46:+0.0294;GH18:+0.0238
808,2,host glycan,host glycan,0.8461538461538461,GH2,GH2;GH33;GH20,GH2;GH33;GH20;null;1.B.14,GH2:+0.1859;GH33:+0.0989;GH20:+0.0824;null:+0.0151;1.B.14:+0.0067
809,2,host glycan,xylan,0.24339093191552208,dCache,dCache;1;AraC,dCache;1;AraC;HTH;c,dCache:+0.1151;1:+0.0709;AraC:+0.0565;HTH:+0.0541;c:+0.0224
810,2,host glycan,xylan,0.24498810737342847,dCache,dCache;1;AraC,dCache;1;AraC;HTH;HATPase,dCache:+0.1158;1:+0.0715;AraC:+0.0566;HTH:+0.0537;HATPase:+0.0226
813,2,host glycan,host glycan,0.9683801047802679,GH88,GH88;PL12;PL8,GH88;PL12;PL8;1;PfkB,GH88:+0.2318;PL12:+0.1548;PL8:+0.0766;1:+0.0590;PfkB:+0.0581
822,2,host glycan,host glycan,0.8634615384615385,GH88,GH88;PL12;1.B.14.6.1,GH88;PL12;1.B.14.6.1;2;2.A.1.7.18,GH88:+0.2088;PL12:+0.1213;1.B.14.6.1:+0.0669;2:+0.0556;2.A.1.7.18:+0.0491
823,2,host glycan,host glycan,0.5921052631578947,GH88,GH88;PL12;2,GH88;PL12;2;null,GH88:+0.2327;PL12:+0.1165;2:+0.0237;null:+0.0177
827,2,host glycan,host glycan,0.6417910447761194,GH88,GH88;PL8;GH2,GH88;PL8;GH2;PL29;HTH,GH88:+0.1082;PL8:+0.0677;GH2:+0.0277;PL29:+0.0257;HTH:+0.0054
830,2,host glycan,host glycan,1.0,GH20,GH20;TetR;N,GH20;TetR;N,GH20:+0.4086;TetR:+0.1165;N:+0.1135
839,2,pectin,pectin,0.9797160243407708,CE1,CE1;1.B.14.6.1;null,CE1;1.B.14.6.1;null,CE1:+0.4404;1.B.14.6.1:+0.3071;null:+0.1937
840,2,pectin,pectin,0.9984468604393166,GH28,GH28;LacI;GH105,GH28;LacI;GH105;CE12;CE8,GH28:+0.1009;LacI:+0.0940;GH105:+0.0677;CE12:+0.0586;CE8:+0.0563
841,2,pectin,pectin,0.7347368421052631,PL10,PL10;CE8;1,PL10;CE8;1,PL10:+0.2596;CE8:+0.1663;1:+0.1242
842,2,pectin,pectin,0.6851520572450804,GH133,GH133;GH3;GH57,GH133;GH3;GH57;GT4;HTH,GH133:+0.2462;GH3:+0.1488;GH57:+0.1446;GT4:+0.1294;HTH:+0.0459
854,2,pectin,pectin,0.6179775280898876,GH28,GH28;GH105;PL11,GH28;GH105;PL11;CE20;PL1,GH28:+0.1570;GH105:+0.0356;PL11:+0.0290;CE20:+0.0276;PL1:+0.0253
862,2,pectin,pectin,0.8558225508317929,CE12,CE12;GH28;GH42,CE12;GH28;GH42;GH106;AraC,CE12:+0.0992;GH28:+0.0969;GH42:+0.0892;GH106:+0.0820;AraC:+0.0739
863,2,pectin,pectin,0.6200873362445415,CE12,CE12;GH28;GH106,CE12;GH28;GH106;GH105;GH42,CE12:+0.0687;GH28:+0.0636;GH106:+0.0460;GH105:+0.0458;GH42:+0.0356
872,2,pectin,pectin,0.8916550558380661,GH28,GH28;PfkB;GH105,GH28;PfkB;GH105;2.A.56.1.5;1.B.14.12.2,GH28:+0.1712;PfkB:+0.1274;GH105:+0.1066;2.A.56.1.5:+0.0993;1.B.14.12.2:+0.0910
873,2,pectin,pectin,1.0,GH92,GH92;GerE;1.B.14.6.1,GH92;GerE;1.B.14.6.1;FecR;GH28,GH92:+0.2810;GerE:+0.2064;1.B.14.6.1:+0.2053;FecR:+0.1921;GH28:+0.1485
876,2,pectin,pectin,0.5115511551155114,GH28,GH28;GH105;8.A.46,GH28;GH105;8.A.46,GH28:+0.1933;GH105:+0.0338;8.A.46:+0.0173
877,2,pectin,host glycan,0.9659126986065186,GH30,GH30;4;Mga,GH30;4;Mga;null;1.B.14.6.1,GH30:+0.2632;4:+0.2402;Mga:+0.2195;null:+0.1811;1.B.14.6.1:+0.1589
879,2,pectin,pectin,0.2874617737003058,GH28,GH28;34;null,GH28;34;null;GH43;1.B.14,GH28:+0.2153;34:+0.0162;null:+0.0053;GH43:+0.0030;1.B.14:+0.0013
881,2,pectin,host glycan,0.9443193986145408,CBM32,CBM32;1.B.14.6.1;CBM91,CBM32;1.B.14.6.1;CBM91;AraC;HTH,CBM32:+0.1601;1.B.14.6.1:+0.1551;CBM91:+0.1484;AraC:+0.1341;HTH:+0.1201
890,2,pectin,pectin,0.5481686606234991,GH140,GH140;HTH,GH140;HTH,GH140:+0.4580;HTH:+0.0171
897,2,pectin,pectin,0.6382488479262672,PL9,PL9;PL22;PfkB,PL9;PL22;PfkB;1;MarR,PL9:+0.2246;PL22:+0.1779;PfkB:+0.0948;1:+0.0905;MarR:+0.0865
898,2,pectin,pectin,1.0,CE12,CE12;1.B.14.6.2;1.B.14.6.1,CE12;1.B.14.6.2;1.B.14.6.1;8.A.46.1.4;PL11,CE12:+0.0907;1.B.14.6.2:+0.0775;1.B.14.6.1:+0.0763;8.A.46.1.4:+0.0757;PL11:+0.0717
911,2,pectin,pectin,0.9797160243407708,CE1,CE1;1.B.14.6.1;null,CE1;1.B.14.6.1;null,CE1:+0.4404;1.B.14.6.1:+0.3071;null:+0.1937
914,2,pectin,host glycan,0.9443193986145408,CBM32,CBM32;1.B.14.6.1;CBM91,CBM32;1.B.14.6.1;CBM91;AraC;HTH,CBM32:+0.1601;1.B.14.6.1:+0.1551;CBM91:+0.1484;AraC:+0.1341;HTH:+0.1201
917,2,pectin,pectin,0.879638341277581,GH28,GH28;GH105;CE8,GH28;GH105;CE8;PfkB;CE12,GH28:+0.1696;GH105:+0.0933;CE8:+0.0899;PfkB:+0.0838;CE12:+0.0620
926,2,pectin,pectin,0.9225742901785943,GH28,GH28;LacI;PfkB,GH28;LacI;PfkB;GH105;CE8,GH28:+0.1293;LacI:+0.0974;PfkB:+0.0952;GH105:+0.0885;CE8:+0.0838
932,2,pectin,pectin,1.0,2,2;PL1;TrmB,2;PL1;TrmB;5;null,2:+0.1696;PL1:+0.1663;TrmB:+0.0622;5:+0.0396;null:+0.0256
937,2,xylan,beta-glucan,0.4823165770256231,GH35,GH35;1.B.14,GH35;1.B.14,GH35:+0.3074;1.B.14:+0.2311
941,2,xylan,xylan,0.6007905138339921,12,12;GH115;10,12;GH115;10;GH146;GH97,12:+0.1810;GH115:+0.1243;10:+0.1219;GH146:+0.1138;GH97:+0.0950
942,2,xylan,xylan,0.778672032193159,GH67,GH67;AraC;PfkB,GH67;AraC;PfkB;HTH;SBP,GH67:+0.1226;AraC:+0.0831;PfkB:+0.0630;HTH:+0.0624;SBP:+0.0493
947,2,xylan,xylan,0.9920477137176938,7,7;17;GH43,7;17;GH43;CBM6;CE1,7:+0.2338;17:+0.1916;GH43:+0.1540;CBM6:+0.0923;CE1:+0.0831
956,2,xylan,xylan,1.0,GH10,GH10;1.B.14.6.1;HTH,GH10;1.B.14.6.1;HTH;AraC;null,GH10:+0.6957;1.B.14.6.1:+0.2614;HTH:+0.2317;AraC:+0.2080;null:+0.0978
967,2,xylan,xylan,0.5803108808290156,7,7;1;GH43,7;1;GH43;GH3;PL11,7:+0.1727;1:+0.1180;GH43:+0.1044;GH3:+0.0882;PL11:+0.0776
968,2,xylan,xylan,1.0,GH10,GH10;8;1.B.14.6.1,GH10;8;1.B.14.6.1;HTH;AraC,GH10:+0.2841;8:+0.1768;1.B.14.6.1:+0.1740;HTH:+0.1559;AraC:+0.1546
969,2,xylan,xylan,1.0,8,8;GH30;GH43,8;GH30;GH43;CBM6;16,8:+0.2965;GH30:+0.2721;GH43:+0.2212;CBM6:+0.2066;16:+0.1743
973,2,xylan,beta-glucan,0.4570871452645204,GH3,GH3;GH8;GH16,GH3;GH8;GH16;1.B.14;AraC,GH3:+0.0900;GH8:+0.0867;GH16:+0.0697;1.B.14:+0.0278;AraC:+0.0008
974,2,xylan,xylan,0.7954144620811289,GH67,GH67;12;GH43,GH67;12;GH43;LacI;GH10,GH67:+0.0889;12:+0.0675;GH43:+0.0583;LacI:+0.0541;GH10:+0.0485
992,2,xylan,xylan,0.9860557768924303,7,7;17;GH43,7;17;GH43;2;CBM6,7:+0.2205;17:+0.1856;GH43:+0.1381;2:+0.1087;CBM6:+0.1031
996,2,xylan,xylan,0.9186154983657684,7,7;17;GH43,7;17;GH43;2;CE1,7:+0.1936;17:+0.1858;GH43:+0.1535;2:+0.0775;CE1:+0.0702
1003,2,xylan,xylan,0.9423868312757201,GH10,GH10;1.B.14.6.1;8,GH10;1.B.14.6.1;8;HTH;AraC,GH10:+0.2648;1.B.14.6.1:+0.1623;8:+0.1614;HTH:+0.1370;AraC:+0.1280
1007,2,xylan,xylan,1.0,GH95,GH95;GH3;AraC,GH95;GH3;AraC;HTH;bac,GH95:+0.1497;GH3:+0.1365;AraC:+0.1316;HTH:+0.1009;bac:+0.0120
1011,2,xylan,xylan,0.6003861003861004,26,26;13;GH5,26;13;GH5;GH43;GH127,26:+0.1873;13:+0.1718;GH5:+0.1087;GH43:+0.1023;GH127:+0.1013
1013,2,xylan,xylan,0.8024135283725561,CE20,CE20;11;GH43,CE20;11;GH43;CBM91;10,CE20:+0.1314;11:+0.1313;GH43:+0.1088;CBM91:+0.1018;10:+0.0956
1014,2,xylan,xylan,0.9984468604393166,12,12;CE20;GH43,12;CE20;GH43;LacI;10,12:+0.1472;CE20:+0.1375;GH43:+0.1336;LacI:+0.1331;10:+0.1256
1015,2,xylan,xylan,0.9984468604393166,12,12;LacI;GH43,12;LacI;GH43;CE20;11,12:+0.1352;LacI:+0.1306;GH43:+0.1265;CE20:+0.1092;11:+0.1028
1027,2,xylan,xylan,0.6945525291828794,GH67,GH67;GH10;SBP,GH67;GH10;SBP;AraC;PfkB,GH67:+0.0946;GH10:+0.0938;SBP:+0.0600;AraC:+0.0516;PfkB:+0.0513
5,3,alginate,alginate,0.9472573839662447,1,1;PL6;GntR,1;PL6;GntR;PfkB;3.D.2.2.1,1:+0.1983;PL6:+0.1864;GntR:+0.1459;PfkB:+0.0913;3.D.2.2.1:+0.0531
14,3,alginate,alginate,0.9424307036247335,PL17,PL17;2;PL6,PL17;2;PL6;GntR;null,PL17:+0.2781;2:+0.0954;PL6:+0.0944;GntR:+0.0800;null:+0.0572
22,3,alginate,alginate,0.853711790393013,PL17,PL17;GntR;null,PL17;GntR;null;2;2.A.1.14.25,PL17:+0.3274;GntR:+0.1020;null:+0.0638;2:+0.0633;2.A.1.14.25:+0.0396
25,3,alginate,alginate,0.9551020408163265,PL17,PL17;PL6;1,PL17;PL6;1;binding;2,PL17:+0.1211;PL6:+0.0742;1:+0.0604;binding:+0.0391;2:+0.0384
26,3,alginate,alginate,0.9293893129770991,PL6,PL6;PL17;GntR,PL6;PL17;GntR;PL7;binding,PL6:+0.1222;PL17:+0.1102;GntR:+0.0515;PL7:+0.0488;binding:+0.0424
29,3,alginate,alginate,0.9061224489795917,PL17,PL17;GntR;binding,PL17;GntR;binding;2;PL7,PL17:+0.1763;GntR:+0.0866;binding:+0.0475;2:+0.0434;PL7:+0.0303
34,3,alginate,alginate,0.7951807228915663,PL17,PL17;PL6;1,PL17;PL6;1;2;PfkB,PL17:+0.1836;PL6:+0.1608;1:+0.0679;2:+0.0639;PfkB:+0.0482
35,3,alginate,alginate,0.9705882352941176,1,1;PL7;PL15,1;PL7;PL15;PL5;3.A.1,1:+0.1724;PL7:+0.1413;PL15:+0.1397;PL5:+0.1299;3.A.1:+0.0953
47,3,alginate,alginate,0.8492647058823529,PL17,PL17;PL6;PL7,PL17;PL6;PL7;binding;1,PL17:+0.0979;PL6:+0.0607;PL7:+0.0442;binding:+0.0372;1:+0.0357
48,3,alpha-glucan,alpha-glucan,1.0,GH97,GH97;GH31;8.A.46.1.5,GH97;GH31;8.A.46.1.5;1.B.14.6.1;null,GH97:+0.2232;GH31:+0.1687;8.A.46.1.5:+0.1227;1.B.14.6.1:+0.0915;null:+0.0102
50,3,alpha-glucan,alpha-glucan,1.0,GH31,GH31;GH66;8.A.46.1.5,GH31;GH66;8.A.46.1.5;1.B.14.6.1;null,GH31:+0.2529;GH66:+0.1984;8.A.46.1.5:+0.1870;1.B.14.6.1:+0.1042;null:+0.0140
52,3,alpha-glucan,alpha-glucan,0.9742063492063492,GH97,GH97;GH13;1.B.14.6.1,GH97;GH13;1.B.14.6.1;null,GH97:+0.2782;GH13:+0.2614;1.B.14.6.1:+0.0145;null:+0.0068
55,3,alpha-glucan,alpha-glucan,0.9591836734693877,GH13,GH13;18;2.A.1.2.93,GH13;18;2.A.1.2.93,GH13:+0.3158;18:+0.1906;2.A.1.2.93:+0.0290
66,3,alpha-glucan,alpha-glucan,0.9512670565302144,GH31,GH31;GH97;GH66,GH31;GH97;GH66;8.A.46.1.5,GH31:+0.1076;GH97:+0.0869;GH66:+0.0427;8.A.46.1.5:+0.0351
68,3,alpha-glucan,alpha-glucan,0.6326195784779772,GH77,GH77;LacI;8.A.9,GH77;LacI;8.A.9,GH77:+0.1774;LacI:+0.1542;8.A.9:+0.0540
81,3,alpha-glucan,alpha-glucan,0.8607843137254901,GH13,GH13;GH97,GH13;GH97,GH13:+0.1803;GH97:+0.1706
84,3,alpha-glucan,alpha-glucan,0.8428571428571429,GH13,GH13;20;8.A.9,GH13;20;8.A.9,GH13:+0.2846;20:+0.1416;8.A.9:+0.0816
91,3,alpha-glucan,alpha-glucan,1.0,GH13,GH13;31;GH36,GH13;31;GH36;null;bac,GH13:+0.3492;31:+0.3378;GH36:+0.2055;null:+0.1941;bac:+0.1535
92,3,alpha-glucan,alpha-glucan,0.9939879759519038,GH13,GH13;GH97;null,GH13;GH97;null;46;36,GH13:+0.2107;GH97:+0.1631;null:+0.0541;46:+0.0410;36:+0.0223
93,3,alpha-glucan,alpha-glucan,1.0,GH13,GH13;GH97;null,GH13;GH97;null;46;36,GH13:+0.2030;GH97:+0.1742;null:+0.0601;46:+0.0448;36:+0.0262
97,3,alpha-glucan,alpha-glucan,0.9939879759519038,GH13,GH13;GH97;null,GH13;GH97;null;46;36,GH13:+0.2107;GH97:+0.1631;null:+0.0541;46:+0.0410;36:+0.0223
99,3,alpha-glucan,alpha-glucan,0.8958333333333333,GH31,GH31;GH66;8.A.46.1.5,GH31;GH66;8.A.46.1.5;14,GH31:+0.2108;GH66:+0.1747;8.A.46.1.5:+0.1528;14:+0.0097
102,3,alpha-glucan,alpha-glucan,1.0,GH31,GH31;GH66;8.A.46.1.5,GH31;GH66;8.A.46.1.5;1.B.14.6.1;null,GH31:+0.2731;GH66:+0.2232;8.A.46.1.5:+0.2072;1.B.14.6.1:+0.1356;null:+0.0220
105,3,alpha-glucan,alpha-glucan,0.5914221218961625,4.A.1.2.12,4.A.1.2.12;GH32,4.A.1.2.12;GH32,4.A.1.2.12:+0.3298;GH32:+0.3085
116,3,alpha-glucan,alpha-glucan,0.9742063492063492,GH97,GH97;GH13;1.B.14.6.1,GH97;GH13;1.B.14.6.1;null,GH97:+0.2782;GH13:+0.2614;1.B.14.6.1:+0.0145;null:+0.0068
130,3,alpha-glucan,alpha-glucan,1.0,GH13,GH13;GT5;CBM48,GH13;GT5;CBM48;9;GT35,GH13:+0.1399;GT5:+0.1210;CBM48:+0.0492;9:+0.0219;GT35:+0.0179
131,3,alpha-glucan,alpha-glucan,1.0,GH13,GH13;GT5;CBM48,GH13;GT5;CBM48;9;null,GH13:+0.1336;GT5:+0.1168;CBM48:+0.0474;9:+0.0142;null:+0.0080
146,3,alpha-glucan,alpha-glucan,1.0,GH32,GH32;LacI;4.A.1.2.12,GH32;LacI;4.A.1.2.12,GH32:+0.4605;LacI:+0.4086;4.A.1.2.12:+0.1380
147,3,alpha-glucan,alpha-glucan,0.9962406015037594,LacI,LacI;GH32;2.A.1.5.3,LacI;GH32;2.A.1.5.3,LacI:+0.2827;GH32:+0.1581;2.A.1.5.3:+0.1053
156,3,alpha-glucan,alpha-glucan,0.9262948207171315,GH97,GH97;GH13;null,GH97;GH13;null;46;1.B.14.6.1,GH97:+0.2465;GH13:+0.1859;null:+0.0562;46:+0.0433;1.B.14.6.1:+0.0179
157,3,alpha-glucan,alpha-glucan,0.9285714285714286,GH97,GH97;GH13;null,GH97;GH13;null;46;8.A.46.1.1,GH97:+0.2517;GH13:+0.1762;null:+0.0585;46:+0.0468;8.A.46.1.1:+0.0248
165,3,alpha-glucan,alpha-glucan,0.8909296081559593,LacI,LacI;GH32,LacI;GH32,LacI:+0.7359;GH32:+0.2165
166,3,alpha-glucan,alpha-glucan,0.9962406015037594,LacI,LacI;GH32;3.A.1.1.10,LacI;GH32;3.A.1.1.10;null,LacI:+0.4503;GH32:+0.1856;3.A.1.1.10:+0.1067;null:+0.0322
169,3,alpha-glucan,alpha-glucan,0.9520845544793963,LacI,LacI;PfkB;3.A.1.1.45,LacI;PfkB;3.A.1.1.45;18;GH32,LacI:+0.2132;PfkB:+0.1391;3.A.1.1.45:+0.1353;18:+0.1116;GH32:+0.1095
175,3,alpha-glucan,alpha-glucan,0.7499999999999999,GH13,GH13;36;SBP,GH13;36;SBP;1;bac,GH13:+0.2312;36:+0.1551;SBP:+0.0456;1:+0.0245;bac:+0.0136
181,3,alpha-mannan,alpha-mannan,0.996,GH125,GH125;GH76;GH92,GH125;GH76;GH92;CBM32;GH38,GH125:+0.1911;GH76:+0.1690;GH92:+0.1602;CBM32:+0.1535;GH38:+0.1467
184,3,alpha-mannan,alpha-mannan,1.0,GH92,GH92;null;1.B.14.6.1,GH92;null;1.B.14.6.1,GH92:+0.2996;null:+0.2426;1.B.14.6.1:+0.0581
188,3,alpha-mannan,alpha-mannan,1.0,GH92,GH92;null;1.B.14.6.1,GH92;null;1.B.14.6.1,GH92:+0.2996;null:+0.2426;1.B.14.6.1:+0.0581
191,3,alpha-mannan,alpha-mannan,0.9698189134808853,GH99,GH99;GH92;null,GH99;GH92;null;1.B.14,GH99:+0.3501;GH92:+0.2820;null:+0.1609;1.B.14:+0.0580
205,3,arabinogalactan,xylan,0.7694562644269926,GH67,GH67;PfkB;GH10,GH67;PfkB;GH10;8.A.59;9.B.28,GH67:+0.0957;PfkB:+0.0602;GH10:+0.0558;8.A.59:+0.0534;9.B.28:+0.0514
208,3,arabinogalactan,beta-glucan,0.3484162895927601,3,3;GH16,3;GH16,3:+0.0886;GH16:+0.0741
211,3,arabinogalactan,arabinogalactan,0.43923240938166314,24,24;GH43;HTH,24;GH43;HTH;AraC;null,24:+0.2623;GH43:+0.0916;HTH:+0.0500;AraC:+0.0478;null:+0.0236
213,3,arabinogalactan,arabinogalactan,1.0,4,4;GH43;29,4;GH43;29;GH51;AraC,4:+0.2620;GH43:+0.2475;29:+0.2422;GH51:+0.2131;AraC:+0.1691
218,3,arabinogalactan,host glycan,0.5027624309392266,CBM32,CBM32;1.B.14.6.1;HTH,CBM32;1.B.14.6.1;HTH;GH2;AraC,CBM32:+0.1004;1.B.14.6.1:+0.0559;HTH:+0.0277;GH2:+0.0227;AraC:+0.0226
224,3,arabinogalactan,arabinogalactan,1.0,GH35,GH35;24;HTH,GH35;24;HTH;null;AraC,GH35:+0.2476;24:+0.2197;HTH:+0.2181;null:+0.2066;AraC:+0.2027
225,3,arabinogalactan,arabinogalactan,0.973888416879071,GH35,GH35;HTH;24,GH35;HTH;24;AraC;null,GH35:+0.2035;HTH:+0.1988;24:+0.1932;AraC:+0.1817;null:+0.1506
233,3,arabinogalactan,arabinogalactan,0.287911971923899,GH51,GH51;3.A.1;GH127,GH51;3.A.1;GH127;GH43;GH27,GH51:+0.0861;3.A.1:+0.0376;GH127:+0.0376;GH43:+0.0055;GH27:+0.0047
243,3,beta-glucan,beta-glucan,1.0,GH8,GH8;4.D.3.1.6,GH8;4.D.3.1.6,GH8:+0.1381;4.D.3.1.6:+0.0467
248,3,beta-glucan,beta-glucan,1.0,4.A.1.2.2,4.A.1.2.2;GH1,4.A.1.2.2;GH1,4.A.1.2.2:+0.7482;GH1:+0.3987
251,3,beta-glucan,beta-glucan,1.0,LacI,LacI;GH1;4.A.3.2.7,LacI;GH1;4.A.3.2.7;4.A.3.2.6;Glucokinase,LacI:+0.3914;GH1:+0.3528;4.A.3.2.7:+0.2029;4.A.3.2.6:+0.1713;Glucokinase:+0.1485
257,3,beta-glucan,beta-glucan,0.7149220489977728,GH16,GH16;GerE;8.A.46,GH16;GerE;8.A.46;null,GH16:+0.3739;GerE:+0.0432;8.A.46:+0.0258;null:+0.0023
265,3,beta-glucan,beta-glucan,1.0,GH16,GH16;null,GH16;null,GH16:+0.4755;null:+0.0425
270,3,beta-glucan,beta-glucan,0.5209580838323353,GH9,GH9,GH9,GH9:+0.3639
274,3,beta-glucan,beta-mannan,0.4054054054054053,GH42,GH42,GH42,GH42:+0.3842
275,3,beta-glucan,beta-glucan,1.0,CBM57,CBM57;GH2;null,CBM57;GH2;null;1.B.14.6.1;PL38,CBM57:+0.1674;GH2:+0.1434;null:+0.1106;1.B.14.6.1:+0.0994;PL38:+0.0812
276,3,beta-glucan,beta-glucan,0.7596741344195519,GH5,GH5;4;GH31,GH5;4;GH31;3;null,GH5:+0.1601;4:+0.1314;GH31:+0.0705;3:+0.0585;null:+0.0411
280,3,beta-glucan,beta-glucan,1.0,4,4;GH5;HTH,4;GH5;HTH;AraC;1.B.14.6.2,4:+0.2434;GH5:+0.2323;HTH:+0.1487;AraC:+0.1464;1.B.14.6.2:+0.0984
283,3,beta-glucan,beta-glucan,0.5938566552901023,GH158,GH158;GerE;GH3,GH158;GerE;GH3;null,GH158:+0.3179;GerE:+0.1706;GH3:+0.1065;null:+0.0413
286,3,beta-glucan,beta-glucan,1.0,3,3;GH30;GH3,3;GH30;GH3;7;HTH,3:+0.3376;GH30:+0.1959;GH3:+0.1714;7:+0.1489;HTH:+0.0925
291,3,beta-glucan,beta-glucan,0.9506903353057199,GH16,GH16;GH3;3,GH16;GH3;3;1.B.14.6.2;8.A.46.2.1,GH16:+0.1705;GH3:+0.1546;3:+0.1459;1.B.14.6.2:+0.1365;8.A.46.2.1:+0.0997
292,3,beta-glucan,beta-glucan,1.0,3,3;GH3;GH16,3;GH3;GH16;8.A.46.2.1;1.B.14.6.2,3:+0.1948;GH3:+0.1896;GH16:+0.1838;8.A.46.2.1:+0.0930;1.B.14.6.2:+0.0902
294,3,beta-glucan,beta-glucan,0.9506903353057199,GH16,GH16;GH3;3,GH16;GH3;3;1.B.14.6.2;8.A.46.2.1,GH16:+0.1705;GH3:+0.1546;3:+0.1459;1.B.14.6.2:+0.1365;8.A.46.2.1:+0.0997
301,3,beta-glucan,beta-glucan,0.6513157894736841,4,4;GH5,4;GH5,4:+0.2857;GH5:+0.2606
320,3,beta-glucan,beta-glucan,0.4262295081967214,GH5,GH5;HTH;GH36,GH5;HTH;GH36;GH94;AraC,GH5:+0.1914;HTH:+0.0363;GH36:+0.0362;GH94:+0.0349;AraC:+0.0247
329,3,beta-glucan,beta-glucan,0.963855421686747,GH5,GH5;GH31;4,GH5;GH31;4;GH3;GH2,GH5:+0.2129;GH31:+0.1514;4:+0.1338;GH3:+0.0955;GH2:+0.0955
335,3,beta-glucan,beta-glucan,0.616557734204793,GH31,GH31;GH5;4,GH31;GH5;4;3;GH9,GH31:+0.0997;GH5:+0.0980;4:+0.0909;3:+0.0445;GH9:+0.0401
336,3,beta-glucan,host glycan,1.0,GH1,GH1;null,GH1;null,GH1:+0.5194;null:+0.4869
340,3,beta-glucan,beta-glucan,0.8351648351648351,GH3,GH3;GH16;8.A.46,GH3;GH16;8.A.46;1.B.14;GH149,GH3:+0.2458;GH16:+0.1215;8.A.46:+0.0433;1.B.14:+0.0383;GH149:+0.0334
343,3,beta-glucan,beta-glucan,0.5426695842450766,GH31,GH31;1.B.14;GH9,GH31;1.B.14;GH9;null;GH26,GH31:+0.1680;1.B.14:+0.0934;GH9:+0.0745;null:+0.0116;GH26:+0.0081
345,3,beta-glucan,beta-glucan,0.9964176536149718,GH5,GH5;GH3;GH31,GH5;GH3;GH31;4;HTH,GH5:+0.1334;GH3:+0.1240;GH31:+0.1223;4:+0.0934;HTH:+0.0930
351,3,beta-glucan,beta-glucan,0.6625615763546799,GH73,GH73;9.B.154.1.2;null,GH73;9.B.154.1.2;null,GH73:+0.2626;9.B.154.1.2:+0.1598;null:+0.0109
358,3,beta-mannan,galactan,1.0,LacI,LacI;2.A.2;GH2,LacI;2.A.2;GH2,LacI:+0.6054;2.A.2:+0.4717;GH2:+0.4100
369,3,beta-mannan,beta-mannan,1.0,4.A.3.2.8,4.A.3.2.8;GH1;4.A.3.2.4,4.A.3.2.8;GH1;4.A.3.2.4,4.A.3.2.8:+0.4900;GH1:+0.4356;4.A.3.2.4:+0.3718
371,3,beta-mannan,beta-mannan,1.0,GH26,GH26;GH1;GntR,GH26;GH1;GntR;4.A.3.2.8;4.A.3.2.6,GH26:+0.2975;GH1:+0.2173;GntR:+0.2000;4.A.3.2.8:+0.1839;4.A.3.2.6:+0.1161
385,3,beta-mannan,beta-mannan,1.0,GH130,GH130;GH26;2.A.2.3.6,GH130;GH26;2.A.2.3.6;1;null,GH130:+0.1991;GH26:+0.1882;2.A.2.3.6:+0.1859;1:+0.1366;null:+0.0100
386,3,beta-mannan,beta-mannan,0.6125,GH130,GH130;GH26,GH130;GH26,GH130:+0.2653;GH26:+0.2313
387,3,beta-mannan,beta-mannan,0.40219378427787933,GH130,GH130;GH26;HTH,GH130;GH26;HTH;AraC;null,GH130:+0.1830;GH26:+0.1507;HTH:+0.0506;AraC:+0.0329;null:+0.0073
388,3,beta-mannan,beta-mannan,0.6142034548944337,CE7,CE7;GH26;8.A.46.1.6,CE7;GH26;8.A.46.1.6;AraC;7,CE7:+0.1693;GH26:+0.0873;8.A.46.1.6:+0.0742;AraC:+0.0698;7:+0.0659
395,3,beta-mannan,beta-mannan,0.9800399201596807,GH130,GH130;2;1,GH130;2;1;GH5;HTH,GH130:+0.1788;2:+0.1355;1:+0.1243;GH5:+0.1053;HTH:+0.0978
398,3,beta-mannan,beta-mannan,0.5096525096525096,GH130,GH130;GH27;GH26,GH130;GH27;GH26;GH5;2,GH130:+0.1801;GH27:+0.1007;GH26:+0.0735;GH5:+0.0290;2:+0.0226
405,3,beta-mannan,beta-mannan,0.9860279441117764,GH130,GH130;GH26;1,GH130;GH26;1;HTH;AraC,GH130:+0.1678;GH26:+0.1369;1:+0.1063;HTH:+0.0757;AraC:+0.0631
413,3,beta-mannan,beta-mannan,0.7066115702479338,GH130,GH130;GH26;GH27,GH130;GH26;GH27;HTH;AraC,GH130:+0.2010;GH26:+0.1303;GH27:+0.0871;HTH:+0.0519;AraC:+0.0509
417,3,beta-mannan,beta-mannan,0.9677419354838709,GH26,GH26;GH130;2.A.2,GH26;GH130;2.A.2;GH36;AraC,GH26:+0.2313;GH130:+0.2194;2.A.2:+0.1251;GH36:+0.1103;AraC:+0.1002
419,3,beta-mannan,beta-mannan,0.835820895522388,GH26,GH26;GH130;AraC,GH26;GH130;AraC;HTH;2.A.2,GH26:+0.1865;GH130:+0.1594;AraC:+0.0495;HTH:+0.0461;2.A.2:+0.0395
424,3,beta-mannan,galactan,0.7324723247232472,GH53,GH53;CBM61;LacI,GH53;CBM61;LacI;GH42;SBP,GH53:+0.4012;CBM61:+0.2754;LacI:+0.1933;GH42:+0.1752;SBP:+0.1096
425,3,chitin,chitin,1.0,1.B.25.1.13,1.B.25.1.13;GH20;null,1.B.25.1.13;GH20;null,1.B.25.1.13:+0.4302;GH20:+0.4177;null:+0.2151
437,3,chitin,chitin,1.0,GH4,GH4;4.A.3.2.1;AraC,GH4;4.A.3.2.1;AraC;HTH,GH4:+0.3710;4.A.3.2.1:+0.2363;AraC:+0.0527;HTH:+0.0407
438,3,chitin,chitin,1.0,4.A.3.2.7,4.A.3.2.7;GH4;AraC,4.A.3.2.7;GH4;AraC;HTH,4.A.3.2.7:+1.0000;GH4:+0.4213;AraC:+0.1016;HTH:+0.0939
445,3,chitin,chitin,1.0,GH18,GH18;CBM5,GH18;CBM5,GH18:+0.3142;CBM5:+0.1007
451,3,chitin,host glycan,0.43750000000000006,SIS,SIS;null;GH1,SIS;null;GH1;GH18,SIS:+0.1042;null:+0.1036;GH1:+0.0946;GH18:+0.0004
463,3,chitin,chitin,1.0,GH4,GH4;4.A.3.2.7;HTH,GH4;4.A.3.2.7;HTH;AraC,GH4:+0.4609;4.A.3.2.7:+0.4079;HTH:+0.0341;AraC:+0.0305
466,3,chitin,chitin,0.8269230769230768,AA10,AA10;1;GH18,AA10;1;GH18;HTH,AA10:+0.4449;1:+0.1348;GH18:+0.1304;HTH:+0.1185
470,3,chitin,chitin,1.0,GH4,GH4;4.A.3.2.1;AraC,GH4;4.A.3.2.1;AraC;HTH,GH4:+0.3710;4.A.3.2.1:+0.2363;AraC:+0.0527;HTH:+0.0407
476,3,chitin,chitin,1.0,4.A.3.2.1,4.A.3.2.1;GH4;AraC,4.A.3.2.1;GH4;AraC;HTH,4.A.3.2.1:+0.4079;GH4:+0.3716;AraC:+0.0602;HTH:+0.0594
480,3,chitin,chitin,1.0,GH4,GH4;4.A.3.2.1;HTH,GH4;4.A.3.2.1;HTH;AraC,GH4:+0.3925;4.A.3.2.1:+0.0984;HTH:+0.0301;AraC:+0.0263
484,3,chitin,chitin,1.0,GH4,GH4;4.A.3.2.7;null,GH4;4.A.3.2.7;null;HTH;AraC,GH4:+0.4989;4.A.3.2.7:+0.4079;null:+0.1357;HTH:+0.0554;AraC:+0.0400
486,3,chitin,beta-glucan,0.32558139534883723,GH3,GH3;GH16;1.B.14,GH3;GH16;1.B.14,GH3:+0.1809;GH16:+0.0969;1.B.14:+0.0163
493,3,fructan,fructan,1.0,GH32,GH32;1.B.14.6.1;null,GH32;1.B.14.6.1;null,GH32:+0.7607;1.B.14.6.1:+0.2046;null:+0.1847
501,3,fructan,fructan,1.0,GH68,GH68;GH32;2.A.3.11.1,GH68;GH32;2.A.3.11.1;1,GH68:+0.2832;GH32:+0.2220;2.A.3.11.1:+0.1629;1:+0.1017
503,3,fructan,alpha-glucan,0.44017094017094016,PfkB,PfkB;LacI;GH32,PfkB;LacI;GH32,PfkB:+0.3129;LacI:+0.2133;GH32:+0.0655
504,3,fructan,fructan,0.5846560846560845,GH32,GH32;HTH;PfkB,GH32;HTH;PfkB;AraC,GH32:+0.4174;HTH:+0.0474;PfkB:+0.0307;AraC:+0.0210
510,3,fructan,alpha-glucan,0.7491166077738516,LacI,LacI;GH32,LacI;GH32,LacI:+0.3785;GH32:+0.2249
511,3,fructan,fructan,1.0,GH32,GH32;1.B.14.6.1;null,GH32;1.B.14.6.1;null,GH32:+0.7607;1.B.14.6.1:+0.2533;null:+0.2227
515,3,fructan,fructan,0.47058823529411764,4.A.1,4.A.1;GH32;null,4.A.1;GH32;null;LacI,4.A.1:+0.2862;GH32:+0.1290;null:+0.0924;LacI:+0.0509
521,3,galactan,galactan,0.9332023575638506,16,16;GH16,16;GH16,16:+0.6802;GH16:+0.3681
522,3,galactan,beta-mannan,0.9291044776119403,GH42,GH42;3.A.1;null,GH42;3.A.1;null;LacI,GH42:+0.6221;3.A.1:+0.2541;null:+0.1578;LacI:+0.1262
526,3,galactan,beta-mannan,0.82,GH42,GH42;3.A.1,GH42;3.A.1,GH42:+0.5464;3.A.1:+0.3934
533,3,galactan,galactan,0.47478260869565214,16,16;GH117;GH16,16;GH117;GH16;GH50;GH2,16:+0.1012;GH117:+0.0748;GH16:+0.0445;GH50:+0.0277;GH2:+0.0254
536,3,galactan,galactan,0.7280701754385964,GntR,GntR;GH167;null,GntR;GH167;null;2.A.1.1.55;GH16,GntR:+0.1815;GH167:+0.1144;null:+0.1105;2.A.1.1.55:+0.1008;GH16:+0.0998
541,3,galactan,galactan,0.3219047619047619,GH16,GH16;GH117;null,GH16;GH117;null;GH29;GH154,GH16:+0.1466;GH117:+0.0627;null:+0.0595;GH29:+0.0474;GH154:+0.0381
546,3,galactan,galactan,1.0,2.A.2.2.1,2.A.2.2.1;GH2;null,2.A.2.2.1;GH2;null,2.A.2.2.1:+0.5054;GH2:+0.2480;null:+0.0805
558,3,galactan,galactan,0.9982506384442797,18,18;GH13;GH36,18;GH13;GH36;3.A.1.1.28;31,18:+0.2600;GH13:+0.1891;GH36:+0.1881;3.A.1.1.28:+0.1840;31:+0.1161
559,3,galactan,galactan,1.0,GH4,GH4;AraC;HTH,GH4;AraC;HTH,GH4:+0.5956;AraC:+0.4119;HTH:+0.3817
560,3,galactan,galactan,1.0,GH4,GH4;HTH;AraC,GH4;HTH;AraC,GH4:+0.4052;HTH:+0.2745;AraC:+0.2722
567,3,galactan,galactan,1.0,3.A.1.1.44,3.A.1.1.44;LacI;GH42,3.A.1.1.44;LacI;GH42;3.A.1.1.48,3.A.1.1.44:+0.7015;LacI:+0.5815;GH42:+0.4615;3.A.1.1.48:+0.2671
572,3,galactan,galactan,0.6363636363636364,3.A.1.1.28,3.A.1.1.28;GH36;MarR,3.A.1.1.28;GH36;MarR,3.A.1.1.28:+0.2226;GH36:+0.2150;MarR:+0.0630
582,3,galactan,galactan,0.7091722595078299,LacI,LacI;2.A.2;GH2,LacI;2.A.2;GH2,LacI:+0.4086;2.A.2:+0.3443;GH2:+0.0722
587,3,galactan,galactan,0.5550755939524837,null,null;LacI;GH42,null;LacI;GH42;2.A.2;SBP,null:+0.2749;LacI:+0.2729;GH42:+0.2548;2.A.2:+0.0676;SBP:+0.0572
594,3,host glycan,host glycan,0.8202959830866808,GH2,GH2;GH29;CBM32,GH2;GH29;CBM32;GH20,GH2:+0.0991;GH29:+0.0413;CBM32:+0.0367;GH20:+0.0156
602,3,host glycan,host glycan,0.8527724665391969,CBM93,CBM93;GH33;HTH,CBM93;GH33;HTH;CBM67;MarR,CBM93:+0.0791;GH33:+0.0563;HTH:+0.0390;CBM67:+0.0337;MarR:+0.0229
603,3,host glycan,beta-glucan,0.5110619469026548,GH16,GH16;3;1.B.14.6.2,GH16;3;1.B.14.6.2;HTH,GH16:+0.1398;3:+0.1369;1.B.14.6.2:+0.0261;HTH:+0.0005
609,3,host glycan,host glycan,0.49293286219081284,GH20,GH20;GH29;GH92,GH20;GH29;GH92;GH18,GH20:+0.0896;GH29:+0.0721;GH92:+0.0191;GH18:+0.0116
613,3,host glycan,host glycan,0.9628865979381444,GH2,GH2;GH20;2.A.115.1.2,GH2;GH20;2.A.115.1.2;1.C.39.4.5;Pribosyltran,GH2:+0.1535;GH20:+0.1128;2.A.115.1.2:+0.0735;1.C.39.4.5:+0.0701;Pribosyltran:+0.0553
619,3,host glycan,host glycan,0.9838383838383838,CE9,CE9;4.A.1.1.2,CE9;4.A.1.1.2,CE9:+0.4851;4.A.1.1.2:+0.0022
623,3,host glycan,host glycan,1.0,GH1,GH1;4.A.3.1.1;4.A.3.1.3,GH1;4.A.3.1.1;4.A.3.1.3,GH1:+0.2697;4.A.3.1.1:+0.1895;4.A.3.1.3:+0.1619
631,3,host glycan,host glycan,0.8782608695652174,8.A.46.2.2,8.A.46.2.2;GH18;null,8.A.46.2.2;GH18;null,8.A.46.2.2:+0.2773;GH18:+0.1375;null:+0.0423
640,3,host glycan,host glycan,0.9702380952380952,GH33,GH33;GH20;CBM93,GH33;GH20;CBM93;GH2;CBM32,GH33:+0.0836;GH20:+0.0733;CBM93:+0.0610;GH2:+0.0608;CBM32:+0.0196
641,3,host glycan,host glycan,0.9898785425101214,GH33,GH33;CBM93;GH20,GH33;CBM93;GH20;CE3;CE20,GH33:+0.0756;CBM93:+0.0688;GH20:+0.0591;CE3:+0.0404;CE20:+0.0398
647,3,host glycan,host glycan,1.0,GH2,GH2;CE9;GH20,GH2;CE9;GH20;GH92;CE3,GH2:+0.1087;CE9:+0.1066;GH20:+0.0897;GH92:+0.0465;CE3:+0.0452
649,3,host glycan,host glycan,0.9838383838383838,CE9,CE9;4.A.1.1.2,CE9;4.A.1.1.2,CE9:+0.4851;4.A.1.1.2:+0.0022
662,3,host glycan,host glycan,1.0,GH18,GH18;8.A.46.2.2;1.B.14.6.13,GH18;8.A.46.2.2;1.B.14.6.13;FecR;null,GH18:+0.0649;8.A.46.2.2:+0.0634;1.B.14.6.13:+0.0468;FecR:+0.0348;null:+0.0060
665,3,host glycan,host glycan,0.5850340136054422,FecR,FecR;GerE;GH20,FecR;GerE;GH20,FecR:+0.1715;GerE:+0.0446;GH20:+0.0355
670,3,host glycan,host glycan,1.0,GH112,GH112;3.A.1.1.4;GH136,GH112;3.A.1.1.4;GH136;HTH;AraC,GH112:+0.2588;3.A.1.1.4:+0.1847;GH136:+0.1752;HTH:+0.1136;AraC:+0.0950
673,3,host glycan,host glycan,1.0,GH1,GH1;null,GH1;null,GH1:+0.3429;null:+0.1895
680,3,host glycan,host glycan,1.0,8.A.46.2.2,8.A.46.2.2;GH18;1.B.14.6.13,8.A.46.2.2;GH18;1.B.14.6.13;null;FecR,8.A.46.2.2:+0.1171;GH18:+0.0667;1.B.14.6.13:+0.0635;null:+0.0275;FecR:+0.0246
695,3,host glycan,host glycan,0.9702380952380952,GH33,GH33;GH20;CBM93,GH33;GH20;CBM93;GH2;CBM32,GH33:+0.0836;GH20:+0.0733;CBM93:+0.0610;GH2:+0.0608;CBM32:+0.0196
700,3,host glycan,host glycan,0.9761904761904762,GH2,GH2;GH20;1.C.39.4.5,GH2;GH20;1.C.39.4.5;2.A.115.1.2;null,GH2:+0.0964;GH20:+0.0671;1.C.39.4.5:+0.0568;2.A.115.1.2:+0.0484;null:+0.0366
706,3,host glycan,host glycan,0.9939879759519038,GH2,GH2;GH20;1.C.39.4.5,GH2;GH20;1.C.39.4.5;1.B.14.6.1;2.A.115.1.2,GH2:+0.1051;GH20:+0.0971;1.C.39.4.5:+0.0687;1.B.14.6.1:+0.0559;2.A.115.1.2:+0.0550
708,3,host glycan,host glycan,0.9274193548387096,GH2,GH2;GH33,GH2;GH33,GH2:+0.2134;GH33:+0.0672
727,3,host glycan,host glycan,0.8196721311475409,CBM32,CBM32;null,CBM32;null,CBM32:+0.4877;null:+0.0542
732,3,host glycan,host glycan,0.8186356073211315,CE9,CE9;null;SIS,CE9;null;SIS;GntR,CE9:+0.4200;null:+0.0219;SIS:+0.0127;GntR:+0.0124
734,3,host glycan,host glycan,0.9880952380952381,CE9,CE9;4.A.6.1.18;SIS,CE9;4.A.6.1.18;SIS;GntR;GH35,CE9:+0.3919;4.A.6.1.18:+0.0919;SIS:+0.0918;GntR:+0.0804;GH35:+0.0195
745,3,host glycan,host glycan,0.8638838475499093,GH88,GH88;PL12;2,GH88;PL12;2;HTH;AraC,GH88:+0.2806;PL12:+0.1050;2:+0.0953;HTH:+0.0744;AraC:+0.0691
747,3,host glycan,host glycan,1.0,CE9,CE9;DeoR;4.A.6.1.4,CE9;DeoR;4.A.6.1.4;SIS;4.A.6.1.5,CE9:+0.2263;DeoR:+0.1040;4.A.6.1.4:+0.0545;SIS:+0.0420;4.A.6.1.5:+0.0317
748,3,host glycan,host glycan,1.0,CE9,CE9;DeoR;SIS,CE9;DeoR;SIS;4.A.6.1.5;4.A.6.1.4,CE9:+0.1841;DeoR:+0.0533;SIS:+0.0298;4.A.6.1.5:+0.0160;4.A.6.1.4:+0.0141
751,3,host glycan,host glycan,1.0,DeoR,DeoR;PfkB;1.B.35.2.2,DeoR;PfkB;1.B.35.2.2;13;GH31,DeoR:+0.1849;PfkB:+0.1622;1.B.35.2.2:+0.1484;13:+0.1434;GH31:+0.1367
756,3,host glycan,host glycan,0.8202995008319468,CE9,CE9;MarR,CE9;MarR,CE9:+0.4458;MarR:+0.0399
762,3,host glycan,host glycan,1.0,CBM93,CBM93;GH33;GH20,CBM93;GH33;GH20;CE20;GH2,CBM93:+0.1302;GH33:+0.1159;GH20:+0.0916;CE20:+0.0762;GH2:+0.0661
768,3,host glycan,host glycan,1.0,CE9,CE9;DeoR;4.A.6.1.4,CE9;DeoR;4.A.6.1.4;SIS;4.A.6.1.5,CE9:+0.2230;DeoR:+0.0930;4.A.6.1.4:+0.0450;SIS:+0.0397;4.A.6.1.5:+0.0298
769,3,host glycan,host glycan,1.0,CE9,CE9;DeoR;4.A.6.1.4,CE9;DeoR;4.A.6.1.4;SIS;4.A.6.1.5,CE9:+0.2263;DeoR:+0.1040;4.A.6.1.4:+0.0545;SIS:+0.0420;4.A.6.1.5:+0.0317
774,3,host glycan,host glycan,0.6338797814207651,GH33,GH33;CBM93;GH20,GH33;CBM93;GH20;CE20;8.A.46.1.4,GH33:+0.2050;CBM93:+0.1752;GH20:+0.0536;CE20:+0.0420;8.A.46.1.4:+0.0362
776,3,host glycan,host glycan,0.9842209072978304,GH88,GH88;PL12;4.A.6.1.14,GH88;PL12;4.A.6.1.14;PfkB;1,GH88:+0.2200;PL12:+0.0608;4.A.6.1.14:+0.0435;PfkB:+0.0257;1:+0.0237
777,3,host glycan,host glycan,0.992,GH92,GH92;CE20;CBM32,GH92;CE20;CBM32;GerE;8,GH92:+0.1416;CE20:+0.1413;CBM32:+0.1340;GerE:+0.1255;8:+0.1224
779,3,host glycan,host glycan,0.8662551440329217,GH92,GH92;GerE;null,GH92;GerE;null;CBM67;GH38,GH92:+0.1441;GerE:+0.1302;null:+0.1197;CBM67:+0.1167;GH38:+0.1121
781,3,host glycan,host glycan,1.0,1.B.14.6.13,1.B.14.6.13;GH18;GerE,1.B.14.6.13;GH18;GerE;8.A.46.2.1;null,1.B.14.6.13:+0.0939;GH18:+0.0937;GerE:+0.0778;8.A.46.2.1:+0.0554;null:+0.0119
786,3,host glycan,host glycan,1.0,GH2,GH2;null,GH2;null,GH2:+0.5194;null:+0.0854
788,3,host glycan,host glycan,1.0,CBM32,CBM32;2.A.115.1.1;GH109,CBM32;2.A.115.1.1;GH109;GH2;FecR,CBM32:+0.1443;2.A.115.1.1:+0.0624;GH109:+0.0521;GH2:+0.0488;FecR:+0.0382
792,3,host glycan,host glycan,1.0,CE20,CE20;GH92;CBM32,CE20;GH92;CBM32;GerE;8,CE20:+0.1421;GH92:+0.1417;CBM32:+0.1337;GerE:+0.1295;8:+0.1215
793,3,host glycan,host glycan,0.8662551440329217,GH92,GH92;GerE;null,GH92;GerE;null;CBM67;GH38,GH92:+0.1441;GerE:+0.1302;null:+0.1197;CBM67:+0.1167;GH38:+0.1121
795,3,host glycan,host glycan,1.0,CE9,CE9,CE9,CE9:+0.4872
800,3,host glycan,host glycan,1.0,GH18,GH18;1.B.14.6.13;GerE,GH18;1.B.14.6.13;GerE;8.A.46.2.1;FecR,GH18:+0.0941;1.B.14.6.13:+0.0823;GerE:+0.0752;8.A.46.2.1:+0.0560;FecR:+0.0545
803,3,host glycan,host glycan,1.0,3.A.1.1.48,3.A.1.1.48;GH112;null,3.A.1.1.48;GH112;null;0043669,3.A.1.1.48:+0.1492;GH112:+0.1426;null:+0.1224;0043669:+0.0970
820,3,host glycan,host glycan,0.7330016583747927,GH88,GH88;PL12;2,GH88;PL12;2;2.A.1.7.18;null,GH88:+0.2713;PL12:+0.1155;2:+0.0805;2.A.1.7.18:+0.0340;null:+0.0271
821,3,host glycan,host glycan,0.8638838475499093,GH88,GH88;PL12;2,GH88;PL12;2;HTH;AraC,GH88:+0.2806;PL12:+0.1050;2:+0.0953;HTH:+0.0744;AraC:+0.0691
824,3,host glycan,host glycan,0.4222222222222222,PL8,PL8;HTH;AraC,PL8;HTH;AraC;1.B.14.6.1;null,PL8:+0.2176;HTH:+0.0472;AraC:+0.0372;1.B.14.6.1:+0.0305;null:+0.0168
826,3,host glycan,host glycan,0.9653767820773931,GH2,GH2;8.A.1.6.3;1.B.14.6.1,GH2;8.A.1.6.3;1.B.14.6.1;PL29;PL8,GH2:+0.1243;8.A.1.6.3:+0.0971;1.B.14.6.1:+0.0906;PL29:+0.0896;PL8:+0.0854
832,3,pectin,pectin,0.5220729366602688,GH140,GH140;HTH;AraC,GH140;HTH;AraC;null,GH140:+0.4158;HTH:+0.0044;AraC:+0.0038;null:+0.0021
836,3,pectin,pectin,0.6971235194585448,GH144,GH144;1.B.14.6.1;null,GH144;1.B.14.6.1;null,GH144:+0.1308;1.B.14.6.1:+0.0625;null:+0.0237
845,3,pectin,pectin,0.9103313840155945,GH140,GH140;GH5;5,GH140;GH5;5;2.A.2.3.6;2,GH140:+0.2065;GH5:+0.2048;5:+0.1939;2.A.2.3.6:+0.1854;2:+0.1500
850,3,pectin,pectin,0.8380414312617702,GH105,GH105;GH28;CE8,GH105;GH28;CE8;LacI;CE12,GH105:+0.1290;GH28:+0.1211;CE8:+0.0636;LacI:+0.0601;CE12:+0.0592
853,3,pectin,pectin,1.0,GerE,GerE;GH92;FecR,GerE;GH92;FecR;1.B.14.6.1;GH28,GerE:+0.2820;GH92:+0.2624;FecR:+0.2396;1.B.14.6.1:+0.2261;GH28:+0.1204
859,3,pectin,pectin,0.8728652751423149,GH105,GH105;CE12;PL1,GH105;CE12;PL1;GH28;CE8,GH105:+0.0937;CE12:+0.0894;PL1:+0.0552;GH28:+0.0514;CE8:+0.0399
860,3,pectin,pectin,0.9175257731958764,GH105,GH105;CE12;PL1,GH105;CE12;PL1;CE8;2,GH105:+0.1163;CE12:+0.1005;PL1:+0.0817;CE8:+0.0671;2:+0.0492
875,3,pectin,galactan,1.0,GH53,GH53;HTH;AraC,GH53;HTH;AraC;GH2;8.A.46,GH53:+0.3135;HTH:+0.2814;AraC:+0.2160;GH2:+0.1787;8.A.46:+0.1206
885,3,pectin,pectin,0.9103313840155945,GH140,GH140;GH5;5,GH140;GH5;5;2.A.2.3.6;2,GH140:+0.2065;GH5:+0.2048;5:+0.1939;2.A.2.3.6:+0.1854;2:+0.1500
888,3,pectin,pectin,0.775618374558304,18,18;GH28;GH140,18;GH28;GH140;PL1;2,18:+0.1203;GH28:+0.1161;GH140:+0.1083;PL1:+0.0909;2:+0.0685
901,3,pectin,pectin,0.6607142857142857,GH28,GH28,GH28,GH28:+0.5244
902,3,pectin,beta-glucan,0.5398457583547558,GH3,GH3;1.B.14;8.A.46,GH3;1.B.14;8.A.46,GH3:+0.3245;1.B.14:+0.1427;8.A.46:+0.0750
905,3,pectin,pectin,0.7482678983833717,CE20,CE20;null;1.B.14.6.2,CE20;null;1.B.14.6.2,CE20:+0.4445;null:+0.1821;1.B.14.6.2:+0.0343
910,3,pectin,pectin,0.9545454545454545,CE1,CE1;1.B.14.6.1;null,CE1;1.B.14.6.1;null,CE1:+0.6144;1.B.14.6.1:+0.2823;null:+0.1366
913,3,pectin,host glycan,0.25176056338028163,DeoR,DeoR;HTH;AraC,DeoR;HTH;AraC,DeoR:+0.2242;HTH:+0.0207;AraC:+0.0057
915,3,pectin,pectin,1.0,PfkB,PfkB;GH28;GH105,PfkB;GH28;GH105;CE12;LacI,PfkB:+0.1599;GH28:+0.1573;GH105:+0.1490;CE12:+0.1142;LacI:+0.1016
916,3,pectin,pectin,0.9960079840319361,PfkB,PfkB;GH28;GH105,PfkB;GH28;GH105;CE12;LacI,PfkB:+0.1533;GH28:+0.1523;GH105:+0.1497;CE12:+0.1133;LacI:+0.1013
920,3,pectin,pectin,0.9502868068833652,18,18;GH140;GH95,18;GH140;GH95;GH33;CBM67,18:+0.1323;GH140:+0.0873;GH95:+0.0866;GH33:+0.0795;CBM67:+0.0716
924,3,pectin,pectin,0.7538759689922481,PL10,PL10;CE8;1,PL10;CE8;1,PL10:+0.2715;CE8:+0.1764;1:+0.1259
931,3,pectin,pectin,0.6257379198119604,CE12,CE12;GH105;PL11,CE12;GH105;PL11;AraC;HTH,CE12:+0.2125;GH105:+0.1426;PL11:+0.1409;AraC:+0.0812;HTH:+0.0806
938,3,xylan,xylan,0.6497175141242938,11,11;GH43;CBM91,11;GH43;CBM91;2.A.2.3.2,11:+0.2378;GH43:+0.1713;CBM91:+0.0877;2.A.2.3.2:+0.0725
939,3,xylan,xylan,0.3860369609856263,8.A.46.1.1,8.A.46.1.1;GH20;1.B.14.6.1,8.A.46.1.1;GH20;1.B.14.6.1,8.A.46.1.1:+0.2696;GH20:+0.1192;1.B.14.6.1:+0.0959
946,3,xylan,xylan,0.9982762951606338,7,7;17;GH43,7;17;GH43;CBM6;2,7:+0.2339;17:+0.1687;GH43:+0.1590;CBM6:+0.0867;2:+0.0827
948,3,xylan,xylan,0.9098710067949495,7,7;GH43;17,7;GH43;17;CE1;CBM6,7:+0.1236;GH43:+0.1176;17:+0.1165;CE1:+0.0929;CBM6:+0.0668
950,3,xylan,xylan,0.9308079438266582,7,7;17;GH43,7;17;GH43;CBM6;2,7:+0.2474;17:+0.1917;GH43:+0.1731;CBM6:+0.1120;2:+0.1114
951,3,xylan,xylan,0.5508771929824561,GH10,GH10;CE6;GH95,GH10;CE6;GH95;GH5;21,GH10:+0.2408;CE6:+0.0392;GH95:+0.0224;GH5:+0.0193;21:+0.0121
958,3,xylan,xylan,0.7901234567901234,12,12;GH10;GH67,12;GH10;GH67;10;GH43,12:+0.0619;GH10:+0.0547;GH67:+0.0510;10:+0.0507;GH43:+0.0502
963,3,xylan,xylan,0.5620437956204379,GH128,GH128;GH43;19,GH128;GH43;19;null,GH128:+0.3109;GH43:+0.1167;19:+0.0891;null:+0.0718
965,3,xylan,xylan,0.6993865030674846,8.A.46.1.1,8.A.46.1.1;CBM32;GH20,8.A.46.1.1;CBM32;GH20;1.B.14.6.1,8.A.46.1.1:+0.4707;CBM32:+0.3133;GH20:+0.2706;1.B.14.6.1:+0.1786
978,3,xylan,xylan,0.6497175141242938,11,11;GH43;CBM91,11;GH43;CBM91;2.A.2.3.2,11:+0.2378;GH43:+0.1713;CBM91:+0.0877;2.A.2.3.2:+0.0725
986,3,xylan,xylan,0.5101452024693115,GH128,GH128;GH43;19,GH128;GH43;19;GH51;null,GH128:+0.2658;GH43:+0.0912;19:+0.0710;GH51:+0.0587;null:+0.0384
987,3,xylan,xylan,0.6261510128913443,GH10,GH10;2.A.2;1,GH10;2.A.2;1;12;GH43,GH10:+0.1460;2.A.2:+0.0904;1:+0.0485;12:+0.0362;GH43:+0.0276
994,3,xylan,xylan,0.9652371765917659,7,7;GH43;17,7;GH43;17;CBM6;2,7:+0.2224;GH43:+0.1717;17:+0.1545;CBM6:+0.0972;2:+0.0827
999,3,xylan,xylan,1.0,GH10,GH10;1.B.14.6.1;AraC,GH10;1.B.14.6.1;AraC;HTH;null,GH10:+0.7029;1.B.14.6.1:+0.2295;AraC:+0.1996;HTH:+0.1894;null:+0.0762
1005,3,xylan,xylan,1.0,11,11;2.A.2.3.2;CBM91,11;2.A.2.3.2;CBM91;AraC;GH43,11:+0.3528;2.A.2.3.2:+0.2477;CBM91:+0.2305;AraC:+0.1746;GH43:+0.1567
1006,3,xylan,xylan,0.6176470588235294,GH95,GH95;AraC;GH3,GH95;AraC;GH3;HTH;SBP,GH95:+0.2474;AraC:+0.1517;GH3:+0.1472;HTH:+0.1312;SBP:+0.0888
1008,3,xylan,xylan,0.4436860068259385,GH10,GH10;GH67;GH43,GH10;GH67;GH43;GH3;CBM6,GH10:+0.1546;GH67:+0.1246;GH43:+0.0243;GH3:+0.0208;CBM6:+0.0060
1009,3,xylan,xylan,0.7614560864174466,GH67,GH67;GH10;2.A.2,GH67;GH10;2.A.2;1;GH43,GH67:+0.1348;GH10:+0.1166;2.A.2:+0.0885;1:+0.0851;GH43:+0.0258
1019,3,xylan,xylan,0.44794188861985473,GH67,GH67;HTH;8.A.59,GH67;HTH;8.A.59;null;3.A.1,GH67:+0.2905;HTH:+0.0556;8.A.59:+0.0255;null:+0.0052;3.A.1:+0.0041
1021,3,xylan,xylan,0.48245614035087725,GH67,GH67;2.A.2.3.6;1.B.14.6.1,GH67;2.A.2.3.6;1.B.14.6.1;GerE;null,GH67:+0.3386;2.A.2.3.6:+0.0578;1.B.14.6.1:+0.0514;GerE:+0.0468;null:+0.0308
1,4,alginate,alginate,0.9618473895582329,PL17,PL17;PL6;2.A.1.14.25,PL17;PL6;2.A.1.14.25;1;PfkB,PL17:+0.1215;PL6:+0.0946;2.A.1.14.25:+0.0423;1:+0.0339;PfkB:+0.0264
3,4,alginate,alginate,0.9274193548387096,PL17,PL17;PL6;1,PL17;PL6;1;2;1.B.14,PL17:+0.2906;PL6:+0.2054;1:+0.1042;2:+0.1035;1.B.14:+0.0285
13,4,alginate,alginate,0.6634920634920635,PL6,PL6;GntR;PL7,PL6;GntR;PL7;1;2.A.1.14.25,PL6:+0.0970;GntR:+0.0638;PL7:+0.0635;1:+0.0516;2.A.1.14.25:+0.0485
17,4,alginate,alginate,0.8474945533769062,PL17,PL17;GntR;PL6,PL17;GntR;PL6;2;null,PL17:+0.3102;GntR:+0.0879;PL6:+0.0675;2:+0.0641;null:+0.0265
23,4,alginate,alginate,0.9939271255060729,PL17,PL17;2;PL6,PL17;2;PL6;binding;1,PL17:+0.0765;2:+0.0307;PL6:+0.0292;binding:+0.0285;1:+0.0240
31,4,alginate,alginate,0.9618473895582329,PL17,PL17;PL6;2.A.1.14.25,PL17;PL6;2.A.1.14.25;1;PfkB,PL17:+0.1215;PL6:+0.0946;2.A.1.14.25:+0.0423;1:+0.0339;PfkB:+0.0264
37,4,alginate,alginate,1.0,PL17,PL17;PL6;1,PL17;PL6;1;GntR;2,PL17:+0.2364;PL6:+0.1707;1:+0.1087;GntR:+0.0974;2:+0.0587
41,4,alginate,alginate,0.8862745098039215,1,1;PL15;PL5,1;PL15;PL5;PL7;3.A.1,1:+0.1534;PL15:+0.1522;PL5:+0.1083;PL7:+0.1036;3.A.1:+0.0914
44,4,alginate,alginate,0.9858585858585859,PL6,PL6;1.B.14.12.2;1,PL6;1.B.14.12.2;1;LacI;null,PL6:+0.1880;1.B.14.12.2:+0.1310;1:+0.1221;LacI:+0.0609;null:+0.0461
49,4,alpha-glucan,alpha-glucan,1.0,GH31,GH31;GH66;8.A.46.1.5,GH31;GH66;8.A.46.1.5;1.B.14.6.1;null,GH31:+0.2321;GH66:+0.2081;8.A.46.1.5:+0.1872;1.B.14.6.1:+0.0367;null:+0.0201
54,4,alpha-glucan,alpha-glucan,0.8019230769230768,GH97,GH97;GH66;8.A.46,GH97;GH66;8.A.46;GH31,GH97:+0.2989;GH66:+0.0963;8.A.46:+0.0090;GH31:+0.0069
56,4,alpha-glucan,alpha-glucan,1.0,GH13,GH13;18;2.A.1.2.93,GH13;18;2.A.1.2.93,GH13:+0.1733;18:+0.0932;2.A.1.2.93:+0.0276
57,4,alpha-glucan,alpha-glucan,1.0,2.A.1.5.3,2.A.1.5.3;GH32,2.A.1.5.3;GH32,2.A.1.5.3:+0.4165;GH32:+0.3026
80,4,alpha-glucan,alpha-glucan,1.0,GH13,GH13;GH97;null,GH13;GH97;null;8.A.46.1.1;1.B.14.6.1,GH13:+0.1700;GH97:+0.1180;null:+0.0450;8.A.46.1.1:+0.0259;1.B.14.6.1:+0.0240
85,4,alpha-glucan,alpha-glucan,1.0,LacI,LacI;GH13;3.A.1.1.45,LacI;GH13;3.A.1.1.45;30,LacI:+0.1633;GH13:+0.1287;3.A.1.1.45:+0.0574;30:+0.0338
95,4,alpha-glucan,alpha-glucan,1.0,LacI,LacI;GH13;3.A.1.1.45,LacI;GH13;3.A.1.1.45;GH77;9.B.28.1.3,LacI:+0.1050;GH13:+0.0317;3.A.1.1.45:+0.0303;GH77:+0.0160;9.B.28.1.3:+0.0040
113,4,alpha-glucan,alpha-glucan,0.8574181117533719,GH97,GH97;GH66;null,GH97;GH66;null;GH65;8.A.46,GH97:+0.2585;GH66:+0.0745;null:+0.0263;GH65:+0.0238;8.A.46:+0.0231
117,4,alpha-glucan,alpha-glucan,0.8935742971887549,GH13,GH13;GH97;null,GH13;GH97;null,GH13:+0.2232;GH97:+0.2070;null:+0.0104
119,4,alpha-glucan,alpha-glucan,1.0,GH13,GH13;GH97;1.B.14.6.1,GH13;GH97;1.B.14.6.1;TPR;2,GH13:+0.2784;GH97:+0.2699;1.B.14.6.1:+0.0758;TPR:+0.0398;2:+0.0256
120,4,alpha-glucan,host glycan,0.43917851500789895,FecR,FecR;GerE;null,FecR;GerE;null,FecR:+0.2255;GerE:+0.1096;null:+0.0180
123,4,alpha-glucan,alpha-glucan,1.0,GH97,GH97;GH31;8.A.46.1.5,GH97;GH31;8.A.46.1.5;1.B.14.6.1;null,GH97:+0.2081;GH31:+0.1604;8.A.46.1.5:+0.1178;1.B.14.6.1:+0.0572;null:+0.0181
126,4,alpha-glucan,alpha-glucan,0.9763313609467456,LacI,LacI;GH77;GT35,LacI;GH77;GT35;3.A.1.1.26,LacI:+0.1695;GH77:+0.1504;GT35:+0.1257;3.A.1.1.26:+0.0102
129,4,alpha-glucan,alpha-glucan,1.0,GH13,GH13;GT5;GT35,GH13;GT5;GT35;CBM48;null,GH13:+0.1359;GT5:+0.1235;GT35:+0.0684;CBM48:+0.0488;null:+0.0159
133,4,alpha-glucan,alpha-glucan,1.0,GH13,GH13;LacI;10,GH13;LacI;10;8.A.46.1.1;null,GH13:+0.2218;LacI:+0.2000;10:+0.1964;8.A.46.1.1:+0.0973;null:+0.0638
134,4,alpha-glucan,alpha-glucan,1.0,GH32,GH32,GH32,GH32:+0.2182
138,4,alpha-glucan,alpha-glucan,1.0,LacI,LacI;GH32;3.A.1.1.10,LacI;GH32;3.A.1.1.10;null,LacI:+0.4417;GH32:+0.1810;3.A.1.1.10:+0.1235;null:+0.0295
142,4,alpha-glucan,alpha-glucan,0.6087028510657267,GH97,GH97;GH13;1.B.14,GH97;GH13;1.B.14;8.A.9;LacI,GH97:+0.1334;GH13:+0.1167;1.B.14:+0.0497;8.A.9:+0.0366;LacI:+0.0028
143,4,alpha-glucan,alpha-glucan,1.0,LacI,LacI;GH13;31,LacI;GH13;31,LacI:+0.2230;GH13:+0.2043;31:+0.0685
148,4,alpha-glucan,alpha-glucan,0.9763313609467456,LacI,LacI;GH77;GT35,LacI;GH77;GT35;3.A.1.1.26,LacI:+0.1695;GH77:+0.1504;GT35:+0.1257;3.A.1.1.26:+0.0102
151,4,alpha-glucan,alpha-glucan,1.0,GH13,GH13;20;CBM34,GH13;20;CBM34;3.A.1.1.26;null,GH13:+0.1700;20:+0.0771;CBM34:+0.0510;3.A.1.1.26:+0.0226;null:+0.0139
153,4,alpha-glucan,alpha-glucan,1.0,GH97,GH97;GH13;null,GH97;GH13;null;46;1.B.14.6.1,GH97:+0.1525;GH13:+0.1440;null:+0.0577;46:+0.0524;1.B.14.6.1:+0.0220
163,4,alpha-glucan,alpha-glucan,0.9858515095320793,PfkB,PfkB;LacI;MarR,PfkB;LacI;MarR;4.A.1.2.12;GH32,PfkB:+0.3715;LacI:+0.2676;MarR:+0.1624;4.A.1.2.12:+0.1561;GH32:+0.1503
164,4,alpha-glucan,alpha-glucan,1.0,PfkB,PfkB;LacI;GH32,PfkB;LacI;GH32;4.A.1.2.12,PfkB:+0.3314;LacI:+0.2916;GH32:+0.1571;4.A.1.2.12:+0.0826
171,4,alpha-glucan,alpha-glucan,0.9822834645669292,GH13,GH13;GT5;9,GH13;GT5;9;CBM48;null,GH13:+0.1133;GT5:+0.0655;9:+0.0286;CBM48:+0.0261;null:+0.0213
172,4,alpha-glucan,alpha-glucan,1.0,GH13,GH13;GT5;CBM48,GH13;GT5;CBM48;9;redox,GH13:+0.0974;GT5:+0.0726;CBM48:+0.0301;9:+0.0257;redox:+0.0218
176,4,alpha-mannan,host glycan,0.35184496228903855,8.A.46.2.2,8.A.46.2.2;GH92;GH125,8.A.46.2.2;GH92;GH125,8.A.46.2.2:+0.1785;GH92:+0.0480;GH125:+0.0313
183,4,alpha-mannan,alpha-mannan,0.9311740890688258,GH76,GH76;GH125;GH92,GH76;GH125;GH92;GH97;GH67,GH76:+0.2355;GH125:+0.2295;GH92:+0.1802;GH97:+0.1545;GH67:+0.1456
189,4,alpha-mannan,alpha-mannan,1.0,GH92,GH92;null;1.B.14.6.1,GH92;null;1.B.14.6.1;9.B.14.1.10,GH92:+0.1840;null:+0.1392;1.B.14.6.1:+0.0326;9.B.14.1.10:+0.0142
195,4,alpha-mannan,alpha-mannan,0.9819277108433735,GH99,GH99;GH92;null,GH99;GH92;null;1.B.14.6.2;9.B.14.1.10,GH99:+0.2704;GH92:+0.2231;null:+0.0993;1.B.14.6.2:+0.0145;9.B.14.1.10:+0.0003
198,4,arabinogalactan,arabinogalactan,0.6603773584905661,GH142,GH142;18;GH143,GH142;18;GH143;CBM67;GH43,GH142:+0.1885;18:+0.1838;GH143:+0.1697;CBM67:+0.1001;GH43:+0.0996
203,4,arabinogalactan,arabinogalactan,0.7064092651718791,GH43,GH43;34;26,GH43;34;26;22;27,GH43:+0.1029;34:+0.0963;26:+0.0723;22:+0.0690;27:+0.0583
209,4,arabinogalactan,arabinogalactan,0.996,1.B.14.6.1,1.B.14.6.1;CBM32;GH16,1.B.14.6.1;CBM32;GH16;AraC;3,1.B.14.6.1:+0.2178;CBM32:+0.2064;GH16:+0.1979;AraC:+0.1819;3:+0.1603
223,4,arabinogalactan,arabinogalactan,1.0,17,17;GH154;GH105,17;GH154;GH105;GH43;24,17:+0.2050;GH154:+0.1838;GH105:+0.1830;GH43:+0.1695;24:+0.1644
229,4,arabinogalactan,arabinogalactan,0.3129021642288213,GH51,GH51;null;1,GH51;null;1,GH51:+0.2975;null:+0.0599;1:+0.0428
230,4,arabinogalactan,arabinogalactan,1.0,GH51,GH51;3.A.1.1.34;1,GH51;3.A.1.1.34;1;null,GH51:+0.2987;3.A.1.1.34:+0.2556;1:+0.1625;null:+0.0752
231,4,arabinogalactan,arabinogalactan,0.6142034548944336,24,24;null;AraC,24;null;AraC;GH43;HTH,24:+0.2389;null:+0.1048;AraC:+0.0971;GH43:+0.0857;HTH:+0.0790
239,4,beta-glucan,beta-glucan,0.931726907630522,GH5,GH5;GH31;4,GH5;GH31;4;GH3;AraC,GH5:+0.1775;GH31:+0.1625;4:+0.1432;GH3:+0.1070;AraC:+0.1047
253,4,beta-glucan,beta-glucan,0.7486338797814207,GH9,GH9;CBM3;17,GH9;CBM3;17;1,GH9:+0.0845;CBM3:+0.0520;17:+0.0307;1:+0.0071
259,4,beta-glucan,xylan,0.4424211975593199,CE1,CE1;GH10;GH43,CE1;GH10;GH43;8;10,CE1:+0.0319;GH10:+0.0317;GH43:+0.0228;8:+0.0091;10:+0.0061
260,4,beta-glucan,beta-glucan,0.4154929577464788,GH1,GH1;4.A.3.2.7,GH1;4.A.3.2.7,GH1:+0.3371;4.A.3.2.7:+0.0411
262,4,beta-glucan,beta-glucan,1.0,GH1,GH1,GH1,GH1:+0.3946
263,4,beta-glucan,beta-glucan,0.7716186252771617,GH16,GH16;GH3;8.A.46,GH16;GH3;8.A.46;1.B.14;null,GH16:+0.3652;GH3:+0.2109;8.A.46:+0.1706;1.B.14:+0.0522;null:+0.0139
267,4,beta-glucan,beta-glucan,1.0,GH1,GH1;LacI;3,GH1;LacI;3;GH3;GH16,GH1:+0.1562;LacI:+0.1136;3:+0.1068;GH3:+0.0985;GH16:+0.0585
273,4,beta-glucan,beta-glucan,0.8424124513618677,GH31,GH31;GH5;4,GH31;GH5;4;GH3;GH2,GH31:+0.1442;GH5:+0.1273;4:+0.1198;GH3:+0.0939;GH2:+0.0545
287,4,beta-glucan,beta-glucan,0.71875,GH3,GH3;GH157;HTH,GH3;GH157;HTH;AraC;null,GH3:+0.2729;GH157:+0.1520;HTH:+0.1206;AraC:+0.1136;null:+0.0564
288,4,beta-glucan,beta-glucan,1.0,GH3,GH3;GH31;GH5,GH3;GH31;GH5;4;AraC,GH3:+0.1265;GH31:+0.1200;GH5:+0.1149;4:+0.1081;AraC:+0.0914
295,4,beta-glucan,beta-glucan,1.0,3,3;GH30;GH3,3;GH30;GH3;7;1.B.14.6.1,3:+0.3237;GH30:+0.2091;GH3:+0.1408;7:+0.1174;1.B.14.6.1:+0.0658
297,4,beta-glucan,beta-glucan,0.945233265720081,GH9,GH9;CBM4;CBM3,GH9;CBM4;CBM3;GH8,GH9:+0.0978;CBM4:+0.0209;CBM3:+0.0180;GH8:+0.0016
298,4,beta-glucan,beta-glucan,0.9138276553106213,GH9,GH9;GH5;17,GH9;GH5;17;CBM3;PL11,GH9:+0.1414;GH5:+0.1059;17:+0.0922;CBM3:+0.0666;PL11:+0.0564
299,4,beta-glucan,beta-glucan,0.7495256166982922,GH5,GH5;4;CBM4,GH5;4;CBM4;null,GH5:+0.1778;4:+0.1215;CBM4:+0.0794;null:+0.0307
303,4,beta-glucan,beta-glucan,0.9205298013245032,GH8,GH8;4.D.3.1.6;GT2,GH8;4.D.3.1.6;GT2,GH8:+0.2045;4.D.3.1.6:+0.1063;GT2:+0.0773
305,4,beta-glucan,beta-glucan,0.9122486288848263,GH5,GH5;4;GH31,GH5;4;GH31;GH3;GH2,GH5:+0.2126;4:+0.1948;GH31:+0.1901;GH3:+0.1541;GH2:+0.1302
308,4,beta-glucan,beta-glucan,0.4154929577464788,GH1,GH1;4.A.3.2.7,GH1;4.A.3.2.7,GH1:+0.3371;4.A.3.2.7:+0.0411
311,4,beta-glucan,beta-glucan,0.45614035087719296,GT2,GT2;null,GT2;null,GT2:+0.2869;null:+0.0093
318,4,beta-glucan,beta-glucan,0.31527093596059114,CBM4,CBM4;GH16,CBM4;GH16,CBM4:+0.1741;GH16:+0.0263
326,4,beta-glucan,host glycan,0.4642201834862385,GH2,GH2;GH88;null,GH2;GH88;null,GH2:+0.0823;GH88:+0.0180;null:+0.0089
327,4,beta-glucan,beta-glucan,0.9763779527559054,GH5,GH5;4;AraC,GH5;4;AraC;HTH;GH36,GH5:+0.2589;4:+0.2242;AraC:+0.1299;HTH:+0.0776;GH36:+0.0686
332,4,beta-glucan,beta-glucan,0.9920477137176938,GH73,GH73;null;9.B.154.1.2,GH73;null;9.B.154.1.2;Peptidase;M23,GH73:+0.1821;null:+0.0569;9.B.154.1.2:+0.0259;Peptidase:+0.0157;M23:+0.0118
337,4,beta-glucan,beta-glucan,0.5659824046920819,GH16,GH16;null,GH16;null,GH16:+0.3037;null:+0.0386
344,4,beta-glucan,beta-glucan,1.0,GH4,GH4;11;4.A.3.2.2,GH4;11;4.A.3.2.2;HTH;Mga,GH4:+0.3066;11:+0.3034;4.A.3.2.2:+0.2899;HTH:+0.1911;Mga:+0.1727
354,4,beta-glucan,beta-glucan,0.43216080402010043,GT2,GT2,GT2,GT2:+0.2920
360,4,beta-mannan,beta-mannan,0.8558267445508645,AraC,AraC;2.A.38.1.1;C,AraC;2.A.38.1.1;C;TrkA;2.A.1.14.25,AraC:+0.1856;2.A.38.1.1:+0.1833;C:+0.1821;TrkA:+0.1735;2.A.1.14.25:+0.1705
363,4,beta-mannan,beta-mannan,0.4734513274336283,TrkA,TrkA;C;AraC,TrkA;C;AraC;GH29;HTH,TrkA:+0.1188;C:+0.1096;AraC:+0.0818;GH29:+0.0396;HTH:+0.0390
365,4,beta-mannan,beta-mannan,1.0,GH42,GH42;3.A.1.1.48,GH42;3.A.1.1.48,GH42:+0.6009;3.A.1.1.48:+0.1601
366,4,beta-mannan,galactan,0.9751534365092999,LacI,LacI;GH42;3.A.1,LacI;GH42;3.A.1,LacI:+0.5148;GH42:+0.3700;3.A.1:+0.1455
367,4,beta-mannan,beta-mannan,0.4888864242953205,LacI,LacI;3.A.1.1.39;GH2,LacI;3.A.1.1.39;GH2;SBP;bac,LacI:+0.2134;3.A.1.1.39:+0.1067;GH2:+0.0955;SBP:+0.0694;bac:+0.0620
370,4,beta-mannan,beta-mannan,0.7486033519553073,GH26,GH26;GntR;GH1,GH26;GntR;GH1;4.A.3.2.8;4.A.3.2.6,GH26:+0.2125;GntR:+0.1772;GH1:+0.1433;4.A.3.2.8:+0.1305;4.A.3.2.6:+0.1138
390,4,beta-mannan,beta-mannan,0.5708185560582624,GH130,GH130;GH26;GH27,GH130;GH26;GH27;HTH;AraC,GH130:+0.1228;GH26:+0.1122;GH27:+0.0680;HTH:+0.0534;AraC:+0.0304
392,4,beta-mannan,beta-mannan,1.0,GH3,GH3;CBM27;CBM23,GH3;CBM27;CBM23,GH3:+0.2951;CBM27:+0.0579;CBM23:+0.0469
400,4,beta-mannan,alpha-glucan,0.6544789762340035,LacI,LacI;GH13;GH65,LacI;GH13;GH65;8.A.46;1.B.14,LacI:+0.2089;GH13:+0.1552;GH65:+0.0873;8.A.46:+0.0287;1.B.14:+0.0135
401,4,beta-mannan,beta-mannan,0.9719992253884072,GH26,GH26;GH130;AraC,GH26;GH130;AraC;1;2.A.2.3.6,GH26:+0.2150;GH130:+0.2062;AraC:+0.0940;1:+0.0937;2.A.2.3.6:+0.0918
403,4,beta-mannan,beta-mannan,0.993963614698021,GH26,GH26;GH130;AraC,GH26;GH130;AraC;1;2.A.2.3.6,GH26:+0.2089;GH130:+0.2075;AraC:+0.1022;1:+0.1014;2.A.2.3.6:+0.0997
404,4,beta-mannan,beta-mannan,1.0,GH130,GH130;GH26;1,GH130;GH26;1;2.A.2.3.6;AraC,GH130:+0.2046;GH26:+0.1960;1:+0.1006;2.A.2.3.6:+0.1005;AraC:+0.1002
409,4,beta-mannan,beta-mannan,1.0,GH130,GH130;GH26;2.A.2.3.6,GH130;GH26;2.A.2.3.6;1;null,GH130:+0.3267;GH26:+0.1986;2.A.2.3.6:+0.1311;1:+0.1169;null:+0.0451
418,4,beta-mannan,beta-mannan,0.9716591254857346,GH26,GH26;GH130;AraC,GH26;GH130;AraC;HTH;1,GH26:+0.1700;GH130:+0.1667;AraC:+0.0882;HTH:+0.0789;1:+0.0661
427,4,chitin,chitin,1.0,AA10,AA10;1;GH18,AA10;1;GH18;HTH;1.E.2.1.11,AA10:+0.2591;1:+0.1604;GH18:+0.1584;HTH:+0.1342;1.E.2.1.11:+0.0520
431,4,chitin,chitin,1.0,4.A.3.2.1,4.A.3.2.1;GH4;AraC,4.A.3.2.1;GH4;AraC;HTH,4.A.3.2.1:+0.6022;GH4:+0.3186;AraC:+0.1045;HTH:+0.0804
443,4,chitin,chitin,1.0,GH4,GH4;CE4;4.A.3.2.6,GH4;CE4;4.A.3.2.6,GH4:+0.3327;CE4:+0.3086;4.A.3.2.6:+0.1856
444,4,chitin,chitin,1.0,GH18,GH18;CBM5,GH18;CBM5,GH18:+0.2998;CBM5:+0.1188
446,4,chitin,chitin,1.0,GH18,GH18;CBM5,GH18;CBM5,GH18:+0.2998;CBM5:+0.1188
448,4,chitin,host glycan,0.4398625429553264,GH18,GH18;8.A.46;1.B.14,GH18;8.A.46;1.B.14;GH20;null,GH18:+0.1810;8.A.46:+0.0989;1.B.14:+0.0591;GH20:+0.0143;null:+0.0027
449,4,chitin,host glycan,0.4653979238754325,GH18,GH18;8.A.46;1.B.14,GH18;8.A.46;1.B.14;null,GH18:+0.2022;8.A.46:+0.1349;1.B.14:+0.0509;null:+0.0031
455,4,chitin,chitin,0.8548057259713702,4.A.3.2.7,4.A.3.2.7;GH4;null,4.A.3.2.7;GH4;null,4.A.3.2.7:+0.3599;GH4:+0.3116;null:+0.1272
471,4,chitin,chitin,1.0,GH4,GH4;4.A.3.2.1;AraC,GH4;4.A.3.2.1;AraC;HTH;4.A.3.2.7,GH4:+0.3439;4.A.3.2.1:+0.1102;AraC:+0.0422;HTH:+0.0182;4.A.3.2.7:+0.0020
475,4,chitin,chitin,1.0,4.A.3.2.5,4.A.3.2.5;AraC;HTH,4.A.3.2.5;AraC;HTH;GH1,4.A.3.2.5:+0.5106;AraC:+0.3449;HTH:+0.3372;GH1:+0.3346
481,4,chitin,chitin,1.0,GH4,GH4;4.A.3.2.7;4.A.3.2.1,GH4;4.A.3.2.7;4.A.3.2.1;null,GH4:+0.3422;4.A.3.2.7:+0.2250;4.A.3.2.1:+0.1559;null:+0.1312
485,4,chitin,chitin,0.6072874493927125,null,null;GH4;AraC,null;GH4;AraC;HTH,null:+0.4848;GH4:+0.4180;AraC:+0.0313;HTH:+0.0051
492,4,fructan,fructan,0.9965073867319395,GH32,GH32;1.B.14.6.1;null,GH32;1.B.14.6.1;null,GH32:+0.7785;1.B.14.6.1:+0.2879;null:+0.2409
494,4,fructan,fructan,0.9373461977768904,GH32,GH32;1.B.14.6.1;null,GH32;1.B.14.6.1;null;2.A.1.7.17;0039384,GH32:+0.3128;1.B.14.6.1:+0.1098;null:+0.0801;2.A.1.7.17:+0.0393;0039384:+0.0086
496,4,fructan,fructan,0.9965073867319395,GH32,GH32;1.B.14.6.1;null,GH32;1.B.14.6.1;null,GH32:+0.7785;1.B.14.6.1:+0.2236;null:+0.1917
497,4,fructan,fructan,0.9865690808848379,GH32,GH32;2.A.1.7.17;null,GH32;2.A.1.7.17;null;1.B.14.6.1;0039384,GH32:+0.2442;2.A.1.7.17:+0.1073;null:+0.0613;1.B.14.6.1:+0.0309;0039384:+0.0194
506,4,fructan,alpha-glucan,0.6736585217170548,LacI,LacI;GH32,LacI;GH32,LacI:+0.0883;GH32:+0.0832
517,4,fructan,fructan,0.5019508082551781,3.A.1.1.10,3.A.1.1.10;3.A.1.1.29;PfkB,3.A.1.1.10;3.A.1.1.29;PfkB;GH32;null,3.A.1.1.10:+0.5020;3.A.1.1.29:+0.5020;PfkB:+0.1954;GH32:+0.0646;null:+0.0456
529,4,galactan,galactan,1.0,GH4,GH4;LacI;CE19,GH4;LacI;CE19;bac;3.A.1.1.41,GH4:+0.3045;LacI:+0.3028;CE19:+0.1996;bac:+0.1750;3.A.1.1.41:+0.1644
530,4,galactan,galactan,1.0,18,18;3.A.1.1.28;GH36,18;3.A.1.1.28;GH36;GH13;31,18:+0.2565;3.A.1.1.28:+0.2083;GH36:+0.1894;GH13:+0.1626;31:+0.1129
534,4,galactan,galactan,0.7373737373737372,16,16;GH16;null,16;GH16;null,16:+0.5262;GH16:+0.2314;null:+0.0519
535,4,galactan,galactan,1.0,GntR,GntR;null;GH16,GntR;null;GH16;1.B.14.12.2;2.A.1.1.55,GntR:+0.2210;null:+0.1904;GH16:+0.1402;1.B.14.12.2:+0.1336;2.A.1.1.55:+0.1159
538,4,galactan,chitin,0.18134715025906736,GH1,GH1;Response;SIS,GH1;Response;SIS;reg;3.A.1,GH1:+0.0419;Response:+0.0380;SIS:+0.0216;reg:+0.0122;3.A.1:+0.0044
542,4,galactan,galactan,1.0,GH53,GH53;HTH;AraC,GH53;HTH;AraC;8.A.46.1.1;GH2,GH53:+0.4223;HTH:+0.3371;AraC:+0.3333;8.A.46.1.1:+0.3147;GH2:+0.2240
543,4,galactan,galactan,0.8369909474119164,GH53,GH53;AraC;HTH,GH53;AraC;HTH;8.A.46.1.1;GH2,GH53:+0.3644;AraC:+0.3047;HTH:+0.2985;8.A.46.1.1:+0.2509;GH2:+0.1772
548,4,galactan,galactan,1.0,3.A.1.1.28,3.A.1.1.28;GH36;0044258,3.A.1.1.28;GH36;0044258;bac;SBP,3.A.1.1.28:+0.2369;GH36:+0.2111;0044258:+0.1517;bac:+0.0909;SBP:+0.0763
565,4,galactan,galactan,0.7349780888220289,GH42,GH42;LacI;3.A.1.1.2,GH42;LacI;3.A.1.1.2,GH42:+0.4824;LacI:+0.4530;3.A.1.1.2:+0.1047
569,4,galactan,galactan,0.5148861646234676,2.A.2.2.1,2.A.2.2.1;null,2.A.2.2.1;null,2.A.2.2.1:+0.4720;null:+0.0581
573,4,galactan,galactan,1.0,3.A.1.1.28,3.A.1.1.28;GH36;MarR,3.A.1.1.28;GH36;MarR;null;bac,3.A.1.1.28:+0.2556;GH36:+0.2126;MarR:+0.1435;null:+0.0594;bac:+0.0377
576,4,galactan,galactan,0.8884462151394422,GH129,GH129;GH127;2.A.1.1.55,GH129;GH127;2.A.1.1.55;AraC;HTH,GH129:+0.1836;GH127:+0.1520;2.A.1.1.55:+0.1130;AraC:+0.0975;HTH:+0.0884
579,4,galactan,galactan,0.7640238025376894,LacI,LacI;GH42;GH53,LacI;GH42;GH53;2.A.2;null,LacI:+0.3231;GH42:+0.3144;GH53:+0.1873;2.A.2:+0.0740;null:+0.0148
583,4,galactan,galactan,0.7916666666666666,GntR,GntR;null;2.A.1,GntR;null;2.A.1;GH16;1.B.14,GntR:+0.2637;null:+0.2144;2.A.1:+0.1976;GH16:+0.1195;1.B.14:+0.0592
584,4,galactan,host glycan,0.5009276437847866,TetR,TetR;N;null,TetR;N;null,TetR:+0.2014;N:+0.1539;null:+0.0102
595,4,host glycan,host glycan,1.0,GH18,GH18;GH163;8.A.46.2.1,GH18;GH163;8.A.46.2.1;GH92;1.B.14.6.13,GH18:+0.1750;GH163:+0.1440;8.A.46.2.1:+0.1312;GH92:+0.1064;1.B.14.6.13:+0.1031
596,4,host glycan,host glycan,1.0,8.A.46.2.2,8.A.46.2.2;GH18;null,8.A.46.2.2;GH18;null,8.A.46.2.2:+0.1810;GH18:+0.1481;null:+0.0521
599,4,host glycan,host glycan,0.4009146341463415,GH2,GH2;GH88;null,GH2;GH88;null,GH2:+0.0812;GH88:+0.0361;null:+0.0172
600,4,host glycan,host glycan,1.0,GH20,GH20;GH33;CBM93,GH20;GH33;CBM93;GH2;CE3,GH20:+0.0994;GH33:+0.0646;CBM93:+0.0456;GH2:+0.0394;CE3:+0.0217
608,4,host glycan,host glycan,0.9465020576131686,GH18,GH18;8.A.46;1.B.14,GH18;8.A.46;1.B.14;null,GH18:+0.5739;8.A.46:+0.2224;1.B.14:+0.1050;null:+0.0140
610,4,host glycan,host glycan,0.5337691112926852,CE9,CE9;SIS;null,CE9;SIS;null,CE9:+0.3391;SIS:+0.0420;null:+0.0134
614,4,host glycan,host glycan,1.0,GH2,GH2;GH20;CE9,GH2;GH20;CE9;CE3;CE20,GH2:+0.1019;GH20:+0.0898;CE9:+0.0745;CE3:+0.0396;CE20:+0.0378
622,4,host glycan,host glycan,1.0,CE9,CE9,CE9,CE9:+0.4005
629,4,host glycan,host glycan,0.9841584158415841,GH33,GH33;CBM93;3,GH33;CBM93;3;8.A.46.1.4;MarR,GH33:+0.2897;CBM93:+0.2372;3:+0.1430;8.A.46.1.4:+0.1191;MarR:+0.1161
634,4,host glycan,host glycan,1.0,CBM32,CBM32;null;1.B.14.6.1,CBM32;null;1.B.14.6.1,CBM32:+0.7797;null:+0.0975;1.B.14.6.1:+0.0962
638,4,host glycan,host glycan,0.9736842105263158,GH88,GH88;PfkB;PL12,GH88;PfkB;PL12;null;4.A.6.1.14,GH88:+0.2446;PfkB:+0.0651;PL12:+0.0605;null:+0.0520;4.A.6.1.14:+0.0274
645,4,host glycan,host glycan,1.0,GH20,GH20;GH33;CBM93,GH20;GH33;CBM93;GH2;CBM32,GH20:+0.0914;GH33:+0.0862;CBM93:+0.0570;GH2:+0.0517;CBM32:+0.0238
650,4,host glycan,host glycan,1.0,CE9,CE9;4.A.1.1.7,CE9;4.A.1.1.7,CE9:+0.4515;4.A.1.1.7:+0.0398
656,4,host glycan,host glycan,0.948559670781893,CE9,CE9,CE9,CE9:+0.6059
663,4,host glycan,host glycan,1.0,FecR,FecR;8.A.46.2.2;GerE,FecR;8.A.46.2.2;GerE;1.B.14.6.13;GH18,FecR:+0.1295;8.A.46.2.2:+0.0741;GerE:+0.0741;1.B.14.6.13:+0.0558;GH18:+0.0507
664,4,host glycan,host glycan,1.0,FecR,FecR;GH18;GerE,FecR;GH18;GerE;1.B.14.6.13;8.A.46.2.1,FecR:+0.1263;GH18:+0.0877;GerE:+0.0800;1.B.14.6.13:+0.0606;8.A.46.2.1:+0.0359
672,4,host glycan,host glycan,1.0,4.A.3.1.3,4.A.3.1.3;GH1;4.A.3.1.1,4.A.3.1.3;GH1;4.A.3.1.1,4.A.3.1.3:+0.3555;GH1:+0.2715;4.A.3.1.1:+0.1718
674,4,host glycan,host glycan,1.0,4.A.3.1.3,4.A.3.1.3;GH1,4.A.3.1.3;GH1,4.A.3.1.3:+0.4081;GH1:+0.2244
676,4,host glycan,host glycan,1.0,GH88,GH88;GH2;HTH,GH88;GH2;HTH;AraC;GH20,GH88:+0.1391;GH2:+0.0883;HTH:+0.0868;AraC:+0.0846;GH20:+0.0735
679,4,host glycan,host glycan,0.8593155893536122,8.A.46.2.2,8.A.46.2.2;1.B.14.6.13;null,8.A.46.2.2;1.B.14.6.13;null,8.A.46.2.2:+0.2466;1.B.14.6.13:+0.0760;null:+0.0555
681,4,host glycan,beta-glucan,1.0,GH1,GH1;null,GH1;null,GH1:+0.7378;null:+0.3054
687,4,host glycan,host glycan,0.5358166189111747,GH20,GH20,GH20,GH20:+0.2917
697,4,host glycan,host glycan,1.0,CE9,CE9;GH2;GH20,CE9;GH2;GH20;GH92,CE9:+0.1368;GH2:+0.1218;GH20:+0.0649;GH92:+0.0320
704,4,host glycan,host glycan,0.8951456310679612,GH2,GH2;1.C.39.4.5;CBM32,GH2;1.C.39.4.5;CBM32;GH20;2.A.115.1.2,GH2:+0.1083;1.C.39.4.5:+0.0835;CBM32:+0.0815;GH20:+0.0704;2.A.115.1.2:+0.0700
707,4,host glycan,pectin,0.7305571159905234,Mga,Mga;1.B.14.6.1;GH30,Mga;1.B.14.6.1;GH30;4;null,Mga:+0.2317;1.B.14.6.1:+0.2086;GH30:+0.1993;4:+0.1614;null:+0.1138
710,4,host glycan,host glycan,0.9980741045797551,GH35,GH35;19;GH43,GH35;19;GH43;CBM91;9,GH35:+0.2419;19:+0.1744;GH43:+0.1631;CBM91:+0.0782;9:+0.0569
711,4,host glycan,host glycan,0.996155613046737,GH35,GH35;19;GH51,GH35;19;GH51;2;GH43,GH35:+0.3965;19:+0.2692;GH51:+0.2364;2:+0.2304;GH43:+0.2028
713,4,host glycan,host glycan,0.9968679601625775,CBM91,CBM91;1.B.14.6.1;CBM32,CBM91;1.B.14.6.1;CBM32;GH29;HTH,CBM91:+0.1883;1.B.14.6.1:+0.1805;CBM32:+0.1273;GH29:+0.1162;HTH:+0.1082
718,4,host glycan,host glycan,1.0,8.A.46.2.2,8.A.46.2.2;FecR;GH18,8.A.46.2.2;FecR;GH18;1.B.14.6.13;null,8.A.46.2.2:+0.1041;FecR:+0.0855;GH18:+0.0532;1.B.14.6.13:+0.0206;null:+0.0142
723,4,host glycan,host glycan,0.5614406779661016,GH163,GH163;GH92;GH130,GH163;GH92;GH130;8.A.46;1.B.14,GH163:+0.2668;GH92:+0.0693;GH130:+0.0689;8.A.46:+0.0414;1.B.14:+0.0169
724,4,host glycan,host glycan,0.7559055118110236,FecR,FecR;GH163;GH130,FecR;GH163;GH130;null;GH20,FecR:+0.1142;GH163:+0.0962;GH130:+0.0633;null:+0.0424;GH20:+0.0402
736,4,host glycan,host glycan,1.0,CBM32,CBM32;GH109;GH2,CBM32;GH109;GH2;2.A.115.1.1;1.B.14.6.1,CBM32:+0.0998;GH109:+0.0656;GH2:+0.0626;2.A.115.1.1:+0.0502;1.B.14.6.1:+0.0375
750,4,host glycan,host glycan,0.9390756302521008,DeoR,DeoR;13;1.B.35.2.2,DeoR;13;1.B.35.2.2;PfkB;GH31,DeoR:+0.2601;13:+0.1352;1.B.35.2.2:+0.1349;PfkB:+0.1294;GH31:+0.0767
755,4,host glycan,host glycan,1.0,CE9,CE9;MarR,CE9;MarR,CE9:+0.4987;MarR:+0.0398
763,4,host glycan,host glycan,1.0,GH20,GH20;GH33;CBM93,GH20;GH33;CBM93;GH2;CE20,GH20:+0.0875;GH33:+0.0744;CBM93:+0.0472;GH2:+0.0458;CE20:+0.0240
765,4,host glycan,host glycan,0.9529652351738241,8.A.46.1.3,8.A.46.1.3;PL8;2,8.A.46.1.3;PL8;2;HTH;AraC,8.A.46.1.3:+0.1109;PL8:+0.0893;2:+0.0845;HTH:+0.0826;AraC:+0.0487
767,4,host glycan,host glycan,0.9301848049281315,GH88,GH88;PL12;1,GH88;PL12;1;4.A.6.1.14;null,GH88:+0.2463;PL12:+0.1157;1:+0.0387;4.A.6.1.14:+0.0219;null:+0.0156
772,4,host glycan,host glycan,0.47601476014760147,CBM32,CBM32;null,CBM32;null,CBM32:+0.3245;null:+0.0227
778,4,host glycan,host glycan,0.9961856265321383,GerE,GerE;GH38;GH92,GerE;GH38;GH92;CBM67;null,GerE:+0.1215;GH38:+0.1134;GH92:+0.1131;CBM67:+0.1113;null:+0.1034
782,4,host glycan,host glycan,0.8737060041407867,GH18,GH18;1.B.14.6.13;8.A.46.2.1,GH18;1.B.14.6.13;8.A.46.2.1;null;GerE,GH18:+0.1405;1.B.14.6.13:+0.1150;8.A.46.2.1:+0.0635;null:+0.0298;GerE:+0.0131
784,4,host glycan,host glycan,1.0,FecR,FecR;GH18;8.A.46.2.2,FecR;GH18;8.A.46.2.2;1.B.14.6.13;null,FecR:+0.0772;GH18:+0.0450;8.A.46.2.2:+0.0349;1.B.14.6.13:+0.0163;null:+0.0121
785,4,host glycan,host glycan,0.8336448598130841,8.A.46.2.2,8.A.46.2.2;1.B.14.6.13;null,8.A.46.2.2;1.B.14.6.13;null;GH18,8.A.46.2.2:+0.2445;1.B.14.6.13:+0.0846;null:+0.0299;GH18:+0.0288
799,4,host glycan,host glycan,0.9920634920634921,GH18,GH18;GH163;8.A.46.2.1,GH18;GH163;8.A.46.2.1;1.B.14.6.13;GH92,GH18:+0.1265;GH163:+0.0878;8.A.46.2.1:+0.0777;1.B.14.6.13:+0.0717;GH92:+0.0537
805,4,host glycan,host glycan,1.0,FecR,FecR;GH18;8.A.46.2.2,FecR;GH18;8.A.46.2.2;1.B.14.6.13;null,FecR:+0.0832;GH18:+0.0487;8.A.46.2.2:+0.0407;1.B.14.6.13:+0.0202;null:+0.0121
814,4,host glycan,beta-glucan,0.2894736842105263,Peptidase,Peptidase;M23;ATPase,Peptidase;M23;ATPase;HTH;AraC,Peptidase:+0.1090;M23:+0.1083;ATPase:+0.0114;HTH:+0.0088;AraC:+0.0076
815,4,host glycan,host glycan,0.9301848049281315,GH88,GH88;PL12;1,GH88;PL12;1;4.A.6.1.14;null,GH88:+0.2463;PL12:+0.1157;1:+0.0387;4.A.6.1.14:+0.0219;null:+0.0156
817,4,host glycan,host glycan,0.9736842105263158,GH88,GH88;PfkB;PL12,GH88;PfkB;PL12;null;4.A.6.1.14,GH88:+0.2446;PfkB:+0.0651;PL12:+0.0605;null:+0.0520;4.A.6.1.14:+0.0274
829,4,host glycan,host glycan,0.942800788954635,GH88,GH88;PL12;PfkB,GH88;PL12;PfkB;null;PL8,GH88:+0.2887;PL12:+0.0834;PfkB:+0.0749;null:+0.0545;PL8:+0.0506
835,4,pectin,pectin,1.0,1.B.14.6.1,1.B.14.6.1;GH3,1.B.14.6.1;GH3,1.B.14.6.1:+0.3870;GH3:+0.2970
837,4,pectin,pectin,0.6672828096118298,GH133,GH133;GH57;GT4,GH133;GH57;GT4;GH3;null,GH133:+0.1663;GH57:+0.1260;GT4:+0.1204;GH3:+0.0864;null:+0.0006
843,4,pectin,pectin,0.6706081081081082,CE20,CE20;1.B.14.6.2;null,CE20;1.B.14.6.2;null,CE20:+0.3739;1.B.14.6.2:+0.1378;null:+0.1331
846,4,pectin,pectin,0.8410714285714286,GH140,GH140;5;GH5,GH140;5;GH5;2.A.2.3.6;2,GH140:+0.2060;5:+0.1564;GH5:+0.1304;2.A.2.3.6:+0.1188;2:+0.1001
849,4,pectin,pectin,0.9535353535353535,GH105,GH105;null;CE12,GH105;null;CE12;GH28;LacI,GH105:+0.1154;null:+0.0766;CE12:+0.0760;GH28:+0.0718;LacI:+0.0596
858,4,pectin,pectin,0.8515037593984962,GH105,GH105;CE12;CE8,GH105;CE12;CE8;GH28;PL1,GH105:+0.1110;CE12:+0.0800;CE8:+0.0707;GH28:+0.0622;PL1:+0.0537
866,4,pectin,pectin,0.6855983772819473,GH144,GH144;8.A.46.1.3;GH3,GH144;8.A.46.1.3;GH3,GH144:+0.2847;8.A.46.1.3:+0.1291;GH3:+0.1071
867,4,pectin,pectin,1.0,1.B.14.6.1,1.B.14.6.1;GH3;GH144,1.B.14.6.1;GH3;GH144,1.B.14.6.1:+0.3144;GH3:+0.2908;GH144:+0.1216
869,4,pectin,pectin,0.5669014084507041,GH147,GH147;GH133;GH53,GH147;GH133;GH53;null;10,GH147:+0.2355;GH133:+0.1169;GH53:+0.1102;null:+0.0414;10:+0.0386
870,4,pectin,pectin,0.667687595712098,CE12,CE12;1.B.14.6.2;GH105,CE12;1.B.14.6.2;GH105;8.A.46.1.4;PL11,CE12:+0.0646;1.B.14.6.2:+0.0616;GH105:+0.0578;8.A.46.1.4:+0.0550;PL11:+0.0458
880,4,pectin,pectin,0.8867562380038387,NUDIX,NUDIX;GH146;GH51,NUDIX;GH146;GH51;2.A.21.3.19;4,NUDIX:+0.2394;GH146:+0.2093;GH51:+0.1783;2.A.21.3.19:+0.1160;4:+0.1116
887,4,pectin,host glycan,0.5786924939467312,FecR,FecR;GerE;null,FecR;GerE;null,FecR:+0.1463;GerE:+0.0122;null:+0.0090
893,4,pectin,pectin,1.0,GH105,GH105;CE12;GH28,GH105;CE12;GH28;CE8;2,GH105:+0.1314;CE12:+0.1086;GH28:+0.0883;CE8:+0.0724;2:+0.0699
896,4,pectin,pectin,0.6158415841584158,PL9,PL9;PL22;MarR,PL9;PL22;MarR;1;1.B.35,PL9:+0.1900;PL22:+0.1260;MarR:+0.0584;1:+0.0431;1.B.35:+0.0394
904,4,pectin,pectin,0.8070390338796166,PL1,PL1;2,PL1;2,PL1:+0.3590;2:+0.1203
906,4,pectin,pectin,1.0,1.B.14.6.1,1.B.14.6.1;CE12;1.B.14.6.2,1.B.14.6.1;CE12;1.B.14.6.2;8.A.46.1.4;GH105,1.B.14.6.1:+0.0914;CE12:+0.0779;1.B.14.6.2:+0.0728;8.A.46.1.4:+0.0713;GH105:+0.0695
909,4,pectin,pectin,0.6130434782608696,GH144,GH144;GH3;null,GH144;GH3;null,GH144:+0.2833;GH3:+0.1021;null:+0.0566
921,4,pectin,pectin,0.9431818181818181,18,18;GH33;GH140,18;GH33;GH140;GH106;GH95,18:+0.0941;GH33:+0.0818;GH140:+0.0790;GH106:+0.0743;GH95:+0.0673
922,4,pectin,pectin,0.8565737051792829,GH105,GH105;GH28;null,GH105;GH28;null;PL1;2.A.56,GH105:+0.1014;GH28:+0.0779;null:+0.0709;PL1:+0.0404;2.A.56:+0.0386
923,4,pectin,pectin,0.943359375,LacI,LacI;GH28;CE12,LacI;GH28;CE12;GH105;CE8,LacI:+0.0844;GH28:+0.0789;CE12:+0.0638;GH105:+0.0627;CE8:+0.0470
933,4,xylan,xylan,0.998578494143631,7,7;17;GH43,7;17;GH43;CE1;2,7:+0.2545;17:+0.1866;GH43:+0.1795;CE1:+0.1060;2:+0.0722
935,4,xylan,xylan,0.8533764782232477,12,12;10;GH43,12;10;GH43;GH115;1.B.14,12:+0.1537;10:+0.1218;GH43:+0.1116;GH115:+0.1090;1.B.14:+0.0944
936,4,xylan,xylan,0.6940224737234966,GH10,GH10;GH43;1.B.14,GH10;GH43;1.B.14;2.A.2;null,GH10:+0.2190;GH43:+0.0795;1.B.14:+0.0333;2.A.2:+0.0281;null:+0.0247
945,4,xylan,xylan,0.998578494143631,7,7;17;GH43,7;17;GH43;CE1;GH3,7:+0.2126;17:+0.1606;GH43:+0.1460;CE1:+0.0910;GH3:+0.0391
952,4,xylan,xylan,1.0,GH10,GH10;GH95;AraC,GH10;GH95;AraC;GH3;HTH,GH10:+0.2510;GH95:+0.1803;AraC:+0.1718;GH3:+0.1566;HTH:+0.1398
954,4,xylan,xylan,0.5729837762662847,GH10,GH10;GH43;2.A.1,GH10;GH43;2.A.1;null;2.A.2,GH10:+0.1919;GH43:+0.1143;2.A.1:+0.0727;null:+0.0374;2.A.2:+0.0370
955,4,xylan,xylan,0.581769436997319,GH10,GH10;GH43;1,GH10;GH43;1,GH10:+0.3938;GH43:+0.0633;1:+0.0262
960,4,xylan,xylan,0.6266666666666667,26,26;13;GH127,26;13;GH127;GH5;GH2,26:+0.1923;13:+0.1654;GH127:+0.1179;GH5:+0.1014;GH2:+0.0787
962,4,xylan,xylan,0.6113750576733629,GH128,GH128;19;GH51,GH128;19;GH51;GH43;null,GH128:+0.3536;19:+0.1160;GH51:+0.1087;GH43:+0.0889;null:+0.0801
971,4,xylan,xylan,0.8161764705882353,GH43,GH43;GH67;GH10,GH43;GH67;GH10;GH115;GH97,GH43:+0.0482;GH67:+0.0474;GH10:+0.0471;GH115:+0.0449;GH97:+0.0421
972,4,xylan,xylan,0.3838862559241706,GH35,GH35;null,GH35;null,GH35:+0.3606;null:+0.0947
975,4,xylan,xylan,0.7280858676207513,GH97,GH97;12;10,GH97;12;10;GH115;GH43,GH97:+0.0934;12:+0.0877;10:+0.0706;GH115:+0.0685;GH43:+0.0535
980,4,xylan,xylan,0.8161764705882353,GH43,GH43;GH67;GH10,GH43;GH67;GH10;GH115;GH97,GH43:+0.0482;GH67:+0.0474;GH10:+0.0471;GH115:+0.0449;GH97:+0.0421
985,4,xylan,xylan,0.581769436997319,GH10,GH10;GH43;1,GH10;GH43;1,GH10:+0.3938;GH43:+0.0633;1:+0.0262
990,4,xylan,xylan,0.8322291612059243,GH10,GH10;GH67;GH43,GH10;GH67;GH43;1;null,GH10:+0.1582;GH67:+0.1326;GH43:+0.0918;1:+0.0839;null:+0.0552
998,4,xylan,xylan,1.0,GH10,GH10;GH67;HTH,GH10;GH67;HTH;2.A.2.3.2;CE20,GH10:+0.1677;GH67:+0.1462;HTH:+0.0946;2.A.2.3.2:+0.0906;CE20:+0.0888
1022,4,xylan,xylan,0.671559633027523,GH67,GH67;2.A.2.3.6;GerE,GH67;2.A.2.3.6;GerE;1.B.14.6.1;null,GH67:+0.3666;2.A.2.3.6:+0.1409;GerE:+0.1281;1.B.14.6.1:+0.1001;null:+0.0518
1023,4,xylan,xylan,0.35079902920589506,GH3,GH3;1;PL11,GH3;1;PL11;GH43;7,GH3:+0.1027;1:+0.0965;PL11:+0.0959;GH43:+0.0914;7:+0.0825
1028,4,xylan,xylan,0.815028901734104,GH67,GH67;GH10;HTH,GH67;GH10;HTH;PfkB;AraC,GH67:+0.1339;GH10:+0.1101;HTH:+0.0823;PfkB:+0.0752;AraC:+0.0608
1029,4,xylan,xylan,0.37852112676056343,GH10,GH10;Fer4;null,GH10;Fer4;null;1,GH10:+0.2773;Fer4:+0.0311;null:+0.0093;1:+0.0033
