config,shorthand,family,role,featurizer,classifier,description,repeat_seed,fold,acc,classwise,precision_macro,recall_macro,f1_macro,best_substrate,worst_substrate,wall_sec
ours_CountVec_OvR_ET,cpu__ET500_log2,ours_shallow,shallow,"CountVec_cpu (split ',' '|' '_'; sparse counts)",OvR(ExtraTrees n=500 log2 balanced bootstrap=False),Our tuned CountVec × ExtraTrees winner.,42,0,0.8980582524271845,,0.870682519640853,0.8547122212582737,0.8611639484870617,alginate=1.00,fructan=0.60,5.321402311325073
ours_CountVec_OvR_ET,cpu__ET500_log2,ours_shallow,shallow,"CountVec_cpu (split ',' '|' '_'; sparse counts)",OvR(ExtraTrees n=500 log2 balanced bootstrap=False),Our tuned CountVec × ExtraTrees winner.,42,1,0.9029126213592233,,0.8780923163579814,0.8772662023648866,0.8756402625152625,alginate=1.00,beta-mannan=0.65,5.25703501701355
ours_CountVec_OvR_ET,cpu__ET500_log2,ours_shallow,shallow,"CountVec_cpu (split ',' '|' '_'; sparse counts)",OvR(ExtraTrees n=500 log2 balanced bootstrap=False),Our tuned CountVec × ExtraTrees winner.,42,2,0.8737864077669902,,0.8650620675620676,0.8477329541803228,0.8547900433266288,alginate=1.00,fructan=0.57,5.18527626991272
ours_CountVec_OvR_ET,cpu__ET500_log2,ours_shallow,shallow,"CountVec_cpu (split ',' '|' '_'; sparse counts)",OvR(ExtraTrees n=500 log2 balanced bootstrap=False),Our tuned CountVec × ExtraTrees winner.,42,3,0.9223300970873787,,0.9402100840336135,0.8902281746031746,0.9083518915608074,alginate=1.00,beta-mannan=0.80,5.2920472621917725
ours_CountVec_OvR_ET,cpu__ET500_log2,ours_shallow,shallow,"CountVec_cpu (split ',' '|' '_'; sparse counts)",OvR(ExtraTrees n=500 log2 balanced bootstrap=False),Our tuned CountVec × ExtraTrees winner.,42,4,0.9320388349514563,,0.9559139716492657,0.9123313492063492,0.9310909382492797,alginate=1.00,host glycan=0.88,5.2426958084106445
ours_CountVec_OvR_ET,cpu__ET500_log2,ours_shallow,shallow,"CountVec_cpu (split ',' '|' '_'; sparse counts)",OvR(ExtraTrees n=500 log2 balanced bootstrap=False),Our tuned CountVec × ExtraTrees winner.,43,0,0.9466019417475728,,0.9555112643347937,0.9427423928410771,0.947294019001336,alginate=1.00,fructan=0.86,5.266424179077148
ours_CountVec_OvR_ET,cpu__ET500_log2,ours_shallow,shallow,"CountVec_cpu (split ',' '|' '_'; sparse counts)",OvR(ExtraTrees n=500 log2 balanced bootstrap=False),Our tuned CountVec × ExtraTrees winner.,43,1,0.883495145631068,,0.8833888179244217,0.8572214590964592,0.8666157476074998,alginate=1.00,galactan=0.71,5.133595943450928
ours_CountVec_OvR_ET,cpu__ET500_log2,ours_shallow,shallow,"CountVec_cpu (split ',' '|' '_'; sparse counts)",OvR(ExtraTrees n=500 log2 balanced bootstrap=False),Our tuned CountVec × ExtraTrees winner.,43,2,0.9077669902912622,,0.9201560222555646,0.8892820994794679,0.9013994683936359,alginate=1.00,beta-mannan=0.72,5.187711954116821
ours_CountVec_OvR_ET,cpu__ET500_log2,ours_shallow,shallow,"CountVec_cpu (split ',' '|' '_'; sparse counts)",OvR(ExtraTrees n=500 log2 balanced bootstrap=False),Our tuned CountVec × ExtraTrees winner.,43,3,0.9223300970873787,,0.9303568413011137,0.8870535714285714,0.9007934944954915,alginate=1.00,beta-mannan=0.76,5.375938892364502
ours_CountVec_OvR_ET,cpu__ET500_log2,ours_shallow,shallow,"CountVec_cpu (split ',' '|' '_'; sparse counts)",OvR(ExtraTrees n=500 log2 balanced bootstrap=False),Our tuned CountVec × ExtraTrees winner.,43,4,0.9271844660194175,,0.9155423280423279,0.9006539987789988,0.904991806156295,alginate=1.00,fructan=0.71,5.260415077209473
ours_CountVec_OvR_ET,cpu__ET500_log2,ours_shallow,shallow,"CountVec_cpu (split ',' '|' '_'; sparse counts)",OvR(ExtraTrees n=500 log2 balanced bootstrap=False),Our tuned CountVec × ExtraTrees winner.,44,0,0.883495145631068,,0.9011635781372624,0.8748572151532678,0.8849426560103736,alginate=1.00,beta-glucan=0.71,5.278759002685547
ours_CountVec_OvR_ET,cpu__ET500_log2,ours_shallow,shallow,"CountVec_cpu (split ',' '|' '_'; sparse counts)",OvR(ExtraTrees n=500 log2 balanced bootstrap=False),Our tuned CountVec × ExtraTrees winner.,44,1,0.9223300970873787,,0.9217063492063492,0.9070917277167276,0.9116168341784107,alginate=1.00,beta-mannan=0.75,5.3154449462890625
ours_CountVec_OvR_ET,cpu__ET500_log2,ours_shallow,shallow,"CountVec_cpu (split ',' '|' '_'; sparse counts)",OvR(ExtraTrees n=500 log2 balanced bootstrap=False),Our tuned CountVec × ExtraTrees winner.,44,2,0.8932038834951457,,0.9257326007326009,0.8435688580425422,0.8705690103155431,alginate=1.00,beta-glucan=0.79,5.225739002227783
ours_CountVec_OvR_ET,cpu__ET500_log2,ours_shallow,shallow,"CountVec_cpu (split ',' '|' '_'; sparse counts)",OvR(ExtraTrees n=500 log2 balanced bootstrap=False),Our tuned CountVec × ExtraTrees winner.,44,3,0.9029126213592233,,0.9012702003878474,0.8864964896214897,0.8923711663686601,alginate=1.00,fructan=0.71,5.259769678115845
ours_CountVec_OvR_ET,cpu__ET500_log2,ours_shallow,shallow,"CountVec_cpu (split ',' '|' '_'; sparse counts)",OvR(ExtraTrees n=500 log2 balanced bootstrap=False),Our tuned CountVec × ExtraTrees winner.,44,4,0.8932038834951457,,0.8973565786065786,0.8373504273504273,0.8530655994508561,alginate=1.00,galactan=0.65,5.259609937667847
ours_CountVec_OvR_ET,cpu__ET500_log2,ours_shallow,shallow,"CountVec_cpu (split ',' '|' '_'; sparse counts)",OvR(ExtraTrees n=500 log2 balanced bootstrap=False),Our tuned CountVec × ExtraTrees winner.,45,0,0.9029126213592233,,0.9070035423235696,0.8847119401066769,0.8915049078566258,alginate=1.00,beta-mannan=0.73,5.240678787231445
ours_CountVec_OvR_ET,cpu__ET500_log2,ours_shallow,shallow,"CountVec_cpu (split ',' '|' '_'; sparse counts)",OvR(ExtraTrees n=500 log2 balanced bootstrap=False),Our tuned CountVec × ExtraTrees winner.,45,1,0.8980582524271845,,0.9168208643208643,0.88751221001221,0.8963224755310931,alginate=1.00,arabinogalactan=0.78,5.239209175109863
ours_CountVec_OvR_ET,cpu__ET500_log2,ours_shallow,shallow,"CountVec_cpu (split ',' '|' '_'; sparse counts)",OvR(ExtraTrees n=500 log2 balanced bootstrap=False),Our tuned CountVec × ExtraTrees winner.,45,2,0.912621359223301,,0.9143190374440374,0.8912067026540713,0.8998397023397023,alginate=1.00,galactan=0.71,5.303024053573608
ours_CountVec_OvR_ET,cpu__ET500_log2,ours_shallow,shallow,"CountVec_cpu (split ',' '|' '_'; sparse counts)",OvR(ExtraTrees n=500 log2 balanced bootstrap=False),Our tuned CountVec × ExtraTrees winner.,45,3,0.9271844660194175,,0.9213481620718462,0.9064178876678876,0.9116395075722141,alginate=1.00,fructan=0.80,5.311952829360962
ours_CountVec_OvR_ET,cpu__ET500_log2,ours_shallow,shallow,"CountVec_cpu (split ',' '|' '_'; sparse counts)",OvR(ExtraTrees n=500 log2 balanced bootstrap=False),Our tuned CountVec × ExtraTrees winner.,45,4,0.8932038834951457,,0.8979967847353997,0.8447115384615387,0.8553581132841784,alginate=1.00,fructan=0.62,5.267168045043945
ours_CountVec_OvR_ET,cpu__ET500_log2,ours_shallow,shallow,"CountVec_cpu (split ',' '|' '_'; sparse counts)",OvR(ExtraTrees n=500 log2 balanced bootstrap=False),Our tuned CountVec × ExtraTrees winner.,46,0,0.8980582524271845,,0.9078887045868177,0.8722714639162006,0.8868460710842134,alginate=1.00,fructan=0.60,5.289915084838867
ours_CountVec_OvR_ET,cpu__ET500_log2,ours_shallow,shallow,"CountVec_cpu (split ',' '|' '_'; sparse counts)",OvR(ExtraTrees n=500 log2 balanced bootstrap=False),Our tuned CountVec × ExtraTrees winner.,46,1,0.8932038834951457,,0.8925338897453284,0.8635607448107447,0.8723555488306146,alginate=1.00,beta-mannan=0.67,5.222654819488525
ours_CountVec_OvR_ET,cpu__ET500_log2,ours_shallow,shallow,"CountVec_cpu (split ',' '|' '_'; sparse counts)",OvR(ExtraTrees n=500 log2 balanced bootstrap=False),Our tuned CountVec × ExtraTrees winner.,46,2,0.9029126213592233,,0.9016857171290668,0.8826827887025255,0.8895902014816915,alginate=1.00,arabinogalactan=0.67,5.235582113265991
ours_CountVec_OvR_ET,cpu__ET500_log2,ours_shallow,shallow,"CountVec_cpu (split ',' '|' '_'; sparse counts)",OvR(ExtraTrees n=500 log2 balanced bootstrap=False),Our tuned CountVec × ExtraTrees winner.,46,3,0.9029126213592233,,0.8969627594627595,0.8964667277167276,0.8934447371113676,alginate=1.00,fructan=0.67,5.234971761703491
ours_CountVec_OvR_ET,cpu__ET500_log2,ours_shallow,shallow,"CountVec_cpu (split ',' '|' '_'; sparse counts)",OvR(ExtraTrees n=500 log2 balanced bootstrap=False),Our tuned CountVec × ExtraTrees winner.,46,4,0.9223300970873787,,0.9242291042291041,0.911438492063492,0.9148864623675891,alginate=1.00,galactan=0.69,5.322852849960327
paper_CountVec_BRF,cv__BRF100,paper_shallow,shallow,CountVec_comma_pipe (sparse counts),OvR(BalancedRF n=100 balanced),Paper baseline.,42,0,0.8349514563106796,,0.8215412807804112,0.7972091687552213,0.8006709149335763,alginate=1.00,fructan=0.50,1.4813218116760254
paper_CountVec_BRF,cv__BRF100,paper_shallow,shallow,CountVec_comma_pipe (sparse counts),OvR(BalancedRF n=100 balanced),Paper baseline.,42,1,0.8398058252427184,,0.8073586922691782,0.8144848097808625,0.8068181436036558,alginate=1.00,fructan=0.50,1.4627580642700195
paper_CountVec_BRF,cv__BRF100,paper_shallow,shallow,CountVec_comma_pipe (sparse counts),OvR(BalancedRF n=100 balanced),Paper baseline.,42,2,0.8398058252427184,,0.8325459813555053,0.8255905790116316,0.8254382787315061,alginate=1.00,galactan=0.44,1.459367275238037
paper_CountVec_BRF,cv__BRF100,paper_shallow,shallow,CountVec_comma_pipe (sparse counts),OvR(BalancedRF n=100 balanced),Paper baseline.,42,3,0.883495145631068,,0.8875219810146282,0.8871413308913311,0.8820962794061802,alginate=1.00,beta-mannan=0.65,1.439540147781372
paper_CountVec_BRF,cv__BRF100,paper_shallow,shallow,CountVec_comma_pipe (sparse counts),OvR(BalancedRF n=100 balanced),Paper baseline.,42,4,0.8398058252427184,,0.8536415489017856,0.8309383903133902,0.834619551999877,alginate=1.00,galactan=0.68,1.4490649700164795
paper_CountVec_BRF,cv__BRF100,paper_shallow,shallow,CountVec_comma_pipe (sparse counts),OvR(BalancedRF n=100 balanced),Paper baseline.,43,0,0.8689320388349514,,0.8600883606123161,0.8648114276074802,0.8603258018066096,alginate=1.00,galactan=0.75,1.454016923904419
paper_CountVec_BRF,cv__BRF100,paper_shallow,shallow,CountVec_comma_pipe (sparse counts),OvR(BalancedRF n=100 balanced),Paper baseline.,43,1,0.7912621359223301,,0.790709297456294,0.7744677398624766,0.7740583004641626,alginate=1.00,galactan=0.42,1.452930212020874
paper_CountVec_BRF,cv__BRF100,paper_shallow,shallow,CountVec_comma_pipe (sparse counts),OvR(BalancedRF n=100 balanced),Paper baseline.,43,2,0.8640776699029126,,0.8640450185922323,0.8619517945504788,0.8565593451113704,alginate=1.00,galactan=0.59,1.4473042488098145
paper_CountVec_BRF,cv__BRF100,paper_shallow,shallow,CountVec_comma_pipe (sparse counts),OvR(BalancedRF n=100 balanced),Paper baseline.,43,3,0.9029126213592233,,0.9033479794230076,0.9019230769230769,0.9006012157824594,alginate=1.00,beta-mannan=0.72,1.458827018737793
paper_CountVec_BRF,cv__BRF100,paper_shallow,shallow,CountVec_comma_pipe (sparse counts),OvR(BalancedRF n=100 balanced),Paper baseline.,43,4,0.8349514563106796,,0.7818404588374728,0.7975498575498574,0.781642613931634,alginate=1.00,arabinogalactan=0.25,1.4688351154327393
paper_CountVec_BRF,cv__BRF100,paper_shallow,shallow,CountVec_comma_pipe (sparse counts),OvR(BalancedRF n=100 balanced),Paper baseline.,44,0,0.8203883495145631,,0.8248103235349743,0.8113307306728359,0.8122185265260335,alginate=1.00,galactan=0.65,1.468322992324829
paper_CountVec_BRF,cv__BRF100,paper_shallow,shallow,CountVec_comma_pipe (sparse counts),OvR(BalancedRF n=100 balanced),Paper baseline.,44,1,0.8495145631067961,,0.8525860193118455,0.8433568295739349,0.8400291338778181,alginate=1.00,arabinogalactan=0.50,1.4501428604125977
paper_CountVec_BRF,cv__BRF100,paper_shallow,shallow,CountVec_comma_pipe (sparse counts),OvR(BalancedRF n=100 balanced),Paper baseline.,44,2,0.8252427184466019,,0.8442138249087008,0.826770090289827,0.8171995391122787,alginate=1.00,galactan=0.52,1.4669640064239502
paper_CountVec_BRF,cv__BRF100,paper_shallow,shallow,CountVec_comma_pipe (sparse counts),OvR(BalancedRF n=100 balanced),Paper baseline.,44,3,0.8349514563106796,,0.8085166832651353,0.8247074684574685,0.8120338143152236,alpha-mannan=1.00,galactan=0.53,1.4645671844482422
paper_CountVec_BRF,cv__BRF100,paper_shallow,shallow,CountVec_comma_pipe (sparse counts),OvR(BalancedRF n=100 balanced),Paper baseline.,44,4,0.7961165048543689,,0.7324325197915424,0.7378004171754173,0.7269796554542319,beta-glucan=0.95,alpha-mannan=0.40,1.4705190658569336
paper_CountVec_BRF,cv__BRF100,paper_shallow,shallow,CountVec_comma_pipe (sparse counts),OvR(BalancedRF n=100 balanced),Paper baseline.,45,0,0.8300970873786407,,0.8138110595408733,0.7929398817556713,0.7977081657940709,alginate=1.00,arabinogalactan=0.50,1.4544780254364014
paper_CountVec_BRF,cv__BRF100,paper_shallow,shallow,CountVec_comma_pipe (sparse counts),OvR(BalancedRF n=100 balanced),Paper baseline.,45,1,0.8592233009708737,,0.845072344121257,0.8393652801876487,0.8383322838229025,alpha-mannan=1.00,arabinogalactan=0.67,1.4635043144226074
paper_CountVec_BRF,cv__BRF100,paper_shallow,shallow,CountVec_comma_pipe (sparse counts),OvR(BalancedRF n=100 balanced),Paper baseline.,45,2,0.8349514563106796,,0.8242573385971964,0.8460741195938564,0.8217915522979521,alginate=1.00,galactan=0.44,1.4607601165771484
paper_CountVec_BRF,cv__BRF100,paper_shallow,shallow,CountVec_comma_pipe (sparse counts),OvR(BalancedRF n=100 balanced),Paper baseline.,45,3,0.8252427184466019,,0.8027283018701784,0.792710877085877,0.7816740765304173,alginate=1.00,alpha-mannan=0.57,1.4578709602355957
paper_CountVec_BRF,cv__BRF100,paper_shallow,shallow,CountVec_comma_pipe (sparse counts),OvR(BalancedRF n=100 balanced),Paper baseline.,45,4,0.8155339805825242,,0.7990494331658126,0.8033435083435084,0.7910867373367374,alginate=1.00,fructan=0.44,1.4454450607299805
paper_CountVec_BRF,cv__BRF100,paper_shallow,shallow,CountVec_comma_pipe (sparse counts),OvR(BalancedRF n=100 balanced),Paper baseline.,46,0,0.8543689320388349,,0.8523463723096077,0.8254949071396439,0.8314227413665719,alginate=1.00,galactan=0.64,1.4587149620056152
paper_CountVec_BRF,cv__BRF100,paper_shallow,shallow,CountVec_comma_pipe (sparse counts),OvR(BalancedRF n=100 balanced),Paper baseline.,46,1,0.8349514563106796,,0.8075575014086755,0.8435805057515582,0.8132061401857333,alpha-glucan=1.00,arabinogalactan=0.50,1.4536690711975098
paper_CountVec_BRF,cv__BRF100,paper_shallow,shallow,CountVec_comma_pipe (sparse counts),OvR(BalancedRF n=100 balanced),Paper baseline.,46,2,0.8203883495145631,,0.8246336853394877,0.7966991195938563,0.8014273973751641,alginate=1.00,arabinogalactan=0.36,1.4559030532836914
paper_CountVec_BRF,cv__BRF100,paper_shallow,shallow,CountVec_comma_pipe (sparse counts),OvR(BalancedRF n=100 balanced),Paper baseline.,46,3,0.8300970873786407,,0.8219189769925065,0.8351266788766788,0.819361298939098,alginate=1.00,arabinogalactan=0.46,1.4442439079284668
paper_CountVec_BRF,cv__BRF100,paper_shallow,shallow,CountVec_comma_pipe (sparse counts),OvR(BalancedRF n=100 balanced),Paper baseline.,46,4,0.8737864077669902,,0.8643939704689986,0.8610566748066747,0.8527581638443351,alginate=1.00,galactan=0.43,1.4607760906219482
paper_doc2vec_dbow_BRF,d2vDbow__BRF100,paper_shallow,shallow,doc2vec_dbow infer_vector (300d doc vec),OvR(BalancedRF n=100 balanced),Paper doc2vec_dbow + BRF (precomputed infer_vector for all 1030 sup).,42,0,0.7427184466019418,,0.6797131403168555,0.7214854443801811,0.6910648983043458,host glycan=0.92,alpha-mannan=0.33,1.7023332118988037
paper_doc2vec_dbow_BRF,d2vDbow__BRF100,paper_shallow,shallow,doc2vec_dbow infer_vector (300d doc vec),OvR(BalancedRF n=100 balanced),Paper doc2vec_dbow + BRF (precomputed infer_vector for all 1030 sup).,42,1,0.7378640776699029,,0.6686496142746142,0.6919284589679328,0.6680750025221474,host glycan=1.00,arabinogalactan=0.23,1.6698291301727295
paper_doc2vec_dbow_BRF,d2vDbow__BRF100,paper_shallow,shallow,doc2vec_dbow infer_vector (300d doc vec),OvR(BalancedRF n=100 balanced),Paper doc2vec_dbow + BRF (precomputed infer_vector for all 1030 sup).,42,2,0.7864077669902912,,0.7533565301657408,0.8050126116573484,0.7564542664972739,xylan=1.00,arabinogalactan=0.37,1.6588671207427979
paper_doc2vec_dbow_BRF,d2vDbow__BRF100,paper_shallow,shallow,doc2vec_dbow infer_vector (300d doc vec),OvR(BalancedRF n=100 balanced),Paper doc2vec_dbow + BRF (precomputed infer_vector for all 1030 sup).,42,3,0.7621359223300971,,0.7229424158771983,0.7608898046398047,0.7229004316223456,alpha-glucan=0.92,arabinogalactan=0.45,1.6658549308776855
paper_doc2vec_dbow_BRF,d2vDbow__BRF100,paper_shallow,shallow,doc2vec_dbow infer_vector (300d doc vec),OvR(BalancedRF n=100 balanced),Paper doc2vec_dbow + BRF (precomputed infer_vector for all 1030 sup).,42,4,0.7621359223300971,,0.7324882034822698,0.7444899776149776,0.7201757674273072,xylan=0.92,alpha-mannan=0.25,1.6653351783752441
paper_doc2vec_dbow_BRF,d2vDbow__BRF100,paper_shallow,shallow,doc2vec_dbow infer_vector (300d doc vec),OvR(BalancedRF n=100 balanced),Paper doc2vec_dbow + BRF (precomputed infer_vector for all 1030 sup).,43,0,0.8300970873786407,,0.7799536338752026,0.8357032404729773,0.7976296533540554,host glycan=1.00,alpha-mannan=0.50,1.6726882457733154
paper_doc2vec_dbow_BRF,d2vDbow__BRF100,paper_shallow,shallow,doc2vec_dbow infer_vector (300d doc vec),OvR(BalancedRF n=100 balanced),Paper doc2vec_dbow + BRF (precomputed infer_vector for all 1030 sup).,43,1,0.6504854368932039,,0.6207362082362083,0.6315777022684917,0.6033537032426042,xylan=0.92,arabinogalactan=0.20,1.645580768585205
paper_doc2vec_dbow_BRF,d2vDbow__BRF100,paper_shallow,shallow,doc2vec_dbow infer_vector (300d doc vec),OvR(BalancedRF n=100 balanced),Paper doc2vec_dbow + BRF (precomputed infer_vector for all 1030 sup).,43,2,0.7330097087378641,,0.7150317071272955,0.7320232873851295,0.7034417142115807,alginate=1.00,arabinogalactan=0.22,1.6786510944366455
paper_doc2vec_dbow_BRF,d2vDbow__BRF100,paper_shallow,shallow,doc2vec_dbow infer_vector (300d doc vec),OvR(BalancedRF n=100 balanced),Paper doc2vec_dbow + BRF (precomputed infer_vector for all 1030 sup).,43,3,0.7912621359223301,,0.7528293143618221,0.7974804131054132,0.7579357494444073,alginate=1.00,arabinogalactan=0.47,1.668733835220337
paper_doc2vec_dbow_BRF,d2vDbow__BRF100,paper_shallow,shallow,doc2vec_dbow infer_vector (300d doc vec),OvR(BalancedRF n=100 balanced),Paper doc2vec_dbow + BRF (precomputed infer_vector for all 1030 sup).,43,4,0.7427184466019418,,0.6834367021867022,0.7273572954822954,0.6905333995258903,host glycan=0.93,arabinogalactan=0.38,1.6719071865081787
paper_doc2vec_dbow_BRF,d2vDbow__BRF100,paper_shallow,shallow,doc2vec_dbow infer_vector (300d doc vec),OvR(BalancedRF n=100 balanced),Paper doc2vec_dbow + BRF (precomputed infer_vector for all 1030 sup).,44,0,0.7475728155339806,,0.7164974075528386,0.7534188435833173,0.7109911746783851,xylan=0.92,arabinogalactan=0.33,1.6671929359436035
paper_doc2vec_dbow_BRF,d2vDbow__BRF100,paper_shallow,shallow,doc2vec_dbow infer_vector (300d doc vec),OvR(BalancedRF n=100 balanced),Paper doc2vec_dbow + BRF (precomputed infer_vector for all 1030 sup).,44,1,0.7427184466019418,,0.7110292959003598,0.7600153026797765,0.7196244224770187,xylan=0.92,alpha-mannan=0.50,1.6687753200531006
paper_doc2vec_dbow_BRF,d2vDbow__BRF100,paper_shallow,shallow,doc2vec_dbow infer_vector (300d doc vec),OvR(BalancedRF n=100 balanced),Paper doc2vec_dbow + BRF (precomputed infer_vector for all 1030 sup).,44,2,0.7815533980582524,,0.7307548311104046,0.7407681061628429,0.7228373512721177,chitin=1.00,arabinogalactan=0.17,1.6797139644622803
paper_doc2vec_dbow_BRF,d2vDbow__BRF100,paper_shallow,shallow,doc2vec_dbow infer_vector (300d doc vec),OvR(BalancedRF n=100 balanced),Paper doc2vec_dbow + BRF (precomputed infer_vector for all 1030 sup).,44,3,0.7330097087378641,,0.7032935972409656,0.7252136752136752,0.6930143999288516,alginate=1.00,alpha-mannan=0.29,1.6850037574768066
paper_doc2vec_dbow_BRF,d2vDbow__BRF100,paper_shallow,shallow,doc2vec_dbow infer_vector (300d doc vec),OvR(BalancedRF n=100 balanced),Paper doc2vec_dbow + BRF (precomputed infer_vector for all 1030 sup).,44,4,0.7669902912621359,,0.7231004973710923,0.7345250814000814,0.7183375347143462,xylan=1.00,alpha-mannan=0.33,1.6509549617767334
paper_doc2vec_dbow_BRF,d2vDbow__BRF100,paper_shallow,shallow,doc2vec_dbow infer_vector (300d doc vec),OvR(BalancedRF n=100 balanced),Paper doc2vec_dbow + BRF (precomputed infer_vector for all 1030 sup).,45,0,0.7524271844660194,,0.7097235415190273,0.7447405774050511,0.6972626310146665,host glycan=0.95,arabinogalactan=0.29,1.6763150691986084
paper_doc2vec_dbow_BRF,d2vDbow__BRF100,paper_shallow,shallow,doc2vec_dbow infer_vector (300d doc vec),OvR(BalancedRF n=100 balanced),Paper doc2vec_dbow + BRF (precomputed infer_vector for all 1030 sup).,45,1,0.7281553398058253,,0.6817934747730808,0.7160748023905917,0.6836313158749684,host glycan=0.93,alpha-mannan=0.31,1.6734249591827393
paper_doc2vec_dbow_BRF,d2vDbow__BRF100,paper_shallow,shallow,doc2vec_dbow infer_vector (300d doc vec),OvR(BalancedRF n=100 balanced),Paper doc2vec_dbow + BRF (precomputed infer_vector for all 1030 sup).,45,2,0.7621359223300971,,0.7427480346977501,0.7464177270098323,0.7378239586408176,alginate=1.00,arabinogalactan=0.50,1.6563889980316162
paper_doc2vec_dbow_BRF,d2vDbow__BRF100,paper_shallow,shallow,doc2vec_dbow infer_vector (300d doc vec),OvR(BalancedRF n=100 balanced),Paper doc2vec_dbow + BRF (precomputed infer_vector for all 1030 sup).,45,3,0.7475728155339806,,0.7217243390655456,0.7306763838013838,0.7035342373869331,alginate=1.00,alpha-mannan=0.44,1.666654109954834
paper_doc2vec_dbow_BRF,d2vDbow__BRF100,paper_shallow,shallow,doc2vec_dbow infer_vector (300d doc vec),OvR(BalancedRF n=100 balanced),Paper doc2vec_dbow + BRF (precomputed infer_vector for all 1030 sup).,45,4,0.7135922330097088,,0.6593456173982739,0.6846316646316645,0.6578858040762302,host glycan=0.91,arabinogalactan=0.25,1.6750290393829346
paper_doc2vec_dbow_BRF,d2vDbow__BRF100,paper_shallow,shallow,doc2vec_dbow infer_vector (300d doc vec),OvR(BalancedRF n=100 balanced),Paper doc2vec_dbow + BRF (precomputed infer_vector for all 1030 sup).,46,0,0.7233009708737864,,0.6852689473225188,0.6890568167212904,0.6608659697464738,xylan=0.92,arabinogalactan=0.36,1.685628890991211
paper_doc2vec_dbow_BRF,d2vDbow__BRF100,paper_shallow,shallow,doc2vec_dbow infer_vector (300d doc vec),OvR(BalancedRF n=100 balanced),Paper doc2vec_dbow + BRF (precomputed infer_vector for all 1030 sup).,46,1,0.7669902912621359,,0.7137721678482548,0.7417776412184307,0.7168636174165618,beta-glucan=1.00,arabinogalactan=0.30,1.6949808597564697
paper_doc2vec_dbow_BRF,d2vDbow__BRF100,paper_shallow,shallow,doc2vec_dbow infer_vector (300d doc vec),OvR(BalancedRF n=100 balanced),Paper doc2vec_dbow + BRF (precomputed infer_vector for all 1030 sup).,46,2,0.7378640776699029,,0.7328961746152821,0.7437182700340594,0.7268936603722819,alginate=1.00,arabinogalactan=0.33,1.6603209972381592
paper_doc2vec_dbow_BRF,d2vDbow__BRF100,paper_shallow,shallow,doc2vec_dbow infer_vector (300d doc vec),OvR(BalancedRF n=100 balanced),Paper doc2vec_dbow + BRF (precomputed infer_vector for all 1030 sup).,46,3,0.7135922330097088,,0.689674451652006,0.6734864672364672,0.662044145249907,alginate=1.00,alpha-mannan=0.12,1.6902039051055908
paper_doc2vec_dbow_BRF,d2vDbow__BRF100,paper_shallow,shallow,doc2vec_dbow infer_vector (300d doc vec),OvR(BalancedRF n=100 balanced),Paper doc2vec_dbow + BRF (precomputed infer_vector for all 1030 sup).,46,4,0.7718446601941747,,0.7325986842105263,0.7692198310948309,0.7382749378943916,host glycan=0.91,galactan=0.47,1.6770529747009277
paper_doc2vec_dm_BRF,d2vDm__BRF100,paper_shallow,shallow,doc2vec_dm infer_vector (300d doc vec),OvR(BalancedRF n=100 balanced),Paper doc2vec_dm + BRF (precomputed infer_vector for all 1030 sup).,42,0,0.7524271844660194,,0.7276799212293437,0.7270724889145942,0.7193047611445303,alpha-mannan=1.00,arabinogalactan=0.31,1.6456689834594727
paper_doc2vec_dm_BRF,d2vDm__BRF100,paper_shallow,shallow,doc2vec_dm infer_vector (300d doc vec),OvR(BalancedRF n=100 balanced),Paper doc2vec_dm + BRF (precomputed infer_vector for all 1030 sup).,42,1,0.7912621359223301,,0.7618284208429785,0.7980025383972751,0.7658832939126697,alginate=1.00,fructan=0.46,1.6345930099487305
paper_doc2vec_dm_BRF,d2vDm__BRF100,paper_shallow,shallow,doc2vec_dm infer_vector (300d doc vec),OvR(BalancedRF n=100 balanced),Paper doc2vec_dm + BRF (precomputed infer_vector for all 1030 sup).,42,2,0.7524271844660194,,0.7265742223462812,0.7579402432362959,0.7260509466772054,alginate=1.00,arabinogalactan=0.29,1.6283600330352783
paper_doc2vec_dm_BRF,d2vDm__BRF100,paper_shallow,shallow,doc2vec_dm infer_vector (300d doc vec),OvR(BalancedRF n=100 balanced),Paper doc2vec_dm + BRF (precomputed infer_vector for all 1030 sup).,42,3,0.8398058252427184,,0.8180952341917815,0.819829822954823,0.8149293769512642,alpha-mannan=1.00,arabinogalactan=0.50,1.6144068241119385
paper_doc2vec_dm_BRF,d2vDm__BRF100,paper_shallow,shallow,doc2vec_dm infer_vector (300d doc vec),OvR(BalancedRF n=100 balanced),Paper doc2vec_dm + BRF (precomputed infer_vector for all 1030 sup).,42,4,0.7718446601941747,,0.7281340554869967,0.7458218864468864,0.7257196808436653,alginate=0.90,alpha-mannan=0.38,1.6114733219146729
paper_doc2vec_dm_BRF,d2vDm__BRF100,paper_shallow,shallow,doc2vec_dm infer_vector (300d doc vec),OvR(BalancedRF n=100 balanced),Paper doc2vec_dm + BRF (precomputed infer_vector for all 1030 sup).,43,0,0.8349514563106796,,0.8013380990354676,0.8342342233789601,0.8078700082201431,chitin=1.00,alpha-mannan=0.57,1.6380550861358643
paper_doc2vec_dm_BRF,d2vDm__BRF100,paper_shallow,shallow,doc2vec_dm infer_vector (300d doc vec),OvR(BalancedRF n=100 balanced),Paper doc2vec_dm + BRF (precomputed infer_vector for all 1030 sup).,43,1,0.7621359223300971,,0.7274241961741961,0.7476700163871216,0.7284406605835178,host glycan=0.93,arabinogalactan=0.40,1.6056602001190186
paper_doc2vec_dm_BRF,d2vDm__BRF100,paper_shallow,shallow,doc2vec_dm infer_vector (300d doc vec),OvR(BalancedRF n=100 balanced),Paper doc2vec_dm + BRF (precomputed infer_vector for all 1030 sup).,43,2,0.7912621359223301,,0.7434685684685686,0.7820833734978471,0.7482478402010834,alginate=1.00,alpha-mannan=0.38,1.6115131378173828
paper_doc2vec_dm_BRF,d2vDm__BRF100,paper_shallow,shallow,doc2vec_dm infer_vector (300d doc vec),OvR(BalancedRF n=100 balanced),Paper doc2vec_dm + BRF (precomputed infer_vector for all 1030 sup).,43,3,0.7766990291262136,,0.737977585547918,0.7839819902319901,0.7440257811949645,chitin=1.00,fructan=0.43,1.6123192310333252
paper_doc2vec_dm_BRF,d2vDm__BRF100,paper_shallow,shallow,doc2vec_dm infer_vector (300d doc vec),OvR(BalancedRF n=100 balanced),Paper doc2vec_dm + BRF (precomputed infer_vector for all 1030 sup).,43,4,0.8252427184466019,,0.7837846507598031,0.8050282356532357,0.7912858864744389,alginate=1.00,arabinogalactan=0.38,1.621932029724121
paper_doc2vec_dm_BRF,d2vDm__BRF100,paper_shallow,shallow,doc2vec_dm infer_vector (300d doc vec),OvR(BalancedRF n=100 balanced),Paper doc2vec_dm + BRF (precomputed infer_vector for all 1030 sup).,44,0,0.7233009708737864,,0.6947162754612858,0.7393292526187264,0.697204209161079,alginate=1.00,alpha-mannan=0.44,1.623063087463379
paper_doc2vec_dm_BRF,d2vDm__BRF100,paper_shallow,shallow,doc2vec_dm infer_vector (300d doc vec),OvR(BalancedRF n=100 balanced),Paper doc2vec_dm + BRF (precomputed infer_vector for all 1030 sup).,44,1,0.8009708737864077,,0.7480894088151122,0.7948336787481525,0.7621318084860541,host glycan=0.98,arabinogalactan=0.45,1.6090497970581055
paper_doc2vec_dm_BRF,d2vDm__BRF100,paper_shallow,shallow,doc2vec_dm infer_vector (300d doc vec),OvR(BalancedRF n=100 balanced),Paper doc2vec_dm + BRF (precomputed infer_vector for all 1030 sup).,44,2,0.7766990291262136,,0.7761640211640213,0.7272948396632607,0.722628834745203,alginate=1.00,alpha-mannan=0.43,1.6261870861053467
paper_doc2vec_dm_BRF,d2vDm__BRF100,paper_shallow,shallow,doc2vec_dm infer_vector (300d doc vec),OvR(BalancedRF n=100 balanced),Paper doc2vec_dm + BRF (precomputed infer_vector for all 1030 sup).,44,3,0.7961165048543689,,0.7688941986544289,0.7779723748473749,0.7686085354224454,chitin=0.91,fructan=0.60,1.6164631843566895
paper_doc2vec_dm_BRF,d2vDm__BRF100,paper_shallow,shallow,doc2vec_dm infer_vector (300d doc vec),OvR(BalancedRF n=100 balanced),Paper doc2vec_dm + BRF (precomputed infer_vector for all 1030 sup).,44,4,0.7572815533980582,,0.734935523030761,0.7361958180708181,0.7282316790454546,beta-glucan=0.94,galactan=0.50,1.6162388324737549
paper_doc2vec_dm_BRF,d2vDm__BRF100,paper_shallow,shallow,doc2vec_dm infer_vector (300d doc vec),OvR(BalancedRF n=100 balanced),Paper doc2vec_dm + BRF (precomputed infer_vector for all 1030 sup).,45,0,0.7475728155339806,,0.7296198167223181,0.7383249791144529,0.7256752819267144,alginate=1.00,beta-mannan=0.37,1.609886884689331
paper_doc2vec_dm_BRF,d2vDm__BRF100,paper_shallow,shallow,doc2vec_dm infer_vector (300d doc vec),OvR(BalancedRF n=100 balanced),Paper doc2vec_dm + BRF (precomputed infer_vector for all 1030 sup).,45,1,0.8300970873786407,,0.8217970041654251,0.8336890704324915,0.8246286418626543,alpha-mannan=1.00,galactan=0.55,1.6235740184783936
paper_doc2vec_dm_BRF,d2vDm__BRF100,paper_shallow,shallow,doc2vec_dm infer_vector (300d doc vec),OvR(BalancedRF n=100 balanced),Paper doc2vec_dm + BRF (precomputed infer_vector for all 1030 sup).,45,2,0.8155339805825242,,0.7938363884792455,0.8041155774050511,0.7890931968390809,alginate=1.00,fructan=0.44,1.6161339282989502
paper_doc2vec_dm_BRF,d2vDm__BRF100,paper_shallow,shallow,doc2vec_dm infer_vector (300d doc vec),OvR(BalancedRF n=100 balanced),Paper doc2vec_dm + BRF (precomputed infer_vector for all 1030 sup).,45,3,0.7815533980582524,,0.7656225718725719,0.7968635531135532,0.7763922737678458,alpha-mannan=1.00,galactan=0.39,1.6125502586364746
paper_doc2vec_dm_BRF,d2vDm__BRF100,paper_shallow,shallow,doc2vec_dm infer_vector (300d doc vec),OvR(BalancedRF n=100 balanced),Paper doc2vec_dm + BRF (precomputed infer_vector for all 1030 sup).,45,4,0.7524271844660194,,0.7420283420283421,0.7452953296703296,0.7323476431086067,chitin=0.92,fructan=0.42,1.6022419929504395
paper_doc2vec_dm_BRF,d2vDm__BRF100,paper_shallow,shallow,doc2vec_dm infer_vector (300d doc vec),OvR(BalancedRF n=100 balanced),Paper doc2vec_dm + BRF (precomputed infer_vector for all 1030 sup).,46,0,0.7718446601941747,,0.7171429013820317,0.7212976351134245,0.7039678039529841,alginate=0.90,arabinogalactan=0.40,1.6265017986297607
paper_doc2vec_dm_BRF,d2vDm__BRF100,paper_shallow,shallow,doc2vec_dm infer_vector (300d doc vec),OvR(BalancedRF n=100 balanced),Paper doc2vec_dm + BRF (precomputed infer_vector for all 1030 sup).,46,1,0.7864077669902912,,0.7518107083343705,0.7998044791465843,0.7632086222918998,beta-glucan=0.94,beta-mannan=0.47,1.6246538162231445
paper_doc2vec_dm_BRF,d2vDm__BRF100,paper_shallow,shallow,doc2vec_dm infer_vector (300d doc vec),OvR(BalancedRF n=100 balanced),Paper doc2vec_dm + BRF (precomputed infer_vector for all 1030 sup).,46,2,0.7621359223300971,,0.7233585858585859,0.7727554061435642,0.7373456137816737,host glycan=0.97,arabinogalactan=0.43,1.6308178901672363
paper_doc2vec_dm_BRF,d2vDm__BRF100,paper_shallow,shallow,doc2vec_dm infer_vector (300d doc vec),OvR(BalancedRF n=100 balanced),Paper doc2vec_dm + BRF (precomputed infer_vector for all 1030 sup).,46,3,0.7427184466019418,,0.6926882126814906,0.7130698005698006,0.693532343356512,alginate=1.00,alpha-mannan=0.33,1.6010360717773438
paper_doc2vec_dm_BRF,d2vDm__BRF100,paper_shallow,shallow,doc2vec_dm infer_vector (300d doc vec),OvR(BalancedRF n=100 balanced),Paper doc2vec_dm + BRF (precomputed infer_vector for all 1030 sup).,46,4,0.8203883495145631,,0.7799514698959319,0.8200282356532357,0.7846424475656827,pectin=0.94,galactan=0.47,1.621664047241211
paper_just_attention_doc2vec_dm,d2vDm__JustAttn,paper_DL,dl,doc2vec_dm frozen Embedding (paper TextVectorization),non_recurrent_attention (single attention pass),Paper arch+optimizer+EarlyStopping verbatim; batch=1024/4096 for non-trans/trans.,42,0,0.7378640776699029,,0.6555274125779343,0.6568217016901227,0.6530302651149122,xylan=0.82,fructan=0.00,19.61695122718811
paper_just_attention_doc2vec_dm,d2vDm__JustAttn,paper_DL,dl,doc2vec_dm frozen Embedding (paper TextVectorization),non_recurrent_attention (single attention pass),Paper arch+optimizer+EarlyStopping verbatim; batch=1024/4096 for non-trans/trans.,42,1,0.7184466019417476,,0.7497242190176974,0.7384041433712486,0.7281556635803081,alginate=1.00,galactan=0.39,12.193785905838013
paper_just_attention_doc2vec_dm,d2vDm__JustAttn,paper_DL,dl,doc2vec_dm frozen Embedding (paper TextVectorization),non_recurrent_attention (single attention pass),Paper arch+optimizer+EarlyStopping verbatim; batch=1024/4096 for non-trans/trans.,42,2,0.7427184466019418,,0.8109625536826242,0.6866020017993703,0.7162032764460946,alginate=1.00,fructan=0.36,11.680232286453247
paper_just_attention_doc2vec_dm,d2vDm__JustAttn,paper_DL,dl,doc2vec_dm frozen Embedding (paper TextVectorization),non_recurrent_attention (single attention pass),Paper arch+optimizer+EarlyStopping verbatim; batch=1024/4096 for non-trans/trans.,42,3,0.6941747572815534,,0.7456253322521705,0.6992686711436713,0.6972157562104008,alginate=1.00,galactan=0.29,11.663670063018799
paper_just_attention_doc2vec_dm,d2vDm__JustAttn,paper_DL,dl,doc2vec_dm frozen Embedding (paper TextVectorization),non_recurrent_attention (single attention pass),Paper arch+optimizer+EarlyStopping verbatim; batch=1024/4096 for non-trans/trans.,42,4,0.7281553398058253,,0.6971309529777271,0.6288492063492063,0.6439455643982818,alpha-mannan=1.00,fructan=0.00,11.636156797409058
paper_just_attention_doc2vec_dm,d2vDm__JustAttn,paper_DL,dl,doc2vec_dm frozen Embedding (paper TextVectorization),non_recurrent_attention (single attention pass),Paper arch+optimizer+EarlyStopping verbatim; batch=1024/4096 for non-trans/trans.,43,0,0.7864077669902912,,0.8240714694662062,0.7593654810102177,0.7620862537918717,alginate=1.00,fructan=0.50,16.587438106536865
paper_just_attention_doc2vec_dm,d2vDm__JustAttn,paper_DL,dl,doc2vec_dm frozen Embedding (paper TextVectorization),non_recurrent_attention (single attention pass),Paper arch+optimizer+EarlyStopping verbatim; batch=1024/4096 for non-trans/trans.,43,1,0.6941747572815534,,0.7526792943308744,0.6137264635948846,0.6553127991814619,alginate=1.00,fructan=0.25,13.850971937179565
paper_just_attention_doc2vec_dm,d2vDm__JustAttn,paper_DL,dl,doc2vec_dm frozen Embedding (paper TextVectorization),non_recurrent_attention (single attention pass),Paper arch+optimizer+EarlyStopping verbatim; batch=1024/4096 for non-trans/trans.,43,2,0.7524271844660194,,0.7576197903403786,0.6913999742947111,0.7106539720288007,alginate=1.00,galactan=0.47,12.871680736541748
paper_just_attention_doc2vec_dm,d2vDm__JustAttn,paper_DL,dl,doc2vec_dm frozen Embedding (paper TextVectorization),non_recurrent_attention (single attention pass),Paper arch+optimizer+EarlyStopping verbatim; batch=1024/4096 for non-trans/trans.,43,3,0.6990291262135923,,0.7307540632635785,0.6430212148962149,0.6713444119025159,alginate=1.00,galactan=0.38,11.049650192260742
paper_just_attention_doc2vec_dm,d2vDm__JustAttn,paper_DL,dl,doc2vec_dm frozen Embedding (paper TextVectorization),non_recurrent_attention (single attention pass),Paper arch+optimizer+EarlyStopping verbatim; batch=1024/4096 for non-trans/trans.,43,4,0.7038834951456311,,0.6798724695414,0.6010767704517704,0.6146943312866233,alpha-mannan=1.00,arabinogalactan=0.00,15.378491878509521
paper_just_attention_doc2vec_dm,d2vDm__JustAttn,paper_DL,dl,doc2vec_dm frozen Embedding (paper TextVectorization),non_recurrent_attention (single attention pass),Paper arch+optimizer+EarlyStopping verbatim; batch=1024/4096 for non-trans/trans.,44,0,0.7184466019417476,,0.7769403994474503,0.6383181913116124,0.6636761080657725,alginate=1.00,fructan=0.33,13.32523512840271
paper_just_attention_doc2vec_dm,d2vDm__JustAttn,paper_DL,dl,doc2vec_dm frozen Embedding (paper TextVectorization),non_recurrent_attention (single attention pass),Paper arch+optimizer+EarlyStopping verbatim; batch=1024/4096 for non-trans/trans.,44,1,0.6747572815533981,,0.682980250071043,0.6365621586016323,0.6400246568285347,alginate=1.00,arabinogalactan=0.00,13.011770963668823
paper_just_attention_doc2vec_dm,d2vDm__JustAttn,paper_DL,dl,doc2vec_dm frozen Embedding (paper TextVectorization),non_recurrent_attention (single attention pass),Paper arch+optimizer+EarlyStopping verbatim; batch=1024/4096 for non-trans/trans.,44,2,0.7330097087378641,,0.7710282446311858,0.6971414513848724,0.7251470230760848,alginate=1.00,fructan=0.50,24.72925305366516
paper_just_attention_doc2vec_dm,d2vDm__JustAttn,paper_DL,dl,doc2vec_dm frozen Embedding (paper TextVectorization),non_recurrent_attention (single attention pass),Paper arch+optimizer+EarlyStopping verbatim; batch=1024/4096 for non-trans/trans.,44,3,0.7087378640776699,,0.769041218637993,0.5994098494098493,0.6391486645163116,alginate=1.00,fructan=0.33,9.537003993988037
paper_just_attention_doc2vec_dm,d2vDm__JustAttn,paper_DL,dl,doc2vec_dm frozen Embedding (paper TextVectorization),non_recurrent_attention (single attention pass),Paper arch+optimizer+EarlyStopping verbatim; batch=1024/4096 for non-trans/trans.,44,4,0.7184466019417476,,0.7422884212164398,0.6539117826617826,0.6789969333854783,alginate=1.00,fructan=0.20,18.419054746627808
paper_just_attention_doc2vec_dm,d2vDm__JustAttn,paper_DL,dl,doc2vec_dm frozen Embedding (paper TextVectorization),non_recurrent_attention (single attention pass),Paper arch+optimizer+EarlyStopping verbatim; batch=1024/4096 for non-trans/trans.,45,0,0.7572815533980582,,0.7876728391657458,0.7252511888696099,0.7440316724416206,alginate=1.00,beta-mannan=0.41,18.50982093811035
paper_just_attention_doc2vec_dm,d2vDm__JustAttn,paper_DL,dl,doc2vec_dm frozen Embedding (paper TextVectorization),non_recurrent_attention (single attention pass),Paper arch+optimizer+EarlyStopping verbatim; batch=1024/4096 for non-trans/trans.,45,1,0.7621359223300971,,0.7595510997125446,0.7180647130647131,0.7237131629080754,alpha-mannan=1.00,arabinogalactan=0.56,22.81529402732849
paper_just_attention_doc2vec_dm,d2vDm__JustAttn,paper_DL,dl,doc2vec_dm frozen Embedding (paper TextVectorization),non_recurrent_attention (single attention pass),Paper arch+optimizer+EarlyStopping verbatim; batch=1024/4096 for non-trans/trans.,45,2,0.7038834951456311,,0.765293368052656,0.6481482150890047,0.6852912118654606,alginate=1.00,fructan=0.38,16.084855794906616
paper_just_attention_doc2vec_dm,d2vDm__JustAttn,paper_DL,dl,doc2vec_dm frozen Embedding (paper TextVectorization),non_recurrent_attention (single attention pass),Paper arch+optimizer+EarlyStopping verbatim; batch=1024/4096 for non-trans/trans.,45,3,0.7766990291262136,,0.6912202380952381,0.6675531644281644,0.6731495455954447,alginate=1.00,alpha-mannan=0.00,14.672823667526245
paper_just_attention_doc2vec_dm,d2vDm__JustAttn,paper_DL,dl,doc2vec_dm frozen Embedding (paper TextVectorization),non_recurrent_attention (single attention pass),Paper arch+optimizer+EarlyStopping verbatim; batch=1024/4096 for non-trans/trans.,45,4,0.7669902912621359,,0.7750835311041079,0.7461981074481073,0.7528066322721477,alpha-mannan=1.00,beta-mannan=0.56,19.207709789276123
paper_just_attention_doc2vec_dm,d2vDm__JustAttn,paper_DL,dl,doc2vec_dm frozen Embedding (paper TextVectorization),non_recurrent_attention (single attention pass),Paper arch+optimizer+EarlyStopping verbatim; batch=1024/4096 for non-trans/trans.,46,0,0.7184466019417476,,0.7794198856698857,0.6447721467129363,0.6779672892672145,alginate=1.00,pectin=0.43,14.150259017944336
paper_just_attention_doc2vec_dm,d2vDm__JustAttn,paper_DL,dl,doc2vec_dm frozen Embedding (paper TextVectorization),non_recurrent_attention (single attention pass),Paper arch+optimizer+EarlyStopping verbatim; batch=1024/4096 for non-trans/trans.,46,1,0.7718446601941747,,0.8271610785155676,0.7420664642375169,0.7595236657383388,alginate=1.00,beta-mannan=0.47,16.318074226379395
paper_just_attention_doc2vec_dm,d2vDm__JustAttn,paper_DL,dl,doc2vec_dm frozen Embedding (paper TextVectorization),non_recurrent_attention (single attention pass),Paper arch+optimizer+EarlyStopping verbatim; batch=1024/4096 for non-trans/trans.,46,2,0.7233009708737864,,0.7470562088983143,0.6521320930531457,0.6634155529988863,alpha-mannan=1.00,arabinogalactan=0.40,11.078289031982422
paper_just_attention_doc2vec_dm,d2vDm__JustAttn,paper_DL,dl,doc2vec_dm frozen Embedding (paper TextVectorization),non_recurrent_attention (single attention pass),Paper arch+optimizer+EarlyStopping verbatim; batch=1024/4096 for non-trans/trans.,46,3,0.7912621359223301,,0.801460473968382,0.758296448921449,0.7730785807967523,alpha-mannan=1.00,galactan=0.47,24.942482948303223
paper_just_attention_doc2vec_dm,d2vDm__JustAttn,paper_DL,dl,doc2vec_dm frozen Embedding (paper TextVectorization),non_recurrent_attention (single attention pass),Paper arch+optimizer+EarlyStopping verbatim; batch=1024/4096 for non-trans/trans.,46,4,0.7184466019417476,,0.7212108339769508,0.6753922466422466,0.6787315475756057,alginate=1.00,fructan=0.25,15.786757707595825
paper_vanilla_lstm_doc2vec_dm,d2vDm__LSTM,paper_DL,dl,doc2vec_dm frozen Embedding (paper TextVectorization),"LSTM(100, dropout=0.6) + Dense head",Paper arch+optimizer+EarlyStopping verbatim; batch=1024/4096 for non-trans/trans.,42,0,0.6601941747572816,,0.6127875371508178,0.6109867617762355,0.5998988695648505,alginate=1.00,arabinogalactan=0.25,10.081995010375977
paper_vanilla_lstm_doc2vec_dm,d2vDm__LSTM,paper_DL,dl,doc2vec_dm frozen Embedding (paper TextVectorization),"LSTM(100, dropout=0.6) + Dense head",Paper arch+optimizer+EarlyStopping verbatim; batch=1024/4096 for non-trans/trans.,42,1,0.6893203883495146,,0.644737034725593,0.6091105970053338,0.5949582937387815,alpha-mannan=1.00,galactan=0.00,8.316277980804443
paper_vanilla_lstm_doc2vec_dm,d2vDm__LSTM,paper_DL,dl,doc2vec_dm frozen Embedding (paper TextVectorization),"LSTM(100, dropout=0.6) + Dense head",Paper arch+optimizer+EarlyStopping verbatim; batch=1024/4096 for non-trans/trans.,42,2,0.7038834951456311,,0.597370918237623,0.6219209883683567,0.5963249665085976,alpha-glucan=0.88,galactan=0.20,9.434973955154419
paper_vanilla_lstm_doc2vec_dm,d2vDm__LSTM,paper_DL,dl,doc2vec_dm frozen Embedding (paper TextVectorization),"LSTM(100, dropout=0.6) + Dense head",Paper arch+optimizer+EarlyStopping verbatim; batch=1024/4096 for non-trans/trans.,42,3,0.7427184466019418,,0.6844495883627052,0.6859012515262516,0.6747800984565692,alginate=1.00,arabinogalactan=0.20,10.731473207473755
paper_vanilla_lstm_doc2vec_dm,d2vDm__LSTM,paper_DL,dl,doc2vec_dm frozen Embedding (paper TextVectorization),"LSTM(100, dropout=0.6) + Dense head",Paper arch+optimizer+EarlyStopping verbatim; batch=1024/4096 for non-trans/trans.,42,4,0.7330097087378641,,0.7231354434105448,0.6652571733821734,0.6669176887926888,alpha-mannan=1.00,arabinogalactan=0.25,10.599104881286621
paper_vanilla_lstm_doc2vec_dm,d2vDm__LSTM,paper_DL,dl,doc2vec_dm frozen Embedding (paper TextVectorization),"LSTM(100, dropout=0.6) + Dense head",Paper arch+optimizer+EarlyStopping verbatim; batch=1024/4096 for non-trans/trans.,43,0,0.7135922330097088,,0.6168703345756111,0.6373487404408457,0.622357128528919,beta-glucan=0.85,arabinogalactan=0.00,9.800514221191406
paper_vanilla_lstm_doc2vec_dm,d2vDm__LSTM,paper_DL,dl,doc2vec_dm frozen Embedding (paper TextVectorization),"LSTM(100, dropout=0.6) + Dense head",Paper arch+optimizer+EarlyStopping verbatim; batch=1024/4096 for non-trans/trans.,43,1,0.6699029126213593,,0.6082589574291255,0.5771000417710944,0.5792310583013082,alginate=0.91,arabinogalactan=0.25,10.414645910263062
paper_vanilla_lstm_doc2vec_dm,d2vDm__LSTM,paper_DL,dl,doc2vec_dm frozen Embedding (paper TextVectorization),"LSTM(100, dropout=0.6) + Dense head",Paper arch+optimizer+EarlyStopping verbatim; batch=1024/4096 for non-trans/trans.,43,2,0.6747572815533981,,0.5743940747026046,0.5664494971402866,0.5512328294765328,alpha-glucan=0.89,arabinogalactan=0.00,9.715465784072876
paper_vanilla_lstm_doc2vec_dm,d2vDm__LSTM,paper_DL,dl,doc2vec_dm frozen Embedding (paper TextVectorization),"LSTM(100, dropout=0.6) + Dense head",Paper arch+optimizer+EarlyStopping verbatim; batch=1024/4096 for non-trans/trans.,43,3,0.7184466019417476,,0.6227867729853193,0.6571085164835165,0.6260123023995064,alginate=0.90,arabinogalactan=0.00,10.272642135620117
paper_vanilla_lstm_doc2vec_dm,d2vDm__LSTM,paper_DL,dl,doc2vec_dm frozen Embedding (paper TextVectorization),"LSTM(100, dropout=0.6) + Dense head",Paper arch+optimizer+EarlyStopping verbatim; batch=1024/4096 for non-trans/trans.,43,4,0.7427184466019418,,0.7446303310886644,0.7260124135124135,0.7234671505381849,alginate=1.00,arabinogalactan=0.44,11.542162895202637
paper_vanilla_lstm_doc2vec_dm,d2vDm__LSTM,paper_DL,dl,doc2vec_dm frozen Embedding (paper TextVectorization),"LSTM(100, dropout=0.6) + Dense head",Paper arch+optimizer+EarlyStopping verbatim; batch=1024/4096 for non-trans/trans.,44,0,0.7621359223300971,,0.7739048125077536,0.733710156802262,0.7423116019324735,alginate=1.00,arabinogalactan=0.50,12.014705181121826
paper_vanilla_lstm_doc2vec_dm,d2vDm__LSTM,paper_DL,dl,doc2vec_dm frozen Embedding (paper TextVectorization),"LSTM(100, dropout=0.6) + Dense head",Paper arch+optimizer+EarlyStopping verbatim; batch=1024/4096 for non-trans/trans.,44,1,0.6893203883495146,,0.6696328444351262,0.6488302486986698,0.6369651102882438,alpha-glucan=1.00,arabinogalactan=0.20,10.188853979110718
paper_vanilla_lstm_doc2vec_dm,d2vDm__LSTM,paper_DL,dl,doc2vec_dm frozen Embedding (paper TextVectorization),"LSTM(100, dropout=0.6) + Dense head",Paper arch+optimizer+EarlyStopping verbatim; batch=1024/4096 for non-trans/trans.,44,2,0.7330097087378641,,0.6701315314802155,0.6375036549707602,0.6393040770607308,alpha-mannan=1.00,arabinogalactan=0.00,10.649746179580688
paper_vanilla_lstm_doc2vec_dm,d2vDm__LSTM,paper_DL,dl,doc2vec_dm frozen Embedding (paper TextVectorization),"LSTM(100, dropout=0.6) + Dense head",Paper arch+optimizer+EarlyStopping verbatim; batch=1024/4096 for non-trans/trans.,44,3,0.7766990291262136,,0.7909476916042837,0.7302630240130239,0.7493041544462994,alpha-mannan=1.00,galactan=0.47,12.675227165222168
paper_vanilla_lstm_doc2vec_dm,d2vDm__LSTM,paper_DL,dl,doc2vec_dm frozen Embedding (paper TextVectorization),"LSTM(100, dropout=0.6) + Dense head",Paper arch+optimizer+EarlyStopping verbatim; batch=1024/4096 for non-trans/trans.,44,4,0.7135922330097088,,0.6750832890306575,0.6328533272283273,0.6448726474111666,alginate=1.00,arabinogalactan=0.18,11.87962007522583
paper_vanilla_lstm_doc2vec_dm,d2vDm__LSTM,paper_DL,dl,doc2vec_dm frozen Embedding (paper TextVectorization),"LSTM(100, dropout=0.6) + Dense head",Paper arch+optimizer+EarlyStopping verbatim; batch=1024/4096 for non-trans/trans.,45,0,0.7135922330097088,,0.6510061608438891,0.6000980014137909,0.5961397188110779,fructan=1.00,alpha-mannan=0.00,11.396858930587769
paper_vanilla_lstm_doc2vec_dm,d2vDm__LSTM,paper_DL,dl,doc2vec_dm frozen Embedding (paper TextVectorization),"LSTM(100, dropout=0.6) + Dense head",Paper arch+optimizer+EarlyStopping verbatim; batch=1024/4096 for non-trans/trans.,45,1,0.7184466019417476,,0.5916365814479022,0.5905427832401516,0.5819671939143423,chitin=0.91,alpha-mannan=0.00,10.9290189743042
paper_vanilla_lstm_doc2vec_dm,d2vDm__LSTM,paper_DL,dl,doc2vec_dm frozen Embedding (paper TextVectorization),"LSTM(100, dropout=0.6) + Dense head",Paper arch+optimizer+EarlyStopping verbatim; batch=1024/4096 for non-trans/trans.,45,2,0.7184466019417476,,0.6944198897245939,0.6608298390206285,0.6374768715225068,alpha-mannan=1.00,arabinogalactan=0.00,10.80412220954895
paper_vanilla_lstm_doc2vec_dm,d2vDm__LSTM,paper_DL,dl,doc2vec_dm frozen Embedding (paper TextVectorization),"LSTM(100, dropout=0.6) + Dense head",Paper arch+optimizer+EarlyStopping verbatim; batch=1024/4096 for non-trans/trans.,45,3,0.7524271844660194,,0.7253691598256814,0.6923763736263737,0.6787533975732934,alpha-glucan=1.00,arabinogalactan=0.20,11.77722978591919
paper_vanilla_lstm_doc2vec_dm,d2vDm__LSTM,paper_DL,dl,doc2vec_dm frozen Embedding (paper TextVectorization),"LSTM(100, dropout=0.6) + Dense head",Paper arch+optimizer+EarlyStopping verbatim; batch=1024/4096 for non-trans/trans.,45,4,0.7038834951456311,,0.5937000373821025,0.6119998982498983,0.5926848731809599,host glycan=0.83,arabinogalactan=0.00,10.90872311592102
paper_vanilla_lstm_doc2vec_dm,d2vDm__LSTM,paper_DL,dl,doc2vec_dm frozen Embedding (paper TextVectorization),"LSTM(100, dropout=0.6) + Dense head",Paper arch+optimizer+EarlyStopping verbatim; batch=1024/4096 for non-trans/trans.,46,0,0.6990291262135923,,0.7018974919337237,0.5879828979500031,0.6039953789490123,alginate=1.00,fructan=0.33,10.79098892211914
paper_vanilla_lstm_doc2vec_dm,d2vDm__LSTM,paper_DL,dl,doc2vec_dm frozen Embedding (paper TextVectorization),"LSTM(100, dropout=0.6) + Dense head",Paper arch+optimizer+EarlyStopping verbatim; batch=1024/4096 for non-trans/trans.,46,1,0.7427184466019418,,0.7088545630678889,0.7079494007454533,0.6854696307919653,alpha-mannan=1.00,beta-mannan=0.42,11.975030899047852
paper_vanilla_lstm_doc2vec_dm,d2vDm__LSTM,paper_DL,dl,doc2vec_dm frozen Embedding (paper TextVectorization),"LSTM(100, dropout=0.6) + Dense head",Paper arch+optimizer+EarlyStopping verbatim; batch=1024/4096 for non-trans/trans.,46,2,0.7233009708737864,,0.6741208745388313,0.6651494119915172,0.6523438774776119,alpha-glucan=0.89,arabinogalactan=0.33,11.480975151062012
paper_vanilla_lstm_doc2vec_dm,d2vDm__LSTM,paper_DL,dl,doc2vec_dm frozen Embedding (paper TextVectorization),"LSTM(100, dropout=0.6) + Dense head",Paper arch+optimizer+EarlyStopping verbatim; batch=1024/4096 for non-trans/trans.,46,3,0.7427184466019418,,0.7155190465340842,0.7252823565323565,0.7073884709492887,alpha-mannan=1.00,arabinogalactan=0.14,12.947947978973389
paper_vanilla_lstm_doc2vec_dm,d2vDm__LSTM,paper_DL,dl,doc2vec_dm frozen Embedding (paper TextVectorization),"LSTM(100, dropout=0.6) + Dense head",Paper arch+optimizer+EarlyStopping verbatim; batch=1024/4096 for non-trans/trans.,46,4,0.7766990291262136,,0.7140957190957192,0.7284096459096459,0.707277474697862,alginate=1.00,arabinogalactan=0.33,12.74329400062561
paper_lstm_with_attention_doc2vec_dm,d2vDm__LSTMattn,paper_DL,dl,doc2vec_dm frozen Embedding (paper TextVectorization),"LSTM(100, return_seq) + attention head",Paper arch+optimizer+EarlyStopping verbatim; batch=1024/4096 for non-trans/trans.,42,0,0.7087378640776699,,0.6462526664517269,0.5940535633956686,0.6087984076185396,alginate=1.00,alpha-mannan=0.00,6.653458833694458
paper_lstm_with_attention_doc2vec_dm,d2vDm__LSTMattn,paper_DL,dl,doc2vec_dm frozen Embedding (paper TextVectorization),"LSTM(100, return_seq) + attention head",Paper arch+optimizer+EarlyStopping verbatim; batch=1024/4096 for non-trans/trans.,42,1,0.7378640776699029,,0.7297516046045458,0.7034532645716856,0.7090164515258249,alginate=1.00,galactan=0.43,7.01189112663269
paper_lstm_with_attention_doc2vec_dm,d2vDm__LSTMattn,paper_DL,dl,doc2vec_dm frozen Embedding (paper TextVectorization),"LSTM(100, return_seq) + attention head",Paper arch+optimizer+EarlyStopping verbatim; batch=1024/4096 for non-trans/trans.,42,2,0.7815533980582524,,0.8213391617281779,0.7373152432362957,0.7636335729598517,alginate=1.00,galactan=0.42,8.391855955123901
paper_lstm_with_attention_doc2vec_dm,d2vDm__LSTMattn,paper_DL,dl,doc2vec_dm frozen Embedding (paper TextVectorization),"LSTM(100, return_seq) + attention head",Paper arch+optimizer+EarlyStopping verbatim; batch=1024/4096 for non-trans/trans.,42,3,0.8106796116504854,,0.8272909422089749,0.776068376068376,0.7874665747334427,alginate=1.00,fructan=0.56,11.287206888198853
paper_lstm_with_attention_doc2vec_dm,d2vDm__LSTMattn,paper_DL,dl,doc2vec_dm frozen Embedding (paper TextVectorization),"LSTM(100, return_seq) + attention head",Paper arch+optimizer+EarlyStopping verbatim; batch=1024/4096 for non-trans/trans.,42,4,0.7864077669902912,,0.7824312038021716,0.7307829670329671,0.7471531967463068,alginate=1.00,galactan=0.44,9.096333742141724
paper_lstm_with_attention_doc2vec_dm,d2vDm__LSTMattn,paper_DL,dl,doc2vec_dm frozen Embedding (paper TextVectorization),"LSTM(100, return_seq) + attention head",Paper arch+optimizer+EarlyStopping verbatim; batch=1024/4096 for non-trans/trans.,43,0,0.8155339805825242,,0.7927461069218765,0.7844001028211555,0.7832173184971468,alginate=1.00,galactan=0.50,9.78373098373413
paper_lstm_with_attention_doc2vec_dm,d2vDm__LSTMattn,paper_DL,dl,doc2vec_dm frozen Embedding (paper TextVectorization),"LSTM(100, return_seq) + attention head",Paper arch+optimizer+EarlyStopping verbatim; batch=1024/4096 for non-trans/trans.,43,1,0.7330097087378641,,0.7365917951444266,0.7337384727845254,0.7246907568601294,alginate=1.00,galactan=0.47,8.942582130432129
paper_lstm_with_attention_doc2vec_dm,d2vDm__LSTMattn,paper_DL,dl,doc2vec_dm frozen Embedding (paper TextVectorization),"LSTM(100, return_seq) + attention head",Paper arch+optimizer+EarlyStopping verbatim; batch=1024/4096 for non-trans/trans.,43,2,0.7330097087378641,,0.7252661554132143,0.6398930820641346,0.6704635374141797,alginate=1.00,fructan=0.33,8.424633741378784
paper_lstm_with_attention_doc2vec_dm,d2vDm__LSTMattn,paper_DL,dl,doc2vec_dm frozen Embedding (paper TextVectorization),"LSTM(100, return_seq) + attention head",Paper arch+optimizer+EarlyStopping verbatim; batch=1024/4096 for non-trans/trans.,43,3,0.7864077669902912,,0.8083674087350557,0.7277129120879121,0.7459587480978803,alginate=1.00,fructan=0.50,9.303743124008179
paper_lstm_with_attention_doc2vec_dm,d2vDm__LSTMattn,paper_DL,dl,doc2vec_dm frozen Embedding (paper TextVectorization),"LSTM(100, return_seq) + attention head",Paper arch+optimizer+EarlyStopping verbatim; batch=1024/4096 for non-trans/trans.,43,4,0.8106796116504854,,0.8091195109432561,0.7789842796092796,0.788112350183666,alginate=1.00,arabinogalactan=0.60,10.46997880935669
paper_lstm_with_attention_doc2vec_dm,d2vDm__LSTMattn,paper_DL,dl,doc2vec_dm frozen Embedding (paper TextVectorization),"LSTM(100, return_seq) + attention head",Paper arch+optimizer+EarlyStopping verbatim; batch=1024/4096 for non-trans/trans.,44,0,0.7524271844660194,,0.7730467813730525,0.6918908649829704,0.713077194433709,alginate=1.00,beta-mannan=0.60,8.95840311050415
paper_lstm_with_attention_doc2vec_dm,d2vDm__LSTMattn,paper_DL,dl,doc2vec_dm frozen Embedding (paper TextVectorization),"LSTM(100, return_seq) + attention head",Paper arch+optimizer+EarlyStopping verbatim; batch=1024/4096 for non-trans/trans.,44,1,0.7621359223300971,,0.7953690984940985,0.7189973732407943,0.7432462941938481,alginate=1.00,beta-mannan=0.60,8.536442041397095
paper_lstm_with_attention_doc2vec_dm,d2vDm__LSTMattn,paper_DL,dl,doc2vec_dm frozen Embedding (paper TextVectorization),"LSTM(100, return_seq) + attention head",Paper arch+optimizer+EarlyStopping verbatim; batch=1024/4096 for non-trans/trans.,44,2,0.7961165048543689,,0.8104403475017509,0.7330979291176658,0.7567377141969391,alginate=1.00,fructan=0.50,9.89297103881836
paper_lstm_with_attention_doc2vec_dm,d2vDm__LSTMattn,paper_DL,dl,doc2vec_dm frozen Embedding (paper TextVectorization),"LSTM(100, return_seq) + attention head",Paper arch+optimizer+EarlyStopping verbatim; batch=1024/4096 for non-trans/trans.,44,3,0.8252427184466019,,0.8374579124579125,0.760752442002442,0.7852330083027509,alginate=1.00,beta-mannan=0.67,12.55647587776184
paper_lstm_with_attention_doc2vec_dm,d2vDm__LSTMattn,paper_DL,dl,doc2vec_dm frozen Embedding (paper TextVectorization),"LSTM(100, return_seq) + attention head",Paper arch+optimizer+EarlyStopping verbatim; batch=1024/4096 for non-trans/trans.,44,4,0.7184466019417476,,0.6996846842241579,0.6308809015059015,0.6480597709948742,alginate=1.00,fructan=0.38,8.764311075210571
paper_lstm_with_attention_doc2vec_dm,d2vDm__LSTMattn,paper_DL,dl,doc2vec_dm frozen Embedding (paper TextVectorization),"LSTM(100, return_seq) + attention head",Paper arch+optimizer+EarlyStopping verbatim; batch=1024/4096 for non-trans/trans.,45,0,0.8106796116504854,,0.8403844766344767,0.7841802422723475,0.8025938440644321,alginate=1.00,beta-mannan=0.55,11.157928943634033
paper_lstm_with_attention_doc2vec_dm,d2vDm__LSTMattn,paper_DL,dl,doc2vec_dm frozen Embedding (paper TextVectorization),"LSTM(100, return_seq) + attention head",Paper arch+optimizer+EarlyStopping verbatim; batch=1024/4096 for non-trans/trans.,45,1,0.7427184466019418,,0.654502459853337,0.6487397982134825,0.6444822154151608,alginate=1.00,alpha-mannan=0.00,9.076491117477417
paper_lstm_with_attention_doc2vec_dm,d2vDm__LSTMattn,paper_DL,dl,doc2vec_dm frozen Embedding (paper TextVectorization),"LSTM(100, return_seq) + attention head",Paper arch+optimizer+EarlyStopping verbatim; batch=1024/4096 for non-trans/trans.,45,2,0.7427184466019418,,0.7675926515177228,0.7076265182186234,0.7224176922887188,alginate=1.00,fructan=0.42,10.368456840515137
paper_lstm_with_attention_doc2vec_dm,d2vDm__LSTMattn,paper_DL,dl,doc2vec_dm frozen Embedding (paper TextVectorization),"LSTM(100, return_seq) + attention head",Paper arch+optimizer+EarlyStopping verbatim; batch=1024/4096 for non-trans/trans.,45,3,0.7961165048543689,,0.778522773245412,0.7780410561660561,0.7626919517731968,alginate=1.00,fructan=0.55,11.078456163406372
paper_lstm_with_attention_doc2vec_dm,d2vDm__LSTMattn,paper_DL,dl,doc2vec_dm frozen Embedding (paper TextVectorization),"LSTM(100, return_seq) + attention head",Paper arch+optimizer+EarlyStopping verbatim; batch=1024/4096 for non-trans/trans.,45,4,0.7572815533980582,,0.7899696519261736,0.7277241045991046,0.748363357517377,alginate=1.00,beta-mannan=0.58,11.255338907241821
paper_lstm_with_attention_doc2vec_dm,d2vDm__LSTMattn,paper_DL,dl,doc2vec_dm frozen Embedding (paper TextVectorization),"LSTM(100, return_seq) + attention head",Paper arch+optimizer+EarlyStopping verbatim; batch=1024/4096 for non-trans/trans.,46,0,0.8009708737864077,,0.8487240328605505,0.7498316705224601,0.7837094938253798,alginate=1.00,fructan=0.50,12.702592134475708
paper_lstm_with_attention_doc2vec_dm,d2vDm__LSTMattn,paper_DL,dl,doc2vec_dm frozen Embedding (paper TextVectorization),"LSTM(100, return_seq) + attention head",Paper arch+optimizer+EarlyStopping verbatim; batch=1024/4096 for non-trans/trans.,46,1,0.7475728155339806,,0.7561314273699856,0.7191457007904377,0.7280745650427326,alginate=1.00,beta-mannan=0.37,11.133960962295532
paper_lstm_with_attention_doc2vec_dm,d2vDm__LSTMattn,paper_DL,dl,doc2vec_dm frozen Embedding (paper TextVectorization),"LSTM(100, return_seq) + attention head",Paper arch+optimizer+EarlyStopping verbatim; batch=1024/4096 for non-trans/trans.,46,2,0.7669902912621359,,0.7503503000337397,0.7200199617633828,0.7175791941613547,alginate=1.00,arabinogalactan=0.25,10.200484991073608
paper_lstm_with_attention_doc2vec_dm,d2vDm__LSTMattn,paper_DL,dl,doc2vec_dm frozen Embedding (paper TextVectorization),"LSTM(100, return_seq) + attention head",Paper arch+optimizer+EarlyStopping verbatim; batch=1024/4096 for non-trans/trans.,46,3,0.7864077669902912,,0.7774339379157903,0.7325778388278388,0.7293841928052456,alginate=1.00,alpha-mannan=0.50,12.965165853500366
paper_lstm_with_attention_doc2vec_dm,d2vDm__LSTMattn,paper_DL,dl,doc2vec_dm frozen Embedding (paper TextVectorization),"LSTM(100, return_seq) + attention head",Paper arch+optimizer+EarlyStopping verbatim; batch=1024/4096 for non-trans/trans.,46,4,0.7718446601941747,,0.7628720087068644,0.7220398351648352,0.7246607963851269,alginate=1.00,fructan=0.29,12.326986074447632
paper_transformer_doc2vec_dm,d2vDm__Trans,paper_DL,dl,doc2vec_dm frozen Embedding (paper TextVectorization),Transformer 4 blocks × 4 heads × head=128 × ff=512 × dropout=0.5 → GAP → softmax,Paper arch+optimizer+EarlyStopping verbatim; batch=1024.,42,0,0.7135922330097088,,0.6964926229546738,0.6411846925004819,0.6492087794545608,alpha-mannan=1.00,arabinogalactan=0.40,14.195147037506104
paper_transformer_doc2vec_dm,d2vDm__Trans,paper_DL,dl,doc2vec_dm frozen Embedding (paper TextVectorization),Transformer 4 blocks × 4 heads × head=128 × ff=512 × dropout=0.5 → GAP → softmax,Paper arch+optimizer+EarlyStopping verbatim; batch=1024.,42,1,0.7184466019417476,,0.7194146232189711,0.7003977090161301,0.7025247703249807,alginate=1.00,arabinogalactan=0.40,15.207267045974731
paper_transformer_doc2vec_dm,d2vDm__Trans,paper_DL,dl,doc2vec_dm frozen Embedding (paper TextVectorization),Transformer 4 blocks × 4 heads × head=128 × ff=512 × dropout=0.5 → GAP → softmax,Paper arch+optimizer+EarlyStopping verbatim; batch=1024.,42,2,0.8058252427184466,,0.8112157825236332,0.7330112139322665,0.7520151421653565,alginate=1.00,arabinogalactan=0.50,17.467548847198486
paper_transformer_doc2vec_dm,d2vDm__Trans,paper_DL,dl,doc2vec_dm frozen Embedding (paper TextVectorization),Transformer 4 blocks × 4 heads × head=128 × ff=512 × dropout=0.5 → GAP → softmax,Paper arch+optimizer+EarlyStopping verbatim; batch=1024.,42,3,0.7961165048543689,,0.7702943725382875,0.7505837912087912,0.7534771327198522,alginate=1.00,arabinogalactan=0.25,17.247989177703857
paper_transformer_doc2vec_dm,d2vDm__Trans,paper_DL,dl,doc2vec_dm frozen Embedding (paper TextVectorization),Transformer 4 blocks × 4 heads × head=128 × ff=512 × dropout=0.5 → GAP → softmax,Paper arch+optimizer+EarlyStopping verbatim; batch=1024.,42,4,0.7815533980582524,,0.8141242960647253,0.7558630952380953,0.7747044902994803,alginate=1.00,arabinogalactan=0.60,18.570371866226196
paper_transformer_doc2vec_dm,d2vDm__Trans,paper_DL,dl,doc2vec_dm frozen Embedding (paper TextVectorization),Transformer 4 blocks × 4 heads × head=128 × ff=512 × dropout=0.5 → GAP → softmax,Paper arch+optimizer+EarlyStopping verbatim; batch=1024.,43,0,0.8203883495145631,,0.8042768609971462,0.8037262627723155,0.7967807858158734,alpha-mannan=1.00,arabinogalactan=0.50,19.830362796783447
paper_transformer_doc2vec_dm,d2vDm__Trans,paper_DL,dl,doc2vec_dm frozen Embedding (paper TextVectorization),Transformer 4 blocks × 4 heads × head=128 × ff=512 × dropout=0.5 → GAP → softmax,Paper arch+optimizer+EarlyStopping verbatim; batch=1024.,43,1,0.6504854368932039,,0.641536704036704,0.5591187102371312,0.5634039478145442,alpha-mannan=1.00,arabinogalactan=0.29,18.669530153274536
paper_transformer_doc2vec_dm,d2vDm__Trans,paper_DL,dl,doc2vec_dm frozen Embedding (paper TextVectorization),Transformer 4 blocks × 4 heads × head=128 × ff=512 × dropout=0.5 → GAP → softmax,Paper arch+optimizer+EarlyStopping verbatim; batch=1024.,43,2,0.7184466019417476,,0.7589334003474959,0.6386348885033095,0.6720406781487619,alpha-mannan=1.00,galactan=0.37,19.798586130142212
paper_transformer_doc2vec_dm,d2vDm__Trans,paper_DL,dl,doc2vec_dm frozen Embedding (paper TextVectorization),Transformer 4 blocks × 4 heads × head=128 × ff=512 × dropout=0.5 → GAP → softmax,Paper arch+optimizer+EarlyStopping verbatim; batch=1024.,43,3,0.6990291262135923,,0.6273602464166189,0.6326808608058608,0.6164664742449381,xylan=0.81,alpha-mannan=0.00,19.276900053024292
paper_transformer_doc2vec_dm,d2vDm__Trans,paper_DL,dl,doc2vec_dm frozen Embedding (paper TextVectorization),Transformer 4 blocks × 4 heads × head=128 × ff=512 × dropout=0.5 → GAP → softmax,Paper arch+optimizer+EarlyStopping verbatim; batch=1024.,43,4,0.7233009708737864,,0.6975124019531452,0.6528830891330891,0.6634600300851684,alginate=1.00,arabinogalactan=0.00,21.680989980697632
paper_transformer_doc2vec_dm,d2vDm__Trans,paper_DL,dl,doc2vec_dm frozen Embedding (paper TextVectorization),Transformer 4 blocks × 4 heads × head=128 × ff=512 × dropout=0.5 → GAP → softmax,Paper arch+optimizer+EarlyStopping verbatim; batch=1024.,44,0,0.7718446601941747,,0.7660539134068545,0.7468939174860227,0.7488840235498192,alginate=1.00,fructan=0.60,21.856714963912964
paper_transformer_doc2vec_dm,d2vDm__Trans,paper_DL,dl,doc2vec_dm frozen Embedding (paper TextVectorization),Transformer 4 blocks × 4 heads × head=128 × ff=512 × dropout=0.5 → GAP → softmax,Paper arch+optimizer+EarlyStopping verbatim; batch=1024.,44,1,0.6941747572815534,,0.6814952595003746,0.6402661702332756,0.6526660442278291,alginate=1.00,alpha-mannan=0.00,19.924880027770996
paper_transformer_doc2vec_dm,d2vDm__Trans,paper_DL,dl,doc2vec_dm frozen Embedding (paper TextVectorization),Transformer 4 blocks × 4 heads × head=128 × ff=512 × dropout=0.5 → GAP → softmax,Paper arch+optimizer+EarlyStopping verbatim; batch=1024.,44,2,0.7281553398058253,,0.7302087868892114,0.6386654135338345,0.6468642426571384,alpha-mannan=1.00,arabinogalactan=0.50,20.549038887023926
paper_transformer_doc2vec_dm,d2vDm__Trans,paper_DL,dl,doc2vec_dm frozen Embedding (paper TextVectorization),Transformer 4 blocks × 4 heads × head=128 × ff=512 × dropout=0.5 → GAP → softmax,Paper arch+optimizer+EarlyStopping verbatim; batch=1024.,44,3,0.7766990291262136,,0.7714088741568422,0.7322496947496947,0.7412139240201493,alginate=1.00,galactan=0.57,25.026358127593994
paper_transformer_doc2vec_dm,d2vDm__Trans,paper_DL,dl,doc2vec_dm frozen Embedding (paper TextVectorization),Transformer 4 blocks × 4 heads × head=128 × ff=512 × dropout=0.5 → GAP → softmax,Paper arch+optimizer+EarlyStopping verbatim; batch=1024.,44,4,0.6990291262135923,,0.6988497057862046,0.6185462454212454,0.6431001005907303,alginate=1.00,arabinogalactan=0.25,23.337310075759888
paper_transformer_doc2vec_dm,d2vDm__Trans,paper_DL,dl,doc2vec_dm frozen Embedding (paper TextVectorization),Transformer 4 blocks × 4 heads × head=128 × ff=512 × dropout=0.5 → GAP → softmax,Paper arch+optimizer+EarlyStopping verbatim; batch=1024.,45,0,0.7864077669902912,,0.8063016615356906,0.7346770371441423,0.7576202187051243,alginate=1.00,beta-mannan=0.62,25.626363277435303
paper_transformer_doc2vec_dm,d2vDm__Trans,paper_DL,dl,doc2vec_dm frozen Embedding (paper TextVectorization),Transformer 4 blocks × 4 heads × head=128 × ff=512 × dropout=0.5 → GAP → softmax,Paper arch+optimizer+EarlyStopping verbatim; batch=1024.,45,1,0.7864077669902912,,0.7667878238460135,0.699968912666281,0.7152175989740489,alginate=1.00,galactan=0.43,25.91265296936035
paper_transformer_doc2vec_dm,d2vDm__Trans,paper_DL,dl,doc2vec_dm frozen Embedding (paper TextVectorization),Transformer 4 blocks × 4 heads × head=128 × ff=512 × dropout=0.5 → GAP → softmax,Paper arch+optimizer+EarlyStopping verbatim; batch=1024.,45,2,0.7330097087378641,,0.7592470912582074,0.6779752666923718,0.7025570259592815,alginate=1.00,galactan=0.38,28.855546951293945
paper_transformer_doc2vec_dm,d2vDm__Trans,paper_DL,dl,doc2vec_dm frozen Embedding (paper TextVectorization),Transformer 4 blocks × 4 heads × head=128 × ff=512 × dropout=0.5 → GAP → softmax,Paper arch+optimizer+EarlyStopping verbatim; batch=1024.,45,3,0.7864077669902912,,0.7925278927996319,0.7335317460317462,0.7330156880639981,chitin=1.00,arabinogalactan=0.43,28.890207767486572
paper_transformer_doc2vec_dm,d2vDm__Trans,paper_DL,dl,doc2vec_dm frozen Embedding (paper TextVectorization),Transformer 4 blocks × 4 heads × head=128 × ff=512 × dropout=0.5 → GAP → softmax,Paper arch+optimizer+EarlyStopping verbatim; batch=1024.,45,4,0.7524271844660194,,0.8008688023393905,0.6960996642246643,0.714029589824841,alpha-mannan=1.00,beta-mannan=0.60,29.092824697494507
paper_transformer_doc2vec_dm,d2vDm__Trans,paper_DL,dl,doc2vec_dm frozen Embedding (paper TextVectorization),Transformer 4 blocks × 4 heads × head=128 × ff=512 × dropout=0.5 → GAP → softmax,Paper arch+optimizer+EarlyStopping verbatim; batch=1024.,46,0,0.7524271844660194,,0.7519607843137255,0.7137983982391877,0.7158511033223829,alginate=1.00,fructan=0.50,30.318177938461304
paper_transformer_doc2vec_dm,d2vDm__Trans,paper_DL,dl,doc2vec_dm frozen Embedding (paper TextVectorization),Transformer 4 blocks × 4 heads × head=128 × ff=512 × dropout=0.5 → GAP → softmax,Paper arch+optimizer+EarlyStopping verbatim; batch=1024.,46,1,0.7766990291262136,,0.7627940469116941,0.7692619770580297,0.7580607949880158,pectin=1.00,beta-mannan=0.50,31.671955823898315
paper_transformer_doc2vec_dm,d2vDm__Trans,paper_DL,dl,doc2vec_dm frozen Embedding (paper TextVectorization),Transformer 4 blocks × 4 heads × head=128 × ff=512 × dropout=0.5 → GAP → softmax,Paper arch+optimizer+EarlyStopping verbatim; batch=1024.,46,2,0.7669902912621359,,0.7086613692741587,0.6711832465779835,0.6830806994138672,alpha-mannan=1.00,arabinogalactan=0.00,33.330214977264404
paper_transformer_doc2vec_dm,d2vDm__Trans,paper_DL,dl,doc2vec_dm frozen Embedding (paper TextVectorization),Transformer 4 blocks × 4 heads × head=128 × ff=512 × dropout=0.5 → GAP → softmax,Paper arch+optimizer+EarlyStopping verbatim; batch=1024.,46,3,0.7427184466019418,,0.8010468833998247,0.6923191391941391,0.7131226801301226,alginate=1.00,pectin=0.56,31.71745800971985
paper_transformer_doc2vec_dm,d2vDm__Trans,paper_DL,dl,doc2vec_dm frozen Embedding (paper TextVectorization),Transformer 4 blocks × 4 heads × head=128 × ff=512 × dropout=0.5 → GAP → softmax,Paper arch+optimizer+EarlyStopping verbatim; batch=1024.,46,4,0.7572815533980582,,0.7580982905982906,0.7482608363858363,0.7438962095101971,alginate=1.00,fructan=0.50,31.381243228912354
ours_FastText_OvR_ET,ftCbow_MM__ET500_sqrt,ours_shallow,shallow,FT_cbow mean+max concat 600d (gensim native ft.wv[t]),OvR(ExtraTrees n=500 sqrt balanced bootstrap=False),Our FastText alternative — gensim native API for n-gram OOV.,42,0,0.8932038834951457,,0.8708781417558012,0.8742184788895315,0.8722013125521898,alginate=1.00,fructan=0.67,5.948925971984863
ours_FastText_OvR_ET,ftCbow_MM__ET500_sqrt,ours_shallow,shallow,FT_cbow mean+max concat 600d (gensim native ft.wv[t]),OvR(ExtraTrees n=500 sqrt balanced bootstrap=False),Our FastText alternative — gensim native API for n-gram OOV.,42,1,0.8786407766990292,,0.8740996738803757,0.8814188516162201,0.8712630616831043,alginate=1.00,fructan=0.60,60.50986862182617
ours_FastText_OvR_ET,ftCbow_MM__ET500_sqrt,ours_shallow,shallow,FT_cbow mean+max concat 600d (gensim native ft.wv[t]),OvR(ExtraTrees n=500 sqrt balanced bootstrap=False),Our FastText alternative — gensim native API for n-gram OOV.,42,2,0.9077669902912622,,0.9216303900502014,0.8709002072488916,0.8876132233592272,alginate=1.00,galactan=0.62,59.922733783721924
ours_FastText_OvR_ET,ftCbow_MM__ET500_sqrt,ours_shallow,shallow,FT_cbow mean+max concat 600d (gensim native ft.wv[t]),OvR(ExtraTrees n=500 sqrt balanced bootstrap=False),Our FastText alternative — gensim native API for n-gram OOV.,42,3,0.9271844660194175,,0.937844952795933,0.9041666666666667,0.9177329593211524,alginate=1.00,galactan=0.73,59.9275758266449
ours_FastText_OvR_ET,ftCbow_MM__ET500_sqrt,ours_shallow,shallow,FT_cbow mean+max concat 600d (gensim native ft.wv[t]),OvR(ExtraTrees n=500 sqrt balanced bootstrap=False),Our FastText alternative — gensim native API for n-gram OOV.,42,4,0.912621359223301,,0.944892693513383,0.8777770146520146,0.9051230532752271,alginate=1.00,alpha-glucan=0.86,59.98861908912659
ours_FastText_OvR_ET,ftCbow_MM__ET500_sqrt,ours_shallow,shallow,FT_cbow mean+max concat 600d (gensim native ft.wv[t]),OvR(ExtraTrees n=500 sqrt balanced bootstrap=False),Our FastText alternative — gensim native API for n-gram OOV.,43,0,0.9466019417475728,,0.9564848411546526,0.9214629120879122,0.9368165525343745,alginate=1.00,arabinogalactan=0.83,59.99151277542114
ours_FastText_OvR_ET,ftCbow_MM__ET500_sqrt,ours_shallow,shallow,FT_cbow mean+max concat 600d (gensim native ft.wv[t]),OvR(ExtraTrees n=500 sqrt balanced bootstrap=False),Our FastText alternative — gensim native API for n-gram OOV.,43,1,0.8689320388349514,,0.8688356782106782,0.8527159645909647,0.8581776477306823,alginate=1.00,beta-mannan=0.64,59.91644620895386
ours_FastText_OvR_ET,ftCbow_MM__ET500_sqrt,ours_shallow,shallow,FT_cbow mean+max concat 600d (gensim native ft.wv[t]),OvR(ExtraTrees n=500 sqrt balanced bootstrap=False),Our FastText alternative — gensim native API for n-gram OOV.,43,2,0.8932038834951457,,0.8957056101792945,0.8612254996465522,0.8759375126413667,alginate=1.00,galactan=0.73,59.9491069316864
ours_FastText_OvR_ET,ftCbow_MM__ET500_sqrt,ours_shallow,shallow,FT_cbow mean+max concat 600d (gensim native ft.wv[t]),OvR(ExtraTrees n=500 sqrt balanced bootstrap=False),Our FastText alternative — gensim native API for n-gram OOV.,43,3,0.9368932038834952,,0.9349146863316119,0.924454365079365,0.9279404708570773,alginate=1.00,beta-mannan=0.81,59.98953294754028
ours_FastText_OvR_ET,ftCbow_MM__ET500_sqrt,ours_shallow,shallow,FT_cbow mean+max concat 600d (gensim native ft.wv[t]),OvR(ExtraTrees n=500 sqrt balanced bootstrap=False),Our FastText alternative — gensim native API for n-gram OOV.,43,4,0.9223300970873787,,0.9174198885405781,0.8875587606837606,0.8988092367722479,alginate=1.00,arabinogalactan=0.80,59.91437220573425
ours_FastText_OvR_ET,ftCbow_MM__ET500_sqrt,ours_shallow,shallow,FT_cbow mean+max concat 600d (gensim native ft.wv[t]),OvR(ExtraTrees n=500 sqrt balanced bootstrap=False),Our FastText alternative — gensim native API for n-gram OOV.,44,0,0.8592233009708737,,0.8838083920436861,0.857910200179937,0.8667169344666433,alginate=1.00,beta-glucan=0.71,59.903422117233276
ours_FastText_OvR_ET,ftCbow_MM__ET500_sqrt,ours_shallow,shallow,FT_cbow mean+max concat 600d (gensim native ft.wv[t]),OvR(ExtraTrees n=500 sqrt balanced bootstrap=False),Our FastText alternative — gensim native API for n-gram OOV.,44,1,0.941747572815534,,0.9341899526342249,0.9109314954051796,0.9182214339515232,alginate=1.00,arabinogalactan=0.67,59.946404218673706
ours_FastText_OvR_ET,ftCbow_MM__ET500_sqrt,ours_shallow,shallow,FT_cbow mean+max concat 600d (gensim native ft.wv[t]),OvR(ExtraTrees n=500 sqrt balanced bootstrap=False),Our FastText alternative — gensim native API for n-gram OOV.,44,2,0.912621359223301,,0.9335858585858586,0.8703769841269842,0.883248849701693,alginate=1.00,beta-mannan=0.83,59.90594673156738
ours_FastText_OvR_ET,ftCbow_MM__ET500_sqrt,ours_shallow,shallow,FT_cbow mean+max concat 600d (gensim native ft.wv[t]),OvR(ExtraTrees n=500 sqrt balanced bootstrap=False),Our FastText alternative — gensim native API for n-gram OOV.,44,3,0.883495145631068,,0.8874622926093515,0.8733516483516485,0.8771860979097822,alpha-mannan=1.00,galactan=0.62,60.194138050079346
ours_FastText_OvR_ET,ftCbow_MM__ET500_sqrt,ours_shallow,shallow,FT_cbow mean+max concat 600d (gensim native ft.wv[t]),OvR(ExtraTrees n=500 sqrt balanced bootstrap=False),Our FastText alternative — gensim native API for n-gram OOV.,44,4,0.8932038834951457,,0.9233034891602667,0.8348809523809524,0.8614089197970269,alginate=1.00,galactan=0.65,61.85358500480652
ours_FastText_OvR_ET,ftCbow_MM__ET500_sqrt,ours_shallow,shallow,FT_cbow mean+max concat 600d (gensim native ft.wv[t]),OvR(ExtraTrees n=500 sqrt balanced bootstrap=False),Our FastText alternative — gensim native API for n-gram OOV.,45,0,0.8883495145631068,,0.9201919970356656,0.8525324529271897,0.8726269483110841,alginate=1.00,beta-mannan=0.75,61.92808818817139
ours_FastText_OvR_ET,ftCbow_MM__ET500_sqrt,ours_shallow,shallow,FT_cbow mean+max concat 600d (gensim native ft.wv[t]),OvR(ExtraTrees n=500 sqrt balanced bootstrap=False),Our FastText alternative — gensim native API for n-gram OOV.,45,1,0.8980582524271845,,0.8978485403485403,0.889496336996337,0.8909518166240855,alginate=1.00,arabinogalactan=0.67,61.950616121292114
ours_FastText_OvR_ET,ftCbow_MM__ET500_sqrt,ours_shallow,shallow,FT_cbow mean+max concat 600d (gensim native ft.wv[t]),OvR(ExtraTrees n=500 sqrt balanced bootstrap=False),Our FastText alternative — gensim native API for n-gram OOV.,45,2,0.8786407766990292,,0.8817941317941318,0.8607509157509158,0.8636255717638696,alginate=1.00,fructan=0.56,61.91649103164673
ours_FastText_OvR_ET,ftCbow_MM__ET500_sqrt,ours_shallow,shallow,FT_cbow mean+max concat 600d (gensim native ft.wv[t]),OvR(ExtraTrees n=500 sqrt balanced bootstrap=False),Our FastText alternative — gensim native API for n-gram OOV.,45,3,0.912621359223301,,0.9160864779737329,0.8911401098901099,0.9001712358538992,alginate=1.00,galactan=0.76,62.019951820373535
ours_FastText_OvR_ET,ftCbow_MM__ET500_sqrt,ours_shallow,shallow,FT_cbow mean+max concat 600d (gensim native ft.wv[t]),OvR(ExtraTrees n=500 sqrt balanced bootstrap=False),Our FastText alternative — gensim native API for n-gram OOV.,45,4,0.8883495145631068,,0.9086538983155527,0.8468643162393161,0.8602276109780659,alginate=1.00,fructan=0.71,61.885839223861694
ours_FastText_OvR_ET,ftCbow_MM__ET500_sqrt,ours_shallow,shallow,FT_cbow mean+max concat 600d (gensim native ft.wv[t]),OvR(ExtraTrees n=500 sqrt balanced bootstrap=False),Our FastText alternative — gensim native API for n-gram OOV.,46,0,0.8786407766990292,,0.890517360903124,0.8548198219908745,0.8688487661097691,alginate=1.00,fructan=0.75,61.87632417678833
ours_FastText_OvR_ET,ftCbow_MM__ET500_sqrt,ours_shallow,shallow,FT_cbow mean+max concat 600d (gensim native ft.wv[t]),OvR(ExtraTrees n=500 sqrt balanced bootstrap=False),Our FastText alternative — gensim native API for n-gram OOV.,46,1,0.9077669902912622,,0.9106783202177939,0.8882552133538976,0.8946006282056417,alginate=1.00,galactan=0.63,61.870532751083374
ours_FastText_OvR_ET,ftCbow_MM__ET500_sqrt,ours_shallow,shallow,FT_cbow mean+max concat 600d (gensim native ft.wv[t]),OvR(ExtraTrees n=500 sqrt balanced bootstrap=False),Our FastText alternative — gensim native API for n-gram OOV.,46,2,0.8932038834951457,,0.9001755189255188,0.8533161830859198,0.8722524629017977,alginate=1.00,arabinogalactan=0.60,61.87919807434082
ours_FastText_OvR_ET,ftCbow_MM__ET500_sqrt,ours_shallow,shallow,FT_cbow mean+max concat 600d (gensim native ft.wv[t]),OvR(ExtraTrees n=500 sqrt balanced bootstrap=False),Our FastText alternative — gensim native API for n-gram OOV.,46,3,0.8883495145631068,,0.8952048201196807,0.8839667277167277,0.8863625553705533,alpha-mannan=1.00,chitin=0.79,61.83184623718262
ours_FastText_OvR_ET,ftCbow_MM__ET500_sqrt,ours_shallow,shallow,FT_cbow mean+max concat 600d (gensim native ft.wv[t]),OvR(ExtraTrees n=500 sqrt balanced bootstrap=False),Our FastText alternative — gensim native API for n-gram OOV.,46,4,0.912621359223301,,0.9226667939903233,0.8872321428571427,0.8984607224406075,alginate=1.00,galactan=0.71,62.4368622303009
paper_fasttext_cbow_BRF,ftCbow__BRF100,paper_shallow,shallow,fasttext_cbow mean of word vectors (gensim native wv[t]),OvR(BalancedRF n=100 balanced),Paper fasttext_cbow + BRF (gensim native API; n-gram OOV for FT).,42,0,0.8106796116504854,,0.7835667573167573,0.8178694733628945,0.794686483502273,alpha-mannan=1.00,arabinogalactan=0.50,1.7767586708068848
paper_fasttext_cbow_BRF,ftCbow__BRF100,paper_shallow,shallow,fasttext_cbow mean of word vectors (gensim native wv[t]),OvR(BalancedRF n=100 balanced),Paper fasttext_cbow + BRF (gensim native API; n-gram OOV for FT).,42,1,0.8252427184466019,,0.8153967031941556,0.8358204806889017,0.8114026114430759,alpha-glucan=1.00,arabinogalactan=0.31,1.7904701232910156
paper_fasttext_cbow_BRF,ftCbow__BRF100,paper_shallow,shallow,fasttext_cbow mean of word vectors (gensim native wv[t]),OvR(BalancedRF n=100 balanced),Paper fasttext_cbow + BRF (gensim native API; n-gram OOV for FT).,42,2,0.7961165048543689,,0.7872257315567907,0.8078796751494118,0.7897483943437767,chitin=1.00,galactan=0.36,1.7696809768676758
paper_fasttext_cbow_BRF,ftCbow__BRF100,paper_shallow,shallow,fasttext_cbow mean of word vectors (gensim native wv[t]),OvR(BalancedRF n=100 balanced),Paper fasttext_cbow + BRF (gensim native API; n-gram OOV for FT).,42,3,0.8786407766990292,,0.8766975308641975,0.8563682844932844,0.8632982065911299,alginate=1.00,arabinogalactan=0.67,1.7868409156799316
paper_fasttext_cbow_BRF,ftCbow__BRF100,paper_shallow,shallow,fasttext_cbow mean of word vectors (gensim native wv[t]),OvR(BalancedRF n=100 balanced),Paper fasttext_cbow + BRF (gensim native API; n-gram OOV for FT).,42,4,0.8398058252427184,,0.8054672344850916,0.8192643467643467,0.7989355966331347,beta-mannan=1.00,arabinogalactan=0.43,1.78889799118042
paper_fasttext_cbow_BRF,ftCbow__BRF100,paper_shallow,shallow,fasttext_cbow mean of word vectors (gensim native wv[t]),OvR(BalancedRF n=100 balanced),Paper fasttext_cbow + BRF (gensim native API; n-gram OOV for FT).,43,0,0.8737864077669902,,0.8448721417471416,0.8643621473555684,0.8478721149621538,chitin=1.00,arabinogalactan=0.50,1.7859208583831787
paper_fasttext_cbow_BRF,ftCbow__BRF100,paper_shallow,shallow,fasttext_cbow mean of word vectors (gensim native wv[t]),OvR(BalancedRF n=100 balanced),Paper fasttext_cbow + BRF (gensim native API; n-gram OOV for FT).,43,1,0.7864077669902912,,0.7809504740111147,0.7923118292526187,0.7697236097236098,alginate=1.00,arabinogalactan=0.29,1.7771060466766357
paper_fasttext_cbow_BRF,ftCbow__BRF100,paper_shallow,shallow,fasttext_cbow mean of word vectors (gensim native wv[t]),OvR(BalancedRF n=100 balanced),Paper fasttext_cbow + BRF (gensim native API; n-gram OOV for FT).,43,2,0.8592233009708737,,0.8374765622334274,0.8456302615513142,0.8363746655526754,alginate=1.00,fructan=0.56,1.7923548221588135
paper_fasttext_cbow_BRF,ftCbow__BRF100,paper_shallow,shallow,fasttext_cbow mean of word vectors (gensim native wv[t]),OvR(BalancedRF n=100 balanced),Paper fasttext_cbow + BRF (gensim native API; n-gram OOV for FT).,43,3,0.8155339805825242,,0.8169768604631136,0.8300061050061048,0.8101539064114168,alginate=1.00,arabinogalactan=0.41,1.7853949069976807
paper_fasttext_cbow_BRF,ftCbow__BRF100,paper_shallow,shallow,fasttext_cbow mean of word vectors (gensim native wv[t]),OvR(BalancedRF n=100 balanced),Paper fasttext_cbow + BRF (gensim native API; n-gram OOV for FT).,43,4,0.8737864077669902,,0.8488480368686319,0.8731135531135532,0.8554671863839755,alginate=1.00,arabinogalactan=0.57,1.7807950973510742
paper_fasttext_cbow_BRF,ftCbow__BRF100,paper_shallow,shallow,fasttext_cbow mean of word vectors (gensim native wv[t]),OvR(BalancedRF n=100 balanced),Paper fasttext_cbow + BRF (gensim native API; n-gram OOV for FT).,44,0,0.8203883495145631,,0.8209147334147334,0.8349499550157446,0.8164123261251253,alginate=1.00,arabinogalactan=0.47,1.7908999919891357
paper_fasttext_cbow_BRF,ftCbow__BRF100,paper_shallow,shallow,fasttext_cbow mean of word vectors (gensim native wv[t]),OvR(BalancedRF n=100 balanced),Paper fasttext_cbow + BRF (gensim native API; n-gram OOV for FT).,44,1,0.8398058252427184,,0.8168908576803314,0.8475143387314441,0.8186877527872264,xylan=1.00,arabinogalactan=0.40,1.7743771076202393
paper_fasttext_cbow_BRF,ftCbow__BRF100,paper_shallow,shallow,fasttext_cbow mean of word vectors (gensim native wv[t]),OvR(BalancedRF n=100 balanced),Paper fasttext_cbow + BRF (gensim native API; n-gram OOV for FT).,44,2,0.8203883495145631,,0.7986513486513487,0.7741411220358589,0.7786492647985975,chitin=1.00,fructan=0.57,1.781308889389038
paper_fasttext_cbow_BRF,ftCbow__BRF100,paper_shallow,shallow,fasttext_cbow mean of word vectors (gensim native wv[t]),OvR(BalancedRF n=100 balanced),Paper fasttext_cbow + BRF (gensim native API; n-gram OOV for FT).,44,3,0.8300970873786407,,0.8222787544433886,0.8560477716727716,0.8310308419486683,alpha-mannan=1.00,galactan=0.50,1.8012630939483643
paper_fasttext_cbow_BRF,ftCbow__BRF100,paper_shallow,shallow,fasttext_cbow mean of word vectors (gensim native wv[t]),OvR(BalancedRF n=100 balanced),Paper fasttext_cbow + BRF (gensim native API; n-gram OOV for FT).,44,4,0.8203883495145631,,0.8076199246312027,0.7736782661782663,0.7718105070317746,alpha-mannan=1.00,galactan=0.54,1.7777788639068604
paper_fasttext_cbow_BRF,ftCbow__BRF100,paper_shallow,shallow,fasttext_cbow mean of word vectors (gensim native wv[t]),OvR(BalancedRF n=100 balanced),Paper fasttext_cbow + BRF (gensim native API; n-gram OOV for FT).,45,0,0.7961165048543689,,0.796470210834427,0.7930601744746483,0.7842612294205432,alginate=1.00,arabinogalactan=0.36,1.8057079315185547
paper_fasttext_cbow_BRF,ftCbow__BRF100,paper_shallow,shallow,fasttext_cbow mean of word vectors (gensim native wv[t]),OvR(BalancedRF n=100 balanced),Paper fasttext_cbow + BRF (gensim native API; n-gram OOV for FT).,45,1,0.8300970873786407,,0.8091049504426698,0.8269906336353704,0.8099898476684192,alpha-mannan=1.00,arabinogalactan=0.46,1.7961540222167969
paper_fasttext_cbow_BRF,ftCbow__BRF100,paper_shallow,shallow,fasttext_cbow mean of word vectors (gensim native wv[t]),OvR(BalancedRF n=100 balanced),Paper fasttext_cbow + BRF (gensim native API; n-gram OOV for FT).,45,2,0.8106796116504854,,0.7836898057422355,0.8106856082513977,0.7866838330620575,alginate=1.00,fructan=0.55,1.8046140670776367
paper_fasttext_cbow_BRF,ftCbow__BRF100,paper_shallow,shallow,fasttext_cbow mean of word vectors (gensim native wv[t]),OvR(BalancedRF n=100 balanced),Paper fasttext_cbow + BRF (gensim native API; n-gram OOV for FT).,45,3,0.883495145631068,,0.8549510130392486,0.8868246336996338,0.8678532694800772,chitin=1.00,galactan=0.71,1.7927558422088623
paper_fasttext_cbow_BRF,ftCbow__BRF100,paper_shallow,shallow,fasttext_cbow mean of word vectors (gensim native wv[t]),OvR(BalancedRF n=100 balanced),Paper fasttext_cbow + BRF (gensim native API; n-gram OOV for FT).,45,4,0.7912621359223301,,0.7641973431828505,0.7869719169719169,0.7650485151851371,xylan=0.92,arabinogalactan=0.50,1.7977368831634521
paper_fasttext_cbow_BRF,ftCbow__BRF100,paper_shallow,shallow,fasttext_cbow mean of word vectors (gensim native wv[t]),OvR(BalancedRF n=100 balanced),Paper fasttext_cbow + BRF (gensim native API; n-gram OOV for FT).,46,0,0.8155339805825242,,0.7927274335969988,0.7875049000706896,0.7788284869857504,alginate=1.00,arabinogalactan=0.57,1.7932510375976562
paper_fasttext_cbow_BRF,ftCbow__BRF100,paper_shallow,shallow,fasttext_cbow mean of word vectors (gensim native wv[t]),OvR(BalancedRF n=100 balanced),Paper fasttext_cbow + BRF (gensim native API; n-gram OOV for FT).,46,1,0.8106796116504854,,0.7858550715396229,0.824536140029561,0.7934637829563123,alpha-glucan=1.00,arabinogalactan=0.45,1.801711082458496
paper_fasttext_cbow_BRF,ftCbow__BRF100,paper_shallow,shallow,fasttext_cbow mean of word vectors (gensim native wv[t]),OvR(BalancedRF n=100 balanced),Paper fasttext_cbow + BRF (gensim native API; n-gram OOV for FT).,46,2,0.8155339805825242,,0.7868880500947735,0.8011889901034639,0.7889666061033948,chitin=1.00,arabinogalactan=0.40,1.797179937362671
paper_fasttext_cbow_BRF,ftCbow__BRF100,paper_shallow,shallow,fasttext_cbow mean of word vectors (gensim native wv[t]),OvR(BalancedRF n=100 balanced),Paper fasttext_cbow + BRF (gensim native API; n-gram OOV for FT).,46,3,0.8203883495145631,,0.8072362428745407,0.8232193732193731,0.8021766819830196,alginate=1.00,arabinogalactan=0.47,1.8019819259643555
paper_fasttext_cbow_BRF,ftCbow__BRF100,paper_shallow,shallow,fasttext_cbow mean of word vectors (gensim native wv[t]),OvR(BalancedRF n=100 balanced),Paper fasttext_cbow + BRF (gensim native API; n-gram OOV for FT).,46,4,0.8883495145631068,,0.8653593337919964,0.8858318070818071,0.8680929943667791,alginate=1.00,galactan=0.65,1.8201830387115479
paper_just_attention_fasttext_cbow,ftCbow__JustAttn,paper_DL,dl,fasttext_cbow frozen Embedding (paper TextVectorization),non_recurrent_attention (single attention pass),Paper arch+optimizer+EarlyStopping verbatim; batch=1024/4096 for non-trans/trans.,42,0,0.7378640776699029,,0.7573016927683344,0.7040706333140543,0.7112473399488488,alginate=1.00,fructan=0.50,12.749364137649536
paper_just_attention_fasttext_cbow,ftCbow__JustAttn,paper_DL,dl,fasttext_cbow frozen Embedding (paper TextVectorization),non_recurrent_attention (single attention pass),Paper arch+optimizer+EarlyStopping verbatim; batch=1024/4096 for non-trans/trans.,42,1,0.7087378640776699,,0.714640768588137,0.7047198525159052,0.7038472931454072,alginate=1.00,fructan=0.38,10.188363075256348
paper_just_attention_fasttext_cbow,ftCbow__JustAttn,paper_DL,dl,fasttext_cbow frozen Embedding (paper TextVectorization),non_recurrent_attention (single attention pass),Paper arch+optimizer+EarlyStopping verbatim; batch=1024/4096 for non-trans/trans.,42,2,0.7572815533980582,,0.7222110339922402,0.6779402432362959,0.6921974598764881,alginate=1.00,arabinogalactan=0.33,15.476869821548462
paper_just_attention_fasttext_cbow,ftCbow__JustAttn,paper_DL,dl,fasttext_cbow frozen Embedding (paper TextVectorization),non_recurrent_attention (single attention pass),Paper arch+optimizer+EarlyStopping verbatim; batch=1024/4096 for non-trans/trans.,42,3,0.6747572815533981,,0.649919524919525,0.5769052706552706,0.5860401234887482,alginate=1.00,arabinogalactan=0.00,6.488744020462036
paper_just_attention_fasttext_cbow,ftCbow__JustAttn,paper_DL,dl,fasttext_cbow frozen Embedding (paper TextVectorization),non_recurrent_attention (single attention pass),Paper arch+optimizer+EarlyStopping verbatim; batch=1024/4096 for non-trans/trans.,42,4,0.8203883495145631,,0.8127910633064143,0.7721794871794873,0.7676094966404189,alpha-mannan=1.00,fructan=0.57,16.88920497894287
paper_just_attention_fasttext_cbow,ftCbow__JustAttn,paper_DL,dl,fasttext_cbow frozen Embedding (paper TextVectorization),non_recurrent_attention (single attention pass),Paper arch+optimizer+EarlyStopping verbatim; batch=1024/4096 for non-trans/trans.,43,0,0.7815533980582524,,0.798208700934265,0.7922180451127819,0.7890591475718959,alginate=1.00,galactan=0.50,16.85030508041382
paper_just_attention_fasttext_cbow,ftCbow__JustAttn,paper_DL,dl,fasttext_cbow frozen Embedding (paper TextVectorization),non_recurrent_attention (single attention pass),Paper arch+optimizer+EarlyStopping verbatim; batch=1024/4096 for non-trans/trans.,43,1,0.7038834951456311,,0.7076891736089457,0.6431145170618854,0.6559900053469394,alginate=1.00,fructan=0.38,12.785837888717651
paper_just_attention_fasttext_cbow,ftCbow__JustAttn,paper_DL,dl,fasttext_cbow frozen Embedding (paper TextVectorization),non_recurrent_attention (single attention pass),Paper arch+optimizer+EarlyStopping verbatim; batch=1024/4096 for non-trans/trans.,43,2,0.7766990291262136,,0.7692234848484848,0.7284367569564938,0.7440090209498105,alpha-mannan=1.00,galactan=0.50,15.2077157497406
paper_just_attention_fasttext_cbow,ftCbow__JustAttn,paper_DL,dl,fasttext_cbow frozen Embedding (paper TextVectorization),non_recurrent_attention (single attention pass),Paper arch+optimizer+EarlyStopping verbatim; batch=1024/4096 for non-trans/trans.,43,3,0.7087378640776699,,0.7305218518142246,0.6248359279609279,0.6397615976986865,alginate=1.00,fructan=0.44,10.13092589378357
paper_just_attention_fasttext_cbow,ftCbow__JustAttn,paper_DL,dl,fasttext_cbow frozen Embedding (paper TextVectorization),non_recurrent_attention (single attention pass),Paper arch+optimizer+EarlyStopping verbatim; batch=1024/4096 for non-trans/trans.,43,4,0.7718446601941747,,0.7264773119392686,0.7016297822547822,0.7116005539199554,alginate=1.00,alpha-mannan=0.00,16.643393993377686
paper_just_attention_fasttext_cbow,ftCbow__JustAttn,paper_DL,dl,fasttext_cbow frozen Embedding (paper TextVectorization),non_recurrent_attention (single attention pass),Paper arch+optimizer+EarlyStopping verbatim; batch=1024/4096 for non-trans/trans.,44,0,0.7572815533980582,,0.8040004371273722,0.7652151211361738,0.7550131163034246,alginate=1.00,arabinogalactan=0.60,13.595993995666504
paper_just_attention_fasttext_cbow,ftCbow__JustAttn,paper_DL,dl,fasttext_cbow frozen Embedding (paper TextVectorization),non_recurrent_attention (single attention pass),Paper arch+optimizer+EarlyStopping verbatim; batch=1024/4096 for non-trans/trans.,44,1,0.8106796116504854,,0.8042617344265827,0.7880582465779834,0.7818812570810686,chitin=1.00,arabinogalactan=0.56,21.257060050964355
paper_just_attention_fasttext_cbow,ftCbow__JustAttn,paper_DL,dl,fasttext_cbow frozen Embedding (paper TextVectorization),non_recurrent_attention (single attention pass),Paper arch+optimizer+EarlyStopping verbatim; batch=1024/4096 for non-trans/trans.,44,2,0.7621359223300971,,0.7654803324732571,0.724755719426772,0.7366437961607749,alginate=1.00,fructan=0.38,15.833019018173218
paper_just_attention_fasttext_cbow,ftCbow__JustAttn,paper_DL,dl,fasttext_cbow frozen Embedding (paper TextVectorization),non_recurrent_attention (single attention pass),Paper arch+optimizer+EarlyStopping verbatim; batch=1024/4096 for non-trans/trans.,44,3,0.7621359223300971,,0.6945873624034543,0.6704632173382173,0.6755917572286919,alginate=1.00,alpha-mannan=0.00,17.888520002365112
paper_just_attention_fasttext_cbow,ftCbow__JustAttn,paper_DL,dl,fasttext_cbow frozen Embedding (paper TextVectorization),non_recurrent_attention (single attention pass),Paper arch+optimizer+EarlyStopping verbatim; batch=1024/4096 for non-trans/trans.,44,4,0.7815533980582524,,0.77520813737919,0.728355463980464,0.735548837769929,alginate=1.00,fructan=0.27,14.933320999145508
paper_just_attention_fasttext_cbow,ftCbow__JustAttn,paper_DL,dl,fasttext_cbow frozen Embedding (paper TextVectorization),non_recurrent_attention (single attention pass),Paper arch+optimizer+EarlyStopping verbatim; batch=1024/4096 for non-trans/trans.,45,0,0.7475728155339806,,0.8005637631250376,0.6748134358331727,0.7168902018253659,alginate=1.00,beta-mannan=0.60,16.926418781280518
paper_just_attention_fasttext_cbow,ftCbow__JustAttn,paper_DL,dl,fasttext_cbow frozen Embedding (paper TextVectorization),non_recurrent_attention (single attention pass),Paper arch+optimizer+EarlyStopping verbatim; batch=1024/4096 for non-trans/trans.,45,1,0.7718446601941747,,0.7088211319835639,0.6836614774114773,0.6922254529850496,alginate=1.00,alpha-mannan=0.00,13.233981132507324
paper_just_attention_fasttext_cbow,ftCbow__JustAttn,paper_DL,dl,fasttext_cbow frozen Embedding (paper TextVectorization),non_recurrent_attention (single attention pass),Paper arch+optimizer+EarlyStopping verbatim; batch=1024/4096 for non-trans/trans.,45,2,0.7038834951456311,,0.6754762983852668,0.6629450228134438,0.6514183500066851,alginate=1.00,arabinogalactan=0.00,10.847436904907227
paper_just_attention_fasttext_cbow,ftCbow__JustAttn,paper_DL,dl,fasttext_cbow frozen Embedding (paper TextVectorization),non_recurrent_attention (single attention pass),Paper arch+optimizer+EarlyStopping verbatim; batch=1024/4096 for non-trans/trans.,45,3,0.6213592233009708,,0.5255645181641386,0.45372150997150995,0.4441373261366833,alginate=1.00,alpha-mannan=0.00,6.816065073013306
paper_just_attention_fasttext_cbow,ftCbow__JustAttn,paper_DL,dl,fasttext_cbow frozen Embedding (paper TextVectorization),non_recurrent_attention (single attention pass),Paper arch+optimizer+EarlyStopping verbatim; batch=1024/4096 for non-trans/trans.,45,4,0.7475728155339806,,0.7638632320744388,0.710800518925519,0.7126637439749639,alginate=1.00,galactan=0.50,13.801244258880615
paper_just_attention_fasttext_cbow,ftCbow__JustAttn,paper_DL,dl,fasttext_cbow frozen Embedding (paper TextVectorization),non_recurrent_attention (single attention pass),Paper arch+optimizer+EarlyStopping verbatim; batch=1024/4096 for non-trans/trans.,46,0,0.6504854368932039,,0.5390822140822141,0.5115707939721098,0.5112488915158633,alginate=1.00,alpha-mannan=0.00,11.331406831741333
paper_just_attention_fasttext_cbow,ftCbow__JustAttn,paper_DL,dl,fasttext_cbow frozen Embedding (paper TextVectorization),non_recurrent_attention (single attention pass),Paper arch+optimizer+EarlyStopping verbatim; batch=1024/4096 for non-trans/trans.,46,1,0.6796116504854369,,0.6483283431677749,0.6437675117280381,0.634621617821482,alpha-mannan=1.00,arabinogalactan=0.00,12.816619157791138
paper_just_attention_fasttext_cbow,ftCbow__JustAttn,paper_DL,dl,fasttext_cbow frozen Embedding (paper TextVectorization),non_recurrent_attention (single attention pass),Paper arch+optimizer+EarlyStopping verbatim; batch=1024/4096 for non-trans/trans.,46,2,0.7524271844660194,,0.7731210102533632,0.7258062624509992,0.7267675132632946,alpha-mannan=1.00,galactan=0.45,12.492630243301392
paper_just_attention_fasttext_cbow,ftCbow__JustAttn,paper_DL,dl,fasttext_cbow frozen Embedding (paper TextVectorization),non_recurrent_attention (single attention pass),Paper arch+optimizer+EarlyStopping verbatim; batch=1024/4096 for non-trans/trans.,46,3,0.7864077669902912,,0.7763993413993414,0.7706857956857958,0.7687207924431417,alpha-mannan=1.00,galactan=0.54,28.5110867023468
paper_just_attention_fasttext_cbow,ftCbow__JustAttn,paper_DL,dl,fasttext_cbow frozen Embedding (paper TextVectorization),non_recurrent_attention (single attention pass),Paper arch+optimizer+EarlyStopping verbatim; batch=1024/4096 for non-trans/trans.,46,4,0.7330097087378641,,0.7630543867099931,0.7574211436711438,0.7344032622523664,alginate=1.00,galactan=0.35,14.298320055007935
paper_vanilla_lstm_fasttext_cbow,ftCbow__LSTM,paper_DL,dl,fasttext_cbow frozen Embedding (paper TextVectorization),"LSTM(100, dropout=0.6) + Dense head",Paper arch+optimizer+EarlyStopping verbatim; batch=1024/4096 for non-trans/trans.,42,0,0.7475728155339806,,0.7543171787816422,0.6585247172418225,0.6850719043835466,alginate=1.00,arabinogalactan=0.33,8.843857765197754
paper_vanilla_lstm_fasttext_cbow,ftCbow__LSTM,paper_DL,dl,fasttext_cbow frozen Embedding (paper TextVectorization),"LSTM(100, dropout=0.6) + Dense head",Paper arch+optimizer+EarlyStopping verbatim; batch=1024/4096 for non-trans/trans.,42,1,0.7621359223300971,,0.7293051905823645,0.7304462679133731,0.7241866082700262,chitin=1.00,arabinogalactan=0.40,69.92593693733215
paper_vanilla_lstm_fasttext_cbow,ftCbow__LSTM,paper_DL,dl,fasttext_cbow frozen Embedding (paper TextVectorization),"LSTM(100, dropout=0.6) + Dense head",Paper arch+optimizer+EarlyStopping verbatim; batch=1024/4096 for non-trans/trans.,42,2,0.7621359223300971,,0.7912924742208629,0.6979328931302615,0.7110791723417783,alpha-mannan=1.00,galactan=0.40,68.96559810638428
paper_vanilla_lstm_fasttext_cbow,ftCbow__LSTM,paper_DL,dl,fasttext_cbow frozen Embedding (paper TextVectorization),"LSTM(100, dropout=0.6) + Dense head",Paper arch+optimizer+EarlyStopping verbatim; batch=1024/4096 for non-trans/trans.,42,3,0.7572815533980582,,0.7467934842934844,0.7126564407814407,0.7225916023973306,alginate=1.00,galactan=0.27,68.9271149635315
paper_vanilla_lstm_fasttext_cbow,ftCbow__LSTM,paper_DL,dl,fasttext_cbow frozen Embedding (paper TextVectorization),"LSTM(100, dropout=0.6) + Dense head",Paper arch+optimizer+EarlyStopping verbatim; batch=1024/4096 for non-trans/trans.,42,4,0.7378640776699029,,0.7292053825685539,0.6988270757020757,0.6988623418684979,alpha-mannan=1.00,galactan=0.38,69.31469106674194
paper_vanilla_lstm_fasttext_cbow,ftCbow__LSTM,paper_DL,dl,fasttext_cbow frozen Embedding (paper TextVectorization),"LSTM(100, dropout=0.6) + Dense head",Paper arch+optimizer+EarlyStopping verbatim; batch=1024/4096 for non-trans/trans.,43,0,0.7766990291262136,,0.6730286738351254,0.6956571717755929,0.677950770493874,alginate=1.00,fructan=0.00,69.41886591911316
paper_vanilla_lstm_fasttext_cbow,ftCbow__LSTM,paper_DL,dl,fasttext_cbow frozen Embedding (paper TextVectorization),"LSTM(100, dropout=0.6) + Dense head",Paper arch+optimizer+EarlyStopping verbatim; batch=1024/4096 for non-trans/trans.,43,1,0.7378640776699029,,0.6949114501101086,0.656792984062721,0.6653407157297317,alginate=1.00,arabinogalactan=0.25,69.19590497016907
paper_vanilla_lstm_fasttext_cbow,ftCbow__LSTM,paper_DL,dl,fasttext_cbow frozen Embedding (paper TextVectorization),"LSTM(100, dropout=0.6) + Dense head",Paper arch+optimizer+EarlyStopping verbatim; batch=1024/4096 for non-trans/trans.,43,2,0.7475728155339806,,0.7755405251019285,0.6593593760041129,0.6538008056547254,alginate=1.00,arabinogalactan=0.50,68.01221919059753
paper_vanilla_lstm_fasttext_cbow,ftCbow__LSTM,paper_DL,dl,fasttext_cbow frozen Embedding (paper TextVectorization),"LSTM(100, dropout=0.6) + Dense head",Paper arch+optimizer+EarlyStopping verbatim; batch=1024/4096 for non-trans/trans.,43,3,0.7427184466019418,,0.6964980773010959,0.6935973748473749,0.6899459472988885,alginate=1.00,arabinogalactan=0.00,68.08403205871582
paper_vanilla_lstm_fasttext_cbow,ftCbow__LSTM,paper_DL,dl,fasttext_cbow frozen Embedding (paper TextVectorization),"LSTM(100, dropout=0.6) + Dense head",Paper arch+optimizer+EarlyStopping verbatim; batch=1024/4096 for non-trans/trans.,43,4,0.7718446601941747,,0.7630526545381618,0.7243627899877899,0.7383152719780147,alginate=1.00,galactan=0.42,69.80188488960266
paper_vanilla_lstm_fasttext_cbow,ftCbow__LSTM,paper_DL,dl,fasttext_cbow frozen Embedding (paper TextVectorization),"LSTM(100, dropout=0.6) + Dense head",Paper arch+optimizer+EarlyStopping verbatim; batch=1024/4096 for non-trans/trans.,44,0,0.7524271844660194,,0.7329718264117241,0.7137442163100057,0.7176959664880278,alginate=1.00,arabinogalactan=0.44,67.75568103790283
paper_vanilla_lstm_fasttext_cbow,ftCbow__LSTM,paper_DL,dl,fasttext_cbow frozen Embedding (paper TextVectorization),"LSTM(100, dropout=0.6) + Dense head",Paper arch+optimizer+EarlyStopping verbatim; batch=1024/4096 for non-trans/trans.,44,1,0.7330097087378641,,0.7630082156250855,0.6961040823211877,0.7043877694581943,alpha-mannan=1.00,beta-mannan=0.43,67.49332022666931
paper_vanilla_lstm_fasttext_cbow,ftCbow__LSTM,paper_DL,dl,fasttext_cbow frozen Embedding (paper TextVectorization),"LSTM(100, dropout=0.6) + Dense head",Paper arch+optimizer+EarlyStopping verbatim; batch=1024/4096 for non-trans/trans.,44,2,0.7330097087378641,,0.6621956220804722,0.6429683985605038,0.6383271116407964,alginate=1.00,arabinogalactan=0.00,68.48148894309998
paper_vanilla_lstm_fasttext_cbow,ftCbow__LSTM,paper_DL,dl,fasttext_cbow frozen Embedding (paper TextVectorization),"LSTM(100, dropout=0.6) + Dense head",Paper arch+optimizer+EarlyStopping verbatim; batch=1024/4096 for non-trans/trans.,44,3,0.7669902912621359,,0.7677345938375352,0.7023364367114366,0.7106545832798569,alginate=1.00,galactan=0.40,70.09535193443298
paper_vanilla_lstm_fasttext_cbow,ftCbow__LSTM,paper_DL,dl,fasttext_cbow frozen Embedding (paper TextVectorization),"LSTM(100, dropout=0.6) + Dense head",Paper arch+optimizer+EarlyStopping verbatim; batch=1024/4096 for non-trans/trans.,44,4,0.7233009708737864,,0.6929413454585079,0.6607974664224664,0.6581397476172745,chitin=1.00,arabinogalactan=0.33,69.45951890945435
paper_vanilla_lstm_fasttext_cbow,ftCbow__LSTM,paper_DL,dl,fasttext_cbow frozen Embedding (paper TextVectorization),"LSTM(100, dropout=0.6) + Dense head",Paper arch+optimizer+EarlyStopping verbatim; batch=1024/4096 for non-trans/trans.,45,0,0.7427184466019418,,0.7256341103595108,0.6974523247220615,0.6981204498412515,alginate=1.00,galactan=0.33,68.07297587394714
paper_vanilla_lstm_fasttext_cbow,ftCbow__LSTM,paper_DL,dl,fasttext_cbow frozen Embedding (paper TextVectorization),"LSTM(100, dropout=0.6) + Dense head",Paper arch+optimizer+EarlyStopping verbatim; batch=1024/4096 for non-trans/trans.,45,1,0.7378640776699029,,0.7131026585836023,0.6885649620846989,0.6986684142040556,alginate=1.00,arabinogalactan=0.20,69.43460202217102
paper_vanilla_lstm_fasttext_cbow,ftCbow__LSTM,paper_DL,dl,fasttext_cbow frozen Embedding (paper TextVectorization),"LSTM(100, dropout=0.6) + Dense head",Paper arch+optimizer+EarlyStopping verbatim; batch=1024/4096 for non-trans/trans.,45,2,0.7233009708737864,,0.7219595174696973,0.6661091430499325,0.6537895012853977,arabinogalactan=1.00,galactan=0.38,68.30454921722412
paper_vanilla_lstm_fasttext_cbow,ftCbow__LSTM,paper_DL,dl,fasttext_cbow frozen Embedding (paper TextVectorization),"LSTM(100, dropout=0.6) + Dense head",Paper arch+optimizer+EarlyStopping verbatim; batch=1024/4096 for non-trans/trans.,45,3,0.8058252427184466,,0.8077531010497259,0.7591231684981685,0.7666106766713342,alginate=1.00,galactan=0.47,70.94008183479309
paper_vanilla_lstm_fasttext_cbow,ftCbow__LSTM,paper_DL,dl,fasttext_cbow frozen Embedding (paper TextVectorization),"LSTM(100, dropout=0.6) + Dense head",Paper arch+optimizer+EarlyStopping verbatim; batch=1024/4096 for non-trans/trans.,45,4,0.7669902912621359,,0.7654872321921552,0.741892551892552,0.7456198471695207,alpha-mannan=1.00,galactan=0.44,70.03916597366333
paper_vanilla_lstm_fasttext_cbow,ftCbow__LSTM,paper_DL,dl,fasttext_cbow frozen Embedding (paper TextVectorization),"LSTM(100, dropout=0.6) + Dense head",Paper arch+optimizer+EarlyStopping verbatim; batch=1024/4096 for non-trans/trans.,46,0,0.7378640776699029,,0.7300130668551721,0.6652910722318618,0.6846799957967256,alginate=1.00,galactan=0.31,70.14073991775513
paper_vanilla_lstm_fasttext_cbow,ftCbow__LSTM,paper_DL,dl,fasttext_cbow frozen Embedding (paper TextVectorization),"LSTM(100, dropout=0.6) + Dense head",Paper arch+optimizer+EarlyStopping verbatim; batch=1024/4096 for non-trans/trans.,46,1,0.7475728155339806,,0.7251548089591568,0.7081948460895829,0.7100369311930067,alginate=1.00,arabinogalactan=0.25,71.58867001533508
paper_vanilla_lstm_fasttext_cbow,ftCbow__LSTM,paper_DL,dl,fasttext_cbow frozen Embedding (paper TextVectorization),"LSTM(100, dropout=0.6) + Dense head",Paper arch+optimizer+EarlyStopping verbatim; batch=1024/4096 for non-trans/trans.,46,2,0.7378640776699029,,0.6910144884392765,0.6685448396632608,0.6761393057360799,alginate=1.00,arabinogalactan=0.17,69.48219585418701
paper_vanilla_lstm_fasttext_cbow,ftCbow__LSTM,paper_DL,dl,fasttext_cbow frozen Embedding (paper TextVectorization),"LSTM(100, dropout=0.6) + Dense head",Paper arch+optimizer+EarlyStopping verbatim; batch=1024/4096 for non-trans/trans.,46,3,0.7766990291262136,,0.7650097931562462,0.7452457264957267,0.7509456845974882,alpha-mannan=1.00,arabinogalactan=0.30,71.29197907447815
paper_vanilla_lstm_fasttext_cbow,ftCbow__LSTM,paper_DL,dl,fasttext_cbow frozen Embedding (paper TextVectorization),"LSTM(100, dropout=0.6) + Dense head",Paper arch+optimizer+EarlyStopping verbatim; batch=1024/4096 for non-trans/trans.,46,4,0.7621359223300971,,0.7184174538807797,0.7484088827838827,0.7251692980264409,alginate=1.00,galactan=0.41,70.99061608314514
paper_lstm_with_attention_fasttext_cbow,ftCbow__LSTMattn,paper_DL,dl,fasttext_cbow frozen Embedding (paper TextVectorization),"LSTM(100, return_seq) + attention head",Paper arch+optimizer+EarlyStopping verbatim; batch=1024/4096 for non-trans/trans.,42,0,0.7912621359223301,,0.7754158308724873,0.7680961217145428,0.7658634135647979,alginate=1.00,arabinogalactan=0.50,11.076625108718872
paper_lstm_with_attention_fasttext_cbow,ftCbow__LSTMattn,paper_DL,dl,fasttext_cbow frozen Embedding (paper TextVectorization),"LSTM(100, return_seq) + attention head",Paper arch+optimizer+EarlyStopping verbatim; batch=1024/4096 for non-trans/trans.,42,1,0.7621359223300971,,0.7540649516511587,0.7040918000128528,0.7172218203160751,alginate=1.00,fructan=0.44,6.6149208545684814
paper_lstm_with_attention_fasttext_cbow,ftCbow__LSTMattn,paper_DL,dl,fasttext_cbow frozen Embedding (paper TextVectorization),"LSTM(100, return_seq) + attention head",Paper arch+optimizer+EarlyStopping verbatim; batch=1024/4096 for non-trans/trans.,42,2,0.7961165048543689,,0.8237863784130948,0.7544209883683569,0.7674844280807327,alginate=1.00,galactan=0.45,10.028274774551392
paper_lstm_with_attention_fasttext_cbow,ftCbow__LSTMattn,paper_DL,dl,fasttext_cbow frozen Embedding (paper TextVectorization),"LSTM(100, return_seq) + attention head",Paper arch+optimizer+EarlyStopping verbatim; batch=1024/4096 for non-trans/trans.,42,3,0.7815533980582524,,0.7864886603581219,0.7702838827838828,0.7623164634550905,alginate=1.00,arabinogalactan=0.50,8.092450857162476
paper_lstm_with_attention_fasttext_cbow,ftCbow__LSTMattn,paper_DL,dl,fasttext_cbow frozen Embedding (paper TextVectorization),"LSTM(100, return_seq) + attention head",Paper arch+optimizer+EarlyStopping verbatim; batch=1024/4096 for non-trans/trans.,42,4,0.8058252427184466,,0.8002690596440597,0.7887599206349206,0.7868780398380895,alpha-mannan=1.00,arabinogalactan=0.44,8.866796970367432
paper_lstm_with_attention_fasttext_cbow,ftCbow__LSTMattn,paper_DL,dl,fasttext_cbow frozen Embedding (paper TextVectorization),"LSTM(100, return_seq) + attention head",Paper arch+optimizer+EarlyStopping verbatim; batch=1024/4096 for non-trans/trans.,43,0,0.8300970873786407,,0.8223003540774677,0.8313259510956877,0.821691375409911,alginate=1.00,beta-mannan=0.71,8.250633001327515
paper_lstm_with_attention_fasttext_cbow,ftCbow__LSTMattn,paper_DL,dl,fasttext_cbow frozen Embedding (paper TextVectorization),"LSTM(100, return_seq) + attention head",Paper arch+optimizer+EarlyStopping verbatim; batch=1024/4096 for non-trans/trans.,43,1,0.7815533980582524,,0.8022445745975159,0.7179869947304159,0.7389617106914727,alginate=1.00,arabinogalactan=0.44,9.365556955337524
paper_lstm_with_attention_fasttext_cbow,ftCbow__LSTMattn,paper_DL,dl,fasttext_cbow frozen Embedding (paper TextVectorization),"LSTM(100, return_seq) + attention head",Paper arch+optimizer+EarlyStopping verbatim; batch=1024/4096 for non-trans/trans.,43,2,0.7864077669902912,,0.7709128992352676,0.7495776299723668,0.7564981984546554,alginate=1.00,galactan=0.40,9.018130779266357
paper_lstm_with_attention_fasttext_cbow,ftCbow__LSTMattn,paper_DL,dl,fasttext_cbow frozen Embedding (paper TextVectorization),"LSTM(100, return_seq) + attention head",Paper arch+optimizer+EarlyStopping verbatim; batch=1024/4096 for non-trans/trans.,43,3,0.7475728155339806,,0.7627366408197161,0.703300518925519,0.7190631522522278,alginate=1.00,fructan=0.57,6.818755149841309
paper_lstm_with_attention_fasttext_cbow,ftCbow__LSTMattn,paper_DL,dl,fasttext_cbow frozen Embedding (paper TextVectorization),"LSTM(100, return_seq) + attention head",Paper arch+optimizer+EarlyStopping verbatim; batch=1024/4096 for non-trans/trans.,43,4,0.7815533980582524,,0.7592146827344196,0.7443513431013432,0.7487944918349531,alginate=1.00,arabinogalactan=0.43,10.696349859237671
paper_lstm_with_attention_fasttext_cbow,ftCbow__LSTMattn,paper_DL,dl,fasttext_cbow frozen Embedding (paper TextVectorization),"LSTM(100, return_seq) + attention head",Paper arch+optimizer+EarlyStopping verbatim; batch=1024/4096 for non-trans/trans.,44,0,0.7912621359223301,,0.804545515758751,0.7752880197288093,0.7795527883933757,alginate=1.00,arabinogalactan=0.50,7.997498989105225
paper_lstm_with_attention_fasttext_cbow,ftCbow__LSTMattn,paper_DL,dl,fasttext_cbow frozen Embedding (paper TextVectorization),"LSTM(100, return_seq) + attention head",Paper arch+optimizer+EarlyStopping verbatim; batch=1024/4096 for non-trans/trans.,44,1,0.7427184466019418,,0.7577907326591536,0.7452588201272411,0.7381484188593452,alginate=1.00,arabinogalactan=0.42,6.906517744064331
paper_lstm_with_attention_fasttext_cbow,ftCbow__LSTMattn,paper_DL,dl,fasttext_cbow frozen Embedding (paper TextVectorization),"LSTM(100, return_seq) + attention head",Paper arch+optimizer+EarlyStopping verbatim; batch=1024/4096 for non-trans/trans.,44,2,0.8009708737864077,,0.7861926387788457,0.7449645347342715,0.7587173063118627,alginate=1.00,fructan=0.50,9.413640975952148
paper_lstm_with_attention_fasttext_cbow,ftCbow__LSTMattn,paper_DL,dl,fasttext_cbow frozen Embedding (paper TextVectorization),"LSTM(100, return_seq) + attention head",Paper arch+optimizer+EarlyStopping verbatim; batch=1024/4096 for non-trans/trans.,44,3,0.8058252427184466,,0.8178798858146684,0.7465659340659342,0.759798874502508,alginate=1.00,galactan=0.50,9.192150115966797
paper_lstm_with_attention_fasttext_cbow,ftCbow__LSTMattn,paper_DL,dl,fasttext_cbow frozen Embedding (paper TextVectorization),"LSTM(100, return_seq) + attention head",Paper arch+optimizer+EarlyStopping verbatim; batch=1024/4096 for non-trans/trans.,44,4,0.7669902912621359,,0.7610802510681364,0.6957478632478633,0.7085030226665565,alginate=1.00,fructan=0.30,8.826585054397583
paper_lstm_with_attention_fasttext_cbow,ftCbow__LSTMattn,paper_DL,dl,fasttext_cbow frozen Embedding (paper TextVectorization),"LSTM(100, return_seq) + attention head",Paper arch+optimizer+EarlyStopping verbatim; batch=1024/4096 for non-trans/trans.,45,0,0.8058252427184466,,0.8357323232323233,0.7761060905468801,0.7860039914547885,alginate=1.00,arabinogalactan=0.50,8.654520034790039
paper_lstm_with_attention_fasttext_cbow,ftCbow__LSTMattn,paper_DL,dl,fasttext_cbow frozen Embedding (paper TextVectorization),"LSTM(100, return_seq) + attention head",Paper arch+optimizer+EarlyStopping verbatim; batch=1024/4096 for non-trans/trans.,45,1,0.7669902912621359,,0.7736642695584406,0.6831127096587623,0.7068468736058323,alginate=1.00,arabinogalactan=0.40,7.166913032531738
paper_lstm_with_attention_fasttext_cbow,ftCbow__LSTMattn,paper_DL,dl,fasttext_cbow frozen Embedding (paper TextVectorization),"LSTM(100, return_seq) + attention head",Paper arch+optimizer+EarlyStopping verbatim; batch=1024/4096 for non-trans/trans.,45,2,0.7572815533980582,,0.7817001149076214,0.7447129040550093,0.735890895576778,alginate=1.00,galactan=0.44,8.29123592376709
paper_lstm_with_attention_fasttext_cbow,ftCbow__LSTMattn,paper_DL,dl,fasttext_cbow frozen Embedding (paper TextVectorization),"LSTM(100, return_seq) + attention head",Paper arch+optimizer+EarlyStopping verbatim; batch=1024/4096 for non-trans/trans.,45,3,0.7961165048543689,,0.7808413365039306,0.7731990231990232,0.766817099233256,alginate=1.00,fructan=0.46,8.01052188873291
paper_lstm_with_attention_fasttext_cbow,ftCbow__LSTMattn,paper_DL,dl,fasttext_cbow frozen Embedding (paper TextVectorization),"LSTM(100, return_seq) + attention head",Paper arch+optimizer+EarlyStopping verbatim; batch=1024/4096 for non-trans/trans.,45,4,0.8058252427184466,,0.8149729811594604,0.8087095543345543,0.8031650038211507,alpha-mannan=1.00,fructan=0.62,10.472354888916016
paper_lstm_with_attention_fasttext_cbow,ftCbow__LSTMattn,paper_DL,dl,fasttext_cbow frozen Embedding (paper TextVectorization),"LSTM(100, return_seq) + attention head",Paper arch+optimizer+EarlyStopping verbatim; batch=1024/4096 for non-trans/trans.,46,0,0.8009708737864077,,0.8133477633477635,0.7432370188291241,0.7646260002455246,alginate=1.00,fructan=0.50,10.478546380996704
paper_lstm_with_attention_fasttext_cbow,ftCbow__LSTMattn,paper_DL,dl,fasttext_cbow frozen Embedding (paper TextVectorization),"LSTM(100, return_seq) + attention head",Paper arch+optimizer+EarlyStopping verbatim; batch=1024/4096 for non-trans/trans.,46,1,0.7961165048543689,,0.7831101904631318,0.7798932828867039,0.7701817591834278,alginate=1.00,beta-mannan=0.46,9.983518362045288
paper_lstm_with_attention_fasttext_cbow,ftCbow__LSTMattn,paper_DL,dl,fasttext_cbow frozen Embedding (paper TextVectorization),"LSTM(100, return_seq) + attention head",Paper arch+optimizer+EarlyStopping verbatim; batch=1024/4096 for non-trans/trans.,46,2,0.7864077669902912,,0.7664011335886337,0.7829083927768138,0.7696686045649644,alginate=1.00,arabinogalactan=0.38,9.437123775482178
paper_lstm_with_attention_fasttext_cbow,ftCbow__LSTMattn,paper_DL,dl,fasttext_cbow frozen Embedding (paper TextVectorization),"LSTM(100, return_seq) + attention head",Paper arch+optimizer+EarlyStopping verbatim; batch=1024/4096 for non-trans/trans.,46,3,0.8155339805825242,,0.8043861775479423,0.7888469169719171,0.7723245071102817,alpha-mannan=1.00,galactan=0.59,11.24843430519104
paper_lstm_with_attention_fasttext_cbow,ftCbow__LSTMattn,paper_DL,dl,fasttext_cbow frozen Embedding (paper TextVectorization),"LSTM(100, return_seq) + attention head",Paper arch+optimizer+EarlyStopping verbatim; batch=1024/4096 for non-trans/trans.,46,4,0.8058252427184466,,0.8110442445403363,0.7931921550671551,0.7941732407650085,alginate=1.00,galactan=0.42,11.602437019348145
paper_transformer_fasttext_cbow,ftCbow__Trans,paper_DL,dl,fasttext_cbow frozen Embedding (paper TextVectorization),Transformer 4 blocks × 4 heads × head=128 × ff=512 × dropout=0.5 → GAP → softmax,Paper arch+optimizer+EarlyStopping verbatim; batch=1024.,42,0,0.7912621359223301,,0.7555600071225071,0.7505978487886383,0.7474456670620205,host glycan=0.91,arabinogalactan=0.57,16.77252507209778
paper_transformer_fasttext_cbow,ftCbow__Trans,paper_DL,dl,fasttext_cbow frozen Embedding (paper TextVectorization),Transformer 4 blocks × 4 heads × head=128 × ff=512 × dropout=0.5 → GAP → softmax,Paper arch+optimizer+EarlyStopping verbatim; batch=1024.,42,1,0.7718446601941747,,0.7708076746120226,0.7778150102821155,0.7713257123676879,alpha-mannan=1.00,galactan=0.56,14.466346025466919
paper_transformer_fasttext_cbow,ftCbow__Trans,paper_DL,dl,fasttext_cbow frozen Embedding (paper TextVectorization),Transformer 4 blocks × 4 heads × head=128 × ff=512 × dropout=0.5 → GAP → softmax,Paper arch+optimizer+EarlyStopping verbatim; batch=1024.,42,2,0.7864077669902912,,0.7629146316646316,0.7385631546815757,0.7464368119067976,alginate=1.00,fructan=0.50,15.1878080368042
paper_transformer_fasttext_cbow,ftCbow__Trans,paper_DL,dl,fasttext_cbow frozen Embedding (paper TextVectorization),Transformer 4 blocks × 4 heads × head=128 × ff=512 × dropout=0.5 → GAP → softmax,Paper arch+optimizer+EarlyStopping verbatim; batch=1024.,42,3,0.8155339805825242,,0.8542633530685002,0.7706730769230768,0.7809418905646527,alginate=1.00,beta-mannan=0.65,15.585162878036499
paper_transformer_fasttext_cbow,ftCbow__Trans,paper_DL,dl,fasttext_cbow frozen Embedding (paper TextVectorization),Transformer 4 blocks × 4 heads × head=128 × ff=512 × dropout=0.5 → GAP → softmax,Paper arch+optimizer+EarlyStopping verbatim; batch=1024.,42,4,0.8009708737864077,,0.8010477258284278,0.7674977106227105,0.7775934098415673,alpha-mannan=1.00,fructan=0.50,16.489347219467163
paper_transformer_fasttext_cbow,ftCbow__Trans,paper_DL,dl,fasttext_cbow frozen Embedding (paper TextVectorization),Transformer 4 blocks × 4 heads × head=128 × ff=512 × dropout=0.5 → GAP → softmax,Paper arch+optimizer+EarlyStopping verbatim; batch=1024.,43,0,0.8446601941747572,,0.8425552104899933,0.8406602242786452,0.8375965525534491,alginate=1.00,galactan=0.64,17.12338399887085
paper_transformer_fasttext_cbow,ftCbow__Trans,paper_DL,dl,fasttext_cbow frozen Embedding (paper TextVectorization),Transformer 4 blocks × 4 heads × head=128 × ff=512 × dropout=0.5 → GAP → softmax,Paper arch+optimizer+EarlyStopping verbatim; batch=1024.,43,1,0.7281553398058253,,0.6917141473826366,0.6420054141764668,0.6495423198668518,alginate=1.00,arabinogalactan=0.00,15.023120164871216
paper_transformer_fasttext_cbow,ftCbow__Trans,paper_DL,dl,fasttext_cbow frozen Embedding (paper TextVectorization),Transformer 4 blocks × 4 heads × head=128 × ff=512 × dropout=0.5 → GAP → softmax,Paper arch+optimizer+EarlyStopping verbatim; batch=1024.,43,2,0.7427184466019418,,0.7361990044555834,0.7300909324593534,0.7244287213132714,alginate=1.00,arabinogalactan=0.44,13.416117191314697
paper_transformer_fasttext_cbow,ftCbow__Trans,paper_DL,dl,fasttext_cbow frozen Embedding (paper TextVectorization),Transformer 4 blocks × 4 heads × head=128 × ff=512 × dropout=0.5 → GAP → softmax,Paper arch+optimizer+EarlyStopping verbatim; batch=1024.,43,3,0.7912621359223301,,0.7794753263019517,0.7831031237281237,0.7739493484514125,alginate=1.00,fructan=0.50,15.610917091369629
paper_transformer_fasttext_cbow,ftCbow__Trans,paper_DL,dl,fasttext_cbow frozen Embedding (paper TextVectorization),Transformer 4 blocks × 4 heads × head=128 × ff=512 × dropout=0.5 → GAP → softmax,Paper arch+optimizer+EarlyStopping verbatim; batch=1024.,43,4,0.7669902912621359,,0.7714642772756809,0.7397290903540902,0.7436205664123481,alginate=1.00,galactan=0.50,14.443037986755371
paper_transformer_fasttext_cbow,ftCbow__Trans,paper_DL,dl,fasttext_cbow frozen Embedding (paper TextVectorization),Transformer 4 blocks × 4 heads × head=128 × ff=512 × dropout=0.5 → GAP → softmax,Paper arch+optimizer+EarlyStopping verbatim; batch=1024.,44,0,0.7572815533980582,,0.7096009387714265,0.7363292044213097,0.717573119443038,alpha-glucan=0.92,arabinogalactan=0.33,14.52479600906372
paper_transformer_fasttext_cbow,ftCbow__Trans,paper_DL,dl,fasttext_cbow frozen Embedding (paper TextVectorization),Transformer 4 blocks × 4 heads × head=128 × ff=512 × dropout=0.5 → GAP → softmax,Paper arch+optimizer+EarlyStopping verbatim; batch=1024.,44,1,0.7718446601941747,,0.7811392433102959,0.7688035392969602,0.7702563663835128,alginate=1.00,arabinogalactan=0.40,14.94445013999939
paper_transformer_fasttext_cbow,ftCbow__Trans,paper_DL,dl,fasttext_cbow frozen Embedding (paper TextVectorization),Transformer 4 blocks × 4 heads × head=128 × ff=512 × dropout=0.5 → GAP → softmax,Paper arch+optimizer+EarlyStopping verbatim; batch=1024.,44,2,0.7912621359223301,,0.7979290409215946,0.7377835213032582,0.7456257587209968,alginate=1.00,fructan=0.40,14.787631750106812
paper_transformer_fasttext_cbow,ftCbow__Trans,paper_DL,dl,fasttext_cbow frozen Embedding (paper TextVectorization),Transformer 4 blocks × 4 heads × head=128 × ff=512 × dropout=0.5 → GAP → softmax,Paper arch+optimizer+EarlyStopping verbatim; batch=1024.,44,3,0.8155339805825242,,0.8298247031606164,0.7533730158730158,0.7688724592003281,alginate=1.00,arabinogalactan=0.60,17.948720932006836
paper_transformer_fasttext_cbow,ftCbow__Trans,paper_DL,dl,fasttext_cbow frozen Embedding (paper TextVectorization),Transformer 4 blocks × 4 heads × head=128 × ff=512 × dropout=0.5 → GAP → softmax,Paper arch+optimizer+EarlyStopping verbatim; batch=1024.,44,4,0.7475728155339806,,0.7615986149450705,0.697851800976801,0.7115610193440381,alginate=1.00,fructan=0.29,16.96907114982605
paper_transformer_fasttext_cbow,ftCbow__Trans,paper_DL,dl,fasttext_cbow frozen Embedding (paper TextVectorization),Transformer 4 blocks × 4 heads × head=128 × ff=512 × dropout=0.5 → GAP → softmax,Paper arch+optimizer+EarlyStopping verbatim; batch=1024.,45,0,0.8446601941747572,,0.8744476198036569,0.7956971354668724,0.8172181502580109,alginate=1.00,beta-mannan=0.41,22.386681079864502
paper_transformer_fasttext_cbow,ftCbow__Trans,paper_DL,dl,fasttext_cbow frozen Embedding (paper TextVectorization),Transformer 4 blocks × 4 heads × head=128 × ff=512 × dropout=0.5 → GAP → softmax,Paper arch+optimizer+EarlyStopping verbatim; batch=1024.,45,1,0.7621359223300971,,0.7052094877946272,0.6859286437246963,0.6927400096639872,alginate=1.00,arabinogalactan=0.00,15.196392059326172
paper_transformer_fasttext_cbow,ftCbow__Trans,paper_DL,dl,fasttext_cbow frozen Embedding (paper TextVectorization),Transformer 4 blocks × 4 heads × head=128 × ff=512 × dropout=0.5 → GAP → softmax,Paper arch+optimizer+EarlyStopping verbatim; batch=1024.,45,2,0.7378640776699029,,0.745474987115854,0.7291547779705675,0.7188104483871074,alginate=1.00,arabinogalactan=0.43,16.42651891708374
paper_transformer_fasttext_cbow,ftCbow__Trans,paper_DL,dl,fasttext_cbow frozen Embedding (paper TextVectorization),Transformer 4 blocks × 4 heads × head=128 × ff=512 × dropout=0.5 → GAP → softmax,Paper arch+optimizer+EarlyStopping verbatim; batch=1024.,45,3,0.8009708737864077,,0.7864377255194727,0.8274152930402932,0.7944283283016395,alginate=1.00,arabinogalactan=0.44,16.77043581008911
paper_transformer_fasttext_cbow,ftCbow__Trans,paper_DL,dl,fasttext_cbow frozen Embedding (paper TextVectorization),Transformer 4 blocks × 4 heads × head=128 × ff=512 × dropout=0.5 → GAP → softmax,Paper arch+optimizer+EarlyStopping verbatim; batch=1024.,45,4,0.7912621359223301,,0.7955084217159523,0.7844635225885225,0.7817119337415251,alpha-mannan=1.00,arabinogalactan=0.44,21.329090118408203
paper_transformer_fasttext_cbow,ftCbow__Trans,paper_DL,dl,fasttext_cbow frozen Embedding (paper TextVectorization),Transformer 4 blocks × 4 heads × head=128 × ff=512 × dropout=0.5 → GAP → softmax,Paper arch+optimizer+EarlyStopping verbatim; batch=1024.,46,0,0.7330097087378641,,0.7244113981749113,0.6676730688901742,0.6814460404593295,arabinogalactan=1.00,alpha-mannan=0.33,16.632407903671265
paper_transformer_fasttext_cbow,ftCbow__Trans,paper_DL,dl,fasttext_cbow frozen Embedding (paper TextVectorization),Transformer 4 blocks × 4 heads × head=128 × ff=512 × dropout=0.5 → GAP → softmax,Paper arch+optimizer+EarlyStopping verbatim; batch=1024.,46,1,0.8252427184466019,,0.8510678210678212,0.8008085518282887,0.8112755435115684,alginate=1.00,galactan=0.59,19.604313135147095
paper_transformer_fasttext_cbow,ftCbow__Trans,paper_DL,dl,fasttext_cbow frozen Embedding (paper TextVectorization),Transformer 4 blocks × 4 heads × head=128 × ff=512 × dropout=0.5 → GAP → softmax,Paper arch+optimizer+EarlyStopping verbatim; batch=1024.,46,2,0.7669902912621359,,0.7765879040550092,0.6680462373883427,0.6983218424642236,alginate=1.00,arabinogalactan=0.20,16.373255968093872
paper_transformer_fasttext_cbow,ftCbow__Trans,paper_DL,dl,fasttext_cbow frozen Embedding (paper TextVectorization),Transformer 4 blocks × 4 heads × head=128 × ff=512 × dropout=0.5 → GAP → softmax,Paper arch+optimizer+EarlyStopping verbatim; batch=1024.,46,3,0.7669902912621359,,0.7649621823538233,0.7751640720390721,0.7606788567889167,alpha-mannan=1.00,fructan=0.54,19.50481390953064
paper_transformer_fasttext_cbow,ftCbow__Trans,paper_DL,dl,fasttext_cbow frozen Embedding (paper TextVectorization),Transformer 4 blocks × 4 heads × head=128 × ff=512 × dropout=0.5 → GAP → softmax,Paper arch+optimizer+EarlyStopping verbatim; batch=1024.,46,4,0.7961165048543689,,0.7919009462759462,0.7900740231990232,0.7871226346312302,alginate=1.00,beta-mannan=0.44,19.973140954971313
paper_fasttext_sg_BRF,ftSg__BRF100,paper_shallow,shallow,fasttext_sg mean of word vectors (gensim native wv[t]),OvR(BalancedRF n=100 balanced),Paper fasttext_sg + BRF (gensim native API; n-gram OOV for FT).,42,0,0.8058252427184466,,0.7650812313093014,0.7980941134888503,0.7726683729173099,host glycan=0.95,fructan=0.44,2.1398980617523193
paper_fasttext_sg_BRF,ftSg__BRF100,paper_shallow,shallow,fasttext_sg mean of word vectors (gensim native wv[t]),OvR(BalancedRF n=100 balanced),Paper fasttext_sg + BRF (gensim native API; n-gram OOV for FT).,42,1,0.8349514563106796,,0.811374409343517,0.822807740505109,0.814852613480833,alpha-mannan=1.00,beta-mannan=0.60,57.913182973861694
paper_fasttext_sg_BRF,ftSg__BRF100,paper_shallow,shallow,fasttext_sg mean of word vectors (gensim native wv[t]),OvR(BalancedRF n=100 balanced),Paper fasttext_sg + BRF (gensim native API; n-gram OOV for FT).,42,2,0.7961165048543689,,0.7656728347904819,0.8007859392069919,0.7686532028846823,chitin=1.00,fructan=0.40,57.807461738586426
paper_fasttext_sg_BRF,ftSg__BRF100,paper_shallow,shallow,fasttext_sg mean of word vectors (gensim native wv[t]),OvR(BalancedRF n=100 balanced),Paper fasttext_sg + BRF (gensim native API; n-gram OOV for FT).,42,3,0.8689320388349514,,0.8570182059655744,0.8567345848595848,0.8543729904064249,alpha-mannan=1.00,fructan=0.71,57.90239596366882
paper_fasttext_sg_BRF,ftSg__BRF100,paper_shallow,shallow,fasttext_sg mean of word vectors (gensim native wv[t]),OvR(BalancedRF n=100 balanced),Paper fasttext_sg + BRF (gensim native API; n-gram OOV for FT).,42,4,0.8252427184466019,,0.7967063076367799,0.8007432844932846,0.7840368852358238,beta-mannan=1.00,alpha-mannan=0.38,57.88707137107849
paper_fasttext_sg_BRF,ftSg__BRF100,paper_shallow,shallow,fasttext_sg mean of word vectors (gensim native wv[t]),OvR(BalancedRF n=100 balanced),Paper fasttext_sg + BRF (gensim native API; n-gram OOV for FT).,43,0,0.8349514563106796,,0.8032906907906908,0.8532012322472848,0.8190288107103894,alginate=1.00,fructan=0.56,58.139580965042114
paper_fasttext_sg_BRF,ftSg__BRF100,paper_shallow,shallow,fasttext_sg mean of word vectors (gensim native wv[t]),OvR(BalancedRF n=100 balanced),Paper fasttext_sg + BRF (gensim native API; n-gram OOV for FT).,43,1,0.7766990291262136,,0.7801415608433152,0.7348223121907332,0.7299739196425542,fructan=1.00,galactan=0.41,58.082383155822754
paper_fasttext_sg_BRF,ftSg__BRF100,paper_shallow,shallow,fasttext_sg mean of word vectors (gensim native wv[t]),OvR(BalancedRF n=100 balanced),Paper fasttext_sg + BRF (gensim native API; n-gram OOV for FT).,43,2,0.8106796116504854,,0.7856513116942683,0.7987322874493928,0.7866968176159351,beta-glucan=0.94,galactan=0.55,58.61377692222595
paper_fasttext_sg_BRF,ftSg__BRF100,paper_shallow,shallow,fasttext_sg mean of word vectors (gensim native wv[t]),OvR(BalancedRF n=100 balanced),Paper fasttext_sg + BRF (gensim native API; n-gram OOV for FT).,43,3,0.8495145631067961,,0.8158563782764551,0.8457722832722833,0.8222534027601217,alginate=1.00,alpha-mannan=0.57,58.112343072891235
paper_fasttext_sg_BRF,ftSg__BRF100,paper_shallow,shallow,fasttext_sg mean of word vectors (gensim native wv[t]),OvR(BalancedRF n=100 balanced),Paper fasttext_sg + BRF (gensim native API; n-gram OOV for FT).,43,4,0.8203883495145631,,0.7822962620312416,0.7957532051282051,0.7812849813789664,beta-mannan=1.00,arabinogalactan=0.40,58.111549854278564
paper_fasttext_sg_BRF,ftSg__BRF100,paper_shallow,shallow,fasttext_sg mean of word vectors (gensim native wv[t]),OvR(BalancedRF n=100 balanced),Paper fasttext_sg + BRF (gensim native API; n-gram OOV for FT).,44,0,0.8058252427184466,,0.7885363589711417,0.8237961088618984,0.7868511417915278,alginate=1.00,arabinogalactan=0.47,58.05821490287781
paper_fasttext_sg_BRF,ftSg__BRF100,paper_shallow,shallow,fasttext_sg mean of word vectors (gensim native wv[t]),OvR(BalancedRF n=100 balanced),Paper fasttext_sg + BRF (gensim native API; n-gram OOV for FT).,44,1,0.7912621359223301,,0.772510180513613,0.8017440636848531,0.7718124146044056,xylan=1.00,arabinogalactan=0.36,58.03206491470337
paper_fasttext_sg_BRF,ftSg__BRF100,paper_shallow,shallow,fasttext_sg mean of word vectors (gensim native wv[t]),OvR(BalancedRF n=100 balanced),Paper fasttext_sg + BRF (gensim native API; n-gram OOV for FT).,44,2,0.8009708737864077,,0.7571325307258813,0.7486267752715121,0.7497830503787891,alginate=1.00,alpha-mannan=0.50,58.05209302902222
paper_fasttext_sg_BRF,ftSg__BRF100,paper_shallow,shallow,fasttext_sg mean of word vectors (gensim native wv[t]),OvR(BalancedRF n=100 balanced),Paper fasttext_sg + BRF (gensim native API; n-gram OOV for FT).,44,3,0.8543689320388349,,0.8475108116284588,0.8701770451770452,0.8523735155581876,alginate=1.00,galactan=0.60,58.02899789810181
paper_fasttext_sg_BRF,ftSg__BRF100,paper_shallow,shallow,fasttext_sg mean of word vectors (gensim native wv[t]),OvR(BalancedRF n=100 balanced),Paper fasttext_sg + BRF (gensim native API; n-gram OOV for FT).,44,4,0.8349514563106796,,0.8426611705288177,0.7977945665445666,0.7949928358517767,alpha-mannan=1.00,galactan=0.54,58.027137756347656
paper_fasttext_sg_BRF,ftSg__BRF100,paper_shallow,shallow,fasttext_sg mean of word vectors (gensim native wv[t]),OvR(BalancedRF n=100 balanced),Paper fasttext_sg + BRF (gensim native API; n-gram OOV for FT).,45,0,0.7766990291262136,,0.7468034441404008,0.7630016949424845,0.7387625206089039,alginate=1.00,alpha-mannan=0.50,58.09917998313904
paper_fasttext_sg_BRF,ftSg__BRF100,paper_shallow,shallow,fasttext_sg mean of word vectors (gensim native wv[t]),OvR(BalancedRF n=100 balanced),Paper fasttext_sg + BRF (gensim native API; n-gram OOV for FT).,45,1,0.8398058252427184,,0.83207195044303,0.8355218976929502,0.8267021707805119,alginate=1.00,galactan=0.48,57.954554080963135
paper_fasttext_sg_BRF,ftSg__BRF100,paper_shallow,shallow,fasttext_sg mean of word vectors (gensim native wv[t]),OvR(BalancedRF n=100 balanced),Paper fasttext_sg + BRF (gensim native API; n-gram OOV for FT).,45,2,0.8058252427184466,,0.7938189768661087,0.819784437054174,0.7966938409759329,alginate=1.00,fructan=0.50,57.96702718734741
paper_fasttext_sg_BRF,ftSg__BRF100,paper_shallow,shallow,fasttext_sg mean of word vectors (gensim native wv[t]),OvR(BalancedRF n=100 balanced),Paper fasttext_sg + BRF (gensim native API; n-gram OOV for FT).,45,3,0.8252427184466019,,0.7856869420585761,0.8376373626373628,0.8017870443773302,alpha-glucan=0.96,arabinogalactan=0.47,58.679452896118164
paper_fasttext_sg_BRF,ftSg__BRF100,paper_shallow,shallow,fasttext_sg mean of word vectors (gensim native wv[t]),OvR(BalancedRF n=100 balanced),Paper fasttext_sg + BRF (gensim native API; n-gram OOV for FT).,45,4,0.7864077669902912,,0.7888882748796542,0.7916651404151405,0.7813927742987952,xylan=0.92,pectin=0.62,60.000319957733154
paper_fasttext_sg_BRF,ftSg__BRF100,paper_shallow,shallow,fasttext_sg mean of word vectors (gensim native wv[t]),OvR(BalancedRF n=100 balanced),Paper fasttext_sg + BRF (gensim native API; n-gram OOV for FT).,46,0,0.7961165048543689,,0.7444899154948175,0.743605608572714,0.72828172750149,xylan=0.93,alpha-mannan=0.38,57.63334679603577
paper_fasttext_sg_BRF,ftSg__BRF100,paper_shallow,shallow,fasttext_sg mean of word vectors (gensim native wv[t]),OvR(BalancedRF n=100 balanced),Paper fasttext_sg + BRF (gensim native API; n-gram OOV for FT).,46,1,0.7912621359223301,,0.7646099874360743,0.8077168482102692,0.7714103686984535,alginate=1.00,galactan=0.50,57.58321285247803
paper_fasttext_sg_BRF,ftSg__BRF100,paper_shallow,shallow,fasttext_sg mean of word vectors (gensim native wv[t]),OvR(BalancedRF n=100 balanced),Paper fasttext_sg + BRF (gensim native API; n-gram OOV for FT).,46,2,0.8009708737864077,,0.781028060104147,0.7936801137459032,0.7795266703481328,chitin=1.00,arabinogalactan=0.40,57.56618595123291
paper_fasttext_sg_BRF,ftSg__BRF100,paper_shallow,shallow,fasttext_sg mean of word vectors (gensim native wv[t]),OvR(BalancedRF n=100 balanced),Paper fasttext_sg + BRF (gensim native API; n-gram OOV for FT).,46,3,0.7912621359223301,,0.7571591844847658,0.7983898046398047,0.7693880854383103,host glycan=0.93,arabinogalactan=0.57,57.66910123825073
paper_fasttext_sg_BRF,ftSg__BRF100,paper_shallow,shallow,fasttext_sg mean of word vectors (gensim native wv[t]),OvR(BalancedRF n=100 balanced),Paper fasttext_sg + BRF (gensim native API; n-gram OOV for FT).,46,4,0.8446601941747572,,0.8012821936554942,0.8412278693528695,0.8122001086423326,alginate=1.00,galactan=0.59,57.70915603637695
paper_just_attention_fasttext_sg,ftSg__JustAttn,paper_DL,dl,fasttext_sg frozen Embedding (paper TextVectorization),non_recurrent_attention (single attention pass),Paper arch+optimizer+EarlyStopping verbatim; batch=1024/4096 for non-trans/trans.,42,0,0.7475728155339806,,0.752919864661448,0.6811106693014587,0.7005596837921221,alginate=1.00,fructan=0.50,21.290670156478882
paper_just_attention_fasttext_sg,ftSg__JustAttn,paper_DL,dl,fasttext_sg frozen Embedding (paper TextVectorization),non_recurrent_attention (single attention pass),Paper arch+optimizer+EarlyStopping verbatim; batch=1024/4096 for non-trans/trans.,42,1,0.7087378640776699,,0.7107795390883626,0.7119542847503375,0.6978113728767347,alginate=1.00,fructan=0.45,19.805295944213867
paper_just_attention_fasttext_sg,ftSg__JustAttn,paper_DL,dl,fasttext_sg frozen Embedding (paper TextVectorization),non_recurrent_attention (single attention pass),Paper arch+optimizer+EarlyStopping verbatim; batch=1024/4096 for non-trans/trans.,42,2,0.7766990291262136,,0.7908896354620039,0.7579496818970504,0.762294556571161,alginate=1.00,fructan=0.36,21.86593794822693
paper_just_attention_fasttext_sg,ftSg__JustAttn,paper_DL,dl,fasttext_sg frozen Embedding (paper TextVectorization),non_recurrent_attention (single attention pass),Paper arch+optimizer+EarlyStopping verbatim; batch=1024/4096 for non-trans/trans.,42,3,0.7621359223300971,,0.7341909065593276,0.6958524114774115,0.6921058013808984,alginate=1.00,fructan=0.00,22.312968015670776
paper_just_attention_fasttext_sg,ftSg__JustAttn,paper_DL,dl,fasttext_sg frozen Embedding (paper TextVectorization),non_recurrent_attention (single attention pass),Paper arch+optimizer+EarlyStopping verbatim; batch=1024/4096 for non-trans/trans.,42,4,0.8203883495145631,,0.8442215162376453,0.8032425213675213,0.8136600635677613,alginate=1.00,arabinogalactan=0.70,31.547734022140503
paper_just_attention_fasttext_sg,ftSg__JustAttn,paper_DL,dl,fasttext_sg frozen Embedding (paper TextVectorization),non_recurrent_attention (single attention pass),Paper arch+optimizer+EarlyStopping verbatim; batch=1024/4096 for non-trans/trans.,43,0,0.8009708737864077,,0.8068835485502152,0.8342476784910996,0.8081235800429781,alginate=1.00,fructan=0.50,23.445417881011963
paper_just_attention_fasttext_sg,ftSg__JustAttn,paper_DL,dl,fasttext_sg frozen Embedding (paper TextVectorization),non_recurrent_attention (single attention pass),Paper arch+optimizer+EarlyStopping verbatim; batch=1024/4096 for non-trans/trans.,43,1,0.7718446601941747,,0.7741701793438794,0.7539175261872629,0.7512129732942715,alginate=1.00,fructan=0.50,25.59817624092102
paper_just_attention_fasttext_sg,ftSg__JustAttn,paper_DL,dl,fasttext_sg frozen Embedding (paper TextVectorization),non_recurrent_attention (single attention pass),Paper arch+optimizer+EarlyStopping verbatim; batch=1024/4096 for non-trans/trans.,43,2,0.8398058252427184,,0.8570785215832385,0.8229694428378639,0.8269119752796857,alginate=1.00,galactan=0.61,20.903604984283447
paper_just_attention_fasttext_sg,ftSg__JustAttn,paper_DL,dl,fasttext_sg frozen Embedding (paper TextVectorization),non_recurrent_attention (single attention pass),Paper arch+optimizer+EarlyStopping verbatim; batch=1024/4096 for non-trans/trans.,43,3,0.8106796116504854,,0.8337474806552768,0.7893047924297925,0.7999580301462523,alginate=1.00,beta-mannan=0.62,17.080043077468872
paper_just_attention_fasttext_sg,ftSg__JustAttn,paper_DL,dl,fasttext_sg frozen Embedding (paper TextVectorization),non_recurrent_attention (single attention pass),Paper arch+optimizer+EarlyStopping verbatim; batch=1024/4096 for non-trans/trans.,43,4,0.7912621359223301,,0.8095966533466535,0.7738537851037853,0.7792588829240107,alginate=1.00,fructan=0.45,15.712743997573853
paper_just_attention_fasttext_sg,ftSg__JustAttn,paper_DL,dl,fasttext_sg frozen Embedding (paper TextVectorization),non_recurrent_attention (single attention pass),Paper arch+optimizer+EarlyStopping verbatim; batch=1024/4096 for non-trans/trans.,44,0,0.7524271844660194,,0.7614833372325048,0.7748139178073389,0.740621804658743,alginate=1.00,fructan=0.46,25.352405071258545
paper_just_attention_fasttext_sg,ftSg__JustAttn,paper_DL,dl,fasttext_sg frozen Embedding (paper TextVectorization),non_recurrent_attention (single attention pass),Paper arch+optimizer+EarlyStopping verbatim; batch=1024/4096 for non-trans/trans.,44,1,0.7864077669902912,,0.804910415020709,0.7877430756378123,0.78222006571287,alginate=1.00,beta-mannan=0.43,32.64684700965881
paper_just_attention_fasttext_sg,ftSg__JustAttn,paper_DL,dl,fasttext_sg frozen Embedding (paper TextVectorization),non_recurrent_attention (single attention pass),Paper arch+optimizer+EarlyStopping verbatim; batch=1024/4096 for non-trans/trans.,44,2,0.7621359223300971,,0.791098999986468,0.7202021479982007,0.7404937567218269,alginate=1.00,fructan=0.33,21.016477346420288
paper_just_attention_fasttext_sg,ftSg__JustAttn,paper_DL,dl,fasttext_sg frozen Embedding (paper TextVectorization),non_recurrent_attention (single attention pass),Paper arch+optimizer+EarlyStopping verbatim; batch=1024/4096 for non-trans/trans.,44,3,0.7864077669902912,,0.7787248369320738,0.6945436507936508,0.7144064269064269,alginate=1.00,fructan=0.00,21.416821241378784
paper_just_attention_fasttext_sg,ftSg__JustAttn,paper_DL,dl,fasttext_sg frozen Embedding (paper TextVectorization),non_recurrent_attention (single attention pass),Paper arch+optimizer+EarlyStopping verbatim; batch=1024/4096 for non-trans/trans.,44,4,0.7330097087378641,,0.709192427942428,0.6681891025641026,0.6767595610034278,alginate=1.00,alpha-mannan=0.25,14.619848012924194
paper_just_attention_fasttext_sg,ftSg__JustAttn,paper_DL,dl,fasttext_sg frozen Embedding (paper TextVectorization),non_recurrent_attention (single attention pass),Paper arch+optimizer+EarlyStopping verbatim; batch=1024/4096 for non-trans/trans.,45,0,0.7912621359223301,,0.808871799761388,0.7886185013816593,0.7861949078336042,alginate=1.00,arabinogalactan=0.62,25.939544200897217
paper_just_attention_fasttext_sg,ftSg__JustAttn,paper_DL,dl,fasttext_sg frozen Embedding (paper TextVectorization),non_recurrent_attention (single attention pass),Paper arch+optimizer+EarlyStopping verbatim; batch=1024/4096 for non-trans/trans.,45,1,0.7766990291262136,,0.7968616248947131,0.740357905982906,0.75724045831097,alginate=1.00,fructan=0.60,28.807023286819458
paper_just_attention_fasttext_sg,ftSg__JustAttn,paper_DL,dl,fasttext_sg frozen Embedding (paper TextVectorization),non_recurrent_attention (single attention pass),Paper arch+optimizer+EarlyStopping verbatim; batch=1024/4096 for non-trans/trans.,45,2,0.7572815533980582,,0.7932978499541967,0.7509222575669944,0.7521036103159515,alginate=1.00,fructan=0.46,20.939577102661133
paper_just_attention_fasttext_sg,ftSg__JustAttn,paper_DL,dl,fasttext_sg frozen Embedding (paper TextVectorization),non_recurrent_attention (single attention pass),Paper arch+optimizer+EarlyStopping verbatim; batch=1024/4096 for non-trans/trans.,45,3,0.8058252427184466,,0.7604285011995738,0.7909378815628817,0.7712232969852283,alginate=1.00,fructan=0.17,25.049048900604248
paper_just_attention_fasttext_sg,ftSg__JustAttn,paper_DL,dl,fasttext_sg frozen Embedding (paper TextVectorization),non_recurrent_attention (single attention pass),Paper arch+optimizer+EarlyStopping verbatim; batch=1024/4096 for non-trans/trans.,45,4,0.7621359223300971,,0.757039235659184,0.7436932743182743,0.7345570470059796,alginate=1.00,alpha-mannan=0.50,26.981996059417725
paper_just_attention_fasttext_sg,ftSg__JustAttn,paper_DL,dl,fasttext_sg frozen Embedding (paper TextVectorization),non_recurrent_attention (single attention pass),Paper arch+optimizer+EarlyStopping verbatim; batch=1024/4096 for non-trans/trans.,46,0,0.7961165048543689,,0.8588518083130153,0.7551066769487821,0.7823364297159278,alginate=1.00,fructan=0.45,18.4846773147583
paper_just_attention_fasttext_sg,ftSg__JustAttn,paper_DL,dl,fasttext_sg frozen Embedding (paper TextVectorization),non_recurrent_attention (single attention pass),Paper arch+optimizer+EarlyStopping verbatim; batch=1024/4096 for non-trans/trans.,46,1,0.7864077669902912,,0.7900815569517013,0.7991675502859715,0.7814232181257043,alginate=1.00,beta-mannan=0.47,24.18457317352295
paper_just_attention_fasttext_sg,ftSg__JustAttn,paper_DL,dl,fasttext_sg frozen Embedding (paper TextVectorization),non_recurrent_attention (single attention pass),Paper arch+optimizer+EarlyStopping verbatim; batch=1024/4096 for non-trans/trans.,46,2,0.8300970873786407,,0.8418370210036877,0.8163435029882398,0.8131677136088901,alginate=1.00,fructan=0.50,21.836769104003906
paper_just_attention_fasttext_sg,ftSg__JustAttn,paper_DL,dl,fasttext_sg frozen Embedding (paper TextVectorization),non_recurrent_attention (single attention pass),Paper arch+optimizer+EarlyStopping verbatim; batch=1024/4096 for non-trans/trans.,46,3,0.7815533980582524,,0.7265144403742578,0.7254286223036224,0.7190855553622608,alginate=1.00,alpha-mannan=0.00,16.218129873275757
paper_just_attention_fasttext_sg,ftSg__JustAttn,paper_DL,dl,fasttext_sg frozen Embedding (paper TextVectorization),non_recurrent_attention (single attention pass),Paper arch+optimizer+EarlyStopping verbatim; batch=1024/4096 for non-trans/trans.,46,4,0.7524271844660194,,0.7441013143458796,0.731207264957265,0.7191673346222509,alginate=1.00,fructan=0.33,16.832125902175903
paper_vanilla_lstm_fasttext_sg,ftSg__LSTM,paper_DL,dl,fasttext_sg frozen Embedding (paper TextVectorization),"LSTM(100, dropout=0.6) + Dense head",Paper arch+optimizer+EarlyStopping verbatim; batch=1024/4096 for non-trans/trans.,42,0,0.7475728155339806,,0.758260662948163,0.656166658633764,0.670878882760442,alginate=1.00,beta-mannan=0.42,12.32808804512024
paper_vanilla_lstm_fasttext_sg,ftSg__LSTM,paper_DL,dl,fasttext_sg frozen Embedding (paper TextVectorization),"LSTM(100, dropout=0.6) + Dense head",Paper arch+optimizer+EarlyStopping verbatim; batch=1024/4096 for non-trans/trans.,42,1,0.7330097087378641,,0.7155313400769123,0.6533227700661911,0.6752394553180808,alginate=1.00,arabinogalactan=0.20,69.43037271499634
paper_vanilla_lstm_fasttext_sg,ftSg__LSTM,paper_DL,dl,fasttext_sg frozen Embedding (paper TextVectorization),"LSTM(100, dropout=0.6) + Dense head",Paper arch+optimizer+EarlyStopping verbatim; batch=1024/4096 for non-trans/trans.,42,2,0.7766990291262136,,0.7769187353303896,0.7436649315596684,0.7517739902018253,alginate=1.00,galactan=0.44,70.41833591461182
paper_vanilla_lstm_fasttext_sg,ftSg__LSTM,paper_DL,dl,fasttext_sg frozen Embedding (paper TextVectorization),"LSTM(100, dropout=0.6) + Dense head",Paper arch+optimizer+EarlyStopping verbatim; batch=1024/4096 for non-trans/trans.,42,3,0.7961165048543689,,0.7590241157191623,0.7270032051282053,0.7325511561915072,alpha-mannan=1.00,arabinogalactan=0.25,69.8326358795166
paper_vanilla_lstm_fasttext_sg,ftSg__LSTM,paper_DL,dl,fasttext_sg frozen Embedding (paper TextVectorization),"LSTM(100, dropout=0.6) + Dense head",Paper arch+optimizer+EarlyStopping verbatim; batch=1024/4096 for non-trans/trans.,42,4,0.8009708737864077,,0.7653920551122892,0.7226984126984126,0.7352208487004376,alginate=1.00,alpha-mannan=0.50,69.07383894920349
paper_vanilla_lstm_fasttext_sg,ftSg__LSTM,paper_DL,dl,fasttext_sg frozen Embedding (paper TextVectorization),"LSTM(100, dropout=0.6) + Dense head",Paper arch+optimizer+EarlyStopping verbatim; batch=1024/4096 for non-trans/trans.,43,0,0.7864077669902912,,0.7929520358868185,0.7837590771801297,0.7816869708124333,alginate=1.00,fructan=0.50,70.0133740901947
paper_vanilla_lstm_fasttext_sg,ftSg__LSTM,paper_DL,dl,fasttext_sg frozen Embedding (paper TextVectorization),"LSTM(100, dropout=0.6) + Dense head",Paper arch+optimizer+EarlyStopping verbatim; batch=1024/4096 for non-trans/trans.,43,1,0.7669902912621359,,0.7378894352482254,0.6796730206927575,0.6905500984070739,alginate=1.00,arabinogalactan=0.33,71.95681309700012
paper_vanilla_lstm_fasttext_sg,ftSg__LSTM,paper_DL,dl,fasttext_sg frozen Embedding (paper TextVectorization),"LSTM(100, dropout=0.6) + Dense head",Paper arch+optimizer+EarlyStopping verbatim; batch=1024/4096 for non-trans/trans.,43,2,0.7621359223300971,,0.7880916262336042,0.7168395347342716,0.7431153281427223,alginate=1.00,galactan=0.42,69.69159603118896
paper_vanilla_lstm_fasttext_sg,ftSg__LSTM,paper_DL,dl,fasttext_sg frozen Embedding (paper TextVectorization),"LSTM(100, dropout=0.6) + Dense head",Paper arch+optimizer+EarlyStopping verbatim; batch=1024/4096 for non-trans/trans.,43,3,0.7669902912621359,,0.6823605111014812,0.6788079975579976,0.6750910179122543,alginate=1.00,fructan=0.00,70.37922930717468
paper_vanilla_lstm_fasttext_sg,ftSg__LSTM,paper_DL,dl,fasttext_sg frozen Embedding (paper TextVectorization),"LSTM(100, dropout=0.6) + Dense head",Paper arch+optimizer+EarlyStopping verbatim; batch=1024/4096 for non-trans/trans.,43,4,0.7184466019417476,,0.712778400583511,0.6754532967032968,0.6810141276283072,alginate=1.00,arabinogalactan=0.25,70.31441903114319
paper_vanilla_lstm_fasttext_sg,ftSg__LSTM,paper_DL,dl,fasttext_sg frozen Embedding (paper TextVectorization),"LSTM(100, dropout=0.6) + Dense head",Paper arch+optimizer+EarlyStopping verbatim; batch=1024/4096 for non-trans/trans.,44,0,0.7912621359223301,,0.8035965668318609,0.71710281312255,0.7302366531892394,alginate=1.00,arabinogalactan=0.38,70.81031608581543
paper_vanilla_lstm_fasttext_sg,ftSg__LSTM,paper_DL,dl,fasttext_sg frozen Embedding (paper TextVectorization),"LSTM(100, dropout=0.6) + Dense head",Paper arch+optimizer+EarlyStopping verbatim; batch=1024/4096 for non-trans/trans.,44,1,0.8155339805825242,,0.8006028768671789,0.7920356580553949,0.7933423439095112,alginate=1.00,arabinogalactan=0.43,71.54202508926392
paper_vanilla_lstm_fasttext_sg,ftSg__LSTM,paper_DL,dl,fasttext_sg frozen Embedding (paper TextVectorization),"LSTM(100, dropout=0.6) + Dense head",Paper arch+optimizer+EarlyStopping verbatim; batch=1024/4096 for non-trans/trans.,44,2,0.7815533980582524,,0.7825718851142581,0.7022274837735364,0.7275140047940889,alginate=1.00,fructan=0.50,74.03358817100525
paper_vanilla_lstm_fasttext_sg,ftSg__LSTM,paper_DL,dl,fasttext_sg frozen Embedding (paper TextVectorization),"LSTM(100, dropout=0.6) + Dense head",Paper arch+optimizer+EarlyStopping verbatim; batch=1024/4096 for non-trans/trans.,44,3,0.8252427184466019,,0.8279515014712383,0.7555555555555556,0.7690816230763636,alginate=1.00,arabinogalactan=0.56,72.461510181427
paper_vanilla_lstm_fasttext_sg,ftSg__LSTM,paper_DL,dl,fasttext_sg frozen Embedding (paper TextVectorization),"LSTM(100, dropout=0.6) + Dense head",Paper arch+optimizer+EarlyStopping verbatim; batch=1024/4096 for non-trans/trans.,44,4,0.7427184466019418,,0.7365917237753378,0.7007669413919414,0.6985081547646391,alginate=1.00,fructan=0.27,71.30402183532715
paper_vanilla_lstm_fasttext_sg,ftSg__LSTM,paper_DL,dl,fasttext_sg frozen Embedding (paper TextVectorization),"LSTM(100, dropout=0.6) + Dense head",Paper arch+optimizer+EarlyStopping verbatim; batch=1024/4096 for non-trans/trans.,45,0,0.8009708737864077,,0.7891193124423258,0.7909787288734657,0.777867802850539,alginate=1.00,beta-mannan=0.50,72.36305785179138
paper_vanilla_lstm_fasttext_sg,ftSg__LSTM,paper_DL,dl,fasttext_sg frozen Embedding (paper TextVectorization),"LSTM(100, dropout=0.6) + Dense head",Paper arch+optimizer+EarlyStopping verbatim; batch=1024/4096 for non-trans/trans.,45,1,0.7718446601941747,,0.8091622429857724,0.7019411107897949,0.7295197433812235,alginate=1.00,galactan=0.59,71.1146068572998
paper_vanilla_lstm_fasttext_sg,ftSg__LSTM,paper_DL,dl,fasttext_sg frozen Embedding (paper TextVectorization),"LSTM(100, dropout=0.6) + Dense head",Paper arch+optimizer+EarlyStopping verbatim; batch=1024/4096 for non-trans/trans.,45,2,0.7427184466019418,,0.7210435397935399,0.6968552792237004,0.6910477913368575,alginate=1.00,fructan=0.38,71.66854977607727
paper_vanilla_lstm_fasttext_sg,ftSg__LSTM,paper_DL,dl,fasttext_sg frozen Embedding (paper TextVectorization),"LSTM(100, dropout=0.6) + Dense head",Paper arch+optimizer+EarlyStopping verbatim; batch=1024/4096 for non-trans/trans.,45,3,0.8203883495145631,,0.797486804086183,0.7737179487179487,0.7834347013631242,alginate=1.00,arabinogalactan=0.43,73.54329705238342
paper_vanilla_lstm_fasttext_sg,ftSg__LSTM,paper_DL,dl,fasttext_sg frozen Embedding (paper TextVectorization),"LSTM(100, dropout=0.6) + Dense head",Paper arch+optimizer+EarlyStopping verbatim; batch=1024/4096 for non-trans/trans.,45,4,0.8106796116504854,,0.8411860177854802,0.7652365689865691,0.7766258588081437,alpha-mannan=1.00,galactan=0.46,72.3891351222992
paper_vanilla_lstm_fasttext_sg,ftSg__LSTM,paper_DL,dl,fasttext_sg frozen Embedding (paper TextVectorization),"LSTM(100, dropout=0.6) + Dense head",Paper arch+optimizer+EarlyStopping verbatim; batch=1024/4096 for non-trans/trans.,46,0,0.7669902912621359,,0.7832211379175327,0.6763108894029948,0.6989256580801412,alginate=1.00,alpha-mannan=0.50,74.33764100074768
paper_vanilla_lstm_fasttext_sg,ftSg__LSTM,paper_DL,dl,fasttext_sg frozen Embedding (paper TextVectorization),"LSTM(100, dropout=0.6) + Dense head",Paper arch+optimizer+EarlyStopping verbatim; batch=1024/4096 for non-trans/trans.,46,1,0.7864077669902912,,0.8019912957412957,0.7926762017222545,0.7873386422022518,alginate=1.00,beta-mannan=0.35,72.49109387397766
paper_vanilla_lstm_fasttext_sg,ftSg__LSTM,paper_DL,dl,fasttext_sg frozen Embedding (paper TextVectorization),"LSTM(100, dropout=0.6) + Dense head",Paper arch+optimizer+EarlyStopping verbatim; batch=1024/4096 for non-trans/trans.,46,2,0.7864077669902912,,0.7694683788433788,0.7608375506072874,0.7544695874960053,alginate=1.00,arabinogalactan=0.29,72.75386309623718
paper_vanilla_lstm_fasttext_sg,ftSg__LSTM,paper_DL,dl,fasttext_sg frozen Embedding (paper TextVectorization),"LSTM(100, dropout=0.6) + Dense head",Paper arch+optimizer+EarlyStopping verbatim; batch=1024/4096 for non-trans/trans.,46,3,0.7718446601941747,,0.7485549941471407,0.7339362026862025,0.7289201604295967,pectin=0.94,arabinogalactan=0.47,72.73468708992004
paper_vanilla_lstm_fasttext_sg,ftSg__LSTM,paper_DL,dl,fasttext_sg frozen Embedding (paper TextVectorization),"LSTM(100, dropout=0.6) + Dense head",Paper arch+optimizer+EarlyStopping verbatim; batch=1024/4096 for non-trans/trans.,46,4,0.7912621359223301,,0.7783636929876504,0.7109111721611722,0.727816280941281,alginate=1.00,galactan=0.41,71.42158699035645
paper_lstm_with_attention_fasttext_sg,ftSg__LSTMattn,paper_DL,dl,fasttext_sg frozen Embedding (paper TextVectorization),"LSTM(100, return_seq) + attention head",Paper arch+optimizer+EarlyStopping verbatim; batch=1024/4096 for non-trans/trans.,42,0,0.7378640776699029,,0.7081283158037545,0.7010117441038494,0.6895502318196969,alginate=1.00,arabinogalactan=0.43,10.566627025604248
paper_lstm_with_attention_fasttext_sg,ftSg__LSTMattn,paper_DL,dl,fasttext_sg frozen Embedding (paper TextVectorization),"LSTM(100, return_seq) + attention head",Paper arch+optimizer+EarlyStopping verbatim; batch=1024/4096 for non-trans/trans.,42,1,0.7572815533980582,,0.7969022753580476,0.7257151693335904,0.727484103073753,alginate=1.00,galactan=0.46,8.167158842086792
paper_lstm_with_attention_fasttext_sg,ftSg__LSTMattn,paper_DL,dl,fasttext_sg frozen Embedding (paper TextVectorization),"LSTM(100, return_seq) + attention head",Paper arch+optimizer+EarlyStopping verbatim; batch=1024/4096 for non-trans/trans.,42,2,0.7766990291262136,,0.776612825264786,0.7575538204485572,0.7557772213635384,chitin=1.00,galactan=0.42,9.34221887588501
paper_lstm_with_attention_fasttext_sg,ftSg__LSTMattn,paper_DL,dl,fasttext_sg frozen Embedding (paper TextVectorization),"LSTM(100, return_seq) + attention head",Paper arch+optimizer+EarlyStopping verbatim; batch=1024/4096 for non-trans/trans.,42,3,0.7912621359223301,,0.726344890592772,0.6961309523809524,0.6969691504969381,alginate=1.00,fructan=0.00,8.98741888999939
paper_lstm_with_attention_fasttext_sg,ftSg__LSTMattn,paper_DL,dl,fasttext_sg frozen Embedding (paper TextVectorization),"LSTM(100, return_seq) + attention head",Paper arch+optimizer+EarlyStopping verbatim; batch=1024/4096 for non-trans/trans.,42,4,0.8349514563106796,,0.8268660533366416,0.8044833638583638,0.8099107915435816,alginate=1.00,arabinogalactan=0.60,10.836125373840332
paper_lstm_with_attention_fasttext_sg,ftSg__LSTMattn,paper_DL,dl,fasttext_sg frozen Embedding (paper TextVectorization),"LSTM(100, return_seq) + attention head",Paper arch+optimizer+EarlyStopping verbatim; batch=1024/4096 for non-trans/trans.,43,0,0.7961165048543689,,0.8193875175258154,0.7589533930981299,0.75223788231709,alginate=1.00,galactan=0.50,8.935386896133423
paper_lstm_with_attention_fasttext_sg,ftSg__LSTMattn,paper_DL,dl,fasttext_sg frozen Embedding (paper TextVectorization),"LSTM(100, return_seq) + attention head",Paper arch+optimizer+EarlyStopping verbatim; batch=1024/4096 for non-trans/trans.,43,1,0.7815533980582524,,0.7741659035409035,0.7514785762483128,0.7482936548334086,alginate=1.00,galactan=0.46,9.86653208732605
paper_lstm_with_attention_fasttext_sg,ftSg__LSTMattn,paper_DL,dl,fasttext_sg frozen Embedding (paper TextVectorization),"LSTM(100, return_seq) + attention head",Paper arch+optimizer+EarlyStopping verbatim; batch=1024/4096 for non-trans/trans.,43,2,0.7572815533980582,,0.7409669878669701,0.6718207377417903,0.6925040308638537,alginate=1.00,fructan=0.20,8.607594013214111
paper_lstm_with_attention_fasttext_sg,ftSg__LSTMattn,paper_DL,dl,fasttext_sg frozen Embedding (paper TextVectorization),"LSTM(100, return_seq) + attention head",Paper arch+optimizer+EarlyStopping verbatim; batch=1024/4096 for non-trans/trans.,43,3,0.7961165048543689,,0.7994733079036149,0.7691048534798535,0.7758876236930551,alpha-mannan=1.00,beta-mannan=0.53,10.25222897529602
paper_lstm_with_attention_fasttext_sg,ftSg__LSTMattn,paper_DL,dl,fasttext_sg frozen Embedding (paper TextVectorization),"LSTM(100, return_seq) + attention head",Paper arch+optimizer+EarlyStopping verbatim; batch=1024/4096 for non-trans/trans.,43,4,0.7766990291262136,,0.7487509018759018,0.7153978428978428,0.7228066241135599,alginate=1.00,arabinogalactan=0.33,10.16113805770874
paper_lstm_with_attention_fasttext_sg,ftSg__LSTMattn,paper_DL,dl,fasttext_sg frozen Embedding (paper TextVectorization),"LSTM(100, return_seq) + attention head",Paper arch+optimizer+EarlyStopping verbatim; batch=1024/4096 for non-trans/trans.,44,0,0.7572815533980582,,0.779394646747588,0.7311058897243109,0.7394579174953714,alginate=1.00,arabinogalactan=0.57,7.912890911102295
paper_lstm_with_attention_fasttext_sg,ftSg__LSTMattn,paper_DL,dl,fasttext_sg frozen Embedding (paper TextVectorization),"LSTM(100, return_seq) + attention head",Paper arch+optimizer+EarlyStopping verbatim; batch=1024/4096 for non-trans/trans.,44,1,0.7912621359223301,,0.7737132855586945,0.798042702911124,0.7781130939756188,alginate=1.00,arabinogalactan=0.40,9.386502742767334
paper_lstm_with_attention_fasttext_sg,ftSg__LSTMattn,paper_DL,dl,fasttext_sg frozen Embedding (paper TextVectorization),"LSTM(100, return_seq) + attention head",Paper arch+optimizer+EarlyStopping verbatim; batch=1024/4096 for non-trans/trans.,44,2,0.7961165048543689,,0.8290223668058249,0.7366922514619882,0.7564845759152669,alginate=1.00,fructan=0.57,10.818794965744019
paper_lstm_with_attention_fasttext_sg,ftSg__LSTMattn,paper_DL,dl,fasttext_sg frozen Embedding (paper TextVectorization),"LSTM(100, return_seq) + attention head",Paper arch+optimizer+EarlyStopping verbatim; batch=1024/4096 for non-trans/trans.,44,3,0.8106796116504854,,0.8140414858016077,0.7447496947496947,0.7528466384873708,alginate=1.00,fructan=0.60,12.547548770904541
paper_lstm_with_attention_fasttext_sg,ftSg__LSTMattn,paper_DL,dl,fasttext_sg frozen Embedding (paper TextVectorization),"LSTM(100, return_seq) + attention head",Paper arch+optimizer+EarlyStopping verbatim; batch=1024/4096 for non-trans/trans.,44,4,0.7864077669902912,,0.7938482106129165,0.7246314102564103,0.7423510740000102,alginate=1.00,galactan=0.44,9.655138969421387
paper_lstm_with_attention_fasttext_sg,ftSg__LSTMattn,paper_DL,dl,fasttext_sg frozen Embedding (paper TextVectorization),"LSTM(100, return_seq) + attention head",Paper arch+optimizer+EarlyStopping verbatim; batch=1024/4096 for non-trans/trans.,45,0,0.7912621359223301,,0.7988087395696092,0.7783069452477348,0.7766082596590214,alginate=1.00,beta-mannan=0.45,11.105283975601196
paper_lstm_with_attention_fasttext_sg,ftSg__LSTMattn,paper_DL,dl,fasttext_sg frozen Embedding (paper TextVectorization),"LSTM(100, return_seq) + attention head",Paper arch+optimizer+EarlyStopping verbatim; batch=1024/4096 for non-trans/trans.,45,1,0.8058252427184466,,0.8285898366643708,0.7585017029753872,0.7793497015805694,alginate=1.00,galactan=0.48,8.610781192779541
paper_lstm_with_attention_fasttext_sg,ftSg__LSTMattn,paper_DL,dl,fasttext_sg frozen Embedding (paper TextVectorization),"LSTM(100, return_seq) + attention head",Paper arch+optimizer+EarlyStopping verbatim; batch=1024/4096 for non-trans/trans.,45,2,0.7864077669902912,,0.8014574225050063,0.7456971354668723,0.7433634629737806,alginate=1.00,fructan=0.46,10.123385667800903
paper_lstm_with_attention_fasttext_sg,ftSg__LSTMattn,paper_DL,dl,fasttext_sg frozen Embedding (paper TextVectorization),"LSTM(100, return_seq) + attention head",Paper arch+optimizer+EarlyStopping verbatim; batch=1024/4096 for non-trans/trans.,45,3,0.8106796116504854,,0.757266865079365,0.7176778083028084,0.7205767799979622,alginate=1.00,fructan=0.00,8.959709882736206
paper_lstm_with_attention_fasttext_sg,ftSg__LSTMattn,paper_DL,dl,fasttext_sg frozen Embedding (paper TextVectorization),"LSTM(100, return_seq) + attention head",Paper arch+optimizer+EarlyStopping verbatim; batch=1024/4096 for non-trans/trans.,45,4,0.8058252427184466,,0.8279426798133741,0.7747909035409036,0.7898378703155954,alpha-mannan=1.00,fructan=0.67,13.250738859176636
paper_lstm_with_attention_fasttext_sg,ftSg__LSTMattn,paper_DL,dl,fasttext_sg frozen Embedding (paper TextVectorization),"LSTM(100, return_seq) + attention head",Paper arch+optimizer+EarlyStopping verbatim; batch=1024/4096 for non-trans/trans.,46,0,0.7572815533980582,,0.7627446529459242,0.6561399492320544,0.6815301308634382,alginate=1.00,arabinogalactan=0.50,11.030265092849731
paper_lstm_with_attention_fasttext_sg,ftSg__LSTMattn,paper_DL,dl,fasttext_sg frozen Embedding (paper TextVectorization),"LSTM(100, return_seq) + attention head",Paper arch+optimizer+EarlyStopping verbatim; batch=1024/4096 for non-trans/trans.,46,1,0.7572815533980582,,0.7460949300934718,0.7308195167405692,0.7314081769037318,alginate=1.00,beta-mannan=0.44,10.282044887542725
paper_lstm_with_attention_fasttext_sg,ftSg__LSTMattn,paper_DL,dl,fasttext_sg frozen Embedding (paper TextVectorization),"LSTM(100, return_seq) + attention head",Paper arch+optimizer+EarlyStopping verbatim; batch=1024/4096 for non-trans/trans.,46,2,0.7669902912621359,,0.7631144836385945,0.7522907428828481,0.7416511114772962,alginate=1.00,fructan=0.45,10.309679985046387
paper_lstm_with_attention_fasttext_sg,ftSg__LSTMattn,paper_DL,dl,fasttext_sg frozen Embedding (paper TextVectorization),"LSTM(100, return_seq) + attention head",Paper arch+optimizer+EarlyStopping verbatim; batch=1024/4096 for non-trans/trans.,46,3,0.8009708737864077,,0.7480011897232011,0.7615956959706959,0.7411109164787716,pectin=1.00,alpha-mannan=0.25,12.561513900756836
paper_lstm_with_attention_fasttext_sg,ftSg__LSTMattn,paper_DL,dl,fasttext_sg frozen Embedding (paper TextVectorization),"LSTM(100, return_seq) + attention head",Paper arch+optimizer+EarlyStopping verbatim; batch=1024/4096 for non-trans/trans.,46,4,0.8203883495145631,,0.8278875713658324,0.8150854700854699,0.807097340955453,alginate=1.00,galactan=0.39,11.964745044708252
paper_transformer_fasttext_sg,ftSg__Trans,paper_DL,dl,fasttext_sg frozen Embedding (paper TextVectorization),Transformer 4 blocks × 4 heads × head=128 × ff=512 × dropout=0.5 → GAP → softmax,Paper arch+optimizer+EarlyStopping verbatim; batch=1024.,42,0,0.7427184466019418,,0.7456671790367442,0.6647693753614806,0.6879407284977107,alginate=1.00,arabinogalactan=0.50,16.140224933624268
paper_transformer_fasttext_sg,ftSg__Trans,paper_DL,dl,fasttext_sg frozen Embedding (paper TextVectorization),Transformer 4 blocks × 4 heads × head=128 × ff=512 × dropout=0.5 → GAP → softmax,Paper arch+optimizer+EarlyStopping verbatim; batch=1024.,42,1,0.7427184466019418,,0.7925099517092425,0.6948635209819422,0.7262902053846343,alginate=1.00,galactan=0.60,14.372377872467041
paper_transformer_fasttext_sg,ftSg__Trans,paper_DL,dl,fasttext_sg frozen Embedding (paper TextVectorization),Transformer 4 blocks × 4 heads × head=128 × ff=512 × dropout=0.5 → GAP → softmax,Paper arch+optimizer+EarlyStopping verbatim; batch=1024.,42,2,0.7669902912621359,,0.7764338731443994,0.7347175631386157,0.7474140794302085,alginate=1.00,arabinogalactan=0.38,15.921788930892944
paper_transformer_fasttext_sg,ftSg__Trans,paper_DL,dl,fasttext_sg frozen Embedding (paper TextVectorization),Transformer 4 blocks × 4 heads × head=128 × ff=512 × dropout=0.5 → GAP → softmax,Paper arch+optimizer+EarlyStopping verbatim; batch=1024.,42,3,0.7961165048543689,,0.8318022486772487,0.7661095848595849,0.7758383782806052,alginate=1.00,beta-mannan=0.57,15.752633094787598
paper_transformer_fasttext_sg,ftSg__Trans,paper_DL,dl,fasttext_sg frozen Embedding (paper TextVectorization),Transformer 4 blocks × 4 heads × head=128 × ff=512 × dropout=0.5 → GAP → softmax,Paper arch+optimizer+EarlyStopping verbatim; batch=1024.,42,4,0.8300970873786407,,0.8434141419725784,0.7809821428571428,0.8000508940164113,alginate=1.00,arabinogalactan=0.67,15.687215805053711
paper_transformer_fasttext_sg,ftSg__Trans,paper_DL,dl,fasttext_sg frozen Embedding (paper TextVectorization),Transformer 4 blocks × 4 heads × head=128 × ff=512 × dropout=0.5 → GAP → softmax,Paper arch+optimizer+EarlyStopping verbatim; batch=1024.,43,0,0.8058252427184466,,0.8312003531683168,0.8048244007454534,0.8064582064819977,alginate=1.00,galactan=0.63,19.790515899658203
paper_transformer_fasttext_sg,ftSg__Trans,paper_DL,dl,fasttext_sg frozen Embedding (paper TextVectorization),Transformer 4 blocks × 4 heads × head=128 × ff=512 × dropout=0.5 → GAP → softmax,Paper arch+optimizer+EarlyStopping verbatim; batch=1024.,43,1,0.6941747572815534,,0.6986925111925112,0.6020426466808045,0.6159460619622638,alginate=1.00,fructan=0.00,15.78200101852417
paper_transformer_fasttext_sg,ftSg__Trans,paper_DL,dl,fasttext_sg frozen Embedding (paper TextVectorization),Transformer 4 blocks × 4 heads × head=128 × ff=512 × dropout=0.5 → GAP → softmax,Paper arch+optimizer+EarlyStopping verbatim; batch=1024.,43,2,0.6990291262135923,,0.7010363792440383,0.6177193384101279,0.6237189983560426,alginate=1.00,arabinogalactan=0.33,13.983783960342407
paper_transformer_fasttext_sg,ftSg__Trans,paper_DL,dl,fasttext_sg frozen Embedding (paper TextVectorization),Transformer 4 blocks × 4 heads × head=128 × ff=512 × dropout=0.5 → GAP → softmax,Paper arch+optimizer+EarlyStopping verbatim; batch=1024.,43,3,0.7766990291262136,,0.7974381419234362,0.723550061050061,0.7442541649858723,alginate=1.00,arabinogalactan=0.50,16.06312108039856
paper_transformer_fasttext_sg,ftSg__Trans,paper_DL,dl,fasttext_sg frozen Embedding (paper TextVectorization),Transformer 4 blocks × 4 heads × head=128 × ff=512 × dropout=0.5 → GAP → softmax,Paper arch+optimizer+EarlyStopping verbatim; batch=1024.,43,4,0.8009708737864077,,0.7966024114275179,0.776098901098901,0.7833693036023718,alginate=1.00,arabinogalactan=0.50,16.802781105041504
paper_transformer_fasttext_sg,ftSg__Trans,paper_DL,dl,fasttext_sg frozen Embedding (paper TextVectorization),Transformer 4 blocks × 4 heads × head=128 × ff=512 × dropout=0.5 → GAP → softmax,Paper arch+optimizer+EarlyStopping verbatim; batch=1024.,44,0,0.7427184466019418,,0.8019341654790569,0.7178249309170363,0.732471180787866,alginate=1.00,beta-mannan=0.38,15.15499210357666
paper_transformer_fasttext_sg,ftSg__Trans,paper_DL,dl,fasttext_sg frozen Embedding (paper TextVectorization),Transformer 4 blocks × 4 heads × head=128 × ff=512 × dropout=0.5 → GAP → softmax,Paper arch+optimizer+EarlyStopping verbatim; batch=1024.,44,1,0.7766990291262136,,0.7603502750801345,0.7972022202943254,0.7633909334413346,alginate=1.00,arabinogalactan=0.45,16.791749000549316
paper_transformer_fasttext_sg,ftSg__Trans,paper_DL,dl,fasttext_sg frozen Embedding (paper TextVectorization),Transformer 4 blocks × 4 heads × head=128 × ff=512 × dropout=0.5 → GAP → softmax,Paper arch+optimizer+EarlyStopping verbatim; batch=1024.,44,2,0.7621359223300971,,0.7527964607060652,0.7100553467000835,0.7136512631343761,alginate=1.00,fructan=0.50,17.261813163757324
paper_transformer_fasttext_sg,ftSg__Trans,paper_DL,dl,fasttext_sg frozen Embedding (paper TextVectorization),Transformer 4 blocks × 4 heads × head=128 × ff=512 × dropout=0.5 → GAP → softmax,Paper arch+optimizer+EarlyStopping verbatim; batch=1024.,44,3,0.8203883495145631,,0.8347222594501714,0.8032432844932845,0.8010198794185638,arabinogalactan=1.00,beta-mannan=0.67,19.987762928009033
paper_transformer_fasttext_sg,ftSg__Trans,paper_DL,dl,fasttext_sg frozen Embedding (paper TextVectorization),Transformer 4 blocks × 4 heads × head=128 × ff=512 × dropout=0.5 → GAP → softmax,Paper arch+optimizer+EarlyStopping verbatim; batch=1024.,44,4,0.7233009708737864,,0.7446431028551772,0.6711141636141637,0.6806487583548159,alginate=1.00,arabinogalactan=0.40,16.58803081512451
paper_transformer_fasttext_sg,ftSg__Trans,paper_DL,dl,fasttext_sg frozen Embedding (paper TextVectorization),Transformer 4 blocks × 4 heads × head=128 × ff=512 × dropout=0.5 → GAP → softmax,Paper arch+optimizer+EarlyStopping verbatim; batch=1024.,45,0,0.8058252427184466,,0.830391010873467,0.7553971467129362,0.7761542879663966,alginate=1.00,beta-mannan=0.36,19.97908306121826
paper_transformer_fasttext_sg,ftSg__Trans,paper_DL,dl,fasttext_sg frozen Embedding (paper TextVectorization),Transformer 4 blocks × 4 heads × head=128 × ff=512 × dropout=0.5 → GAP → softmax,Paper arch+optimizer+EarlyStopping verbatim; batch=1024.,45,1,0.7621359223300971,,0.7573110221952525,0.7401866043313411,0.7365294244241611,fructan=1.00,arabinogalactan=0.44,16.49650502204895
paper_transformer_fasttext_sg,ftSg__Trans,paper_DL,dl,fasttext_sg frozen Embedding (paper TextVectorization),Transformer 4 blocks × 4 heads × head=128 × ff=512 × dropout=0.5 → GAP → softmax,Paper arch+optimizer+EarlyStopping verbatim; batch=1024.,45,2,0.7281553398058253,,0.7018112492134474,0.7075094788252683,0.6868269098334641,alginate=1.00,fructan=0.50,17.362247943878174
paper_transformer_fasttext_sg,ftSg__Trans,paper_DL,dl,fasttext_sg frozen Embedding (paper TextVectorization),Transformer 4 blocks × 4 heads × head=128 × ff=512 × dropout=0.5 → GAP → softmax,Paper arch+optimizer+EarlyStopping verbatim; batch=1024.,45,3,0.7621359223300971,,0.7420341494254538,0.707287851037851,0.7110582213843085,alginate=1.00,arabinogalactan=0.25,17.28467082977295
paper_transformer_fasttext_sg,ftSg__Trans,paper_DL,dl,fasttext_sg frozen Embedding (paper TextVectorization),Transformer 4 blocks × 4 heads × head=128 × ff=512 × dropout=0.5 → GAP → softmax,Paper arch+optimizer+EarlyStopping verbatim; batch=1024.,45,4,0.7718446601941747,,0.7850221564302023,0.7301747557997557,0.7380925072627934,alpha-mannan=1.00,fructan=0.30,18.048192024230957
paper_transformer_fasttext_sg,ftSg__Trans,paper_DL,dl,fasttext_sg frozen Embedding (paper TextVectorization),Transformer 4 blocks × 4 heads × head=128 × ff=512 × dropout=0.5 → GAP → softmax,Paper arch+optimizer+EarlyStopping verbatim; batch=1024.,46,0,0.8155339805825242,,0.8278327937455175,0.7394793875714928,0.7670723042418445,alginate=1.00,fructan=0.50,21.54848313331604
paper_transformer_fasttext_sg,ftSg__Trans,paper_DL,dl,fasttext_sg frozen Embedding (paper TextVectorization),Transformer 4 blocks × 4 heads × head=128 × ff=512 × dropout=0.5 → GAP → softmax,Paper arch+optimizer+EarlyStopping verbatim; batch=1024.,46,1,0.8398058252427184,,0.8391695128343736,0.8126657991131676,0.8182236296613704,alginate=1.00,galactan=0.50,24.2777259349823
paper_transformer_fasttext_sg,ftSg__Trans,paper_DL,dl,fasttext_sg frozen Embedding (paper TextVectorization),Transformer 4 blocks × 4 heads × head=128 × ff=512 × dropout=0.5 → GAP → softmax,Paper arch+optimizer+EarlyStopping verbatim; batch=1024.,46,2,0.6941747572815534,,0.671457756741166,0.6500247413405309,0.6451650004940923,chitin=1.00,galactan=0.27,16.435744762420654
paper_transformer_fasttext_sg,ftSg__Trans,paper_DL,dl,fasttext_sg frozen Embedding (paper TextVectorization),Transformer 4 blocks × 4 heads × head=128 × ff=512 × dropout=0.5 → GAP → softmax,Paper arch+optimizer+EarlyStopping verbatim; batch=1024.,46,3,0.7621359223300971,,0.7673067770436193,0.6941353785103787,0.7065372655937142,alginate=1.00,fructan=0.50,18.91741108894348
paper_transformer_fasttext_sg,ftSg__Trans,paper_DL,dl,fasttext_sg frozen Embedding (paper TextVectorization),Transformer 4 blocks × 4 heads × head=128 × ff=512 × dropout=0.5 → GAP → softmax,Paper arch+optimizer+EarlyStopping verbatim; batch=1024.,46,4,0.8009708737864077,,0.8084788359788361,0.7790155677655678,0.7788815023635395,alginate=1.00,galactan=0.58,25.389484882354736
paper_word2vec_cbow_BRF,w2vCbow__BRF100,paper_shallow,shallow,word2vec_cbow mean of word vectors (gensim native wv[t]),OvR(BalancedRF n=100 balanced),Paper word2vec_cbow + BRF (gensim native API; n-gram OOV for FT).,42,0,0.8009708737864077,,0.7946296296296295,0.8030775255446309,0.7882246390138105,alginate=1.00,galactan=0.48,1.6272809505462646
paper_word2vec_cbow_BRF,w2vCbow__BRF100,paper_shallow,shallow,word2vec_cbow mean of word vectors (gensim native wv[t]),OvR(BalancedRF n=100 balanced),Paper word2vec_cbow + BRF (gensim native API; n-gram OOV for FT).,42,1,0.8300970873786407,,0.7995994947081905,0.8368606211040422,0.8105759472866544,alginate=1.00,beta-mannan=0.53,1.6061999797821045
paper_word2vec_cbow_BRF,w2vCbow__BRF100,paper_shallow,shallow,word2vec_cbow mean of word vectors (gensim native wv[t]),OvR(BalancedRF n=100 balanced),Paper word2vec_cbow + BRF (gensim native API; n-gram OOV for FT).,42,2,0.7961165048543689,,0.7725425922117098,0.8005185640383009,0.775633034749711,alginate=1.00,galactan=0.35,1.5878479480743408
paper_word2vec_cbow_BRF,w2vCbow__BRF100,paper_shallow,shallow,word2vec_cbow mean of word vectors (gensim native wv[t]),OvR(BalancedRF n=100 balanced),Paper word2vec_cbow + BRF (gensim native API; n-gram OOV for FT).,42,3,0.8640776699029126,,0.8407517237664296,0.841971916971917,0.8374923690237249,alginate=1.00,fructan=0.62,1.5986571311950684
paper_word2vec_cbow_BRF,w2vCbow__BRF100,paper_shallow,shallow,word2vec_cbow mean of word vectors (gensim native wv[t]),OvR(BalancedRF n=100 balanced),Paper word2vec_cbow + BRF (gensim native API; n-gram OOV for FT).,42,4,0.8106796116504854,,0.7833991340784819,0.8082524420024421,0.7870304190551173,alpha-glucan=0.92,arabinogalactan=0.40,1.5915026664733887
paper_word2vec_cbow_BRF,w2vCbow__BRF100,paper_shallow,shallow,word2vec_cbow mean of word vectors (gensim native wv[t]),OvR(BalancedRF n=100 balanced),Paper word2vec_cbow + BRF (gensim native API; n-gram OOV for FT).,43,0,0.8543689320388349,,0.8211840364800892,0.8563765985476511,0.8320534146323683,alginate=1.00,fructan=0.56,1.6017770767211914
paper_word2vec_cbow_BRF,w2vCbow__BRF100,paper_shallow,shallow,word2vec_cbow mean of word vectors (gensim native wv[t]),OvR(BalancedRF n=100 balanced),Paper word2vec_cbow + BRF (gensim native API; n-gram OOV for FT).,43,1,0.7669902912621359,,0.749876526029272,0.7705798149219202,0.749103242398836,host glycan=0.95,galactan=0.46,1.5882649421691895
paper_word2vec_cbow_BRF,w2vCbow__BRF100,paper_shallow,shallow,word2vec_cbow mean of word vectors (gensim native wv[t]),OvR(BalancedRF n=100 balanced),Paper word2vec_cbow + BRF (gensim native API; n-gram OOV for FT).,43,2,0.8446601941747572,,0.8158627497821872,0.8437145347342715,0.8225666930016563,alginate=1.00,arabinogalactan=0.50,1.6125688552856445
paper_word2vec_cbow_BRF,w2vCbow__BRF100,paper_shallow,shallow,word2vec_cbow mean of word vectors (gensim native wv[t]),OvR(BalancedRF n=100 balanced),Paper word2vec_cbow + BRF (gensim native API; n-gram OOV for FT).,43,3,0.8155339805825242,,0.7911531122915564,0.8272664835164835,0.8017721858668351,alpha-mannan=1.00,fructan=0.55,1.6008329391479492
paper_word2vec_cbow_BRF,w2vCbow__BRF100,paper_shallow,shallow,word2vec_cbow mean of word vectors (gensim native wv[t]),OvR(BalancedRF n=100 balanced),Paper word2vec_cbow + BRF (gensim native API; n-gram OOV for FT).,43,4,0.8058252427184466,,0.7619365029834136,0.7834210927960928,0.7675149930584714,alginate=1.00,arabinogalactan=0.25,1.6029250621795654
paper_word2vec_cbow_BRF,w2vCbow__BRF100,paper_shallow,shallow,word2vec_cbow mean of word vectors (gensim native wv[t]),OvR(BalancedRF n=100 balanced),Paper word2vec_cbow + BRF (gensim native API; n-gram OOV for FT).,44,0,0.7572815533980582,,0.7541195368854944,0.772008587173061,0.7471751519091295,alginate=1.00,arabinogalactan=0.46,1.6057169437408447
paper_word2vec_cbow_BRF,w2vCbow__BRF100,paper_shallow,shallow,word2vec_cbow mean of word vectors (gensim native wv[t]),OvR(BalancedRF n=100 balanced),Paper word2vec_cbow + BRF (gensim native API; n-gram OOV for FT).,44,1,0.7766990291262136,,0.7475965811563637,0.7836923237581132,0.7429003819306007,alpha-glucan=0.95,arabinogalactan=0.29,1.6126279830932617
paper_word2vec_cbow_BRF,w2vCbow__BRF100,paper_shallow,shallow,word2vec_cbow mean of word vectors (gensim native wv[t]),OvR(BalancedRF n=100 balanced),Paper word2vec_cbow + BRF (gensim native API; n-gram OOV for FT).,44,2,0.8106796116504854,,0.7922109704785143,0.7722353158537368,0.7768065334476026,alginate=1.00,arabinogalactan=0.50,1.6139252185821533
paper_word2vec_cbow_BRF,w2vCbow__BRF100,paper_shallow,shallow,word2vec_cbow mean of word vectors (gensim native wv[t]),OvR(BalancedRF n=100 balanced),Paper word2vec_cbow + BRF (gensim native API; n-gram OOV for FT).,44,3,0.8398058252427184,,0.831946094936291,0.8604103072853072,0.8386350841682958,alginate=1.00,fructan=0.58,1.5898327827453613
paper_word2vec_cbow_BRF,w2vCbow__BRF100,paper_shallow,shallow,word2vec_cbow mean of word vectors (gensim native wv[t]),OvR(BalancedRF n=100 balanced),Paper word2vec_cbow + BRF (gensim native API; n-gram OOV for FT).,44,4,0.7864077669902912,,0.7427170868347339,0.7699954212454214,0.7431808371993723,alpha-glucan=1.00,alpha-mannan=0.50,1.5874450206756592
paper_word2vec_cbow_BRF,w2vCbow__BRF100,paper_shallow,shallow,word2vec_cbow mean of word vectors (gensim native wv[t]),OvR(BalancedRF n=100 balanced),Paper word2vec_cbow + BRF (gensim native API; n-gram OOV for FT).,45,0,0.7718446601941747,,0.7510135039518581,0.7473072504980399,0.7425400822344267,alginate=1.00,beta-mannan=0.42,1.5985209941864014
paper_word2vec_cbow_BRF,w2vCbow__BRF100,paper_shallow,shallow,word2vec_cbow mean of word vectors (gensim native wv[t]),OvR(BalancedRF n=100 balanced),Paper word2vec_cbow + BRF (gensim native API; n-gram OOV for FT).,45,1,0.8203883495145631,,0.7854936657968694,0.8253448525159053,0.8014692879819701,beta-glucan=0.92,galactan=0.53,1.603219985961914
paper_word2vec_cbow_BRF,w2vCbow__BRF100,paper_shallow,shallow,word2vec_cbow mean of word vectors (gensim native wv[t]),OvR(BalancedRF n=100 balanced),Paper word2vec_cbow + BRF (gensim native API; n-gram OOV for FT).,45,2,0.7766990291262136,,0.7795079787630098,0.7920442532613584,0.7774490973922612,alginate=1.00,galactan=0.50,1.597641944885254
paper_word2vec_cbow_BRF,w2vCbow__BRF100,paper_shallow,shallow,word2vec_cbow mean of word vectors (gensim native wv[t]),OvR(BalancedRF n=100 balanced),Paper word2vec_cbow + BRF (gensim native API; n-gram OOV for FT).,45,3,0.8495145631067961,,0.8244713127579262,0.8596115689865691,0.8361632188405239,alginate=1.00,arabinogalactan=0.50,1.5941658020019531
paper_word2vec_cbow_BRF,w2vCbow__BRF100,paper_shallow,shallow,word2vec_cbow mean of word vectors (gensim native wv[t]),OvR(BalancedRF n=100 balanced),Paper word2vec_cbow + BRF (gensim native API; n-gram OOV for FT).,45,4,0.7864077669902912,,0.7735555725139059,0.8018826312576312,0.7809773216320414,xylan=0.93,fructan=0.60,1.599729061126709
paper_word2vec_cbow_BRF,w2vCbow__BRF100,paper_shallow,shallow,word2vec_cbow mean of word vectors (gensim native wv[t]),OvR(BalancedRF n=100 balanced),Paper word2vec_cbow + BRF (gensim native API; n-gram OOV for FT).,46,0,0.8155339805825242,,0.7986218931679289,0.7985051571235782,0.779913350063829,alginate=1.00,alpha-mannan=0.57,1.597541093826294
paper_word2vec_cbow_BRF,w2vCbow__BRF100,paper_shallow,shallow,word2vec_cbow mean of word vectors (gensim native wv[t]),OvR(BalancedRF n=100 balanced),Paper word2vec_cbow + BRF (gensim native API; n-gram OOV for FT).,46,1,0.8203883495145631,,0.7979433884884651,0.8281345591542958,0.8040625810261476,beta-glucan=1.00,arabinogalactan=0.44,1.5936598777770996
paper_word2vec_cbow_BRF,w2vCbow__BRF100,paper_shallow,shallow,word2vec_cbow mean of word vectors (gensim native wv[t]),OvR(BalancedRF n=100 balanced),Paper word2vec_cbow + BRF (gensim native API; n-gram OOV for FT).,46,2,0.7766990291262136,,0.747214404836356,0.7655665606323501,0.7500172261386663,alginate=1.00,galactan=0.45,1.5785150527954102
paper_word2vec_cbow_BRF,w2vCbow__BRF100,paper_shallow,shallow,word2vec_cbow mean of word vectors (gensim native wv[t]),OvR(BalancedRF n=100 balanced),Paper word2vec_cbow + BRF (gensim native API; n-gram OOV for FT).,46,3,0.8058252427184466,,0.7701472590192102,0.8226572039072039,0.7833021553276853,host glycan=0.93,alpha-mannan=0.50,1.6006028652191162
paper_word2vec_cbow_BRF,w2vCbow__BRF100,paper_shallow,shallow,word2vec_cbow mean of word vectors (gensim native wv[t]),OvR(BalancedRF n=100 balanced),Paper word2vec_cbow + BRF (gensim native API; n-gram OOV for FT).,46,4,0.8543689320388349,,0.8390973696474817,0.849829822954823,0.8343382344259603,alginate=1.00,galactan=0.58,1.6011428833007812
paper_just_attention_word2vec_cbow,w2vCbow__JustAttn,paper_DL,dl,word2vec_cbow frozen Embedding (paper TextVectorization),non_recurrent_attention (single attention pass),Paper arch+optimizer+EarlyStopping verbatim; batch=1024/4096 for non-trans/trans.,42,0,0.6650485436893204,,0.6625424412189117,0.5525859922241502,0.5712950583822881,alginate=1.00,alpha-mannan=0.20,8.108757019042969
paper_just_attention_word2vec_cbow,w2vCbow__JustAttn,paper_DL,dl,word2vec_cbow frozen Embedding (paper TextVectorization),non_recurrent_attention (single attention pass),Paper arch+optimizer+EarlyStopping verbatim; batch=1024/4096 for non-trans/trans.,42,1,0.7184466019417476,,0.7514298143588762,0.7237618485315854,0.7199786626570349,alginate=1.00,fructan=0.55,10.995891809463501
paper_just_attention_word2vec_cbow,w2vCbow__JustAttn,paper_DL,dl,word2vec_cbow frozen Embedding (paper TextVectorization),non_recurrent_attention (single attention pass),Paper arch+optimizer+EarlyStopping verbatim; batch=1024/4096 for non-trans/trans.,42,2,0.7815533980582524,,0.8160777494110828,0.7061738882462567,0.739550679187371,alpha-mannan=1.00,galactan=0.50,20.138205766677856
paper_just_attention_word2vec_cbow,w2vCbow__JustAttn,paper_DL,dl,word2vec_cbow frozen Embedding (paper TextVectorization),non_recurrent_attention (single attention pass),Paper arch+optimizer+EarlyStopping verbatim; batch=1024/4096 for non-trans/trans.,42,3,0.7427184466019418,,0.7988959353577161,0.7023008241758241,0.7106617907628893,alginate=1.00,alpha-glucan=0.64,9.436765909194946
paper_just_attention_word2vec_cbow,w2vCbow__JustAttn,paper_DL,dl,word2vec_cbow frozen Embedding (paper TextVectorization),non_recurrent_attention (single attention pass),Paper arch+optimizer+EarlyStopping verbatim; batch=1024/4096 for non-trans/trans.,42,4,0.7621359223300971,,0.7923264015302555,0.696068376068376,0.7137683164765951,alpha-mannan=1.00,fructan=0.56,10.21570086479187
paper_just_attention_word2vec_cbow,w2vCbow__JustAttn,paper_DL,dl,word2vec_cbow frozen Embedding (paper TextVectorization),non_recurrent_attention (single attention pass),Paper arch+optimizer+EarlyStopping verbatim; batch=1024/4096 for non-trans/trans.,43,0,0.8252427184466019,,0.8333560647216234,0.8600652673350041,0.8353470593862585,alginate=1.00,fructan=0.50,19.988992929458618
paper_just_attention_word2vec_cbow,w2vCbow__JustAttn,paper_DL,dl,word2vec_cbow frozen Embedding (paper TextVectorization),non_recurrent_attention (single attention pass),Paper arch+optimizer+EarlyStopping verbatim; batch=1024/4096 for non-trans/trans.,43,1,0.7233009708737864,,0.7462146525064188,0.7112651018572071,0.7188063991324861,alginate=1.00,beta-mannan=0.50,10.646840810775757
paper_just_attention_word2vec_cbow,w2vCbow__JustAttn,paper_DL,dl,word2vec_cbow frozen Embedding (paper TextVectorization),non_recurrent_attention (single attention pass),Paper arch+optimizer+EarlyStopping verbatim; batch=1024/4096 for non-trans/trans.,43,2,0.7961165048543689,,0.7898175846425527,0.7259848338795707,0.7460458186464378,alginate=1.00,fructan=0.33,11.501110076904297
paper_just_attention_word2vec_cbow,w2vCbow__JustAttn,paper_DL,dl,word2vec_cbow frozen Embedding (paper TextVectorization),non_recurrent_attention (single attention pass),Paper arch+optimizer+EarlyStopping verbatim; batch=1024/4096 for non-trans/trans.,43,3,0.6941747572815534,,0.6404009856630825,0.553371743996744,0.5669865948028171,alginate=1.00,alpha-mannan=0.00,10.031025886535645
paper_just_attention_word2vec_cbow,w2vCbow__JustAttn,paper_DL,dl,word2vec_cbow frozen Embedding (paper TextVectorization),non_recurrent_attention (single attention pass),Paper arch+optimizer+EarlyStopping verbatim; batch=1024/4096 for non-trans/trans.,43,4,0.7864077669902912,,0.7806618576355419,0.6990420227920228,0.7243853568363372,alginate=1.00,galactan=0.44,20.265763759613037
paper_just_attention_word2vec_cbow,w2vCbow__JustAttn,paper_DL,dl,word2vec_cbow frozen Embedding (paper TextVectorization),non_recurrent_attention (single attention pass),Paper arch+optimizer+EarlyStopping verbatim; batch=1024/4096 for non-trans/trans.,44,0,0.7524271844660194,,0.825748556998557,0.7038684049868261,0.7209177811859254,alpha-mannan=1.00,arabinogalactan=0.60,12.88719391822815
paper_just_attention_word2vec_cbow,w2vCbow__JustAttn,paper_DL,dl,word2vec_cbow frozen Embedding (paper TextVectorization),non_recurrent_attention (single attention pass),Paper arch+optimizer+EarlyStopping verbatim; batch=1024/4096 for non-trans/trans.,44,1,0.7718446601941747,,0.7860945767195767,0.7455475628172996,0.7537434844391514,alginate=1.00,arabinogalactan=0.29,14.697282075881958
paper_just_attention_word2vec_cbow,w2vCbow__JustAttn,paper_DL,dl,word2vec_cbow frozen Embedding (paper TextVectorization),non_recurrent_attention (single attention pass),Paper arch+optimizer+EarlyStopping verbatim; batch=1024/4096 for non-trans/trans.,44,2,0.7621359223300971,,0.7717086872776054,0.6913827035537562,0.7092108253712613,alginate=1.00,fructan=0.38,15.398175954818726
paper_just_attention_word2vec_cbow,w2vCbow__JustAttn,paper_DL,dl,word2vec_cbow frozen Embedding (paper TextVectorization),non_recurrent_attention (single attention pass),Paper arch+optimizer+EarlyStopping verbatim; batch=1024/4096 for non-trans/trans.,44,3,0.7718446601941747,,0.7772058823529412,0.7004349816849816,0.7177220289289256,alginate=1.00,fructan=0.00,15.325990200042725
paper_just_attention_word2vec_cbow,w2vCbow__JustAttn,paper_DL,dl,word2vec_cbow frozen Embedding (paper TextVectorization),non_recurrent_attention (single attention pass),Paper arch+optimizer+EarlyStopping verbatim; batch=1024/4096 for non-trans/trans.,44,4,0.7184466019417476,,0.7148516992266992,0.6210363247863248,0.6398403755911424,alpha-mannan=1.00,fructan=0.33,12.644532203674316
paper_just_attention_word2vec_cbow,w2vCbow__JustAttn,paper_DL,dl,word2vec_cbow frozen Embedding (paper TextVectorization),non_recurrent_attention (single attention pass),Paper arch+optimizer+EarlyStopping verbatim; batch=1024/4096 for non-trans/trans.,45,0,0.7718446601941747,,0.831056777186808,0.719220487115224,0.7508200709768622,alginate=1.00,beta-mannan=0.60,15.616750001907349
paper_just_attention_word2vec_cbow,w2vCbow__JustAttn,paper_DL,dl,word2vec_cbow frozen Embedding (paper TextVectorization),non_recurrent_attention (single attention pass),Paper arch+optimizer+EarlyStopping verbatim; batch=1024/4096 for non-trans/trans.,45,1,0.7572815533980582,,0.7706714703425229,0.6839773311483839,0.6980821594291755,alginate=1.00,arabinogalactan=0.50,13.819233179092407
paper_just_attention_word2vec_cbow,w2vCbow__JustAttn,paper_DL,dl,word2vec_cbow frozen Embedding (paper TextVectorization),non_recurrent_attention (single attention pass),Paper arch+optimizer+EarlyStopping verbatim; batch=1024/4096 for non-trans/trans.,45,2,0.7135922330097088,,0.745099011826953,0.6586280203714414,0.6824157201102281,alginate=1.00,fructan=0.29,13.048869132995605
paper_just_attention_word2vec_cbow,w2vCbow__JustAttn,paper_DL,dl,word2vec_cbow frozen Embedding (paper TextVectorization),non_recurrent_attention (single attention pass),Paper arch+optimizer+EarlyStopping verbatim; batch=1024/4096 for non-trans/trans.,45,3,0.7718446601941747,,0.7618778823945233,0.7257376882376882,0.7373173406261642,alginate=1.00,arabinogalactan=0.33,11.708275079727173
paper_just_attention_word2vec_cbow,w2vCbow__JustAttn,paper_DL,dl,word2vec_cbow frozen Embedding (paper TextVectorization),non_recurrent_attention (single attention pass),Paper arch+optimizer+EarlyStopping verbatim; batch=1024/4096 for non-trans/trans.,45,4,0.7718446601941747,,0.8187463340036869,0.718956043956044,0.7429108589062823,alpha-mannan=1.00,arabinogalactan=0.67,12.921535015106201
paper_just_attention_word2vec_cbow,w2vCbow__JustAttn,paper_DL,dl,word2vec_cbow frozen Embedding (paper TextVectorization),non_recurrent_attention (single attention pass),Paper arch+optimizer+EarlyStopping verbatim; batch=1024/4096 for non-trans/trans.,46,0,0.7184466019417476,,0.6865089611856853,0.6043613842298051,0.6158581622545419,alginate=1.00,alpha-mannan=0.00,11.012535810470581
paper_just_attention_word2vec_cbow,w2vCbow__JustAttn,paper_DL,dl,word2vec_cbow frozen Embedding (paper TextVectorization),non_recurrent_attention (single attention pass),Paper arch+optimizer+EarlyStopping verbatim; batch=1024/4096 for non-trans/trans.,46,1,0.7815533980582524,,0.7938143043499529,0.7353590707538076,0.7500571402672637,alpha-mannan=1.00,beta-mannan=0.50,15.296085119247437
paper_just_attention_word2vec_cbow,w2vCbow__JustAttn,paper_DL,dl,word2vec_cbow frozen Embedding (paper TextVectorization),non_recurrent_attention (single attention pass),Paper arch+optimizer+EarlyStopping verbatim; batch=1024/4096 for non-trans/trans.,46,2,0.8155339805825242,,0.8198311272276056,0.8040843695777906,0.7949595842978195,alginate=1.00,fructan=0.55,13.219909906387329
paper_just_attention_word2vec_cbow,w2vCbow__JustAttn,paper_DL,dl,word2vec_cbow frozen Embedding (paper TextVectorization),non_recurrent_attention (single attention pass),Paper arch+optimizer+EarlyStopping verbatim; batch=1024/4096 for non-trans/trans.,46,3,0.7572815533980582,,0.7150008488243782,0.7187728937728938,0.7115908287262626,alginate=1.00,alpha-mannan=0.33,16.19230604171753
paper_just_attention_word2vec_cbow,w2vCbow__JustAttn,paper_DL,dl,word2vec_cbow frozen Embedding (paper TextVectorization),non_recurrent_attention (single attention pass),Paper arch+optimizer+EarlyStopping verbatim; batch=1024/4096 for non-trans/trans.,46,4,0.7669902912621359,,0.7857176840872492,0.7595711233211233,0.7602071339489203,alginate=1.00,galactan=0.35,14.386878967285156
paper_vanilla_lstm_word2vec_cbow,w2vCbow__LSTM,paper_DL,dl,word2vec_cbow frozen Embedding (paper TextVectorization),"LSTM(100, dropout=0.6) + Dense head",Paper arch+optimizer+EarlyStopping verbatim; batch=1024/4096 for non-trans/trans.,42,0,0.6941747572815534,,0.6104336957202466,0.5852096989268042,0.5846705763256763,alginate=1.00,fructan=0.00,8.136464834213257
paper_vanilla_lstm_word2vec_cbow,w2vCbow__LSTM,paper_DL,dl,word2vec_cbow frozen Embedding (paper TextVectorization),"LSTM(100, dropout=0.6) + Dense head",Paper arch+optimizer+EarlyStopping verbatim; batch=1024/4096 for non-trans/trans.,42,1,0.7572815533980582,,0.7345691789073893,0.7506869336803548,0.7345199449839871,alginate=1.00,beta-mannan=0.39,9.899235963821411
paper_vanilla_lstm_word2vec_cbow,w2vCbow__LSTM,paper_DL,dl,word2vec_cbow frozen Embedding (paper TextVectorization),"LSTM(100, dropout=0.6) + Dense head",Paper arch+optimizer+EarlyStopping verbatim; batch=1024/4096 for non-trans/trans.,42,2,0.7912621359223301,,0.7502489104462788,0.7376055121778805,0.7398765028939235,alginate=1.00,arabinogalactan=0.27,11.664846181869507
paper_vanilla_lstm_word2vec_cbow,w2vCbow__LSTM,paper_DL,dl,word2vec_cbow frozen Embedding (paper TextVectorization),"LSTM(100, dropout=0.6) + Dense head",Paper arch+optimizer+EarlyStopping verbatim; batch=1024/4096 for non-trans/trans.,42,3,0.7961165048543689,,0.7508350444697652,0.7274992368742369,0.727442420725131,alginate=1.00,arabinogalactan=0.00,10.808506965637207
paper_vanilla_lstm_word2vec_cbow,w2vCbow__LSTM,paper_DL,dl,word2vec_cbow frozen Embedding (paper TextVectorization),"LSTM(100, dropout=0.6) + Dense head",Paper arch+optimizer+EarlyStopping verbatim; batch=1024/4096 for non-trans/trans.,42,4,0.7718446601941747,,0.7644109220863607,0.7221527777777778,0.7359817556024986,alpha-mannan=1.00,arabinogalactan=0.29,11.103242874145508
paper_vanilla_lstm_word2vec_cbow,w2vCbow__LSTM,paper_DL,dl,word2vec_cbow frozen Embedding (paper TextVectorization),"LSTM(100, dropout=0.6) + Dense head",Paper arch+optimizer+EarlyStopping verbatim; batch=1024/4096 for non-trans/trans.,43,0,0.8009708737864077,,0.7451303260685411,0.7700133747831116,0.7494397793651794,alginate=1.00,arabinogalactan=0.43,10.599720001220703
paper_vanilla_lstm_word2vec_cbow,w2vCbow__LSTM,paper_DL,dl,word2vec_cbow frozen Embedding (paper TextVectorization),"LSTM(100, dropout=0.6) + Dense head",Paper arch+optimizer+EarlyStopping verbatim; batch=1024/4096 for non-trans/trans.,43,1,0.6747572815533981,,0.6243978144600648,0.5877715121136174,0.5958742293751718,alginate=1.00,fructan=0.00,10.19989800453186
paper_vanilla_lstm_word2vec_cbow,w2vCbow__LSTM,paper_DL,dl,word2vec_cbow frozen Embedding (paper TextVectorization),"LSTM(100, dropout=0.6) + Dense head",Paper arch+optimizer+EarlyStopping verbatim; batch=1024/4096 for non-trans/trans.,43,2,0.7475728155339806,,0.7023100411420233,0.6554099190283401,0.6556687849997599,alpha-mannan=1.00,arabinogalactan=0.17,10.178042888641357
paper_vanilla_lstm_word2vec_cbow,w2vCbow__LSTM,paper_DL,dl,word2vec_cbow frozen Embedding (paper TextVectorization),"LSTM(100, dropout=0.6) + Dense head",Paper arch+optimizer+EarlyStopping verbatim; batch=1024/4096 for non-trans/trans.,43,3,0.7718446601941747,,0.759644963532669,0.7240651709401709,0.7325695450470718,alpha-mannan=1.00,arabinogalactan=0.44,10.7363600730896
paper_vanilla_lstm_word2vec_cbow,w2vCbow__LSTM,paper_DL,dl,word2vec_cbow frozen Embedding (paper TextVectorization),"LSTM(100, dropout=0.6) + Dense head",Paper arch+optimizer+EarlyStopping verbatim; batch=1024/4096 for non-trans/trans.,43,4,0.7427184466019418,,0.6123298769132103,0.6356532356532357,0.6173694283487959,alginate=0.90,arabinogalactan=0.00,10.336956024169922
paper_vanilla_lstm_word2vec_cbow,w2vCbow__LSTM,paper_DL,dl,word2vec_cbow frozen Embedding (paper TextVectorization),"LSTM(100, dropout=0.6) + Dense head",Paper arch+optimizer+EarlyStopping verbatim; batch=1024/4096 for non-trans/trans.,44,0,0.7184466019417476,,0.6917322057027939,0.6910679342587239,0.6686414665659949,alginate=1.00,arabinogalactan=0.29,11.700747728347778
paper_vanilla_lstm_word2vec_cbow,w2vCbow__LSTM,paper_DL,dl,word2vec_cbow frozen Embedding (paper TextVectorization),"LSTM(100, dropout=0.6) + Dense head",Paper arch+optimizer+EarlyStopping verbatim; batch=1024/4096 for non-trans/trans.,44,1,0.7669902912621359,,0.760243096449993,0.7789762868710236,0.7561377121718679,alginate=1.00,arabinogalactan=0.50,10.425543069839478
paper_vanilla_lstm_word2vec_cbow,w2vCbow__LSTM,paper_DL,dl,word2vec_cbow frozen Embedding (paper TextVectorization),"LSTM(100, dropout=0.6) + Dense head",Paper arch+optimizer+EarlyStopping verbatim; batch=1024/4096 for non-trans/trans.,44,2,0.7815533980582524,,0.7657025690359025,0.7068906641604009,0.7168392581316371,alginate=1.00,fructan=0.40,12.734726190567017
paper_vanilla_lstm_word2vec_cbow,w2vCbow__LSTM,paper_DL,dl,word2vec_cbow frozen Embedding (paper TextVectorization),"LSTM(100, dropout=0.6) + Dense head",Paper arch+optimizer+EarlyStopping verbatim; batch=1024/4096 for non-trans/trans.,44,3,0.7572815533980582,,0.7072631695023296,0.69301103988604,0.6974606009745328,alginate=1.00,galactan=0.43,11.591485977172852
paper_vanilla_lstm_word2vec_cbow,w2vCbow__LSTM,paper_DL,dl,word2vec_cbow frozen Embedding (paper TextVectorization),"LSTM(100, dropout=0.6) + Dense head",Paper arch+optimizer+EarlyStopping verbatim; batch=1024/4096 for non-trans/trans.,44,4,0.7427184466019418,,0.7481438963376305,0.6986858974358975,0.7022654993891223,alginate=1.00,fructan=0.38,13.144198179244995
paper_vanilla_lstm_word2vec_cbow,w2vCbow__LSTM,paper_DL,dl,word2vec_cbow frozen Embedding (paper TextVectorization),"LSTM(100, dropout=0.6) + Dense head",Paper arch+optimizer+EarlyStopping verbatim; batch=1024/4096 for non-trans/trans.,45,0,0.8106796116504854,,0.8120113067832757,0.7615490649701174,0.768208667321208,alginate=1.00,arabinogalactan=0.67,11.361405849456787
paper_vanilla_lstm_word2vec_cbow,w2vCbow__LSTM,paper_DL,dl,word2vec_cbow frozen Embedding (paper TextVectorization),"LSTM(100, dropout=0.6) + Dense head",Paper arch+optimizer+EarlyStopping verbatim; batch=1024/4096 for non-trans/trans.,45,1,0.7524271844660194,,0.6986648998809527,0.6930583269070111,0.6808679209986157,alginate=0.90,galactan=0.33,10.812300205230713
paper_vanilla_lstm_word2vec_cbow,w2vCbow__LSTM,paper_DL,dl,word2vec_cbow frozen Embedding (paper TextVectorization),"LSTM(100, dropout=0.6) + Dense head",Paper arch+optimizer+EarlyStopping verbatim; batch=1024/4096 for non-trans/trans.,45,2,0.6941747572815534,,0.6444847373433962,0.6590576601760811,0.6249707779847608,alginate=1.00,galactan=0.00,11.21192479133606
paper_vanilla_lstm_word2vec_cbow,w2vCbow__LSTM,paper_DL,dl,word2vec_cbow frozen Embedding (paper TextVectorization),"LSTM(100, dropout=0.6) + Dense head",Paper arch+optimizer+EarlyStopping verbatim; batch=1024/4096 for non-trans/trans.,45,3,0.7475728155339806,,0.6964629406541172,0.6445131257631257,0.6506727840243264,alginate=1.00,arabinogalactan=0.00,11.434834003448486
paper_vanilla_lstm_word2vec_cbow,w2vCbow__LSTM,paper_DL,dl,word2vec_cbow frozen Embedding (paper TextVectorization),"LSTM(100, dropout=0.6) + Dense head",Paper arch+optimizer+EarlyStopping verbatim; batch=1024/4096 for non-trans/trans.,45,4,0.7718446601941747,,0.701647768869131,0.7019190069190069,0.6952437488035864,alginate=0.89,arabinogalactan=0.25,12.587069034576416
paper_vanilla_lstm_word2vec_cbow,w2vCbow__LSTM,paper_DL,dl,word2vec_cbow frozen Embedding (paper TextVectorization),"LSTM(100, dropout=0.6) + Dense head",Paper arch+optimizer+EarlyStopping verbatim; batch=1024/4096 for non-trans/trans.,46,0,0.7233009708737864,,0.6801317137524033,0.6162864693785747,0.6098116868044404,alginate=1.00,galactan=0.00,10.27947211265564
paper_vanilla_lstm_word2vec_cbow,w2vCbow__LSTM,paper_DL,dl,word2vec_cbow frozen Embedding (paper TextVectorization),"LSTM(100, dropout=0.6) + Dense head",Paper arch+optimizer+EarlyStopping verbatim; batch=1024/4096 for non-trans/trans.,46,1,0.7524271844660194,,0.7319053874851863,0.7403501943962469,0.7147850277158608,alpha-mannan=1.00,beta-mannan=0.38,12.602790832519531
paper_vanilla_lstm_word2vec_cbow,w2vCbow__LSTM,paper_DL,dl,word2vec_cbow frozen Embedding (paper TextVectorization),"LSTM(100, dropout=0.6) + Dense head",Paper arch+optimizer+EarlyStopping verbatim; batch=1024/4096 for non-trans/trans.,46,2,0.7184466019417476,,0.6588629723451151,0.6230259141443352,0.6283759120657362,alpha-mannan=1.00,arabinogalactan=0.00,12.518474102020264
paper_vanilla_lstm_word2vec_cbow,w2vCbow__LSTM,paper_DL,dl,word2vec_cbow frozen Embedding (paper TextVectorization),"LSTM(100, dropout=0.6) + Dense head",Paper arch+optimizer+EarlyStopping verbatim; batch=1024/4096 for non-trans/trans.,46,3,0.7378640776699029,,0.6894032852179549,0.7123473748473748,0.6973093364169304,alginate=0.90,arabinogalactan=0.20,12.97947883605957
paper_vanilla_lstm_word2vec_cbow,w2vCbow__LSTM,paper_DL,dl,word2vec_cbow frozen Embedding (paper TextVectorization),"LSTM(100, dropout=0.6) + Dense head",Paper arch+optimizer+EarlyStopping verbatim; batch=1024/4096 for non-trans/trans.,46,4,0.7718446601941747,,0.7611008733592136,0.7297985347985348,0.725306385109949,alginate=1.00,galactan=0.38,13.931894063949585
paper_lstm_with_attention_word2vec_cbow,w2vCbow__LSTMattn,paper_DL,dl,word2vec_cbow frozen Embedding (paper TextVectorization),"LSTM(100, return_seq) + attention head",Paper arch+optimizer+EarlyStopping verbatim; batch=1024/4096 for non-trans/trans.,42,0,0.7233009708737864,,0.7251816037419752,0.679449625666731,0.6889050290949533,alginate=1.00,arabinogalactan=0.40,6.041510820388794
paper_lstm_with_attention_word2vec_cbow,w2vCbow__LSTMattn,paper_DL,dl,word2vec_cbow frozen Embedding (paper TextVectorization),"LSTM(100, return_seq) + attention head",Paper arch+optimizer+EarlyStopping verbatim; batch=1024/4096 for non-trans/trans.,42,1,0.7233009708737864,,0.7237562698187165,0.6917328979500033,0.7024853361126402,alginate=1.00,beta-mannan=0.31,6.980295181274414
paper_lstm_with_attention_word2vec_cbow,w2vCbow__LSTMattn,paper_DL,dl,word2vec_cbow frozen Embedding (paper TextVectorization),"LSTM(100, return_seq) + attention head",Paper arch+optimizer+EarlyStopping verbatim; batch=1024/4096 for non-trans/trans.,42,2,0.7815533980582524,,0.7660155045571712,0.7577235155195682,0.7593095415301959,alginate=1.00,galactan=0.33,8.227122068405151
paper_lstm_with_attention_word2vec_cbow,w2vCbow__LSTMattn,paper_DL,dl,word2vec_cbow frozen Embedding (paper TextVectorization),"LSTM(100, return_seq) + attention head",Paper arch+optimizer+EarlyStopping verbatim; batch=1024/4096 for non-trans/trans.,42,3,0.8106796116504854,,0.8161857647513385,0.7922199328449328,0.7937806084925597,alginate=1.00,beta-mannan=0.55,8.396442174911499
paper_lstm_with_attention_word2vec_cbow,w2vCbow__LSTMattn,paper_DL,dl,word2vec_cbow frozen Embedding (paper TextVectorization),"LSTM(100, return_seq) + attention head",Paper arch+optimizer+EarlyStopping verbatim; batch=1024/4096 for non-trans/trans.,42,4,0.8009708737864077,,0.8048805726437305,0.760108363858364,0.7761190202932231,alginate=1.00,galactan=0.53,9.002479076385498
paper_lstm_with_attention_word2vec_cbow,w2vCbow__LSTMattn,paper_DL,dl,word2vec_cbow frozen Embedding (paper TextVectorization),"LSTM(100, return_seq) + attention head",Paper arch+optimizer+EarlyStopping verbatim; batch=1024/4096 for non-trans/trans.,43,0,0.8058252427184466,,0.7918724198101516,0.8108177093374461,0.7982837193963505,alginate=1.00,arabinogalactan=0.57,9.938014030456543
paper_lstm_with_attention_word2vec_cbow,w2vCbow__LSTMattn,paper_DL,dl,word2vec_cbow frozen Embedding (paper TextVectorization),"LSTM(100, return_seq) + attention head",Paper arch+optimizer+EarlyStopping verbatim; batch=1024/4096 for non-trans/trans.,43,1,0.7524271844660194,,0.7623656790302329,0.7133034910995436,0.7320866806597128,alginate=1.00,fructan=0.40,8.680498838424683
paper_lstm_with_attention_word2vec_cbow,w2vCbow__LSTMattn,paper_DL,dl,word2vec_cbow frozen Embedding (paper TextVectorization),"LSTM(100, return_seq) + attention head",Paper arch+optimizer+EarlyStopping verbatim; batch=1024/4096 for non-trans/trans.,43,2,0.7427184466019418,,0.7433005651755652,0.6755002490199858,0.6969137578068446,alginate=1.00,galactan=0.36,7.495872974395752
paper_lstm_with_attention_word2vec_cbow,w2vCbow__LSTMattn,paper_DL,dl,word2vec_cbow frozen Embedding (paper TextVectorization),"LSTM(100, return_seq) + attention head",Paper arch+optimizer+EarlyStopping verbatim; batch=1024/4096 for non-trans/trans.,43,3,0.7378640776699029,,0.7442714711477388,0.6565387159137158,0.6882825189111079,alginate=1.00,galactan=0.38,8.01428508758545
paper_lstm_with_attention_word2vec_cbow,w2vCbow__LSTMattn,paper_DL,dl,word2vec_cbow frozen Embedding (paper TextVectorization),"LSTM(100, return_seq) + attention head",Paper arch+optimizer+EarlyStopping verbatim; batch=1024/4096 for non-trans/trans.,43,4,0.8009708737864077,,0.7390486069237469,0.7606425518925519,0.7467517947897936,alginate=1.00,arabinogalactan=0.00,10.585347890853882
paper_lstm_with_attention_word2vec_cbow,w2vCbow__LSTMattn,paper_DL,dl,word2vec_cbow frozen Embedding (paper TextVectorization),"LSTM(100, return_seq) + attention head",Paper arch+optimizer+EarlyStopping verbatim; batch=1024/4096 for non-trans/trans.,44,0,0.7524271844660194,,0.7643913469571365,0.7264075252233148,0.7278720502890842,alpha-mannan=1.00,arabinogalactan=0.62,8.009746074676514
paper_lstm_with_attention_word2vec_cbow,w2vCbow__LSTMattn,paper_DL,dl,word2vec_cbow frozen Embedding (paper TextVectorization),"LSTM(100, return_seq) + attention head",Paper arch+optimizer+EarlyStopping verbatim; batch=1024/4096 for non-trans/trans.,44,1,0.7427184466019418,,0.7455972771190162,0.7079854684788897,0.7182693685425307,alginate=1.00,galactan=0.44,7.284425973892212
paper_lstm_with_attention_word2vec_cbow,w2vCbow__LSTMattn,paper_DL,dl,word2vec_cbow frozen Embedding (paper TextVectorization),"LSTM(100, return_seq) + attention head",Paper arch+optimizer+EarlyStopping verbatim; batch=1024/4096 for non-trans/trans.,44,2,0.8252427184466019,,0.8010020548623492,0.7819303467000834,0.7884198040037481,alginate=1.00,fructan=0.50,10.753789901733398
paper_lstm_with_attention_word2vec_cbow,w2vCbow__LSTMattn,paper_DL,dl,word2vec_cbow frozen Embedding (paper TextVectorization),"LSTM(100, return_seq) + attention head",Paper arch+optimizer+EarlyStopping verbatim; batch=1024/4096 for non-trans/trans.,44,3,0.8106796116504854,,0.8335413244498998,0.7395604395604396,0.760200965559022,alginate=1.00,galactan=0.55,9.900507688522339
paper_lstm_with_attention_word2vec_cbow,w2vCbow__LSTMattn,paper_DL,dl,word2vec_cbow frozen Embedding (paper TextVectorization),"LSTM(100, return_seq) + attention head",Paper arch+optimizer+EarlyStopping verbatim; batch=1024/4096 for non-trans/trans.,44,4,0.7281553398058253,,0.7265632087546788,0.6687891737891739,0.682240068842309,alginate=1.00,galactan=0.37,8.842258930206299
paper_lstm_with_attention_word2vec_cbow,w2vCbow__LSTMattn,paper_DL,dl,word2vec_cbow frozen Embedding (paper TextVectorization),"LSTM(100, return_seq) + attention head",Paper arch+optimizer+EarlyStopping verbatim; batch=1024/4096 for non-trans/trans.,45,0,0.8155339805825242,,0.8470255302975892,0.7829706879377931,0.7941180810412151,alginate=1.00,arabinogalactan=0.50,10.382907152175903
paper_lstm_with_attention_word2vec_cbow,w2vCbow__LSTMattn,paper_DL,dl,word2vec_cbow frozen Embedding (paper TextVectorization),"LSTM(100, return_seq) + attention head",Paper arch+optimizer+EarlyStopping verbatim; batch=1024/4096 for non-trans/trans.,45,1,0.7621359223300971,,0.7872408083584053,0.7100795659019344,0.715523807321643,alginate=1.00,fructan=0.43,9.069774866104126
paper_lstm_with_attention_word2vec_cbow,w2vCbow__LSTMattn,paper_DL,dl,word2vec_cbow frozen Embedding (paper TextVectorization),"LSTM(100, return_seq) + attention head",Paper arch+optimizer+EarlyStopping verbatim; batch=1024/4096 for non-trans/trans.,45,2,0.7427184466019418,,0.754185429071474,0.7386509141443351,0.7291985386283631,alginate=1.00,galactan=0.38,9.23644208908081
paper_lstm_with_attention_word2vec_cbow,w2vCbow__LSTMattn,paper_DL,dl,word2vec_cbow frozen Embedding (paper TextVectorization),"LSTM(100, return_seq) + attention head",Paper arch+optimizer+EarlyStopping verbatim; batch=1024/4096 for non-trans/trans.,45,3,0.7864077669902912,,0.7915727153163216,0.7494670838420839,0.7582500616848525,alginate=1.00,galactan=0.47,9.626441240310669
paper_lstm_with_attention_word2vec_cbow,w2vCbow__LSTMattn,paper_DL,dl,word2vec_cbow frozen Embedding (paper TextVectorization),"LSTM(100, return_seq) + attention head",Paper arch+optimizer+EarlyStopping verbatim; batch=1024/4096 for non-trans/trans.,45,4,0.7718446601941747,,0.7850349931871672,0.7591809116809115,0.7620384835840253,alpha-mannan=1.00,galactan=0.57,12.138653039932251
paper_lstm_with_attention_word2vec_cbow,w2vCbow__LSTMattn,paper_DL,dl,word2vec_cbow frozen Embedding (paper TextVectorization),"LSTM(100, return_seq) + attention head",Paper arch+optimizer+EarlyStopping verbatim; batch=1024/4096 for non-trans/trans.,46,0,0.7330097087378641,,0.7477660842898534,0.6255042654713707,0.6603570751213467,alginate=1.00,galactan=0.38,9.578120946884155
paper_lstm_with_attention_word2vec_cbow,w2vCbow__LSTMattn,paper_DL,dl,word2vec_cbow frozen Embedding (paper TextVectorization),"LSTM(100, return_seq) + attention head",Paper arch+optimizer+EarlyStopping verbatim; batch=1024/4096 for non-trans/trans.,46,1,0.7864077669902912,,0.7826821269832878,0.7731378928089455,0.7719175743439418,alginate=1.00,beta-mannan=0.33,12.633516073226929
paper_lstm_with_attention_word2vec_cbow,w2vCbow__LSTMattn,paper_DL,dl,word2vec_cbow frozen Embedding (paper TextVectorization),"LSTM(100, return_seq) + attention head",Paper arch+optimizer+EarlyStopping verbatim; batch=1024/4096 for non-trans/trans.,46,2,0.7572815533980582,,0.7147294970824382,0.7216385515069725,0.7125834450905173,alpha-mannan=1.00,arabinogalactan=0.25,9.59973669052124
paper_lstm_with_attention_word2vec_cbow,w2vCbow__LSTMattn,paper_DL,dl,word2vec_cbow frozen Embedding (paper TextVectorization),"LSTM(100, return_seq) + attention head",Paper arch+optimizer+EarlyStopping verbatim; batch=1024/4096 for non-trans/trans.,46,3,0.8058252427184466,,0.8152190306253776,0.7665064102564103,0.778066562541125,alginate=1.00,arabinogalactan=0.67,11.567052125930786
paper_lstm_with_attention_word2vec_cbow,w2vCbow__LSTMattn,paper_DL,dl,word2vec_cbow frozen Embedding (paper TextVectorization),"LSTM(100, return_seq) + attention head",Paper arch+optimizer+EarlyStopping verbatim; batch=1024/4096 for non-trans/trans.,46,4,0.7766990291262136,,0.8115739772116547,0.7735635429385431,0.763124864423884,alginate=1.00,galactan=0.41,10.484951972961426
paper_transformer_word2vec_cbow,w2vCbow__Trans,paper_DL,dl,word2vec_cbow frozen Embedding (paper TextVectorization),Transformer 4 blocks × 4 heads × head=128 × ff=512 × dropout=0.5 → GAP → softmax,Paper arch+optimizer+EarlyStopping verbatim; batch=1024.,42,0,0.7669902912621359,,0.7319082913934606,0.72283665895508,0.711335334017512,alginate=1.00,arabinogalactan=0.36,16.00098180770874
paper_transformer_word2vec_cbow,w2vCbow__Trans,paper_DL,dl,word2vec_cbow frozen Embedding (paper TextVectorization),Transformer 4 blocks × 4 heads × head=128 × ff=512 × dropout=0.5 → GAP → softmax,Paper arch+optimizer+EarlyStopping verbatim; batch=1024.,42,1,0.6893203883495146,,0.6759584394387304,0.6575947480881691,0.6371497066840204,alginate=0.91,arabinogalactan=0.33,12.502992153167725
paper_transformer_word2vec_cbow,w2vCbow__Trans,paper_DL,dl,word2vec_cbow frozen Embedding (paper TextVectorization),Transformer 4 blocks × 4 heads × head=128 × ff=512 × dropout=0.5 → GAP → softmax,Paper arch+optimizer+EarlyStopping verbatim; batch=1024.,42,2,0.7475728155339806,,0.7780685216056734,0.7087234110918321,0.7291594509089437,alginate=1.00,galactan=0.37,14.301607847213745
paper_transformer_word2vec_cbow,w2vCbow__Trans,paper_DL,dl,word2vec_cbow frozen Embedding (paper TextVectorization),Transformer 4 blocks × 4 heads × head=128 × ff=512 × dropout=0.5 → GAP → softmax,Paper arch+optimizer+EarlyStopping verbatim; batch=1024.,42,3,0.7815533980582524,,0.8003067273228565,0.7290445665445665,0.7236991912386461,alginate=1.00,beta-mannan=0.57,17.170042753219604
paper_transformer_word2vec_cbow,w2vCbow__Trans,paper_DL,dl,word2vec_cbow frozen Embedding (paper TextVectorization),Transformer 4 blocks × 4 heads × head=128 × ff=512 × dropout=0.5 → GAP → softmax,Paper arch+optimizer+EarlyStopping verbatim; batch=1024.,42,4,0.7815533980582524,,0.7862671826381503,0.7350885225885225,0.7544540449011993,alginate=1.00,arabinogalactan=0.43,15.747144222259521
paper_transformer_word2vec_cbow,w2vCbow__Trans,paper_DL,dl,word2vec_cbow frozen Embedding (paper TextVectorization),Transformer 4 blocks × 4 heads × head=128 × ff=512 × dropout=0.5 → GAP → softmax,Paper arch+optimizer+EarlyStopping verbatim; batch=1024.,43,0,0.8398058252427184,,0.8463505244755244,0.8253028805989331,0.8299803178847296,alpha-mannan=1.00,fructan=0.67,20.12893009185791
paper_transformer_word2vec_cbow,w2vCbow__Trans,paper_DL,dl,word2vec_cbow frozen Embedding (paper TextVectorization),Transformer 4 blocks × 4 heads × head=128 × ff=512 × dropout=0.5 → GAP → softmax,Paper arch+optimizer+EarlyStopping verbatim; batch=1024.,43,1,0.7087378640776699,,0.6849901586639836,0.6375316898014266,0.6493301880500628,alpha-mannan=1.00,arabinogalactan=0.33,17.27701473236084
paper_transformer_word2vec_cbow,w2vCbow__Trans,paper_DL,dl,word2vec_cbow frozen Embedding (paper TextVectorization),Transformer 4 blocks × 4 heads × head=128 × ff=512 × dropout=0.5 → GAP → softmax,Paper arch+optimizer+EarlyStopping verbatim; batch=1024.,43,2,0.7038834951456311,,0.7060573292791452,0.6638915799113169,0.6738592951238535,alginate=1.00,galactan=0.29,17.335753202438354
paper_transformer_word2vec_cbow,w2vCbow__Trans,paper_DL,dl,word2vec_cbow frozen Embedding (paper TextVectorization),Transformer 4 blocks × 4 heads × head=128 × ff=512 × dropout=0.5 → GAP → softmax,Paper arch+optimizer+EarlyStopping verbatim; batch=1024.,43,3,0.8009708737864077,,0.7692119957337349,0.7811469780219781,0.7720458656882164,alginate=1.00,galactan=0.58,21.88002109527588
paper_transformer_word2vec_cbow,w2vCbow__Trans,paper_DL,dl,word2vec_cbow frozen Embedding (paper TextVectorization),Transformer 4 blocks × 4 heads × head=128 × ff=512 × dropout=0.5 → GAP → softmax,Paper arch+optimizer+EarlyStopping verbatim; batch=1024.,43,4,0.7572815533980582,,0.7230463441415212,0.7276045482295482,0.7209101380120663,alginate=1.00,arabinogalactan=0.00,19.215326070785522
paper_transformer_word2vec_cbow,w2vCbow__Trans,paper_DL,dl,word2vec_cbow frozen Embedding (paper TextVectorization),Transformer 4 blocks × 4 heads × head=128 × ff=512 × dropout=0.5 → GAP → softmax,Paper arch+optimizer+EarlyStopping verbatim; batch=1024.,44,0,0.7572815533980582,,0.746257265929831,0.723236255703361,0.7307227977458552,alginate=1.00,arabinogalactan=0.33,18.769418001174927
paper_transformer_word2vec_cbow,w2vCbow__Trans,paper_DL,dl,word2vec_cbow frozen Embedding (paper TextVectorization),Transformer 4 blocks × 4 heads × head=128 × ff=512 × dropout=0.5 → GAP → softmax,Paper arch+optimizer+EarlyStopping verbatim; batch=1024.,44,1,0.8155339805825242,,0.8231733775483776,0.7886672209369578,0.7986731637099286,alpha-mannan=1.00,arabinogalactan=0.40,20.98360800743103
paper_transformer_word2vec_cbow,w2vCbow__Trans,paper_DL,dl,word2vec_cbow frozen Embedding (paper TextVectorization),Transformer 4 blocks × 4 heads × head=128 × ff=512 × dropout=0.5 → GAP → softmax,Paper arch+optimizer+EarlyStopping verbatim; batch=1024.,44,2,0.7378640776699029,,0.7383641110919094,0.7099843760041128,0.7123848698640654,alginate=1.00,fructan=0.50,20.859484910964966
paper_transformer_word2vec_cbow,w2vCbow__Trans,paper_DL,dl,word2vec_cbow frozen Embedding (paper TextVectorization),Transformer 4 blocks × 4 heads × head=128 × ff=512 × dropout=0.5 → GAP → softmax,Paper arch+optimizer+EarlyStopping verbatim; batch=1024.,44,3,0.7669902912621359,,0.7584557890621965,0.7401556776556778,0.7419850625205392,alginate=0.90,galactan=0.47,22.454737901687622
paper_transformer_word2vec_cbow,w2vCbow__Trans,paper_DL,dl,word2vec_cbow frozen Embedding (paper TextVectorization),Transformer 4 blocks × 4 heads × head=128 × ff=512 × dropout=0.5 → GAP → softmax,Paper arch+optimizer+EarlyStopping verbatim; batch=1024.,44,4,0.7038834951456311,,0.6897295787001668,0.6504354904354904,0.6526542378341477,alpha-mannan=1.00,fructan=0.36,23.776377201080322
paper_transformer_word2vec_cbow,w2vCbow__Trans,paper_DL,dl,word2vec_cbow frozen Embedding (paper TextVectorization),Transformer 4 blocks × 4 heads × head=128 × ff=512 × dropout=0.5 → GAP → softmax,Paper arch+optimizer+EarlyStopping verbatim; batch=1024.,45,0,0.8009708737864077,,0.8203327922077923,0.7682578240472977,0.7809869355846367,alginate=1.00,arabinogalactan=0.50,23.093189239501953
paper_transformer_word2vec_cbow,w2vCbow__Trans,paper_DL,dl,word2vec_cbow frozen Embedding (paper TextVectorization),Transformer 4 blocks × 4 heads × head=128 × ff=512 × dropout=0.5 → GAP → softmax,Paper arch+optimizer+EarlyStopping verbatim; batch=1024.,45,1,0.7524271844660194,,0.7535353535353536,0.6896201641925326,0.700158372105363,alginate=1.00,arabinogalactan=0.33,25.052393913269043
paper_transformer_word2vec_cbow,w2vCbow__Trans,paper_DL,dl,word2vec_cbow frozen Embedding (paper TextVectorization),Transformer 4 blocks × 4 heads × head=128 × ff=512 × dropout=0.5 → GAP → softmax,Paper arch+optimizer+EarlyStopping verbatim; batch=1024.,45,2,0.7087378640776699,,0.7423516627158143,0.6717748698669751,0.6890974909162474,alginate=1.00,galactan=0.47,24.67958402633667
paper_transformer_word2vec_cbow,w2vCbow__Trans,paper_DL,dl,word2vec_cbow frozen Embedding (paper TextVectorization),Transformer 4 blocks × 4 heads × head=128 × ff=512 × dropout=0.5 → GAP → softmax,Paper arch+optimizer+EarlyStopping verbatim; batch=1024.,45,3,0.8106796116504854,,0.8203071671559066,0.7892857142857143,0.7950052767840838,alginate=1.00,arabinogalactan=0.50,27.0759859085083
paper_transformer_word2vec_cbow,w2vCbow__Trans,paper_DL,dl,word2vec_cbow frozen Embedding (paper TextVectorization),Transformer 4 blocks × 4 heads × head=128 × ff=512 × dropout=0.5 → GAP → softmax,Paper arch+optimizer+EarlyStopping verbatim; batch=1024.,45,4,0.7378640776699029,,0.7857194045939302,0.7191015466015466,0.7331188747087006,alpha-mannan=1.00,beta-glucan=0.59,29.548248052597046
paper_transformer_word2vec_cbow,w2vCbow__Trans,paper_DL,dl,word2vec_cbow frozen Embedding (paper TextVectorization),Transformer 4 blocks × 4 heads × head=128 × ff=512 × dropout=0.5 → GAP → softmax,Paper arch+optimizer+EarlyStopping verbatim; batch=1024.,46,0,0.7524271844660194,,0.7438637818166804,0.6947937953859008,0.7118333651422594,alginate=1.00,beta-mannan=0.50,30.94241690635681
paper_transformer_word2vec_cbow,w2vCbow__Trans,paper_DL,dl,word2vec_cbow frozen Embedding (paper TextVectorization),Transformer 4 blocks × 4 heads × head=128 × ff=512 × dropout=0.5 → GAP → softmax,Paper arch+optimizer+EarlyStopping verbatim; batch=1024.,46,1,0.8300970873786407,,0.8254559531322411,0.8114434724632092,0.8088072258243897,arabinogalactan=1.00,galactan=0.59,31.106788158416748
paper_transformer_word2vec_cbow,w2vCbow__Trans,paper_DL,dl,word2vec_cbow frozen Embedding (paper TextVectorization),Transformer 4 blocks × 4 heads × head=128 × ff=512 × dropout=0.5 → GAP → softmax,Paper arch+optimizer+EarlyStopping verbatim; batch=1024.,46,2,0.7233009708737864,,0.7013050185251769,0.6939970920891972,0.6847466589224286,alpha-glucan=0.94,arabinogalactan=0.20,27.036065101623535
paper_transformer_word2vec_cbow,w2vCbow__Trans,paper_DL,dl,word2vec_cbow frozen Embedding (paper TextVectorization),Transformer 4 blocks × 4 heads × head=128 × ff=512 × dropout=0.5 → GAP → softmax,Paper arch+optimizer+EarlyStopping verbatim; batch=1024.,46,3,0.7864077669902912,,0.7894086502224495,0.7703449328449329,0.7746317900399281,alpha-mannan=1.00,arabinogalactan=0.50,29.273494958877563
paper_transformer_word2vec_cbow,w2vCbow__Trans,paper_DL,dl,word2vec_cbow frozen Embedding (paper TextVectorization),Transformer 4 blocks × 4 heads × head=128 × ff=512 × dropout=0.5 → GAP → softmax,Paper arch+optimizer+EarlyStopping verbatim; batch=1024.,46,4,0.7864077669902912,,0.7646734172596242,0.777973137973138,0.767060115576308,alginate=1.00,fructan=0.50,30.961925268173218
paper_word2vec_sg_BRF,w2vSg__BRF100,paper_shallow,shallow,word2vec_sg mean of word vectors (gensim native wv[t]),OvR(BalancedRF n=100 balanced),Paper word2vec_sg + BRF (gensim native API; n-gram OOV for FT).,42,0,0.8058252427184466,,0.7701575977454292,0.8406790212711265,0.7879914176299548,alginate=1.00,arabinogalactan=0.50,1.6195049285888672
paper_word2vec_sg_BRF,w2vSg__BRF100,paper_shallow,shallow,word2vec_sg mean of word vectors (gensim native wv[t]),OvR(BalancedRF n=100 balanced),Paper word2vec_sg + BRF (gensim native API; n-gram OOV for FT).,42,1,0.8058252427184466,,0.7984254152351026,0.7905688500096395,0.7854683090570188,alpha-mannan=1.00,galactan=0.43,1.5863111019134521
paper_word2vec_sg_BRF,w2vSg__BRF100,paper_shallow,shallow,word2vec_sg mean of word vectors (gensim native wv[t]),OvR(BalancedRF n=100 balanced),Paper word2vec_sg + BRF (gensim native API; n-gram OOV for FT).,42,2,0.7815533980582524,,0.7696824009324009,0.7986634053081421,0.7703906625333398,alginate=1.00,galactan=0.38,1.6059138774871826
paper_word2vec_sg_BRF,w2vSg__BRF100,paper_shallow,shallow,word2vec_sg mean of word vectors (gensim native wv[t]),OvR(BalancedRF n=100 balanced),Paper word2vec_sg + BRF (gensim native API; n-gram OOV for FT).,42,3,0.8446601941747572,,0.8308134920634922,0.8182615995115995,0.8176889260398029,alginate=1.00,galactan=0.62,1.606132984161377
paper_word2vec_sg_BRF,w2vSg__BRF100,paper_shallow,shallow,word2vec_sg mean of word vectors (gensim native wv[t]),OvR(BalancedRF n=100 balanced),Paper word2vec_sg + BRF (gensim native API; n-gram OOV for FT).,42,4,0.8300970873786407,,0.8057726198060049,0.8151472832722834,0.8063974688658728,xylan=0.94,alpha-mannan=0.60,1.5760741233825684
paper_word2vec_sg_BRF,w2vSg__BRF100,paper_shallow,shallow,word2vec_sg mean of word vectors (gensim native wv[t]),OvR(BalancedRF n=100 balanced),Paper word2vec_sg + BRF (gensim native API; n-gram OOV for FT).,43,0,0.8689320388349514,,0.8179607369281282,0.8713265133988819,0.8334220678121236,host glycan=0.98,alpha-mannan=0.44,1.5900719165802002
paper_word2vec_sg_BRF,w2vSg__BRF100,paper_shallow,shallow,word2vec_sg mean of word vectors (gensim native wv[t]),OvR(BalancedRF n=100 balanced),Paper word2vec_sg + BRF (gensim native API; n-gram OOV for FT).,43,1,0.7766990291262136,,0.7590368465988734,0.7669338811773021,0.7474694470814383,chitin=0.92,galactan=0.45,1.606532096862793
paper_word2vec_sg_BRF,w2vSg__BRF100,paper_shallow,shallow,word2vec_sg mean of word vectors (gensim native wv[t]),OvR(BalancedRF n=100 balanced),Paper word2vec_sg + BRF (gensim native API; n-gram OOV for FT).,43,2,0.8446601941747572,,0.8207218387844986,0.8428639306599832,0.8298975854076455,alginate=1.00,galactan=0.59,1.6135611534118652
paper_word2vec_sg_BRF,w2vSg__BRF100,paper_shallow,shallow,word2vec_sg mean of word vectors (gensim native wv[t]),OvR(BalancedRF n=100 balanced),Paper word2vec_sg + BRF (gensim native API; n-gram OOV for FT).,43,3,0.8155339805825242,,0.7689563988982594,0.8428800366300365,0.7871599743116223,alpha-glucan=1.00,arabinogalactan=0.54,1.601085901260376
paper_word2vec_sg_BRF,w2vSg__BRF100,paper_shallow,shallow,word2vec_sg mean of word vectors (gensim native wv[t]),OvR(BalancedRF n=100 balanced),Paper word2vec_sg + BRF (gensim native API; n-gram OOV for FT).,43,4,0.8398058252427184,,0.8182042797625871,0.8441246947496949,0.8283621953736732,alpha-mannan=1.00,arabinogalactan=0.44,1.5901939868927002
paper_word2vec_sg_BRF,w2vSg__BRF100,paper_shallow,shallow,word2vec_sg mean of word vectors (gensim native wv[t]),OvR(BalancedRF n=100 balanced),Paper word2vec_sg + BRF (gensim native API; n-gram OOV for FT).,44,0,0.7864077669902912,,0.7507384295987237,0.7771289602210655,0.7472307014210872,alginate=1.00,alpha-mannan=0.44,1.6063101291656494
paper_word2vec_sg_BRF,w2vSg__BRF100,paper_shallow,shallow,word2vec_sg mean of word vectors (gensim native wv[t]),OvR(BalancedRF n=100 balanced),Paper word2vec_sg + BRF (gensim native API; n-gram OOV for FT).,44,1,0.8446601941747572,,0.796782708032708,0.842521488014909,0.8101104794972006,alpha-glucan=1.00,arabinogalactan=0.42,1.5982930660247803
paper_word2vec_sg_BRF,w2vSg__BRF100,paper_shallow,shallow,word2vec_sg mean of word vectors (gensim native wv[t]),OvR(BalancedRF n=100 balanced),Paper word2vec_sg + BRF (gensim native API; n-gram OOV for FT).,44,2,0.8203883495145631,,0.7921456478974594,0.7881997059957587,0.7877975970645688,alginate=1.00,arabinogalactan=0.60,1.5859360694885254
paper_word2vec_sg_BRF,w2vSg__BRF100,paper_shallow,shallow,word2vec_sg mean of word vectors (gensim native wv[t]),OvR(BalancedRF n=100 balanced),Paper word2vec_sg + BRF (gensim native API; n-gram OOV for FT).,44,3,0.8543689320388349,,0.8273897949241199,0.8700969169719169,0.8440891078487978,arabinogalactan=1.00,beta-mannan=0.64,1.5902230739593506
paper_word2vec_sg_BRF,w2vSg__BRF100,paper_shallow,shallow,word2vec_sg mean of word vectors (gensim native wv[t]),OvR(BalancedRF n=100 balanced),Paper word2vec_sg + BRF (gensim native API; n-gram OOV for FT).,44,4,0.7961165048543689,,0.8069731617291066,0.7804410866910868,0.7613905243981595,alpha-glucan=1.00,arabinogalactan=0.50,1.5888190269470215
paper_word2vec_sg_BRF,w2vSg__BRF100,paper_shallow,shallow,word2vec_sg mean of word vectors (gensim native wv[t]),OvR(BalancedRF n=100 balanced),Paper word2vec_sg + BRF (gensim native API; n-gram OOV for FT).,45,0,0.8398058252427184,,0.8362529883964109,0.8285743204164259,0.817559504505431,alginate=1.00,arabinogalactan=0.60,1.6024830341339111
paper_word2vec_sg_BRF,w2vSg__BRF100,paper_shallow,shallow,word2vec_sg mean of word vectors (gensim native wv[t]),OvR(BalancedRF n=100 balanced),Paper word2vec_sg + BRF (gensim native API; n-gram OOV for FT).,45,1,0.8300970873786407,,0.7986786631666494,0.838621232568601,0.8078942241036308,alginate=1.00,alpha-mannan=0.56,1.5984477996826172
paper_word2vec_sg_BRF,w2vSg__BRF100,paper_shallow,shallow,word2vec_sg mean of word vectors (gensim native wv[t]),OvR(BalancedRF n=100 balanced),Paper word2vec_sg + BRF (gensim native API; n-gram OOV for FT).,45,2,0.7912621359223301,,0.7767480477039301,0.7735553226013753,0.7654681195709042,alginate=1.00,fructan=0.45,1.5912413597106934
paper_word2vec_sg_BRF,w2vSg__BRF100,paper_shallow,shallow,word2vec_sg mean of word vectors (gensim native wv[t]),OvR(BalancedRF n=100 balanced),Paper word2vec_sg + BRF (gensim native API; n-gram OOV for FT).,45,3,0.8252427184466019,,0.791931819663513,0.8395299145299145,0.8066651005808928,alginate=1.00,fructan=0.58,1.5923490524291992
paper_word2vec_sg_BRF,w2vSg__BRF100,paper_shallow,shallow,word2vec_sg mean of word vectors (gensim native wv[t]),OvR(BalancedRF n=100 balanced),Paper word2vec_sg + BRF (gensim native API; n-gram OOV for FT).,45,4,0.7864077669902912,,0.7788279755671059,0.7955914224664226,0.7773061199155483,alpha-mannan=1.00,arabinogalactan=0.56,1.6018309593200684
paper_word2vec_sg_BRF,w2vSg__BRF100,paper_shallow,shallow,word2vec_sg mean of word vectors (gensim native wv[t]),OvR(BalancedRF n=100 balanced),Paper word2vec_sg + BRF (gensim native API; n-gram OOV for FT).,46,0,0.7961165048543689,,0.7591431156562737,0.7543079654263863,0.7462238062624662,alpha-glucan=0.92,arabinogalactan=0.50,1.6009957790374756
paper_word2vec_sg_BRF,w2vSg__BRF100,paper_shallow,shallow,word2vec_sg mean of word vectors (gensim native wv[t]),OvR(BalancedRF n=100 balanced),Paper word2vec_sg + BRF (gensim native API; n-gram OOV for FT).,46,1,0.7961165048543689,,0.7664996120319011,0.8249260972945183,0.7826331114566409,alginate=1.00,galactan=0.50,1.5957822799682617
paper_word2vec_sg_BRF,w2vSg__BRF100,paper_shallow,shallow,word2vec_sg mean of word vectors (gensim native wv[t]),OvR(BalancedRF n=100 balanced),Paper word2vec_sg + BRF (gensim native API; n-gram OOV for FT).,46,2,0.7815533980582524,,0.764912968459328,0.7758621714542767,0.7610326117223215,alginate=1.00,galactan=0.35,1.5985119342803955
paper_word2vec_sg_BRF,w2vSg__BRF100,paper_shallow,shallow,word2vec_sg mean of word vectors (gensim native wv[t]),OvR(BalancedRF n=100 balanced),Paper word2vec_sg + BRF (gensim native API; n-gram OOV for FT).,46,3,0.8203883495145631,,0.7889837674949395,0.8310096153846155,0.7985197867077133,chitin=1.00,arabinogalactan=0.50,1.6010210514068604
paper_word2vec_sg_BRF,w2vSg__BRF100,paper_shallow,shallow,word2vec_sg mean of word vectors (gensim native wv[t]),OvR(BalancedRF n=100 balanced),Paper word2vec_sg + BRF (gensim native API; n-gram OOV for FT).,46,4,0.8398058252427184,,0.8191052084692436,0.8289774114774114,0.8184142799867945,alpha-mannan=1.00,galactan=0.48,1.5930349826812744
paper_just_attention_word2vec_sg,w2vSg__JustAttn,paper_DL,dl,word2vec_sg frozen Embedding (paper TextVectorization),non_recurrent_attention (single attention pass),Paper arch+optimizer+EarlyStopping verbatim; batch=1024/4096 for non-trans/trans.,42,0,0.7427184466019418,,0.7500526094276094,0.6664294550478761,0.6866833066989178,alginate=1.00,beta-mannan=0.50,25.678937196731567
paper_just_attention_word2vec_sg,w2vSg__JustAttn,paper_DL,dl,word2vec_sg frozen Embedding (paper TextVectorization),non_recurrent_attention (single attention pass),Paper arch+optimizer+EarlyStopping verbatim; batch=1024/4096 for non-trans/trans.,42,1,0.6893203883495146,,0.6827384489149195,0.7005590097037465,0.6842603764694329,alginate=1.00,galactan=0.36,22.671334981918335
paper_just_attention_word2vec_sg,w2vSg__JustAttn,paper_DL,dl,word2vec_sg frozen Embedding (paper TextVectorization),non_recurrent_attention (single attention pass),Paper arch+optimizer+EarlyStopping verbatim; batch=1024/4096 for non-trans/trans.,42,2,0.8106796116504854,,0.8509246601351865,0.8043672884133409,0.819740101338524,alginate=1.00,fructan=0.57,18.40623426437378
paper_just_attention_word2vec_sg,w2vSg__JustAttn,paper_DL,dl,word2vec_sg frozen Embedding (paper TextVectorization),non_recurrent_attention (single attention pass),Paper arch+optimizer+EarlyStopping verbatim; batch=1024/4096 for non-trans/trans.,42,3,0.7330097087378641,,0.6809283366327957,0.6817091473341473,0.6690217398785173,alginate=1.00,arabinogalactan=0.00,14.014899969100952
paper_just_attention_word2vec_sg,w2vSg__JustAttn,paper_DL,dl,word2vec_sg frozen Embedding (paper TextVectorization),non_recurrent_attention (single attention pass),Paper arch+optimizer+EarlyStopping verbatim; batch=1024/4096 for non-trans/trans.,42,4,0.7669902912621359,,0.7754828550171688,0.7219223137973138,0.7349272887508181,alginate=1.00,arabinogalactan=0.50,16.902164936065674
paper_just_attention_word2vec_sg,w2vSg__JustAttn,paper_DL,dl,word2vec_sg frozen Embedding (paper TextVectorization),non_recurrent_attention (single attention pass),Paper arch+optimizer+EarlyStopping verbatim; batch=1024/4096 for non-trans/trans.,43,0,0.7669902912621359,,0.7781731850776965,0.7766644977829188,0.7635296235946515,alginate=1.00,fructan=0.45,19.548935890197754
paper_just_attention_word2vec_sg,w2vSg__JustAttn,paper_DL,dl,word2vec_sg frozen Embedding (paper TextVectorization),non_recurrent_attention (single attention pass),Paper arch+optimizer+EarlyStopping verbatim; batch=1024/4096 for non-trans/trans.,43,1,0.7475728155339806,,0.7544362561077943,0.7424629281537176,0.7210695826590201,alginate=1.00,galactan=0.48,18.51179599761963
paper_just_attention_word2vec_sg,w2vSg__JustAttn,paper_DL,dl,word2vec_sg frozen Embedding (paper TextVectorization),non_recurrent_attention (single attention pass),Paper arch+optimizer+EarlyStopping verbatim; batch=1024/4096 for non-trans/trans.,43,2,0.7572815533980582,,0.7607975905673273,0.7798821171518541,0.7597199865044796,alginate=1.00,galactan=0.53,22.42405390739441
paper_just_attention_word2vec_sg,w2vSg__JustAttn,paper_DL,dl,word2vec_sg frozen Embedding (paper TextVectorization),non_recurrent_attention (single attention pass),Paper arch+optimizer+EarlyStopping verbatim; batch=1024/4096 for non-trans/trans.,43,3,0.7330097087378641,,0.7470453157953157,0.6677617521367522,0.6783870236302364,alginate=1.00,arabinogalactan=0.38,15.972432136535645
paper_just_attention_word2vec_sg,w2vSg__JustAttn,paper_DL,dl,word2vec_sg frozen Embedding (paper TextVectorization),non_recurrent_attention (single attention pass),Paper arch+optimizer+EarlyStopping verbatim; batch=1024/4096 for non-trans/trans.,43,4,0.7572815533980582,,0.6997204501151869,0.6771504884004883,0.6787518700116704,alginate=1.00,fructan=0.00,21.31019401550293
paper_just_attention_word2vec_sg,w2vSg__JustAttn,paper_DL,dl,word2vec_sg frozen Embedding (paper TextVectorization),non_recurrent_attention (single attention pass),Paper arch+optimizer+EarlyStopping verbatim; batch=1024/4096 for non-trans/trans.,44,0,0.7621359223300971,,0.7904261024220701,0.7402008225692436,0.7410963758428823,alginate=1.00,arabinogalactan=0.42,18.98511004447937
paper_just_attention_word2vec_sg,w2vSg__JustAttn,paper_DL,dl,word2vec_sg frozen Embedding (paper TextVectorization),non_recurrent_attention (single attention pass),Paper arch+optimizer+EarlyStopping verbatim; batch=1024/4096 for non-trans/trans.,44,1,0.8009708737864077,,0.8191052854833689,0.7994598274532484,0.7983145994791957,alginate=1.00,fructan=0.62,21.59430193901062
paper_just_attention_word2vec_sg,w2vSg__JustAttn,paper_DL,dl,word2vec_sg frozen Embedding (paper TextVectorization),non_recurrent_attention (single attention pass),Paper arch+optimizer+EarlyStopping verbatim; batch=1024/4096 for non-trans/trans.,44,2,0.8009708737864077,,0.8068653688265758,0.7868395347342715,0.7864772845849427,alginate=1.00,galactan=0.50,29.64611792564392
paper_just_attention_word2vec_sg,w2vSg__JustAttn,paper_DL,dl,word2vec_sg frozen Embedding (paper TextVectorization),non_recurrent_attention (single attention pass),Paper arch+optimizer+EarlyStopping verbatim; batch=1024/4096 for non-trans/trans.,44,3,0.7815533980582524,,0.7345146339168078,0.7091765873015873,0.7108232293436892,alginate=1.00,fructan=0.00,25.078974962234497
paper_just_attention_word2vec_sg,w2vSg__JustAttn,paper_DL,dl,word2vec_sg frozen Embedding (paper TextVectorization),non_recurrent_attention (single attention pass),Paper arch+optimizer+EarlyStopping verbatim; batch=1024/4096 for non-trans/trans.,44,4,0.7184466019417476,,0.7270087180316382,0.6351808608058608,0.6496871279000435,alpha-mannan=1.00,fructan=0.30,21.11574697494507
paper_just_attention_word2vec_sg,w2vSg__JustAttn,paper_DL,dl,word2vec_sg frozen Embedding (paper TextVectorization),non_recurrent_attention (single attention pass),Paper arch+optimizer+EarlyStopping verbatim; batch=1024/4096 for non-trans/trans.,45,0,0.7864077669902912,,0.8443459488718109,0.7436885081292975,0.7722550487618398,alginate=1.00,beta-glucan=0.59,24.193878889083862
paper_just_attention_word2vec_sg,w2vSg__JustAttn,paper_DL,dl,word2vec_sg frozen Embedding (paper TextVectorization),non_recurrent_attention (single attention pass),Paper arch+optimizer+EarlyStopping verbatim; batch=1024/4096 for non-trans/trans.,45,1,0.7815533980582524,,0.7782983262559564,0.7608905677655677,0.7648313573667868,alginate=1.00,arabinogalactan=0.50,27.331614017486572
paper_just_attention_word2vec_sg,w2vSg__JustAttn,paper_DL,dl,word2vec_sg frozen Embedding (paper TextVectorization),non_recurrent_attention (single attention pass),Paper arch+optimizer+EarlyStopping verbatim; batch=1024/4096 for non-trans/trans.,45,2,0.7572815533980582,,0.7641776016119803,0.7615050044984256,0.7511210622589979,alginate=1.00,fructan=0.46,19.940202951431274
paper_just_attention_word2vec_sg,w2vSg__JustAttn,paper_DL,dl,word2vec_sg frozen Embedding (paper TextVectorization),non_recurrent_attention (single attention pass),Paper arch+optimizer+EarlyStopping verbatim; batch=1024/4096 for non-trans/trans.,45,3,0.8155339805825242,,0.8065944091911758,0.7987484737484737,0.7964357463293634,alginate=1.00,fructan=0.60,26.040464878082275
paper_just_attention_word2vec_sg,w2vSg__JustAttn,paper_DL,dl,word2vec_sg frozen Embedding (paper TextVectorization),non_recurrent_attention (single attention pass),Paper arch+optimizer+EarlyStopping verbatim; batch=1024/4096 for non-trans/trans.,45,4,0.7524271844660194,,0.7244954236714406,0.7390613553113553,0.7262230264790408,alginate=1.00,fructan=0.44,31.06655788421631
paper_just_attention_word2vec_sg,w2vSg__JustAttn,paper_DL,dl,word2vec_sg frozen Embedding (paper TextVectorization),non_recurrent_attention (single attention pass),Paper arch+optimizer+EarlyStopping verbatim; batch=1024/4096 for non-trans/trans.,46,0,0.7427184466019418,,0.7335230922853473,0.70398793458004,0.713580252448177,alginate=1.00,alpha-mannan=0.40,24.93379306793213
paper_just_attention_word2vec_sg,w2vSg__JustAttn,paper_DL,dl,word2vec_sg frozen Embedding (paper TextVectorization),non_recurrent_attention (single attention pass),Paper arch+optimizer+EarlyStopping verbatim; batch=1024/4096 for non-trans/trans.,46,1,0.7572815533980582,,0.7822763957727724,0.7778153717627401,0.7635241378538232,alginate=1.00,beta-mannan=0.50,22.82140803337097
paper_just_attention_word2vec_sg,w2vSg__JustAttn,paper_DL,dl,word2vec_sg frozen Embedding (paper TextVectorization),non_recurrent_attention (single attention pass),Paper arch+optimizer+EarlyStopping verbatim; batch=1024/4096 for non-trans/trans.,46,2,0.8349514563106796,,0.8548015467604242,0.8176406159629845,0.8230716337000367,alginate=1.00,arabinogalactan=0.56,20.586786031723022
paper_just_attention_word2vec_sg,w2vSg__JustAttn,paper_DL,dl,word2vec_sg frozen Embedding (paper TextVectorization),non_recurrent_attention (single attention pass),Paper arch+optimizer+EarlyStopping verbatim; batch=1024/4096 for non-trans/trans.,46,3,0.7524271844660194,,0.7515916689046929,0.7599982193732194,0.7459965242135501,alginate=1.00,fructan=0.55,24.440747022628784
paper_just_attention_word2vec_sg,w2vSg__JustAttn,paper_DL,dl,word2vec_sg frozen Embedding (paper TextVectorization),non_recurrent_attention (single attention pass),Paper arch+optimizer+EarlyStopping verbatim; batch=1024/4096 for non-trans/trans.,46,4,0.7815533980582524,,0.7865032172289205,0.8067307692307693,0.7841240936421706,alginate=1.00,fructan=0.42,28.015050888061523
paper_vanilla_lstm_word2vec_sg,w2vSg__LSTM,paper_DL,dl,word2vec_sg frozen Embedding (paper TextVectorization),"LSTM(100, dropout=0.6) + Dense head",Paper arch+optimizer+EarlyStopping verbatim; batch=1024/4096 for non-trans/trans.,42,0,0.6941747572815534,,0.734173547041194,0.6051384470792366,0.6212630582201647,alginate=1.00,arabinogalactan=0.40,9.960110902786255
paper_vanilla_lstm_word2vec_sg,w2vSg__LSTM,paper_DL,dl,word2vec_sg frozen Embedding (paper TextVectorization),"LSTM(100, dropout=0.6) + Dense head",Paper arch+optimizer+EarlyStopping verbatim; batch=1024/4096 for non-trans/trans.,42,1,0.7621359223300971,,0.7074793956043957,0.7053203521624575,0.7023540217833696,alpha-mannan=1.00,fructan=0.25,11.708823204040527
paper_vanilla_lstm_word2vec_sg,w2vSg__LSTM,paper_DL,dl,word2vec_sg frozen Embedding (paper TextVectorization),"LSTM(100, dropout=0.6) + Dense head",Paper arch+optimizer+EarlyStopping verbatim; batch=1024/4096 for non-trans/trans.,42,2,0.7961165048543689,,0.798128064727035,0.7319110677334361,0.7548570873570873,alginate=1.00,galactan=0.42,12.940583944320679
paper_vanilla_lstm_word2vec_sg,w2vSg__LSTM,paper_DL,dl,word2vec_sg frozen Embedding (paper TextVectorization),"LSTM(100, dropout=0.6) + Dense head",Paper arch+optimizer+EarlyStopping verbatim; batch=1024/4096 for non-trans/trans.,42,3,0.7961165048543689,,0.7696843947922463,0.7458714896214896,0.7482530033372968,alginate=1.00,arabinogalactan=0.33,10.752622842788696
paper_vanilla_lstm_word2vec_sg,w2vSg__LSTM,paper_DL,dl,word2vec_sg frozen Embedding (paper TextVectorization),"LSTM(100, dropout=0.6) + Dense head",Paper arch+optimizer+EarlyStopping verbatim; batch=1024/4096 for non-trans/trans.,42,4,0.8009708737864077,,0.8206057567846735,0.7362797619047617,0.7612215869451467,alginate=1.00,arabinogalactan=0.57,11.110676050186157
paper_vanilla_lstm_word2vec_sg,w2vSg__LSTM,paper_DL,dl,word2vec_sg frozen Embedding (paper TextVectorization),"LSTM(100, dropout=0.6) + Dense head",Paper arch+optimizer+EarlyStopping verbatim; batch=1024/4096 for non-trans/trans.,43,0,0.8300970873786407,,0.8132054057747461,0.8168413421373947,0.8116155657502753,alginate=1.00,fructan=0.57,12.790136098861694
paper_vanilla_lstm_word2vec_sg,w2vSg__LSTM,paper_DL,dl,word2vec_sg frozen Embedding (paper TextVectorization),"LSTM(100, dropout=0.6) + Dense head",Paper arch+optimizer+EarlyStopping verbatim; batch=1024/4096 for non-trans/trans.,43,1,0.7524271844660194,,0.7376415251415253,0.7058290758948654,0.70828462317824,alginate=1.00,arabinogalactan=0.50,13.312187194824219
paper_vanilla_lstm_word2vec_sg,w2vSg__LSTM,paper_DL,dl,word2vec_sg frozen Embedding (paper TextVectorization),"LSTM(100, dropout=0.6) + Dense head",Paper arch+optimizer+EarlyStopping verbatim; batch=1024/4096 for non-trans/trans.,43,2,0.7524271844660194,,0.7723845598845599,0.6658940219137588,0.6967475842475843,alginate=1.00,arabinogalactan=0.33,10.882047891616821
paper_vanilla_lstm_word2vec_sg,w2vSg__LSTM,paper_DL,dl,word2vec_sg frozen Embedding (paper TextVectorization),"LSTM(100, dropout=0.6) + Dense head",Paper arch+optimizer+EarlyStopping verbatim; batch=1024/4096 for non-trans/trans.,43,3,0.7718446601941747,,0.7768159715528137,0.7162774725274725,0.7301338371094563,alginate=1.00,arabinogalactan=0.36,11.260810852050781
paper_vanilla_lstm_word2vec_sg,w2vSg__LSTM,paper_DL,dl,word2vec_sg frozen Embedding (paper TextVectorization),"LSTM(100, dropout=0.6) + Dense head",Paper arch+optimizer+EarlyStopping verbatim; batch=1024/4096 for non-trans/trans.,43,4,0.7621359223300971,,0.7651742094144055,0.6936485042735042,0.7147703533792243,alginate=1.00,arabinogalactan=0.40,12.650359153747559
paper_vanilla_lstm_word2vec_sg,w2vSg__LSTM,paper_DL,dl,word2vec_sg frozen Embedding (paper TextVectorization),"LSTM(100, dropout=0.6) + Dense head",Paper arch+optimizer+EarlyStopping verbatim; batch=1024/4096 for non-trans/trans.,44,0,0.7961165048543689,,0.7958189349636718,0.7908367874815242,0.7761168496787528,alpha-mannan=1.00,arabinogalactan=0.45,12.271586656570435
paper_vanilla_lstm_word2vec_sg,w2vSg__LSTM,paper_DL,dl,word2vec_sg frozen Embedding (paper TextVectorization),"LSTM(100, dropout=0.6) + Dense head",Paper arch+optimizer+EarlyStopping verbatim; batch=1024/4096 for non-trans/trans.,44,1,0.7233009708737864,,0.7397037153067855,0.700530211747317,0.6986202976512655,alginate=1.00,galactan=0.26,12.74281120300293
paper_vanilla_lstm_word2vec_sg,w2vSg__LSTM,paper_DL,dl,word2vec_sg frozen Embedding (paper TextVectorization),"LSTM(100, dropout=0.6) + Dense head",Paper arch+optimizer+EarlyStopping verbatim; batch=1024/4096 for non-trans/trans.,44,2,0.7718446601941747,,0.7540587106202761,0.7067413726624253,0.715180126300039,alginate=1.00,arabinogalactan=0.50,13.878852128982544
paper_vanilla_lstm_word2vec_sg,w2vSg__LSTM,paper_DL,dl,word2vec_sg frozen Embedding (paper TextVectorization),"LSTM(100, dropout=0.6) + Dense head",Paper arch+optimizer+EarlyStopping verbatim; batch=1024/4096 for non-trans/trans.,44,3,0.7864077669902912,,0.7925945809004488,0.6704059829059829,0.6813061279649716,alpha-mannan=1.00,arabinogalactan=0.50,12.376976013183594
paper_vanilla_lstm_word2vec_sg,w2vSg__LSTM,paper_DL,dl,word2vec_sg frozen Embedding (paper TextVectorization),"LSTM(100, dropout=0.6) + Dense head",Paper arch+optimizer+EarlyStopping verbatim; batch=1024/4096 for non-trans/trans.,44,4,0.7427184466019418,,0.7530977087754646,0.692354242979243,0.6978350638027093,alginate=1.00,fructan=0.27,13.796531915664673
paper_vanilla_lstm_word2vec_sg,w2vSg__LSTM,paper_DL,dl,word2vec_sg frozen Embedding (paper TextVectorization),"LSTM(100, dropout=0.6) + Dense head",Paper arch+optimizer+EarlyStopping verbatim; batch=1024/4096 for non-trans/trans.,45,0,0.7718446601941747,,0.8089064865448231,0.7426602965747704,0.7543076545641102,alginate=1.00,galactan=0.58,12.42369794845581
paper_vanilla_lstm_word2vec_sg,w2vSg__LSTM,paper_DL,dl,word2vec_sg frozen Embedding (paper TextVectorization),"LSTM(100, dropout=0.6) + Dense head",Paper arch+optimizer+EarlyStopping verbatim; batch=1024/4096 for non-trans/trans.,45,1,0.7912621359223301,,0.7653838985088984,0.7361009093245935,0.7384449316030476,fructan=1.00,galactan=0.43,11.900682926177979
paper_vanilla_lstm_word2vec_sg,w2vSg__LSTM,paper_DL,dl,word2vec_sg frozen Embedding (paper TextVectorization),"LSTM(100, dropout=0.6) + Dense head",Paper arch+optimizer+EarlyStopping verbatim; batch=1024/4096 for non-trans/trans.,45,2,0.7766990291262136,,0.7677032934385876,0.7595060969732023,0.7503682918388801,alginate=1.00,fructan=0.42,15.14967393875122
paper_vanilla_lstm_word2vec_sg,w2vSg__LSTM,paper_DL,dl,word2vec_sg frozen Embedding (paper TextVectorization),"LSTM(100, dropout=0.6) + Dense head",Paper arch+optimizer+EarlyStopping verbatim; batch=1024/4096 for non-trans/trans.,45,3,0.8203883495145631,,0.8013510101010101,0.7675175518925519,0.7804420105723088,alginate=1.00,arabinogalactan=0.40,12.901601791381836
paper_vanilla_lstm_word2vec_sg,w2vSg__LSTM,paper_DL,dl,word2vec_sg frozen Embedding (paper TextVectorization),"LSTM(100, dropout=0.6) + Dense head",Paper arch+optimizer+EarlyStopping verbatim; batch=1024/4096 for non-trans/trans.,45,4,0.7815533980582524,,0.7983010725657785,0.7541849816849817,0.7586615442430301,alpha-mannan=1.00,fructan=0.50,14.476771831512451
paper_vanilla_lstm_word2vec_sg,w2vSg__LSTM,paper_DL,dl,word2vec_sg frozen Embedding (paper TextVectorization),"LSTM(100, dropout=0.6) + Dense head",Paper arch+optimizer+EarlyStopping verbatim; batch=1024/4096 for non-trans/trans.,46,0,0.7281553398058253,,0.6537995471258182,0.6196416522074416,0.628834910813117,alginate=1.00,alpha-mannan=0.00,12.750370979309082
paper_vanilla_lstm_word2vec_sg,w2vSg__LSTM,paper_DL,dl,word2vec_sg frozen Embedding (paper TextVectorization),"LSTM(100, dropout=0.6) + Dense head",Paper arch+optimizer+EarlyStopping verbatim; batch=1024/4096 for non-trans/trans.,46,1,0.7572815533980582,,0.7468541813936551,0.7435278500739028,0.7362659640472939,alginate=1.00,fructan=0.38,15.49512791633606
paper_vanilla_lstm_word2vec_sg,w2vSg__LSTM,paper_DL,dl,word2vec_sg frozen Embedding (paper TextVectorization),"LSTM(100, dropout=0.6) + Dense head",Paper arch+optimizer+EarlyStopping verbatim; batch=1024/4096 for non-trans/trans.,46,2,0.7475728155339806,,0.7417125362689879,0.6949520435704647,0.7057843366108115,alginate=1.00,galactan=0.29,12.930851221084595
paper_vanilla_lstm_word2vec_sg,w2vSg__LSTM,paper_DL,dl,word2vec_sg frozen Embedding (paper TextVectorization),"LSTM(100, dropout=0.6) + Dense head",Paper arch+optimizer+EarlyStopping verbatim; batch=1024/4096 for non-trans/trans.,46,3,0.7184466019417476,,0.5808704897949748,0.5946810134310134,0.5835613460548076,alginate=1.00,alpha-mannan=0.00,13.074324131011963
paper_vanilla_lstm_word2vec_sg,w2vSg__LSTM,paper_DL,dl,word2vec_sg frozen Embedding (paper TextVectorization),"LSTM(100, dropout=0.6) + Dense head",Paper arch+optimizer+EarlyStopping verbatim; batch=1024/4096 for non-trans/trans.,46,4,0.7766990291262136,,0.7539370748752899,0.7802831196581196,0.7574088672918314,alginate=1.00,galactan=0.36,17.089843034744263
paper_lstm_with_attention_word2vec_sg,w2vSg__LSTMattn,paper_DL,dl,word2vec_sg frozen Embedding (paper TextVectorization),"LSTM(100, return_seq) + attention head",Paper arch+optimizer+EarlyStopping verbatim; batch=1024/4096 for non-trans/trans.,42,0,0.7718446601941747,,0.7579329096200912,0.7352494617955144,0.7264641540250129,alginate=1.00,alpha-mannan=0.50,9.392683982849121
paper_lstm_with_attention_word2vec_sg,w2vSg__LSTMattn,paper_DL,dl,word2vec_sg frozen Embedding (paper TextVectorization),"LSTM(100, return_seq) + attention head",Paper arch+optimizer+EarlyStopping verbatim; batch=1024/4096 for non-trans/trans.,42,1,0.7621359223300971,,0.7602913329074319,0.7351408167855537,0.7406103097866638,alginate=1.00,beta-mannan=0.44,8.139508962631226
paper_lstm_with_attention_word2vec_sg,w2vSg__LSTMattn,paper_DL,dl,word2vec_sg frozen Embedding (paper TextVectorization),"LSTM(100, return_seq) + attention head",Paper arch+optimizer+EarlyStopping verbatim; batch=1024/4096 for non-trans/trans.,42,2,0.7864077669902912,,0.8203118137900747,0.7676039859263545,0.7852156089987252,alginate=1.00,galactan=0.39,9.420439004898071
paper_lstm_with_attention_word2vec_sg,w2vSg__LSTMattn,paper_DL,dl,word2vec_sg frozen Embedding (paper TextVectorization),"LSTM(100, return_seq) + attention head",Paper arch+optimizer+EarlyStopping verbatim; batch=1024/4096 for non-trans/trans.,42,3,0.7961165048543689,,0.8136032553775694,0.7364468864468865,0.755006055006055,alginate=1.00,beta-mannan=0.53,10.635807991027832
paper_lstm_with_attention_word2vec_sg,w2vSg__LSTMattn,paper_DL,dl,word2vec_sg frozen Embedding (paper TextVectorization),"LSTM(100, return_seq) + attention head",Paper arch+optimizer+EarlyStopping verbatim; batch=1024/4096 for non-trans/trans.,42,4,0.7766990291262136,,0.7599487972033815,0.7551068376068377,0.7537949413562041,alginate=1.00,arabinogalactan=0.60,11.404525756835938
paper_lstm_with_attention_word2vec_sg,w2vSg__LSTMattn,paper_DL,dl,word2vec_sg frozen Embedding (paper TextVectorization),"LSTM(100, return_seq) + attention head",Paper arch+optimizer+EarlyStopping verbatim; batch=1024/4096 for non-trans/trans.,43,0,0.7961165048543689,,0.7877053200422766,0.7675912136109505,0.768225939597401,alginate=1.00,fructan=0.57,8.525914192199707
paper_lstm_with_attention_word2vec_sg,w2vSg__LSTMattn,paper_DL,dl,word2vec_sg frozen Embedding (paper TextVectorization),"LSTM(100, return_seq) + attention head",Paper arch+optimizer+EarlyStopping verbatim; batch=1024/4096 for non-trans/trans.,43,1,0.8009708737864077,,0.7972424766166945,0.8105298101021785,0.7993538565849779,alginate=1.00,beta-mannan=0.45,11.319023847579956
paper_lstm_with_attention_word2vec_sg,w2vSg__LSTMattn,paper_DL,dl,word2vec_sg frozen Embedding (paper TextVectorization),"LSTM(100, return_seq) + attention head",Paper arch+optimizer+EarlyStopping verbatim; batch=1024/4096 for non-trans/trans.,43,2,0.7718446601941747,,0.7780496275061494,0.745204718527087,0.7572453077851685,alginate=1.00,fructan=0.50,11.413878917694092
paper_lstm_with_attention_word2vec_sg,w2vSg__LSTMattn,paper_DL,dl,word2vec_sg frozen Embedding (paper TextVectorization),"LSTM(100, return_seq) + attention head",Paper arch+optimizer+EarlyStopping verbatim; batch=1024/4096 for non-trans/trans.,43,3,0.8058252427184466,,0.8010156428538782,0.7462873931623933,0.76154767110151,alpha-mannan=1.00,arabinogalactan=0.50,9.608754873275757
paper_lstm_with_attention_word2vec_sg,w2vSg__LSTMattn,paper_DL,dl,word2vec_sg frozen Embedding (paper TextVectorization),"LSTM(100, return_seq) + attention head",Paper arch+optimizer+EarlyStopping verbatim; batch=1024/4096 for non-trans/trans.,43,4,0.7621359223300971,,0.7455683479532165,0.6850653744403745,0.6891195871712421,alginate=1.00,arabinogalactan=0.00,11.74677300453186
paper_lstm_with_attention_word2vec_sg,w2vSg__LSTMattn,paper_DL,dl,word2vec_sg frozen Embedding (paper TextVectorization),"LSTM(100, return_seq) + attention head",Paper arch+optimizer+EarlyStopping verbatim; batch=1024/4096 for non-trans/trans.,44,0,0.7718446601941747,,0.7635511039432608,0.7704063845511214,0.7510210727647704,chitin=1.00,alpha-mannan=0.57,9.791826009750366
paper_lstm_with_attention_word2vec_sg,w2vSg__LSTMattn,paper_DL,dl,word2vec_sg frozen Embedding (paper TextVectorization),"LSTM(100, return_seq) + attention head",Paper arch+optimizer+EarlyStopping verbatim; batch=1024/4096 for non-trans/trans.,44,1,0.7475728155339806,,0.6744818294736826,0.696591719683825,0.6798293566610313,alginate=1.00,fructan=0.00,9.216758012771606
paper_lstm_with_attention_word2vec_sg,w2vSg__LSTMattn,paper_DL,dl,word2vec_sg frozen Embedding (paper TextVectorization),"LSTM(100, return_seq) + attention head",Paper arch+optimizer+EarlyStopping verbatim; batch=1024/4096 for non-trans/trans.,44,2,0.7815533980582524,,0.7635828305681246,0.7219809941520468,0.7281666631666632,alginate=1.00,fructan=0.57,10.875406980514526
paper_lstm_with_attention_word2vec_sg,w2vSg__LSTMattn,paper_DL,dl,word2vec_sg frozen Embedding (paper TextVectorization),"LSTM(100, return_seq) + attention head",Paper arch+optimizer+EarlyStopping verbatim; batch=1024/4096 for non-trans/trans.,44,3,0.8155339805825242,,0.8217782050015844,0.7727068070818072,0.7860994519831327,alginate=1.00,galactan=0.59,14.222587823867798
paper_lstm_with_attention_word2vec_sg,w2vSg__LSTMattn,paper_DL,dl,word2vec_sg frozen Embedding (paper TextVectorization),"LSTM(100, return_seq) + attention head",Paper arch+optimizer+EarlyStopping verbatim; batch=1024/4096 for non-trans/trans.,44,4,0.7427184466019418,,0.7257111062195808,0.6679151404151406,0.682159333190418,alginate=1.00,galactan=0.45,10.826149225234985
paper_lstm_with_attention_word2vec_sg,w2vSg__LSTMattn,paper_DL,dl,word2vec_sg frozen Embedding (paper TextVectorization),"LSTM(100, return_seq) + attention head",Paper arch+optimizer+EarlyStopping verbatim; batch=1024/4096 for non-trans/trans.,45,0,0.7961165048543689,,0.8038352097945122,0.7746660722318618,0.7777349279690737,alginate=1.00,arabinogalactan=0.56,11.365418195724487
paper_lstm_with_attention_word2vec_sg,w2vSg__LSTMattn,paper_DL,dl,word2vec_sg frozen Embedding (paper TextVectorization),"LSTM(100, return_seq) + attention head",Paper arch+optimizer+EarlyStopping verbatim; batch=1024/4096 for non-trans/trans.,45,1,0.7621359223300971,,0.7409313388373491,0.7172135466872308,0.7266997313672691,chitin=1.00,galactan=0.38,9.360274076461792
paper_lstm_with_attention_word2vec_sg,w2vSg__LSTMattn,paper_DL,dl,word2vec_sg frozen Embedding (paper TextVectorization),"LSTM(100, return_seq) + attention head",Paper arch+optimizer+EarlyStopping verbatim; batch=1024/4096 for non-trans/trans.,45,2,0.7912621359223301,,0.8046464360802595,0.7778974278645331,0.7777124390835396,alginate=1.00,fructan=0.42,11.936826229095459
paper_lstm_with_attention_word2vec_sg,w2vSg__LSTMattn,paper_DL,dl,word2vec_sg frozen Embedding (paper TextVectorization),"LSTM(100, return_seq) + attention head",Paper arch+optimizer+EarlyStopping verbatim; batch=1024/4096 for non-trans/trans.,45,3,0.8349514563106796,,0.8156547619047619,0.7749084249084249,0.7878416291746393,alginate=1.00,fructan=0.62,12.307197093963623
paper_lstm_with_attention_word2vec_sg,w2vSg__LSTMattn,paper_DL,dl,word2vec_sg frozen Embedding (paper TextVectorization),"LSTM(100, return_seq) + attention head",Paper arch+optimizer+EarlyStopping verbatim; batch=1024/4096 for non-trans/trans.,45,4,0.8058252427184466,,0.8093241707362221,0.7894329975579976,0.7936193709517921,alginate=1.00,beta-mannan=0.58,14.176658868789673
paper_lstm_with_attention_word2vec_sg,w2vSg__LSTMattn,paper_DL,dl,word2vec_sg frozen Embedding (paper TextVectorization),"LSTM(100, return_seq) + attention head",Paper arch+optimizer+EarlyStopping verbatim; batch=1024/4096 for non-trans/trans.,46,0,0.7572815533980582,,0.8179693598750976,0.663303410770516,0.7043045225910763,alginate=1.00,arabinogalactan=0.38,12.67510199546814
paper_lstm_with_attention_word2vec_sg,w2vSg__LSTMattn,paper_DL,dl,word2vec_sg frozen Embedding (paper TextVectorization),"LSTM(100, return_seq) + attention head",Paper arch+optimizer+EarlyStopping verbatim; batch=1024/4096 for non-trans/trans.,46,1,0.7621359223300971,,0.7719192388652033,0.7888990103463788,0.7633685849640823,alginate=1.00,beta-mannan=0.45,13.117968082427979
paper_lstm_with_attention_word2vec_sg,w2vSg__LSTMattn,paper_DL,dl,word2vec_sg frozen Embedding (paper TextVectorization),"LSTM(100, return_seq) + attention head",Paper arch+optimizer+EarlyStopping verbatim; batch=1024/4096 for non-trans/trans.,46,2,0.7815533980582524,,0.7628757816257816,0.7529528548936444,0.7472470966608711,alginate=1.00,galactan=0.45,11.306541919708252
paper_lstm_with_attention_word2vec_sg,w2vSg__LSTMattn,paper_DL,dl,word2vec_sg frozen Embedding (paper TextVectorization),"LSTM(100, return_seq) + attention head",Paper arch+optimizer+EarlyStopping verbatim; batch=1024/4096 for non-trans/trans.,46,3,0.7815533980582524,,0.7908597961163669,0.7162583943833943,0.7206642122351367,alginate=1.00,alpha-mannan=0.50,12.076387166976929
paper_lstm_with_attention_word2vec_sg,w2vSg__LSTMattn,paper_DL,dl,word2vec_sg frozen Embedding (paper TextVectorization),"LSTM(100, return_seq) + attention head",Paper arch+optimizer+EarlyStopping verbatim; batch=1024/4096 for non-trans/trans.,46,4,0.7912621359223301,,0.7779466687709723,0.7924374236874238,0.7744721212162959,alpha-mannan=1.00,galactan=0.46,13.65664291381836
paper_transformer_word2vec_sg,w2vSg__Trans,paper_DL,dl,word2vec_sg frozen Embedding (paper TextVectorization),Transformer 4 blocks × 4 heads × head=128 × ff=512 × dropout=0.5 → GAP → softmax,Paper arch+optimizer+EarlyStopping verbatim; batch=1024.,42,0,0.7281553398058253,,0.7150692722238775,0.7020328063749117,0.696654910005636,alginate=1.00,alpha-mannan=0.50,14.270995140075684
paper_transformer_word2vec_sg,w2vSg__Trans,paper_DL,dl,word2vec_sg frozen Embedding (paper TextVectorization),Transformer 4 blocks × 4 heads × head=128 × ff=512 × dropout=0.5 → GAP → softmax,Paper arch+optimizer+EarlyStopping verbatim; batch=1024.,42,1,0.7524271844660194,,0.7878485022194787,0.7488213723411091,0.7550834935113647,alginate=1.00,fructan=0.40,14.890631914138794
paper_transformer_word2vec_sg,w2vSg__Trans,paper_DL,dl,word2vec_sg frozen Embedding (paper TextVectorization),Transformer 4 blocks × 4 heads × head=128 × ff=512 × dropout=0.5 → GAP → softmax,Paper arch+optimizer+EarlyStopping verbatim; batch=1024.,42,2,0.7864077669902912,,0.7796483336924513,0.744408979178716,0.7568639640478723,alginate=1.00,arabinogalactan=0.40,16.529125928878784
paper_transformer_word2vec_sg,w2vSg__Trans,paper_DL,dl,word2vec_sg frozen Embedding (paper TextVectorization),Transformer 4 blocks × 4 heads × head=128 × ff=512 × dropout=0.5 → GAP → softmax,Paper arch+optimizer+EarlyStopping verbatim; batch=1024.,42,3,0.8155339805825242,,0.8324158017048768,0.7662202380952382,0.7787218705185674,alginate=1.00,beta-mannan=0.59,16.653909921646118
paper_transformer_word2vec_sg,w2vSg__Trans,paper_DL,dl,word2vec_sg frozen Embedding (paper TextVectorization),Transformer 4 blocks × 4 heads × head=128 × ff=512 × dropout=0.5 → GAP → softmax,Paper arch+optimizer+EarlyStopping verbatim; batch=1024.,42,4,0.7961165048543689,,0.8007149150151179,0.7550083943833945,0.7716378516287773,alpha-mannan=1.00,galactan=0.57,18.42310404777527
paper_transformer_word2vec_sg,w2vSg__Trans,paper_DL,dl,word2vec_sg frozen Embedding (paper TextVectorization),Transformer 4 blocks × 4 heads × head=128 × ff=512 × dropout=0.5 → GAP → softmax,Paper arch+optimizer+EarlyStopping verbatim; batch=1024.,43,0,0.7718446601941747,,0.7600412560485156,0.8001021785232311,0.75782590104698,alginate=1.00,fructan=0.42,16.985182762145996
paper_transformer_word2vec_sg,w2vSg__Trans,paper_DL,dl,word2vec_sg frozen Embedding (paper TextVectorization),Transformer 4 blocks × 4 heads × head=128 × ff=512 × dropout=0.5 → GAP → softmax,Paper arch+optimizer+EarlyStopping verbatim; batch=1024.,43,1,0.7475728155339806,,0.75817467101758,0.6954369095816464,0.7120841841838114,alginate=1.00,galactan=0.43,19.37953472137451
paper_transformer_word2vec_sg,w2vSg__Trans,paper_DL,dl,word2vec_sg frozen Embedding (paper TextVectorization),Transformer 4 blocks × 4 heads × head=128 × ff=512 × dropout=0.5 → GAP → softmax,Paper arch+optimizer+EarlyStopping verbatim; batch=1024.,43,2,0.6941747572815534,,0.6563170444420445,0.6787824529271899,0.6510553710757885,host glycan=0.92,galactan=0.29,18.467907905578613
paper_transformer_word2vec_sg,w2vSg__Trans,paper_DL,dl,word2vec_sg frozen Embedding (paper TextVectorization),Transformer 4 blocks × 4 heads × head=128 × ff=512 × dropout=0.5 → GAP → softmax,Paper arch+optimizer+EarlyStopping verbatim; batch=1024.,43,3,0.8155339805825242,,0.8099782350357798,0.8277625152625153,0.8135059015961175,alginate=1.00,fructan=0.55,24.312095165252686
paper_transformer_word2vec_sg,w2vSg__Trans,paper_DL,dl,word2vec_sg frozen Embedding (paper TextVectorization),Transformer 4 blocks × 4 heads × head=128 × ff=512 × dropout=0.5 → GAP → softmax,Paper arch+optimizer+EarlyStopping verbatim; batch=1024.,43,4,0.8106796116504854,,0.8063415614886204,0.7800679181929183,0.7888540391341623,alginate=1.00,arabinogalactan=0.43,23.0295512676239
paper_transformer_word2vec_sg,w2vSg__Trans,paper_DL,dl,word2vec_sg frozen Embedding (paper TextVectorization),Transformer 4 blocks × 4 heads × head=128 × ff=512 × dropout=0.5 → GAP → softmax,Paper arch+optimizer+EarlyStopping verbatim; batch=1024.,44,0,0.7475728155339806,,0.7505299847211613,0.713341366236103,0.7207416429386818,alginate=1.00,beta-mannan=0.53,20.229730129241943
paper_transformer_word2vec_sg,w2vSg__Trans,paper_DL,dl,word2vec_sg frozen Embedding (paper TextVectorization),Transformer 4 blocks × 4 heads × head=128 × ff=512 × dropout=0.5 → GAP → softmax,Paper arch+optimizer+EarlyStopping verbatim; batch=1024.,44,1,0.7038834951456311,,0.7843358969667609,0.704493404986826,0.7216147855504138,alginate=1.00,pectin=0.43,20.92162799835205
paper_transformer_word2vec_sg,w2vSg__Trans,paper_DL,dl,word2vec_sg frozen Embedding (paper TextVectorization),Transformer 4 blocks × 4 heads × head=128 × ff=512 × dropout=0.5 → GAP → softmax,Paper arch+optimizer+EarlyStopping verbatim; batch=1024.,44,2,0.8009708737864077,,0.8186909729815909,0.7205425020885547,0.7378962976713055,alpha-mannan=1.00,fructan=0.40,23.20271897315979
paper_transformer_word2vec_sg,w2vSg__Trans,paper_DL,dl,word2vec_sg frozen Embedding (paper TextVectorization),Transformer 4 blocks × 4 heads × head=128 × ff=512 × dropout=0.5 → GAP → softmax,Paper arch+optimizer+EarlyStopping verbatim; batch=1024.,44,3,0.8009708737864077,,0.799636401610086,0.7583218864468865,0.7693995751057897,alginate=1.00,arabinogalactan=0.67,23.80979084968567
paper_transformer_word2vec_sg,w2vSg__Trans,paper_DL,dl,word2vec_sg frozen Embedding (paper TextVectorization),Transformer 4 blocks × 4 heads × head=128 × ff=512 × dropout=0.5 → GAP → softmax,Paper arch+optimizer+EarlyStopping verbatim; batch=1024.,44,4,0.7621359223300971,,0.7743720095693781,0.7349557387057386,0.7321089557207655,alginate=1.00,fructan=0.38,25.270537853240967
paper_transformer_word2vec_sg,w2vSg__Trans,paper_DL,dl,word2vec_sg frozen Embedding (paper TextVectorization),Transformer 4 blocks × 4 heads × head=128 × ff=512 × dropout=0.5 → GAP → softmax,Paper arch+optimizer+EarlyStopping verbatim; batch=1024.,45,0,0.7718446601941747,,0.8092406943284135,0.7653602355247093,0.774547062972346,alginate=1.00,beta-mannan=0.43,26.942811965942383
paper_transformer_word2vec_sg,w2vSg__Trans,paper_DL,dl,word2vec_sg frozen Embedding (paper TextVectorization),Transformer 4 blocks × 4 heads × head=128 × ff=512 × dropout=0.5 → GAP → softmax,Paper arch+optimizer+EarlyStopping verbatim; batch=1024.,45,1,0.7475728155339806,,0.756277962316684,0.7020235283722126,0.714810472465463,alginate=1.00,pectin=0.55,24.506598949432373
paper_transformer_word2vec_sg,w2vSg__Trans,paper_DL,dl,word2vec_sg frozen Embedding (paper TextVectorization),Transformer 4 blocks × 4 heads × head=128 × ff=512 × dropout=0.5 → GAP → softmax,Paper arch+optimizer+EarlyStopping verbatim; batch=1024.,45,2,0.7669902912621359,,0.8027458499425412,0.7444236793907847,0.756631627214334,alginate=1.00,fructan=0.50,26.650333166122437
paper_transformer_word2vec_sg,w2vSg__Trans,paper_DL,dl,word2vec_sg frozen Embedding (paper TextVectorization),Transformer 4 blocks × 4 heads × head=128 × ff=512 × dropout=0.5 → GAP → softmax,Paper arch+optimizer+EarlyStopping verbatim; batch=1024.,45,3,0.8252427184466019,,0.7991895476139175,0.8080242673992672,0.7986924634899403,alginate=1.00,arabinogalactan=0.50,30.143999099731445
paper_transformer_word2vec_sg,w2vSg__Trans,paper_DL,dl,word2vec_sg frozen Embedding (paper TextVectorization),Transformer 4 blocks × 4 heads × head=128 × ff=512 × dropout=0.5 → GAP → softmax,Paper arch+optimizer+EarlyStopping verbatim; batch=1024.,45,4,0.6893203883495146,,0.7179220289514406,0.7035353072853073,0.6708026062789402,alginate=1.00,alpha-mannan=0.31,26.838064193725586
paper_transformer_word2vec_sg,w2vSg__Trans,paper_DL,dl,word2vec_sg frozen Embedding (paper TextVectorization),Transformer 4 blocks × 4 heads × head=128 × ff=512 × dropout=0.5 → GAP → softmax,Paper arch+optimizer+EarlyStopping verbatim; batch=1024.,46,0,0.8058252427184466,,0.8391112479474548,0.727689576505366,0.7562753882915173,alginate=1.00,fructan=0.50,33.65461301803589
paper_transformer_word2vec_sg,w2vSg__Trans,paper_DL,dl,word2vec_sg frozen Embedding (paper TextVectorization),Transformer 4 blocks × 4 heads × head=128 × ff=512 × dropout=0.5 → GAP → softmax,Paper arch+optimizer+EarlyStopping verbatim; batch=1024.,46,1,0.7378640776699029,,0.7201518315992,0.7495753405950775,0.7154964162269665,alginate=1.00,alpha-mannan=0.33,29.59164810180664
paper_transformer_word2vec_sg,w2vSg__Trans,paper_DL,dl,word2vec_sg frozen Embedding (paper TextVectorization),Transformer 4 blocks × 4 heads × head=128 × ff=512 × dropout=0.5 → GAP → softmax,Paper arch+optimizer+EarlyStopping verbatim; batch=1024.,46,2,0.7524271844660194,,0.7627580510622222,0.7150470728102308,0.7290251415251414,alginate=1.00,arabinogalactan=0.29,27.835518836975098
paper_transformer_word2vec_sg,w2vSg__Trans,paper_DL,dl,word2vec_sg frozen Embedding (paper TextVectorization),Transformer 4 blocks × 4 heads × head=128 × ff=512 × dropout=0.5 → GAP → softmax,Paper arch+optimizer+EarlyStopping verbatim; batch=1024.,46,3,0.7864077669902912,,0.8027961088830654,0.7586767399267401,0.7603935110652275,alpha-mannan=1.00,arabinogalactan=0.55,30.47113537788391
paper_transformer_word2vec_sg,w2vSg__Trans,paper_DL,dl,word2vec_sg frozen Embedding (paper TextVectorization),Transformer 4 blocks × 4 heads × head=128 × ff=512 × dropout=0.5 → GAP → softmax,Paper arch+optimizer+EarlyStopping verbatim; batch=1024.,46,4,0.8155339805825242,,0.8201817059042124,0.8214056776556776,0.8112292803790915,alginate=1.00,fructan=0.50,34.898683071136475
