config,shorthand,family,role,featurizer,classifier,description,repeat_seed,fold,acc,classwise,precision_macro,recall_macro,f1_macro,best_substrate,worst_substrate,wall_sec
ours_CountVec_OvR_ET,cpu__ET500_log2,ours_shallow,shallow,"CountVec_cpu (split ',' '|' '_'; sparse counts)",OvR(ExtraTrees n=500 log2 balanced bootstrap=False),Our tuned CountVec × ExtraTrees winner.,42,0,0.8932038834951457,0.8513788879249405,0.8717459690738676,0.8513788879249405,0.8585503461283025,alginate=1.00,fructan=0.50,2.868008852005005
ours_FastText_OvR_ET,ftCbow_MM__ET500_sqrt,ours_shallow,shallow,FT_cbow mean+max concat 600d (gensim native ft.wv[t]),OvR(ExtraTrees n=500 sqrt balanced bootstrap=False),Our FastText alternative — gensim native API for n-gram OOV.,42,0,0.8932038834951457,0.8647155549129234,0.8739917572063733,0.8647155549129234,0.868093860537761,alginate=1.00,fructan=0.50,2.8812129497528076
paper_CountVec_BRF,cv__BRF100,paper_shallow,shallow,CountVec_comma_pipe (sparse counts),OvR(BalancedRF n=100 balanced),Paper baseline.,42,0,0.8349514563106796,0.7847305362765887,0.8168335567845372,0.7847305362765887,0.7946296683014658,galactan=0.93,arabinogalactan=0.43,1.4539971351623535
paper_fasttext_cbow_BRF,ftCbow__BRF100,paper_shallow,shallow,fasttext_cbow mean of word vectors (gensim native wv[t]),OvR(BalancedRF n=100 balanced),Paper fasttext_cbow + BRF (gensim native API; n-gram OOV for FT).,42,0,0.8106796116504854,0.8146643451577661,0.7814246590976053,0.8146643451577661,0.7892822560649364,alginate=1.00,beta-mannan=0.54,1.3752360343933105
paper_fasttext_sg_BRF,ftSg__BRF100,paper_shallow,shallow,fasttext_sg mean of word vectors (gensim native wv[t]),OvR(BalancedRF n=100 balanced),Paper fasttext_sg + BRF (gensim native API; n-gram OOV for FT).,42,0,0.8106796116504854,0.7947124220808431,0.7921302347463338,0.7947124220808431,0.7802021094727934,alginate=1.00,alpha-mannan=0.50,1.374027967453003
paper_word2vec_cbow_BRF,w2vCbow__BRF100,paper_shallow,shallow,word2vec_cbow mean of word vectors (gensim native wv[t]),OvR(BalancedRF n=100 balanced),Paper word2vec_cbow + BRF (gensim native API; n-gram OOV for FT).,42,0,0.7718446601941747,0.7703394303065356,0.7310739342356989,0.7703394303065356,0.7442222896896841,alginate=1.00,fructan=0.50,1.394244909286499
paper_word2vec_sg_BRF,w2vSg__BRF100,paper_shallow,shallow,word2vec_sg mean of word vectors (gensim native wv[t]),OvR(BalancedRF n=100 balanced),Paper word2vec_sg + BRF (gensim native API; n-gram OOV for FT).,42,0,0.8203883495145631,0.802437062206799,0.8013040095172498,0.802437062206799,0.7885257352169117,alginate=1.00,alpha-mannan=0.50,1.41581392288208
paper_doc2vec_dm_BRF,d2vDm__BRF100,paper_shallow,shallow,doc2vec_dm infer_vector (300d doc vec),OvR(BalancedRF n=100 balanced),Paper doc2vec_dm + BRF (precomputed infer_vector for all 1030 sup).,42,0,0.558252427184466,0.5249026412184307,0.5411806383580579,0.5249026412184307,0.5146034750136917,alpha-mannan=0.75,beta-mannan=0.23,1.3790111541748047
paper_doc2vec_dbow_BRF,d2vDbow__BRF100,paper_shallow,shallow,doc2vec_dbow infer_vector (300d doc vec),OvR(BalancedRF n=100 balanced),Paper doc2vec_dbow + BRF (precomputed infer_vector for all 1030 sup).,42,0,0.7621359223300971,0.7269720374654586,0.7178647599670959,0.7269720374654586,0.7115116138301754,alpha-glucan=0.92,beta-mannan=0.46,1.409651756286621
paper_vanilla_lstm_fasttext_cbow,ftCbow__LSTM,paper_DL,dl,fasttext_cbow frozen Embedding (paper TextVectorization),"LSTM(100, dropout=0.6) + Dense head",Paper arch+optimizer+EarlyStopping verbatim; batch=1024/4096 for non-trans/trans.,42,0,0.7135922330097088,0.6743495758627338,0.6425662859566313,0.6743495758627338,0.63870693228549,alginate=1.00,galactan=0.13,19.613476991653442
paper_vanilla_lstm_fasttext_sg,ftSg__LSTM,paper_DL,dl,fasttext_sg frozen Embedding (paper TextVectorization),"LSTM(100, dropout=0.6) + Dense head",Paper arch+optimizer+EarlyStopping verbatim; batch=1024/4096 for non-trans/trans.,42,0,0.7961165048543689,0.7321472752393805,0.7576149159482494,0.7321472752393805,0.7348545750953589,alginate=1.00,galactan=0.47,22.20901608467102
paper_vanilla_lstm_word2vec_cbow,w2vCbow__LSTM,paper_DL,dl,word2vec_cbow frozen Embedding (paper TextVectorization),"LSTM(100, dropout=0.6) + Dense head",Paper arch+optimizer+EarlyStopping verbatim; batch=1024/4096 for non-trans/trans.,42,0,0.6019417475728155,0.4413751124606389,0.44966664201912643,0.4413751124606389,0.406868062285536,alpha-glucan=0.92,alginate=0.00,15.321842193603516
paper_vanilla_lstm_word2vec_sg,w2vSg__LSTM,paper_DL,dl,word2vec_sg frozen Embedding (paper TextVectorization),"LSTM(100, dropout=0.6) + Dense head",Paper arch+optimizer+EarlyStopping verbatim; batch=1024/4096 for non-trans/trans.,42,0,0.6067961165048543,0.440729869545659,0.3943791888602765,0.440729869545659,0.4050472911701725,alpha-glucan=0.92,alginate=0.00,16.738532066345215
paper_vanilla_lstm_doc2vec_dm,d2vDm__LSTM,paper_DL,dl,doc2vec_dm frozen Embedding (paper TextVectorization),"LSTM(100, dropout=0.6) + Dense head",Paper arch+optimizer+EarlyStopping verbatim; batch=1024/4096 for non-trans/trans.,42,0,0.5922330097087378,0.4285582144463724,0.36945648161522787,0.4285582144463724,0.3877622387076615,alpha-glucan=0.96,alginate=0.00,15.760406017303467
paper_lstm_with_attention_fasttext_cbow,ftCbow__LSTMattn,paper_DL,dl,fasttext_cbow frozen Embedding (paper TextVectorization),"LSTM(100, return_seq) + attention head",Paper arch+optimizer+EarlyStopping verbatim; batch=1024/4096 for non-trans/trans.,42,0,0.8203883495145631,0.8200273118694171,0.804106040564374,0.8200273118694171,0.8059211732075218,alginate=1.00,beta-mannan=0.54,8.25943899154663
paper_lstm_with_attention_fasttext_sg,ftSg__LSTMattn,paper_DL,dl,fasttext_sg frozen Embedding (paper TextVectorization),"LSTM(100, return_seq) + attention head",Paper arch+optimizer+EarlyStopping verbatim; batch=1024/4096 for non-trans/trans.,42,0,0.8446601941747572,0.8303717627401839,0.8133591762268232,0.8303717627401839,0.812280134421086,alginate=1.00,fructan=0.50,13.409990072250366
paper_lstm_with_attention_word2vec_cbow,w2vCbow__LSTMattn,paper_DL,dl,word2vec_cbow frozen Embedding (paper TextVectorization),"LSTM(100, return_seq) + attention head",Paper arch+optimizer+EarlyStopping verbatim; batch=1024/4096 for non-trans/trans.,42,0,0.8155339805825242,0.7759697721868775,0.8021388333888334,0.7759697721868775,0.7815092117608131,alginate=1.00,fructan=0.33,9.314946174621582
paper_lstm_with_attention_word2vec_sg,w2vSg__LSTMattn,paper_DL,dl,word2vec_sg frozen Embedding (paper TextVectorization),"LSTM(100, return_seq) + attention head",Paper arch+optimizer+EarlyStopping verbatim; batch=1024/4096 for non-trans/trans.,42,0,0.8155339805825242,0.8011412746610116,0.7849385717207767,0.8011412746610116,0.78776523706035,alpha-mannan=1.00,beta-mannan=0.62,14.40004301071167
paper_lstm_with_attention_doc2vec_dm,d2vDm__LSTMattn,paper_DL,dl,doc2vec_dm frozen Embedding (paper TextVectorization),"LSTM(100, return_seq) + attention head",Paper arch+optimizer+EarlyStopping verbatim; batch=1024/4096 for non-trans/trans.,42,0,0.7815533980582524,0.7590149251333461,0.7759960852352156,0.7590149251333461,0.7566427341461912,alginate=1.00,fructan=0.33,8.488723993301392
paper_just_attention_fasttext_cbow,ftCbow__JustAttn,paper_DL,dl,fasttext_cbow frozen Embedding (paper TextVectorization),non_recurrent_attention (single attention pass),Paper arch+optimizer+EarlyStopping verbatim; batch=1024/4096 for non-trans/trans.,42,0,0.7766990291262136,0.7090843695777905,0.7038534789033516,0.7090843695777905,0.7022739251202874,alginate=1.00,alpha-mannan=0.00,16.29164218902588
paper_just_attention_fasttext_sg,ftSg__JustAttn,paper_DL,dl,fasttext_sg frozen Embedding (paper TextVectorization),non_recurrent_attention (single attention pass),Paper arch+optimizer+EarlyStopping verbatim; batch=1024/4096 for non-trans/trans.,42,0,0.7912621359223301,0.7821269519953731,0.7733716050522773,0.7821269519953731,0.7634482651505529,alginate=1.00,beta-mannan=0.38,37.794156074523926
paper_just_attention_word2vec_cbow,w2vCbow__JustAttn,paper_DL,dl,word2vec_cbow frozen Embedding (paper TextVectorization),non_recurrent_attention (single attention pass),Paper arch+optimizer+EarlyStopping verbatim; batch=1024/4096 for non-trans/trans.,42,0,0.7524271844660194,0.7233034107705162,0.7494859940254678,0.7233034107705162,0.7201786134901632,alginate=1.00,beta-mannan=0.38,11.189127922058105
paper_just_attention_word2vec_sg,w2vSg__JustAttn,paper_DL,dl,word2vec_sg frozen Embedding (paper TextVectorization),non_recurrent_attention (single attention pass),Paper arch+optimizer+EarlyStopping verbatim; batch=1024/4096 for non-trans/trans.,42,0,0.8058252427184466,0.7689345157766211,0.7796813725490196,0.7689345157766211,0.7666768549740688,host glycan=0.92,beta-mannan=0.62,21.35365104675293
paper_just_attention_doc2vec_dm,d2vDm__JustAttn,paper_DL,dl,doc2vec_dm frozen Embedding (paper TextVectorization),non_recurrent_attention (single attention pass),Paper arch+optimizer+EarlyStopping verbatim; batch=1024/4096 for non-trans/trans.,42,0,0.7718446601941747,0.6849388696099222,0.7742703375056316,0.6849388696099222,0.7103972465201278,alginate=1.00,fructan=0.33,22.04691481590271
paper_transformer_fasttext_cbow,ftCbow__Trans,paper_DL,dl,fasttext_cbow frozen Embedding (paper TextVectorization),Transformer 4 blocks × 4 heads × head=128 × ff=512 × dropout=0.5 → GAP → softmax,Paper arch+optimizer+EarlyStopping verbatim; batch=1024.,42,0,0.8155339805825242,0.8030796140993508,0.7685395708093076,0.8030796140993508,0.7828943243720105,alginate=1.00,arabinogalactan=0.43,66.46771287918091
paper_transformer_fasttext_sg,ftSg__Trans,paper_DL,dl,fasttext_sg frozen Embedding (paper TextVectorization),Transformer 4 blocks × 4 heads × head=128 × ff=512 × dropout=0.5 → GAP → softmax,Paper arch+optimizer+EarlyStopping verbatim; batch=1024.,42,0,0.8058252427184466,0.7768914272861641,0.7723595829512934,0.7768914272861641,0.7647242251797994,alginate=1.00,fructan=0.33,69.05579209327698
paper_transformer_word2vec_cbow,w2vCbow__Trans,paper_DL,dl,word2vec_cbow frozen Embedding (paper TextVectorization),Transformer 4 blocks × 4 heads × head=128 × ff=512 × dropout=0.5 → GAP → softmax,Paper arch+optimizer+EarlyStopping verbatim; batch=1024.,42,0,0.8009708737864077,0.7675619336803546,0.7776002899316242,0.7675619336803546,0.7642085727127242,alginate=1.00,fructan=0.17,73.76020312309265
paper_transformer_word2vec_sg,w2vSg__Trans,paper_DL,dl,word2vec_sg frozen Embedding (paper TextVectorization),Transformer 4 blocks × 4 heads × head=128 × ff=512 × dropout=0.5 → GAP → softmax,Paper arch+optimizer+EarlyStopping verbatim; batch=1024.,42,0,0.8058252427184466,0.7695538927446823,0.7766296203796204,0.7695538927446823,0.7694856563511686,alginate=1.00,fructan=0.33,62.26524996757507
paper_transformer_doc2vec_dm,d2vDm__Trans,paper_DL,dl,doc2vec_dm frozen Embedding (paper TextVectorization),Transformer 4 blocks × 4 heads × head=128 × ff=512 × dropout=0.5 → GAP → softmax,Paper arch+optimizer+EarlyStopping verbatim; batch=1024.,42,0,0.7669902912621359,0.6937394367328578,0.7255883279818373,0.6937394367328578,0.6983689251546394,alginate=1.00,fructan=0.17,65.48203897476196
ours_CountVec_OvR_ET,cpu__ET500_log2,ours_shallow,shallow,"CountVec_cpu (split ',' '|' '_'; sparse counts)",OvR(ExtraTrees n=500 log2 balanced bootstrap=False),Our tuned CountVec × ExtraTrees winner.,42,1,0.8980582524271845,0.8739328690315533,0.8740248816918071,0.8739328690315533,0.8722205961893509,alginate=1.00,fructan=0.67,2.857691764831543
ours_FastText_OvR_ET,ftCbow_MM__ET500_sqrt,ours_shallow,shallow,FT_cbow mean+max concat 600d (gensim native ft.wv[t]),OvR(ExtraTrees n=500 sqrt balanced bootstrap=False),Our FastText alternative — gensim native API for n-gram OOV.,42,1,0.8737864077669902,0.8705667212904057,0.8668362501695835,0.8705667212904057,0.8609706738787928,alginate=1.00,arabinogalactan=0.71,2.8816678524017334
paper_CountVec_BRF,cv__BRF100,paper_shallow,shallow,CountVec_comma_pipe (sparse counts),OvR(BalancedRF n=100 balanced),Paper baseline.,42,1,0.8446601941747572,0.8169174538911381,0.8026064213564214,0.8169174538911381,0.8069584906391412,alpha-mannan=1.00,arabinogalactan=0.57,1.4431171417236328
paper_fasttext_cbow_BRF,ftCbow__BRF100,paper_shallow,shallow,fasttext_cbow mean of word vectors (gensim native wv[t]),OvR(BalancedRF n=100 balanced),Paper fasttext_cbow + BRF (gensim native API; n-gram OOV for FT).,42,1,0.8252427184466019,0.8385606644817173,0.8019124030237572,0.8385606644817173,0.8046783036599666,alpha-mannan=1.00,beta-glucan=0.64,1.329888105392456
paper_fasttext_sg_BRF,ftSg__BRF100,paper_shallow,shallow,fasttext_sg mean of word vectors (gensim native wv[t]),OvR(BalancedRF n=100 balanced),Paper fasttext_sg + BRF (gensim native API; n-gram OOV for FT).,42,1,0.8300970873786407,0.8312402801876487,0.7907160859596241,0.8312402801876487,0.8061543370503133,alginate=1.00,fructan=0.50,1.3612496852874756
paper_word2vec_cbow_BRF,w2vCbow__BRF100,paper_shallow,shallow,word2vec_cbow mean of word vectors (gensim native wv[t]),OvR(BalancedRF n=100 balanced),Paper word2vec_cbow + BRF (gensim native API; n-gram OOV for FT).,42,1,0.8543689320388349,0.8488707746931432,0.8357369976245689,0.8488707746931432,0.8345463802192513,alginate=1.00,beta-mannan=0.69,1.3555493354797363
paper_word2vec_sg_BRF,w2vSg__BRF100,paper_shallow,shallow,word2vec_sg mean of word vectors (gensim native wv[t]),OvR(BalancedRF n=100 balanced),Paper word2vec_sg + BRF (gensim native API; n-gram OOV for FT).,42,1,0.8349514563106796,0.8214470069404279,0.8095605833377574,0.8214470069404279,0.8123224043194567,alpha-mannan=1.00,fructan=0.67,1.349194049835205
paper_doc2vec_dm_BRF,d2vDm__BRF100,paper_shallow,shallow,doc2vec_dm infer_vector (300d doc vec),OvR(BalancedRF n=100 balanced),Paper doc2vec_dm + BRF (precomputed infer_vector for all 1030 sup).,42,1,0.558252427184466,0.5030602548036759,0.4733231364857986,0.5030602548036759,0.4762196150601948,alpha-mannan=0.80,arabinogalactan=0.00,1.3631038665771484
paper_doc2vec_dbow_BRF,d2vDbow__BRF100,paper_shallow,shallow,doc2vec_dbow infer_vector (300d doc vec),OvR(BalancedRF n=100 balanced),Paper doc2vec_dbow + BRF (precomputed infer_vector for all 1030 sup).,42,1,0.7766990291262136,0.779839382109119,0.7341862389559758,0.779839382109119,0.7490649725326742,alginate=1.00,galactan=0.57,1.370420217514038
paper_vanilla_lstm_fasttext_cbow,ftCbow__LSTM,paper_DL,dl,fasttext_cbow frozen Embedding (paper TextVectorization),"LSTM(100, dropout=0.6) + Dense head",Paper arch+optimizer+EarlyStopping verbatim; batch=1024/4096 for non-trans/trans.,42,1,0.6796116504854369,0.5757382237645395,0.5613495108188203,0.5757382237645395,0.5502172772712469,host glycan=0.92,alpha-mannan=0.00,20.916597843170166
paper_vanilla_lstm_fasttext_sg,ftSg__LSTM,paper_DL,dl,fasttext_sg frozen Embedding (paper TextVectorization),"LSTM(100, dropout=0.6) + Dense head",Paper arch+optimizer+EarlyStopping verbatim; batch=1024/4096 for non-trans/trans.,42,1,0.7669902912621359,0.6721193207377417,0.7249256743745539,0.6721193207377417,0.6749262659849857,alginate=1.00,fructan=0.00,20.866031169891357
paper_vanilla_lstm_word2vec_cbow,w2vCbow__LSTM,paper_DL,dl,word2vec_cbow frozen Embedding (paper TextVectorization),"LSTM(100, dropout=0.6) + Dense head",Paper arch+optimizer+EarlyStopping verbatim; batch=1024/4096 for non-trans/trans.,42,1,0.7135922330097088,0.6244892278773857,0.6210704204665719,0.6244892278773857,0.6086936121249846,alginate=0.90,alpha-mannan=0.00,18.997738122940063
paper_vanilla_lstm_word2vec_sg,w2vSg__LSTM,paper_DL,dl,word2vec_sg frozen Embedding (paper TextVectorization),"LSTM(100, dropout=0.6) + Dense head",Paper arch+optimizer+EarlyStopping verbatim; batch=1024/4096 for non-trans/trans.,42,1,0.7184466019417476,0.5820013173960542,0.6615093729799613,0.5820013173960542,0.5848960303481109,host glycan=0.92,alpha-mannan=0.00,16.021093130111694
paper_vanilla_lstm_doc2vec_dm,d2vDm__LSTM,paper_DL,dl,doc2vec_dm frozen Embedding (paper TextVectorization),"LSTM(100, dropout=0.6) + Dense head",Paper arch+optimizer+EarlyStopping verbatim; batch=1024/4096 for non-trans/trans.,42,1,0.6796116504854369,0.5369476174410385,0.5401885041765994,0.5369476174410385,0.5323797536260229,host glycan=0.90,alpha-mannan=0.00,15.671647787094116
paper_lstm_with_attention_fasttext_cbow,ftCbow__LSTMattn,paper_DL,dl,fasttext_cbow frozen Embedding (paper TextVectorization),"LSTM(100, return_seq) + attention head",Paper arch+optimizer+EarlyStopping verbatim; batch=1024/4096 for non-trans/trans.,42,1,0.8106796116504854,0.7868820689544375,0.7891016250130868,0.7868820689544375,0.7853359339073626,alpha-mannan=1.00,fructan=0.50,7.906738996505737
paper_lstm_with_attention_fasttext_sg,ftSg__LSTMattn,paper_DL,dl,fasttext_sg frozen Embedding (paper TextVectorization),"LSTM(100, return_seq) + attention head",Paper arch+optimizer+EarlyStopping verbatim; batch=1024/4096 for non-trans/trans.,42,1,0.7912621359223301,0.7623656095366623,0.8058179905606376,0.7623656095366623,0.7650809586298352,alpha-mannan=1.00,fructan=0.33,11.179987907409668
paper_lstm_with_attention_word2vec_cbow,w2vCbow__LSTMattn,paper_DL,dl,word2vec_cbow frozen Embedding (paper TextVectorization),"LSTM(100, return_seq) + attention head",Paper arch+optimizer+EarlyStopping verbatim; batch=1024/4096 for non-trans/trans.,42,1,0.7815533980582524,0.7717197239894609,0.7685038550313149,0.7717197239894609,0.76672908950554,alpha-mannan=1.00,beta-mannan=0.54,9.975605964660645
paper_lstm_with_attention_word2vec_sg,w2vSg__LSTMattn,paper_DL,dl,word2vec_sg frozen Embedding (paper TextVectorization),"LSTM(100, return_seq) + attention head",Paper arch+optimizer+EarlyStopping verbatim; batch=1024/4096 for non-trans/trans.,42,1,0.8398058252427184,0.8215213112910481,0.8222186396335004,0.8215213112910481,0.8196678679743196,alpha-mannan=1.00,beta-mannan=0.54,14.086568832397461
paper_lstm_with_attention_doc2vec_dm,d2vDm__LSTMattn,paper_DL,dl,doc2vec_dm frozen Embedding (paper TextVectorization),"LSTM(100, return_seq) + attention head",Paper arch+optimizer+EarlyStopping verbatim; batch=1024/4096 for non-trans/trans.,42,1,0.8155339805825242,0.7854712502409872,0.8068463046459463,0.7854712502409872,0.7914134861381387,alpha-mannan=1.00,beta-mannan=0.54,9.422669887542725
paper_just_attention_fasttext_cbow,ftCbow__JustAttn,paper_DL,dl,fasttext_cbow frozen Embedding (paper TextVectorization),non_recurrent_attention (single attention pass),Paper arch+optimizer+EarlyStopping verbatim; batch=1024/4096 for non-trans/trans.,42,1,0.7912621359223301,0.7628705176402545,0.802316644707949,0.7628705176402545,0.7647044858587368,alginate=1.00,fructan=0.33,12.901557922363281
paper_just_attention_fasttext_sg,ftSg__JustAttn,paper_DL,dl,fasttext_sg frozen Embedding (paper TextVectorization),non_recurrent_attention (single attention pass),Paper arch+optimizer+EarlyStopping verbatim; batch=1024/4096 for non-trans/trans.,42,1,0.8203883495145631,0.800804535376904,0.8155714927773752,0.800804535376904,0.7897192530143781,alginate=1.00,beta-mannan=0.38,20.523200035095215
paper_just_attention_word2vec_cbow,w2vCbow__JustAttn,paper_DL,dl,word2vec_cbow frozen Embedding (paper TextVectorization),non_recurrent_attention (single attention pass),Paper arch+optimizer+EarlyStopping verbatim; batch=1024/4096 for non-trans/trans.,42,1,0.7864077669902912,0.7783258225692435,0.8138232934339492,0.7783258225692435,0.7902556827728847,alginate=1.00,beta-mannan=0.54,13.758204936981201
paper_just_attention_word2vec_sg,w2vSg__JustAttn,paper_DL,dl,word2vec_sg frozen Embedding (paper TextVectorization),non_recurrent_attention (single attention pass),Paper arch+optimizer+EarlyStopping verbatim; batch=1024/4096 for non-trans/trans.,42,1,0.8009708737864077,0.8156409453119977,0.8378007514859296,0.8156409453119977,0.8062353058269575,alginate=1.00,beta-mannan=0.54,21.654345273971558
paper_just_attention_doc2vec_dm,d2vDm__JustAttn,paper_DL,dl,doc2vec_dm frozen Embedding (paper TextVectorization),non_recurrent_attention (single attention pass),Paper arch+optimizer+EarlyStopping verbatim; batch=1024/4096 for non-trans/trans.,42,1,0.7475728155339806,0.7274444123128334,0.7784968168032685,0.7274444123128334,0.7446567475563036,alginate=1.00,fructan=0.33,12.106711149215698
paper_transformer_fasttext_cbow,ftCbow__Trans,paper_DL,dl,fasttext_cbow frozen Embedding (paper TextVectorization),Transformer 4 blocks × 4 heads × head=128 × ff=512 × dropout=0.5 → GAP → softmax,Paper arch+optimizer+EarlyStopping verbatim; batch=1024.,42,1,0.8786407766990292,0.8606946452670138,0.8627755411953526,0.8606946452670138,0.859203323511371,alginate=1.00,fructan=0.67,62.782212018966675
paper_transformer_fasttext_sg,ftSg__Trans,paper_DL,dl,fasttext_sg frozen Embedding (paper TextVectorization),Transformer 4 blocks × 4 heads × head=128 × ff=512 × dropout=0.5 → GAP → softmax,Paper arch+optimizer+EarlyStopping verbatim; batch=1024.,42,1,0.8058252427184466,0.7712748216695585,0.8472324060039579,0.7712748216695585,0.792697345504363,alpha-mannan=1.00,fructan=0.33,62.460164070129395
paper_transformer_word2vec_cbow,w2vCbow__Trans,paper_DL,dl,word2vec_cbow frozen Embedding (paper TextVectorization),Transformer 4 blocks × 4 heads × head=128 × ff=512 × dropout=0.5 → GAP → softmax,Paper arch+optimizer+EarlyStopping verbatim; batch=1024.,42,1,0.8106796116504854,0.7908424105134632,0.7846131644946635,0.7908424105134632,0.7781950341259906,alginate=1.00,beta-glucan=0.44,59.067821979522705
paper_transformer_word2vec_sg,w2vSg__Trans,paper_DL,dl,word2vec_sg frozen Embedding (paper TextVectorization),Transformer 4 blocks × 4 heads × head=128 × ff=512 × dropout=0.5 → GAP → softmax,Paper arch+optimizer+EarlyStopping verbatim; batch=1024.,42,1,0.7766990291262136,0.752388503309556,0.7615637426299192,0.752388503309556,0.7514909382556443,alginate=1.00,fructan=0.50,58.33396792411804
paper_transformer_doc2vec_dm,d2vDm__Trans,paper_DL,dl,doc2vec_dm frozen Embedding (paper TextVectorization),Transformer 4 blocks × 4 heads × head=128 × ff=512 × dropout=0.5 → GAP → softmax,Paper arch+optimizer+EarlyStopping verbatim; batch=1024.,42,1,0.7864077669902912,0.7581612685560053,0.758847447842013,0.7581612685560053,0.7530411673583943,chitin=0.92,beta-mannan=0.62,58.4964599609375
ours_CountVec_OvR_ET,cpu__ET500_log2,ours_shallow,shallow,"CountVec_cpu (split ',' '|' '_'; sparse counts)",OvR(ExtraTrees n=500 log2 balanced bootstrap=False),Our tuned CountVec × ExtraTrees winner.,42,2,0.8786407766990292,0.8526635097358782,0.8802726766220058,0.8526635097358782,0.864651327135281,alginate=1.00,galactan=0.57,2.907724142074585
ours_FastText_OvR_ET,ftCbow_MM__ET500_sqrt,ours_shallow,shallow,FT_cbow mean+max concat 600d (gensim native ft.wv[t]),OvR(ExtraTrees n=500 sqrt balanced bootstrap=False),Our FastText alternative — gensim native API for n-gram OOV.,42,2,0.8932038834951457,0.8526462389949233,0.9146832424541405,0.8526462389949233,0.8734251028706531,alpha-glucan=1.00,fructan=0.50,2.8811819553375244
paper_CountVec_BRF,cv__BRF100,paper_shallow,shallow,CountVec_comma_pipe (sparse counts),OvR(BalancedRF n=100 balanced),Paper baseline.,42,2,0.8155339805825242,0.8227606275303643,0.8040516794113342,0.8227606275303643,0.8035295241678725,alginate=1.00,beta-mannan=0.64,1.4644417762756348
paper_fasttext_cbow_BRF,ftCbow__BRF100,paper_shallow,shallow,fasttext_cbow mean of word vectors (gensim native wv[t]),OvR(BalancedRF n=100 balanced),Paper fasttext_cbow + BRF (gensim native API; n-gram OOV for FT).,42,2,0.8349514563106796,0.8404407252104621,0.81790465040745,0.8404407252104621,0.8234482867576185,alginate=1.00,beta-mannan=0.64,1.3962829113006592
paper_fasttext_sg_BRF,ftSg__BRF100,paper_shallow,shallow,fasttext_sg mean of word vectors (gensim native wv[t]),OvR(BalancedRF n=100 balanced),Paper fasttext_sg + BRF (gensim native API; n-gram OOV for FT).,42,2,0.8155339805825242,0.8198152432362958,0.7752663322516263,0.8198152432362958,0.788125618448845,alginate=1.00,beta-mannan=0.64,1.373317003250122
paper_word2vec_cbow_BRF,w2vCbow__BRF100,paper_shallow,shallow,word2vec_cbow mean of word vectors (gensim native wv[t]),OvR(BalancedRF n=100 balanced),Paper word2vec_cbow + BRF (gensim native API; n-gram OOV for FT).,42,2,0.8106796116504854,0.812036421181158,0.7929963711252824,0.812036421181158,0.7970685716237161,alginate=1.00,beta-mannan=0.50,1.378157138824463
paper_word2vec_sg_BRF,w2vSg__BRF100,paper_shallow,shallow,word2vec_sg mean of word vectors (gensim native wv[t]),OvR(BalancedRF n=100 balanced),Paper word2vec_sg + BRF (gensim native API; n-gram OOV for FT).,42,2,0.8106796116504854,0.8134263543474068,0.7870206424712238,0.8134263543474068,0.7877240458518759,alginate=1.00,beta-mannan=0.64,1.3768668174743652
paper_doc2vec_dm_BRF,d2vDm__BRF100,paper_shallow,shallow,doc2vec_dm infer_vector (300d doc vec),OvR(BalancedRF n=100 balanced),Paper doc2vec_dm + BRF (precomputed infer_vector for all 1030 sup).,42,2,0.6407766990291263,0.6684169156866525,0.6226537578253264,0.6684169156866525,0.6254469232594776,alpha-mannan=1.00,alpha-glucan=0.44,1.3530528545379639
paper_doc2vec_dbow_BRF,d2vDbow__BRF100,paper_shallow,shallow,doc2vec_dbow infer_vector (300d doc vec),OvR(BalancedRF n=100 balanced),Paper doc2vec_dbow + BRF (precomputed infer_vector for all 1030 sup).,42,2,0.7718446601941747,0.7682864211811581,0.7476295518775101,0.7682864211811581,0.7512270002824702,alginate=1.00,beta-mannan=0.50,1.350311040878296
paper_vanilla_lstm_fasttext_cbow,ftCbow__LSTM,paper_DL,dl,fasttext_cbow frozen Embedding (paper TextVectorization),"LSTM(100, dropout=0.6) + Dense head",Paper arch+optimizer+EarlyStopping verbatim; batch=1024/4096 for non-trans/trans.,42,2,0.5194174757281553,0.4126122196516933,0.4119658179687778,0.4126122196516933,0.40208551651641083,alginate=1.00,alpha-mannan=0.00,17.406229972839355
paper_vanilla_lstm_fasttext_sg,ftSg__LSTM,paper_DL,dl,fasttext_sg frozen Embedding (paper TextVectorization),"LSTM(100, dropout=0.6) + Dense head",Paper arch+optimizer+EarlyStopping verbatim; batch=1024/4096 for non-trans/trans.,42,2,0.7038834951456311,0.6369732825653878,0.6396169617019342,0.6369732825653878,0.6223014597265226,alginate=1.00,alpha-mannan=0.00,23.07060194015503
paper_vanilla_lstm_word2vec_cbow,w2vCbow__LSTM,paper_DL,dl,word2vec_cbow frozen Embedding (paper TextVectorization),"LSTM(100, dropout=0.6) + Dense head",Paper arch+optimizer+EarlyStopping verbatim; batch=1024/4096 for non-trans/trans.,42,2,0.6116504854368932,0.5377736408328513,0.5916796911338703,0.5377736408328513,0.5395568645814749,alginate=1.00,fructan=0.00,20.028268098831177
paper_vanilla_lstm_word2vec_sg,w2vSg__LSTM,paper_DL,dl,word2vec_sg frozen Embedding (paper TextVectorization),"LSTM(100, dropout=0.6) + Dense head",Paper arch+optimizer+EarlyStopping verbatim; batch=1024/4096 for non-trans/trans.,42,2,0.6553398058252428,0.5387730945954631,0.5014416067181364,0.5387730945954631,0.5025611550004876,alginate=1.00,alpha-mannan=0.00,16.75554609298706
paper_vanilla_lstm_doc2vec_dm,d2vDm__LSTM,paper_DL,dl,doc2vec_dm frozen Embedding (paper TextVectorization),"LSTM(100, dropout=0.6) + Dense head",Paper arch+optimizer+EarlyStopping verbatim; batch=1024/4096 for non-trans/trans.,42,2,0.616504854368932,0.5566769889467259,0.5058449734882567,0.5566769889467259,0.5011150293904282,alginate=1.00,alpha-mannan=0.00,20.563721895217896
paper_lstm_with_attention_fasttext_cbow,ftCbow__LSTMattn,paper_DL,dl,fasttext_cbow frozen Embedding (paper TextVectorization),"LSTM(100, return_seq) + attention head",Paper arch+optimizer+EarlyStopping verbatim; batch=1024/4096 for non-trans/trans.,42,2,0.8009708737864077,0.8111570994794679,0.813419311639315,0.8111570994794679,0.8042279400815985,alginate=1.00,beta-mannan=0.50,12.106542110443115
paper_lstm_with_attention_fasttext_sg,ftSg__LSTMattn,paper_DL,dl,fasttext_sg frozen Embedding (paper TextVectorization),"LSTM(100, return_seq) + attention head",Paper arch+optimizer+EarlyStopping verbatim; batch=1024/4096 for non-trans/trans.,42,2,0.8155339805825242,0.7891207987918515,0.8674029982363316,0.7891207987918515,0.805175449418985,alginate=1.00,beta-mannan=0.36,12.524663925170898
paper_lstm_with_attention_word2vec_cbow,w2vCbow__LSTMattn,paper_DL,dl,word2vec_cbow frozen Embedding (paper TextVectorization),"LSTM(100, return_seq) + attention head",Paper arch+optimizer+EarlyStopping verbatim; batch=1024/4096 for non-trans/trans.,42,2,0.8203883495145631,0.7974854202814727,0.8145364958757954,0.7974854202814727,0.8018328139444609,alginate=1.00,beta-mannan=0.50,10.689520835876465
paper_lstm_with_attention_word2vec_sg,w2vSg__LSTMattn,paper_DL,dl,word2vec_sg frozen Embedding (paper TextVectorization),"LSTM(100, return_seq) + attention head",Paper arch+optimizer+EarlyStopping verbatim; batch=1024/4096 for non-trans/trans.,42,2,0.8349514563106796,0.7962254996465523,0.8562654320987656,0.7962254996465523,0.8175429338402029,alginate=1.00,alpha-mannan=0.60,12.470256090164185
paper_lstm_with_attention_doc2vec_dm,d2vDm__LSTMattn,paper_DL,dl,doc2vec_dm frozen Embedding (paper TextVectorization),"LSTM(100, return_seq) + attention head",Paper arch+optimizer+EarlyStopping verbatim; batch=1024/4096 for non-trans/trans.,42,2,0.7718446601941747,0.7598549257759784,0.7614330249643716,0.7598549257759784,0.756295171812642,alginate=1.00,beta-mannan=0.50,10.492162227630615
paper_just_attention_fasttext_cbow,ftCbow__JustAttn,paper_DL,dl,fasttext_cbow frozen Embedding (paper TextVectorization),non_recurrent_attention (single attention pass),Paper arch+optimizer+EarlyStopping verbatim; batch=1024/4096 for non-trans/trans.,42,2,0.8106796116504854,0.819627795450164,0.8035287619974071,0.819627795450164,0.7985130749714494,alginate=1.00,beta-mannan=0.43,18.073496103286743
paper_just_attention_fasttext_sg,ftSg__JustAttn,paper_DL,dl,fasttext_sg frozen Embedding (paper TextVectorization),non_recurrent_attention (single attention pass),Paper arch+optimizer+EarlyStopping verbatim; batch=1024/4096 for non-trans/trans.,42,2,0.7961165048543689,0.78472595752201,0.8386642031803322,0.78472595752201,0.7868759799028968,alginate=1.00,beta-mannan=0.43,22.836668014526367
paper_just_attention_word2vec_cbow,w2vCbow__JustAttn,paper_DL,dl,word2vec_cbow frozen Embedding (paper TextVectorization),non_recurrent_attention (single attention pass),Paper arch+optimizer+EarlyStopping verbatim; batch=1024/4096 for non-trans/trans.,42,2,0.8009708737864077,0.7696069099029627,0.7818515226603462,0.7696069099029627,0.7720672422593675,alginate=1.00,fructan=0.17,14.634419918060303
paper_just_attention_word2vec_sg,w2vSg__JustAttn,paper_DL,dl,word2vec_sg frozen Embedding (paper TextVectorization),non_recurrent_attention (single attention pass),Paper arch+optimizer+EarlyStopping verbatim; batch=1024/4096 for non-trans/trans.,42,2,0.8106796116504854,0.8041500787224471,0.8378474502507012,0.8041500787224471,0.8088961007495127,arabinogalactan=1.00,alpha-glucan=0.64,19.682491302490234
paper_just_attention_doc2vec_dm,d2vDm__JustAttn,paper_DL,dl,doc2vec_dm frozen Embedding (paper TextVectorization),non_recurrent_attention (single attention pass),Paper arch+optimizer+EarlyStopping verbatim; batch=1024/4096 for non-trans/trans.,42,2,0.7669902912621359,0.7198758113231798,0.7888654052603328,0.7198758113231798,0.7376296584279777,alginate=1.00,beta-mannan=0.36,20.857648134231567
paper_transformer_fasttext_cbow,ftCbow__Trans,paper_DL,dl,fasttext_cbow frozen Embedding (paper TextVectorization),Transformer 4 blocks × 4 heads × head=128 × ff=512 × dropout=0.5 → GAP → softmax,Paper arch+optimizer+EarlyStopping verbatim; batch=1024.,42,2,0.8058252427184466,0.7607691504402032,0.8264027202548073,0.7607691504402032,0.7829761373292076,chitin=0.92,fructan=0.50,51.15224289894104
paper_transformer_fasttext_sg,ftSg__Trans,paper_DL,dl,fasttext_sg frozen Embedding (paper TextVectorization),Transformer 4 blocks × 4 heads × head=128 × ff=512 × dropout=0.5 → GAP → softmax,Paper arch+optimizer+EarlyStopping verbatim; batch=1024.,42,2,0.8203883495145631,0.7759378012338539,0.8173942780741027,0.7759378012338539,0.7911989135203422,alginate=1.00,beta-mannan=0.50,83.01480102539062
paper_transformer_word2vec_cbow,w2vCbow__Trans,paper_DL,dl,word2vec_cbow frozen Embedding (paper TextVectorization),Transformer 4 blocks × 4 heads × head=128 × ff=512 × dropout=0.5 → GAP → softmax,Paper arch+optimizer+EarlyStopping verbatim; batch=1024.,42,2,0.8203883495145631,0.7989051153524839,0.8088141769663508,0.7989051153524839,0.7953345236103857,alginate=1.00,beta-mannan=0.57,51.89568305015564
paper_transformer_word2vec_sg,w2vSg__Trans,paper_DL,dl,word2vec_sg frozen Embedding (paper TextVectorization),Transformer 4 blocks × 4 heads × head=128 × ff=512 × dropout=0.5 → GAP → softmax,Paper arch+optimizer+EarlyStopping verbatim; batch=1024.,42,2,0.7815533980582524,0.7437438146648674,0.7849135985742471,0.7437438146648674,0.7558443113342307,alginate=1.00,galactan=0.43,63.601375102996826
paper_transformer_doc2vec_dm,d2vDm__Trans,paper_DL,dl,doc2vec_dm frozen Embedding (paper TextVectorization),Transformer 4 blocks × 4 heads × head=128 × ff=512 × dropout=0.5 → GAP → softmax,Paper arch+optimizer+EarlyStopping verbatim; batch=1024.,42,2,0.7524271844660194,0.7531302615513141,0.731619722133798,0.7531302615513141,0.7292791099414918,alginate=1.00,alpha-glucan=0.52,66.98295903205872
ours_CountVec_OvR_ET,cpu__ET500_log2,ours_shallow,shallow,"CountVec_cpu (split ',' '|' '_'; sparse counts)",OvR(ExtraTrees n=500 log2 balanced bootstrap=False),Our tuned CountVec × ExtraTrees winner.,42,3,0.9174757281553398,0.8860615079365078,0.9373895712131007,0.8860615079365078,0.9044845010768757,alginate=1.00,arabinogalactan=0.62,2.8920040130615234
ours_FastText_OvR_ET,ftCbow_MM__ET500_sqrt,ours_shallow,shallow,FT_cbow mean+max concat 600d (gensim native ft.wv[t]),OvR(ExtraTrees n=500 sqrt balanced bootstrap=False),Our FastText alternative — gensim native API for n-gram OOV.,42,3,0.9320388349514563,0.9083333333333332,0.9440229925737172,0.9083333333333332,0.923057186468467,alginate=1.00,arabinogalactan=0.75,2.958298921585083
paper_CountVec_BRF,cv__BRF100,paper_shallow,shallow,CountVec_comma_pipe (sparse counts),OvR(BalancedRF n=100 balanced),Paper baseline.,42,3,0.8689320388349514,0.8744619963369963,0.8454838507705049,0.8744619963369963,0.8532910325055906,alginate=1.00,galactan=0.71,1.4724421501159668
paper_fasttext_cbow_BRF,ftCbow__BRF100,paper_shallow,shallow,fasttext_cbow mean of word vectors (gensim native wv[t]),OvR(BalancedRF n=100 balanced),Paper fasttext_cbow + BRF (gensim native API; n-gram OOV for FT).,42,3,0.8786407766990292,0.8610691391941391,0.8721250240987084,0.8610691391941391,0.8627813433065534,alginate=1.00,xylan=0.70,1.3653168678283691
paper_fasttext_sg_BRF,ftSg__BRF100,paper_shallow,shallow,fasttext_sg mean of word vectors (gensim native wv[t]),OvR(BalancedRF n=100 balanced),Paper fasttext_sg + BRF (gensim native API; n-gram OOV for FT).,42,3,0.8495145631067961,0.8344131562881564,0.8272243085268296,0.8344131562881564,0.8264719525828627,alginate=1.00,arabinogalactan=0.62,1.359886884689331
paper_word2vec_cbow_BRF,w2vCbow__BRF100,paper_shallow,shallow,word2vec_cbow mean of word vectors (gensim native wv[t]),OvR(BalancedRF n=100 balanced),Paper word2vec_cbow + BRF (gensim native API; n-gram OOV for FT).,42,3,0.8495145631067961,0.819705179080179,0.8358493933635834,0.819705179080179,0.8223618968353316,alpha-mannan=1.00,fructan=0.57,1.3527898788452148
paper_word2vec_sg_BRF,w2vSg__BRF100,paper_shallow,shallow,word2vec_sg mean of word vectors (gensim native wv[t]),OvR(BalancedRF n=100 balanced),Paper word2vec_sg + BRF (gensim native API; n-gram OOV for FT).,42,3,0.8543689320388349,0.835721916971917,0.8281417881162128,0.835721916971917,0.827795182499214,alginate=1.00,arabinogalactan=0.50,1.370054006576538
paper_doc2vec_dm_BRF,d2vDm__BRF100,paper_shallow,shallow,doc2vec_dm infer_vector (300d doc vec),OvR(BalancedRF n=100 balanced),Paper doc2vec_dm + BRF (precomputed infer_vector for all 1030 sup).,42,3,0.5728155339805825,0.571412037037037,0.5536417286417287,0.571412037037037,0.5570173193053133,alpha-mannan=1.00,alginate=0.11,1.35648775100708
paper_doc2vec_dbow_BRF,d2vDbow__BRF100,paper_shallow,shallow,doc2vec_dbow infer_vector (300d doc vec),OvR(BalancedRF n=100 balanced),Paper doc2vec_dbow + BRF (precomputed infer_vector for all 1030 sup).,42,3,0.8203883495145631,0.7869009462759463,0.8068171081563938,0.7869009462759463,0.789644958280559,alginate=1.00,arabinogalactan=0.50,1.374459981918335
paper_vanilla_lstm_fasttext_cbow,ftCbow__LSTM,paper_DL,dl,fasttext_cbow frozen Embedding (paper TextVectorization),"LSTM(100, dropout=0.6) + Dense head",Paper arch+optimizer+EarlyStopping verbatim; batch=1024/4096 for non-trans/trans.,42,3,0.7135922330097088,0.5640148046398047,0.5699980574980575,0.5640148046398047,0.5270165551086194,alginate=1.00,alpha-mannan=0.00,17.76015305519104
paper_vanilla_lstm_fasttext_sg,ftSg__LSTM,paper_DL,dl,fasttext_sg frozen Embedding (paper TextVectorization),"LSTM(100, dropout=0.6) + Dense head",Paper arch+optimizer+EarlyStopping verbatim; batch=1024/4096 for non-trans/trans.,42,3,0.6796116504854369,0.5128052503052504,0.4766617063492064,0.5128052503052504,0.48060994090939646,alginate=1.00,alpha-mannan=0.00,16.662646055221558
paper_vanilla_lstm_word2vec_cbow,w2vCbow__LSTM,paper_DL,dl,word2vec_cbow frozen Embedding (paper TextVectorization),"LSTM(100, dropout=0.6) + Dense head",Paper arch+optimizer+EarlyStopping verbatim; batch=1024/4096 for non-trans/trans.,42,3,0.6747572815533981,0.5338064713064713,0.48514159224943537,0.5338064713064713,0.47745527718058245,alginate=1.00,alpha-mannan=0.00,14.672726154327393
paper_vanilla_lstm_word2vec_sg,w2vSg__LSTM,paper_DL,dl,word2vec_sg frozen Embedding (paper TextVectorization),"LSTM(100, dropout=0.6) + Dense head",Paper arch+optimizer+EarlyStopping verbatim; batch=1024/4096 for non-trans/trans.,42,3,0.7912621359223301,0.7197000915750915,0.7386954398617686,0.7197000915750915,0.7142138106031161,alginate=1.00,fructan=0.14,27.02618408203125
paper_vanilla_lstm_doc2vec_dm,d2vDm__LSTM,paper_DL,dl,doc2vec_dm frozen Embedding (paper TextVectorization),"LSTM(100, dropout=0.6) + Dense head",Paper arch+optimizer+EarlyStopping verbatim; batch=1024/4096 for non-trans/trans.,42,3,0.5728155339805825,0.42452304639804633,0.37729173899386664,0.42452304639804633,0.37916534457896284,alginate=1.00,alpha-mannan=0.00,15.63576602935791
paper_lstm_with_attention_fasttext_cbow,ftCbow__LSTMattn,paper_DL,dl,fasttext_cbow frozen Embedding (paper TextVectorization),"LSTM(100, return_seq) + attention head",Paper arch+optimizer+EarlyStopping verbatim; batch=1024/4096 for non-trans/trans.,42,3,0.8203883495145631,0.7720314407814407,0.8173436595668901,0.7720314407814407,0.7793877345403489,alginate=1.00,arabinogalactan=0.12,9.746884822845459
paper_lstm_with_attention_fasttext_sg,ftSg__LSTMattn,paper_DL,dl,fasttext_sg frozen Embedding (paper TextVectorization),"LSTM(100, return_seq) + attention head",Paper arch+optimizer+EarlyStopping verbatim; batch=1024/4096 for non-trans/trans.,42,3,0.8446601941747572,0.801892551892552,0.833226584980971,0.801892551892552,0.8073661958956078,alginate=1.00,arabinogalactan=0.25,12.452974081039429
paper_lstm_with_attention_word2vec_cbow,w2vCbow__LSTMattn,paper_DL,dl,word2vec_cbow frozen Embedding (paper TextVectorization),"LSTM(100, return_seq) + attention head",Paper arch+optimizer+EarlyStopping verbatim; batch=1024/4096 for non-trans/trans.,42,3,0.8300970873786407,0.7979433760683761,0.8357371794871794,0.7979433760683761,0.8033254048119335,alginate=1.00,arabinogalactan=0.38,11.546774864196777
paper_lstm_with_attention_word2vec_sg,w2vSg__LSTMattn,paper_DL,dl,word2vec_sg frozen Embedding (paper TextVectorization),"LSTM(100, return_seq) + attention head",Paper arch+optimizer+EarlyStopping verbatim; batch=1024/4096 for non-trans/trans.,42,3,0.8446601941747572,0.7920711233211234,0.8371805603332952,0.7920711233211234,0.8069208833914717,alginate=1.00,arabinogalactan=0.38,12.773650884628296
paper_lstm_with_attention_doc2vec_dm,d2vDm__LSTMattn,paper_DL,dl,doc2vec_dm frozen Embedding (paper TextVectorization),"LSTM(100, return_seq) + attention head",Paper arch+optimizer+EarlyStopping verbatim; batch=1024/4096 for non-trans/trans.,42,3,0.8106796116504854,0.7608707264957265,0.8397060853326838,0.7608707264957265,0.7651384928345712,alginate=1.00,arabinogalactan=0.12,10.36553406715393
paper_just_attention_fasttext_cbow,ftCbow__JustAttn,paper_DL,dl,fasttext_cbow frozen Embedding (paper TextVectorization),non_recurrent_attention (single attention pass),Paper arch+optimizer+EarlyStopping verbatim; batch=1024/4096 for non-trans/trans.,42,3,0.8300970873786407,0.8129922161172162,0.8617576316018071,0.8129922161172162,0.8259796089167907,alginate=1.00,arabinogalactan=0.50,20.766113996505737
paper_just_attention_fasttext_sg,ftSg__JustAttn,paper_DL,dl,fasttext_sg frozen Embedding (paper TextVectorization),non_recurrent_attention (single attention pass),Paper arch+optimizer+EarlyStopping verbatim; batch=1024/4096 for non-trans/trans.,42,3,0.8058252427184466,0.7416552197802199,0.7563738233606964,0.7416552197802199,0.7320140642906896,alginate=1.00,fructan=0.00,25.055892944335938
paper_just_attention_word2vec_cbow,w2vCbow__JustAttn,paper_DL,dl,word2vec_cbow frozen Embedding (paper TextVectorization),non_recurrent_attention (single attention pass),Paper arch+optimizer+EarlyStopping verbatim; batch=1024/4096 for non-trans/trans.,42,3,0.7766990291262136,0.74566163003663,0.7992826060689465,0.74566163003663,0.7649598287689384,alginate=1.00,arabinogalactan=0.38,11.907272100448608
paper_just_attention_word2vec_sg,w2vSg__JustAttn,paper_DL,dl,word2vec_sg frozen Embedding (paper TextVectorization),non_recurrent_attention (single attention pass),Paper arch+optimizer+EarlyStopping verbatim; batch=1024/4096 for non-trans/trans.,42,3,0.7864077669902912,0.772882326007326,0.8270624510234486,0.772882326007326,0.7843747957357587,alginate=1.00,arabinogalactan=0.50,16.805976152420044
paper_just_attention_doc2vec_dm,d2vDm__JustAttn,paper_DL,dl,doc2vec_dm frozen Embedding (paper TextVectorization),non_recurrent_attention (single attention pass),Paper arch+optimizer+EarlyStopping verbatim; batch=1024/4096 for non-trans/trans.,42,3,0.7669902912621359,0.7111187423687423,0.7848786024593642,0.7111187423687423,0.7219749464091972,alginate=1.00,arabinogalactan=0.25,19.58403491973877
paper_transformer_fasttext_cbow,ftCbow__Trans,paper_DL,dl,fasttext_cbow frozen Embedding (paper TextVectorization),Transformer 4 blocks × 4 heads × head=128 × ff=512 × dropout=0.5 → GAP → softmax,Paper arch+optimizer+EarlyStopping verbatim; batch=1024.,42,3,0.8203883495145631,0.7771710927960928,0.8032556683418752,0.7771710927960928,0.7782599538620625,alginate=1.00,arabinogalactan=0.38,52.80452513694763
paper_transformer_fasttext_sg,ftSg__Trans,paper_DL,dl,fasttext_sg frozen Embedding (paper TextVectorization),Transformer 4 blocks × 4 heads × head=128 × ff=512 × dropout=0.5 → GAP → softmax,Paper arch+optimizer+EarlyStopping verbatim; batch=1024.,42,3,0.8300970873786407,0.8365231990231989,0.8206462517465062,0.8365231990231989,0.8163405905707503,alginate=1.00,galactan=0.57,64.57898211479187
paper_transformer_word2vec_cbow,w2vCbow__Trans,paper_DL,dl,word2vec_cbow frozen Embedding (paper TextVectorization),Transformer 4 blocks × 4 heads × head=128 × ff=512 × dropout=0.5 → GAP → softmax,Paper arch+optimizer+EarlyStopping verbatim; batch=1024.,42,3,0.7961165048543689,0.7446695665445665,0.8274965028512923,0.7446695665445665,0.7497929292562007,alginate=1.00,arabinogalactan=0.12,51.140113830566406
paper_transformer_word2vec_sg,w2vSg__Trans,paper_DL,dl,word2vec_sg frozen Embedding (paper TextVectorization),Transformer 4 blocks × 4 heads × head=128 × ff=512 × dropout=0.5 → GAP → softmax,Paper arch+optimizer+EarlyStopping verbatim; batch=1024.,42,3,0.8300970873786407,0.7891254578754578,0.8324580429993717,0.7891254578754578,0.8041168527661854,alginate=1.00,arabinogalactan=0.25,61.60210919380188
paper_transformer_doc2vec_dm,d2vDm__Trans,paper_DL,dl,doc2vec_dm frozen Embedding (paper TextVectorization),Transformer 4 blocks × 4 heads × head=128 × ff=512 × dropout=0.5 → GAP → softmax,Paper arch+optimizer+EarlyStopping verbatim; batch=1024.,42,3,0.7184466019417476,0.6782776251526251,0.650781012465795,0.6782776251526251,0.6578529681685829,alginate=1.00,arabinogalactan=0.00,50.760915994644165
ours_CountVec_OvR_ET,cpu__ET500_log2,ours_shallow,shallow,"CountVec_cpu (split ',' '|' '_'; sparse counts)",OvR(ExtraTrees n=500 log2 balanced bootstrap=False),Our tuned CountVec × ExtraTrees winner.,42,4,0.9271844660194175,0.909126221001221,0.9542794859461526,0.909126221001221,0.9287028011127149,alginate=1.00,alpha-mannan=0.75,2.9177138805389404
ours_FastText_OvR_ET,ftCbow_MM__ET500_sqrt,ours_shallow,shallow,FT_cbow mean+max concat 600d (gensim native ft.wv[t]),OvR(ExtraTrees n=500 sqrt balanced bootstrap=False),Our FastText alternative — gensim native API for n-gram OOV.,42,4,0.912621359223301,0.8777770146520146,0.944892693513383,0.8777770146520146,0.9051230532752271,alginate=1.00,fructan=0.67,2.9350757598876953
paper_CountVec_BRF,cv__BRF100,paper_shallow,shallow,CountVec_comma_pipe (sparse counts),OvR(BalancedRF n=100 balanced),Paper baseline.,42,4,0.8349514563106796,0.821483262108262,0.8306722068479998,0.821483262108262,0.822066806758182,alpha-mannan=1.00,fructan=0.67,1.479990005493164
paper_fasttext_cbow_BRF,ftCbow__BRF100,paper_shallow,shallow,fasttext_cbow mean of word vectors (gensim native wv[t]),OvR(BalancedRF n=100 balanced),Paper fasttext_cbow + BRF (gensim native API; n-gram OOV for FT).,42,4,0.8349514563106796,0.813440170940171,0.8292194369640021,0.813440170940171,0.8103691272977352,alginate=1.00,beta-mannan=0.64,1.3677690029144287
paper_fasttext_sg_BRF,ftSg__BRF100,paper_shallow,shallow,fasttext_sg mean of word vectors (gensim native wv[t]),OvR(BalancedRF n=100 balanced),Paper fasttext_sg + BRF (gensim native API; n-gram OOV for FT).,42,4,0.8155339805825242,0.7969429181929182,0.7817854359574309,0.7969429181929182,0.7806146507835184,alginate=1.00,beta-mannan=0.57,1.4034779071807861
paper_word2vec_cbow_BRF,w2vCbow__BRF100,paper_shallow,shallow,word2vec_cbow mean of word vectors (gensim native wv[t]),OvR(BalancedRF n=100 balanced),Paper word2vec_cbow + BRF (gensim native API; n-gram OOV for FT).,42,4,0.8106796116504854,0.786407967032967,0.7856360441094336,0.786407967032967,0.7785452153371554,alginate=1.00,arabinogalactan=0.57,1.4103100299835205
paper_word2vec_sg_BRF,w2vSg__BRF100,paper_shallow,shallow,word2vec_sg mean of word vectors (gensim native wv[t]),OvR(BalancedRF n=100 balanced),Paper word2vec_sg + BRF (gensim native API; n-gram OOV for FT).,42,4,0.8398058252427184,0.8200885225885227,0.8157239741608403,0.8200885225885227,0.8105897422649342,alginate=1.00,fructan=0.67,1.382814884185791
paper_doc2vec_dm_BRF,d2vDm__BRF100,paper_shallow,shallow,doc2vec_dm infer_vector (300d doc vec),OvR(BalancedRF n=100 balanced),Paper doc2vec_dm + BRF (precomputed infer_vector for all 1030 sup).,42,4,0.5533980582524272,0.54990638990639,0.5316105153061674,0.54990638990639,0.5207650767676789,alpha-mannan=0.75,beta-mannan=0.36,1.3568580150604248
paper_doc2vec_dbow_BRF,d2vDbow__BRF100,paper_shallow,shallow,doc2vec_dbow infer_vector (300d doc vec),OvR(BalancedRF n=100 balanced),Paper doc2vec_dbow + BRF (precomputed infer_vector for all 1030 sup).,42,4,0.7378640776699029,0.7509676434676437,0.7119934405475025,0.7509676434676437,0.725246696875972,alginate=1.00,fructan=0.50,1.3536162376403809
paper_vanilla_lstm_fasttext_cbow,ftCbow__LSTM,paper_DL,dl,fasttext_cbow frozen Embedding (paper TextVectorization),"LSTM(100, dropout=0.6) + Dense head",Paper arch+optimizer+EarlyStopping verbatim; batch=1024/4096 for non-trans/trans.,42,4,0.529126213592233,0.4334195665445666,0.35427512596296623,0.4334195665445666,0.37316186229229703,alginate=1.00,alpha-mannan=0.00,15.46224308013916
paper_vanilla_lstm_fasttext_sg,ftSg__LSTM,paper_DL,dl,fasttext_sg frozen Embedding (paper TextVectorization),"LSTM(100, dropout=0.6) + Dense head",Paper arch+optimizer+EarlyStopping verbatim; batch=1024/4096 for non-trans/trans.,42,4,0.6747572815533981,0.5722008547008547,0.5730699825210475,0.5722008547008547,0.557305330689326,alginate=1.00,arabinogalactan=0.00,23.71287202835083
paper_vanilla_lstm_word2vec_cbow,w2vCbow__LSTM,paper_DL,dl,word2vec_cbow frozen Embedding (paper TextVectorization),"LSTM(100, dropout=0.6) + Dense head",Paper arch+optimizer+EarlyStopping verbatim; batch=1024/4096 for non-trans/trans.,42,4,0.6747572815533981,0.5342635836385836,0.5399196004072305,0.5342635836385836,0.5168693035113966,alginate=1.00,alpha-mannan=0.00,19.160377740859985
paper_vanilla_lstm_word2vec_sg,w2vSg__LSTM,paper_DL,dl,word2vec_sg frozen Embedding (paper TextVectorization),"LSTM(100, dropout=0.6) + Dense head",Paper arch+optimizer+EarlyStopping verbatim; batch=1024/4096 for non-trans/trans.,42,4,0.7864077669902912,0.7140270146520146,0.6997280941665887,0.7140270146520146,0.7009053814246222,alginate=1.00,fructan=0.00,24.280456066131592
paper_vanilla_lstm_doc2vec_dm,d2vDm__LSTM,paper_DL,dl,doc2vec_dm frozen Embedding (paper TextVectorization),"LSTM(100, dropout=0.6) + Dense head",Paper arch+optimizer+EarlyStopping verbatim; batch=1024/4096 for non-trans/trans.,42,4,0.5728155339805825,0.48001907814407824,0.4238103600240322,0.48001907814407824,0.43344240698071346,alginate=1.00,arabinogalactan=0.00,17.731760025024414
paper_lstm_with_attention_fasttext_cbow,ftCbow__LSTMattn,paper_DL,dl,fasttext_cbow frozen Embedding (paper TextVectorization),"LSTM(100, return_seq) + attention head",Paper arch+optimizer+EarlyStopping verbatim; batch=1024/4096 for non-trans/trans.,42,4,0.7912621359223301,0.7822000915750916,0.7550913379145644,0.7822000915750916,0.7612604183256358,alginate=1.00,arabinogalactan=0.57,12.145746946334839
paper_lstm_with_attention_fasttext_sg,ftSg__LSTMattn,paper_DL,dl,fasttext_sg frozen Embedding (paper TextVectorization),"LSTM(100, return_seq) + attention head",Paper arch+optimizer+EarlyStopping verbatim; batch=1024/4096 for non-trans/trans.,42,4,0.8592233009708737,0.8228067765567765,0.8545558608058608,0.8228067765567765,0.835527290177788,alginate=1.00,arabinogalactan=0.57,14.730653047561646
paper_lstm_with_attention_word2vec_cbow,w2vCbow__LSTMattn,paper_DL,dl,word2vec_cbow frozen Embedding (paper TextVectorization),"LSTM(100, return_seq) + attention head",Paper arch+optimizer+EarlyStopping verbatim; batch=1024/4096 for non-trans/trans.,42,4,0.8398058252427184,0.8014178876678878,0.8533310087657915,0.8014178876678878,0.82085281887605,alginate=1.00,arabinogalactan=0.57,13.328278064727783
paper_lstm_with_attention_word2vec_sg,w2vSg__LSTMattn,paper_DL,dl,word2vec_sg frozen Embedding (paper TextVectorization),"LSTM(100, return_seq) + attention head",Paper arch+optimizer+EarlyStopping verbatim; batch=1024/4096 for non-trans/trans.,42,4,0.8106796116504854,0.7752480158730158,0.8362902187910937,0.7752480158730158,0.7951839955809527,alginate=1.00,fructan=0.50,12.86874008178711
paper_lstm_with_attention_doc2vec_dm,d2vDm__LSTMattn,paper_DL,dl,doc2vec_dm frozen Embedding (paper TextVectorization),"LSTM(100, return_seq) + attention head",Paper arch+optimizer+EarlyStopping verbatim; batch=1024/4096 for non-trans/trans.,42,4,0.7912621359223301,0.7497306166056167,0.7946076869989912,0.7497306166056167,0.7660701375139359,alginate=1.00,arabinogalactan=0.43,11.623652696609497
paper_just_attention_fasttext_cbow,ftCbow__JustAttn,paper_DL,dl,fasttext_cbow frozen Embedding (paper TextVectorization),non_recurrent_attention (single attention pass),Paper arch+optimizer+EarlyStopping verbatim; batch=1024/4096 for non-trans/trans.,42,4,0.8058252427184466,0.7608508852258852,0.7736046890845651,0.7608508852258852,0.7587143456191076,alginate=1.00,alpha-mannan=0.25,17.244462966918945
paper_just_attention_fasttext_sg,ftSg__JustAttn,paper_DL,dl,fasttext_sg frozen Embedding (paper TextVectorization),non_recurrent_attention (single attention pass),Paper arch+optimizer+EarlyStopping verbatim; batch=1024/4096 for non-trans/trans.,42,4,0.8446601941747572,0.8602144383394384,0.8548785814116003,0.8602144383394384,0.8495359875029327,alginate=1.00,galactan=0.67,28.26594090461731
paper_just_attention_word2vec_cbow,w2vCbow__JustAttn,paper_DL,dl,word2vec_cbow frozen Embedding (paper TextVectorization),non_recurrent_attention (single attention pass),Paper arch+optimizer+EarlyStopping verbatim; batch=1024/4096 for non-trans/trans.,42,4,0.8009708737864077,0.7539476495726495,0.8001707355122916,0.7539476495726495,0.7654903478682145,alginate=1.00,arabinogalactan=0.43,19.477659225463867
paper_just_attention_word2vec_sg,w2vSg__JustAttn,paper_DL,dl,word2vec_sg frozen Embedding (paper TextVectorization),non_recurrent_attention (single attention pass),Paper arch+optimizer+EarlyStopping verbatim; batch=1024/4096 for non-trans/trans.,42,4,0.7621359223300971,0.7541246947496947,0.8042120525673155,0.7541246947496947,0.769880424232409,alginate=1.00,beta-mannan=0.57,20.28838014602661
paper_just_attention_doc2vec_dm,d2vDm__JustAttn,paper_DL,dl,doc2vec_dm frozen Embedding (paper TextVectorization),non_recurrent_attention (single attention pass),Paper arch+optimizer+EarlyStopping verbatim; batch=1024/4096 for non-trans/trans.,42,4,0.8203883495145631,0.7781135531135531,0.830935602804673,0.7781135531135531,0.7973409582535945,alginate=1.00,arabinogalactan=0.43,21.040321111679077
paper_transformer_fasttext_cbow,ftCbow__Trans,paper_DL,dl,fasttext_cbow frozen Embedding (paper TextVectorization),Transformer 4 blocks × 4 heads × head=128 × ff=512 × dropout=0.5 → GAP → softmax,Paper arch+optimizer+EarlyStopping verbatim; batch=1024.,42,4,0.8252427184466019,0.817190934065934,0.7883809947371057,0.817190934065934,0.7963499745850195,alginate=1.00,beta-mannan=0.57,65.93186211585999
paper_transformer_fasttext_sg,ftSg__Trans,paper_DL,dl,fasttext_sg frozen Embedding (paper TextVectorization),Transformer 4 blocks × 4 heads × head=128 × ff=512 × dropout=0.5 → GAP → softmax,Paper arch+optimizer+EarlyStopping verbatim; batch=1024.,42,4,0.8252427184466019,0.8147718253968255,0.813627906753088,0.8147718253968255,0.7952198544424968,alginate=1.00,beta-glucan=0.56,77.7059760093689
paper_transformer_word2vec_cbow,w2vCbow__Trans,paper_DL,dl,word2vec_cbow frozen Embedding (paper TextVectorization),Transformer 4 blocks × 4 heads × head=128 × ff=512 × dropout=0.5 → GAP → softmax,Paper arch+optimizer+EarlyStopping verbatim; batch=1024.,42,4,0.8300970873786407,0.8119826007326009,0.8097868992605836,0.8119826007326009,0.809266358279377,alginate=1.00,arabinogalactan=0.57,66.66528391838074
paper_transformer_word2vec_sg,w2vSg__Trans,paper_DL,dl,word2vec_sg frozen Embedding (paper TextVectorization),Transformer 4 blocks × 4 heads × head=128 × ff=512 × dropout=0.5 → GAP → softmax,Paper arch+optimizer+EarlyStopping verbatim; batch=1024.,42,4,0.8203883495145631,0.8067040598290598,0.80335467813538,0.8067040598290598,0.8016990254709845,alginate=1.00,fructan=0.67,79.82852029800415
paper_transformer_doc2vec_dm,d2vDm__Trans,paper_DL,dl,doc2vec_dm frozen Embedding (paper TextVectorization),Transformer 4 blocks × 4 heads × head=128 × ff=512 × dropout=0.5 → GAP → softmax,Paper arch+optimizer+EarlyStopping verbatim; batch=1024.,42,4,0.7864077669902912,0.8039438339438342,0.7794282106782108,0.8039438339438342,0.7868789436582522,alginate=1.00,beta-glucan=0.64,75.82999181747437
ours_CountVec_OvR_ET,cpu__ET500_log2,ours_shallow,shallow,"CountVec_cpu (split ',' '|' '_'; sparse counts)",OvR(ExtraTrees n=500 log2 balanced bootstrap=False),Our tuned CountVec × ExtraTrees winner.,43,0,0.9466019417475728,0.9427423928410771,0.9555112643347937,0.9427423928410771,0.947294019001336,alginate=1.00,galactan=0.80,2.8968870639801025
ours_FastText_OvR_ET,ftCbow_MM__ET500_sqrt,ours_shallow,shallow,FT_cbow mean+max concat 600d (gensim native ft.wv[t]),OvR(ExtraTrees n=500 sqrt balanced bootstrap=False),Our FastText alternative — gensim native API for n-gram OOV.,43,0,0.9466019417475728,0.922851800976801,0.956942716612528,0.922851800976801,0.9379638726472117,alginate=1.00,arabinogalactan=0.71,2.9081571102142334
paper_CountVec_BRF,cv__BRF100,paper_shallow,shallow,CountVec_comma_pipe (sparse counts),OvR(BalancedRF n=100 balanced),Paper baseline.,43,0,0.883495145631068,0.8859632655356341,0.8842052401720188,0.8859632655356341,0.8814255044518203,alpha-mannan=1.00,fructan=0.83,1.4399638175964355
paper_fasttext_cbow_BRF,ftCbow__BRF100,paper_shallow,shallow,fasttext_cbow mean of word vectors (gensim native wv[t]),OvR(BalancedRF n=100 balanced),Paper fasttext_cbow + BRF (gensim native API; n-gram OOV for FT).,43,0,0.8786407766990292,0.8659700533384743,0.8646819538486206,0.8659700533384743,0.862203819460487,alginate=1.00,galactan=0.67,1.3721051216125488
paper_fasttext_sg_BRF,ftSg__BRF100,paper_shallow,shallow,fasttext_sg mean of word vectors (gensim native wv[t]),OvR(BalancedRF n=100 balanced),Paper fasttext_sg + BRF (gensim native API; n-gram OOV for FT).,43,0,0.8689320388349514,0.884780139451192,0.8425088867117853,0.884780139451192,0.8581748112773515,alginate=1.00,beta-mannan=0.77,1.3718161582946777
paper_word2vec_cbow_BRF,w2vCbow__BRF100,paper_shallow,shallow,word2vec_cbow mean of word vectors (gensim native wv[t]),OvR(BalancedRF n=100 balanced),Paper word2vec_cbow + BRF (gensim native API; n-gram OOV for FT).,43,0,0.8446601941747572,0.8443039489750014,0.8045059229269755,0.8443039489750014,0.8101858254890292,alginate=1.00,galactan=0.60,1.3717849254608154
paper_word2vec_sg_BRF,w2vSg__BRF100,paper_shallow,shallow,word2vec_sg mean of word vectors (gensim native wv[t]),OvR(BalancedRF n=100 balanced),Paper word2vec_sg + BRF (gensim native API; n-gram OOV for FT).,43,0,0.8786407766990292,0.8757495903219588,0.8385738104488105,0.8757495903219588,0.8509047557895154,alginate=1.00,galactan=0.73,1.3975601196289062
paper_doc2vec_dm_BRF,d2vDm__BRF100,paper_shallow,shallow,doc2vec_dm infer_vector (300d doc vec),OvR(BalancedRF n=100 balanced),Paper doc2vec_dm + BRF (precomputed infer_vector for all 1030 sup).,43,0,0.6310679611650486,0.6336405115352484,0.6054611786495844,0.6336405115352484,0.5923187926788082,alpha-mannan=1.00,alginate=0.30,1.3516950607299805
paper_doc2vec_dbow_BRF,d2vDbow__BRF100,paper_shallow,shallow,doc2vec_dbow infer_vector (300d doc vec),OvR(BalancedRF n=100 balanced),Paper doc2vec_dbow + BRF (precomputed infer_vector for all 1030 sup).,43,0,0.8203883495145631,0.8424086257309943,0.7967527769501453,0.8424086257309943,0.8077801797963088,alginate=1.00,fructan=0.67,1.3867652416229248
paper_vanilla_lstm_fasttext_cbow,ftCbow__LSTM,paper_DL,dl,fasttext_cbow frozen Embedding (paper TextVectorization),"LSTM(100, dropout=0.6) + Dense head",Paper arch+optimizer+EarlyStopping verbatim; batch=1024/4096 for non-trans/trans.,43,0,0.5970873786407767,0.5033850652271704,0.5073838355127468,0.5033850652271704,0.48092115786441,alginate=1.00,arabinogalactan=0.00,22.35921597480774
paper_vanilla_lstm_fasttext_sg,ftSg__LSTM,paper_DL,dl,fasttext_sg frozen Embedding (paper TextVectorization),"LSTM(100, dropout=0.6) + Dense head",Paper arch+optimizer+EarlyStopping verbatim; batch=1024/4096 for non-trans/trans.,43,0,0.6310679611650486,0.498802575348628,0.4720036401286401,0.498802575348628,0.4668113915828927,alginate=1.00,alpha-mannan=0.00,18.839544773101807
paper_vanilla_lstm_word2vec_cbow,w2vCbow__LSTM,paper_DL,dl,word2vec_cbow frozen Embedding (paper TextVectorization),"LSTM(100, dropout=0.6) + Dense head",Paper arch+optimizer+EarlyStopping verbatim; batch=1024/4096 for non-trans/trans.,43,0,0.6601941747572816,0.5264785762483132,0.5182502622696589,0.5264785762483132,0.4931947735125411,alginate=1.00,arabinogalactan=0.00,19.20121121406555
paper_vanilla_lstm_word2vec_sg,w2vSg__LSTM,paper_DL,dl,word2vec_sg frozen Embedding (paper TextVectorization),"LSTM(100, dropout=0.6) + Dense head",Paper arch+optimizer+EarlyStopping verbatim; batch=1024/4096 for non-trans/trans.,43,0,0.7572815533980582,0.757144785039522,0.7311381347410758,0.757144785039522,0.7243056866032878,alginate=1.00,arabinogalactan=0.43,25.36994194984436
paper_vanilla_lstm_doc2vec_dm,d2vDm__LSTM,paper_DL,dl,doc2vec_dm frozen Embedding (paper TextVectorization),"LSTM(100, dropout=0.6) + Dense head",Paper arch+optimizer+EarlyStopping verbatim; batch=1024/4096 for non-trans/trans.,43,0,0.6650485436893204,0.5144483805668016,0.44839328383683225,0.5144483805668016,0.4737130086530386,alginate=1.00,alpha-mannan=0.00,18.48903799057007
paper_lstm_with_attention_fasttext_cbow,ftCbow__LSTMattn,paper_DL,dl,fasttext_cbow frozen Embedding (paper TextVectorization),"LSTM(100, return_seq) + attention head",Paper arch+optimizer+EarlyStopping verbatim; batch=1024/4096 for non-trans/trans.,43,0,0.8252427184466019,0.8160370075830601,0.8080842768342769,0.8160370075830601,0.8055661480463404,alginate=1.00,galactan=0.40,12.502985000610352
paper_lstm_with_attention_fasttext_sg,ftSg__LSTMattn,paper_DL,dl,fasttext_sg frozen Embedding (paper TextVectorization),"LSTM(100, return_seq) + attention head",Paper arch+optimizer+EarlyStopping verbatim; batch=1024/4096 for non-trans/trans.,43,0,0.8689320388349514,0.859597752393805,0.8736931050699167,0.859597752393805,0.8633718482862994,alginate=1.00,fructan=0.67,13.567057847976685
paper_lstm_with_attention_word2vec_cbow,w2vCbow__LSTMattn,paper_DL,dl,word2vec_cbow frozen Embedding (paper TextVectorization),"LSTM(100, return_seq) + attention head",Paper arch+optimizer+EarlyStopping verbatim; batch=1024/4096 for non-trans/trans.,43,0,0.8300970873786407,0.8239246754707281,0.8122741744351254,0.8239246754707281,0.8159072860292372,alginate=1.00,galactan=0.60,12.311217069625854
paper_lstm_with_attention_word2vec_sg,w2vSg__LSTMattn,paper_DL,dl,word2vec_sg frozen Embedding (paper TextVectorization),"LSTM(100, return_seq) + attention head",Paper arch+optimizer+EarlyStopping verbatim; batch=1024/4096 for non-trans/trans.,43,0,0.8640776699029126,0.8509523006233533,0.8723796315895996,0.8509523006233533,0.8568396804704036,alginate=1.00,fructan=0.50,13.512818098068237
paper_lstm_with_attention_doc2vec_dm,d2vDm__LSTMattn,paper_DL,dl,doc2vec_dm frozen Embedding (paper TextVectorization),"LSTM(100, return_seq) + attention head",Paper arch+optimizer+EarlyStopping verbatim; batch=1024/4096 for non-trans/trans.,43,0,0.8592233009708737,0.8445283079493606,0.8432704606639697,0.8445283079493606,0.838150738150738,alginate=1.00,galactan=0.53,12.200269222259521
paper_just_attention_fasttext_cbow,ftCbow__JustAttn,paper_DL,dl,fasttext_cbow frozen Embedding (paper TextVectorization),non_recurrent_attention (single attention pass),Paper arch+optimizer+EarlyStopping verbatim; batch=1024/4096 for non-trans/trans.,43,0,0.8446601941747572,0.855337984384037,0.8335231193926846,0.855337984384037,0.8418037655877483,alginate=1.00,fructan=0.67,23.504504919052124
paper_just_attention_fasttext_sg,ftSg__JustAttn,paper_DL,dl,fasttext_sg frozen Embedding (paper TextVectorization),non_recurrent_attention (single attention pass),Paper arch+optimizer+EarlyStopping verbatim; batch=1024/4096 for non-trans/trans.,43,0,0.8155339805825242,0.8398409083606452,0.8328566803566804,0.8398409083606452,0.8233661818782316,alginate=1.00,galactan=0.67,24.303447008132935
paper_just_attention_word2vec_cbow,w2vCbow__JustAttn,paper_DL,dl,word2vec_cbow frozen Embedding (paper TextVectorization),non_recurrent_attention (single attention pass),Paper arch+optimizer+EarlyStopping verbatim; batch=1024/4096 for non-trans/trans.,43,0,0.8155339805825242,0.8399210365657733,0.8196144790881633,0.8399210365657733,0.8178415810768752,alginate=1.00,galactan=0.67,23.73176908493042
paper_just_attention_word2vec_sg,w2vSg__JustAttn,paper_DL,dl,word2vec_sg frozen Embedding (paper TextVectorization),non_recurrent_attention (single attention pass),Paper arch+optimizer+EarlyStopping verbatim; batch=1024/4096 for non-trans/trans.,43,0,0.8106796116504854,0.8290019519953731,0.8084998657673076,0.8290019519953731,0.8040974102810057,alginate=1.00,galactan=0.47,24.573583841323853
paper_just_attention_doc2vec_dm,d2vDm__JustAttn,paper_DL,dl,doc2vec_dm frozen Embedding (paper TextVectorization),non_recurrent_attention (single attention pass),Paper arch+optimizer+EarlyStopping verbatim; batch=1024/4096 for non-trans/trans.,43,0,0.7815533980582524,0.8028483869931238,0.8073086224744769,0.8028483869931238,0.7833341566497595,alginate=1.00,galactan=0.33,14.074220180511475
paper_transformer_fasttext_cbow,ftCbow__Trans,paper_DL,dl,fasttext_cbow frozen Embedding (paper TextVectorization),Transformer 4 blocks × 4 heads × head=128 × ff=512 × dropout=0.5 → GAP → softmax,Paper arch+optimizer+EarlyStopping verbatim; batch=1024.,43,0,0.8786407766990292,0.8714758048968575,0.8594636436548203,0.8714758048968575,0.8607795550652693,alginate=1.00,galactan=0.60,67.79025602340698
paper_transformer_fasttext_sg,ftSg__Trans,paper_DL,dl,fasttext_sg frozen Embedding (paper TextVectorization),Transformer 4 blocks × 4 heads × head=128 × ff=512 × dropout=0.5 → GAP → softmax,Paper arch+optimizer+EarlyStopping verbatim; batch=1024.,43,0,0.8155339805825242,0.805064785360838,0.7846595746739427,0.805064785360838,0.7787321407338776,alginate=1.00,galactan=0.47,74.1797080039978
paper_transformer_word2vec_cbow,w2vCbow__Trans,paper_DL,dl,word2vec_cbow frozen Embedding (paper TextVectorization),Transformer 4 blocks × 4 heads × head=128 × ff=512 × dropout=0.5 → GAP → softmax,Paper arch+optimizer+EarlyStopping verbatim; batch=1024.,43,0,0.7961165048543689,0.7777410674121201,0.7603715728715729,0.7777410674121201,0.7601695959530025,alginate=1.00,galactan=0.40,56.93405890464783
paper_transformer_word2vec_sg,w2vSg__Trans,paper_DL,dl,word2vec_sg frozen Embedding (paper TextVectorization),Transformer 4 blocks × 4 heads × head=128 × ff=512 × dropout=0.5 → GAP → softmax,Paper arch+optimizer+EarlyStopping verbatim; batch=1024.,43,0,0.8300970873786407,0.8236339245549772,0.8140948760646647,0.8236339245549772,0.8086986190839575,alginate=1.00,fructan=0.50,63.90891075134277
paper_transformer_doc2vec_dm,d2vDm__Trans,paper_DL,dl,doc2vec_dm frozen Embedding (paper TextVectorization),Transformer 4 blocks × 4 heads × head=128 × ff=512 × dropout=0.5 → GAP → softmax,Paper arch+optimizer+EarlyStopping verbatim; batch=1024.,43,0,0.8398058252427184,0.828171470342523,0.8225860165576478,0.828171470342523,0.8207239881876062,alginate=1.00,galactan=0.60,76.77839684486389
ours_CountVec_OvR_ET,cpu__ET500_log2,ours_shallow,shallow,"CountVec_cpu (split ',' '|' '_'; sparse counts)",OvR(ExtraTrees n=500 log2 balanced bootstrap=False),Our tuned CountVec × ExtraTrees winner.,43,1,0.883495145631068,0.8572214590964592,0.8833888179244217,0.8572214590964592,0.8666157476074998,alginate=1.00,beta-mannan=0.62,2.917670965194702
ours_FastText_OvR_ET,ftCbow_MM__ET500_sqrt,ours_shallow,shallow,FT_cbow mean+max concat 600d (gensim native ft.wv[t]),OvR(ExtraTrees n=500 sqrt balanced bootstrap=False),Our FastText alternative — gensim native API for n-gram OOV.,43,1,0.8640776699029126,0.851406922755607,0.8675414862914863,0.851406922755607,0.8573322848286692,alginate=1.00,beta-mannan=0.62,2.909359931945801
paper_CountVec_BRF,cv__BRF100,paper_shallow,shallow,CountVec_comma_pipe (sparse counts),OvR(BalancedRF n=100 balanced),Paper baseline.,43,1,0.8009708737864077,0.7709782468992996,0.7993031336381721,0.7709782468992996,0.7785507345146304,alpha-mannan=1.00,arabinogalactan=0.43,1.4743850231170654
paper_fasttext_cbow_BRF,ftCbow__BRF100,paper_shallow,shallow,fasttext_cbow mean of word vectors (gensim native wv[t]),OvR(BalancedRF n=100 balanced),Paper fasttext_cbow + BRF (gensim native API; n-gram OOV for FT).,43,1,0.7815533980582524,0.7794447657605552,0.7595476531689346,0.7794447657605552,0.756548822739398,alginate=1.00,beta-mannan=0.54,1.3530082702636719
paper_fasttext_sg_BRF,ftSg__BRF100,paper_shallow,shallow,fasttext_sg mean of word vectors (gensim native wv[t]),OvR(BalancedRF n=100 balanced),Paper fasttext_sg + BRF (gensim native API; n-gram OOV for FT).,43,1,0.8106796116504854,0.7996295225242592,0.8034873933129747,0.7996295225242592,0.7834886037722822,alginate=1.00,fructan=0.50,1.3664138317108154
paper_word2vec_cbow_BRF,w2vCbow__BRF100,paper_shallow,shallow,word2vec_cbow mean of word vectors (gensim native wv[t]),OvR(BalancedRF n=100 balanced),Paper word2vec_cbow + BRF (gensim native API; n-gram OOV for FT).,43,1,0.7475728155339806,0.7399944974616027,0.718445102655629,0.7399944974616027,0.7205518593696486,alginate=1.00,arabinogalactan=0.29,1.410599946975708
paper_word2vec_sg_BRF,w2vSg__BRF100,paper_shallow,shallow,word2vec_sg mean of word vectors (gensim native wv[t]),OvR(BalancedRF n=100 balanced),Paper word2vec_sg + BRF (gensim native API; n-gram OOV for FT).,43,1,0.7669902912621359,0.7542365127562496,0.7575510937067,0.7542365127562496,0.7451966799465803,alginate=1.00,beta-mannan=0.38,1.368340253829956
paper_doc2vec_dm_BRF,d2vDm__BRF100,paper_shallow,shallow,doc2vec_dm infer_vector (300d doc vec),OvR(BalancedRF n=100 balanced),Paper doc2vec_dm + BRF (precomputed infer_vector for all 1030 sup).,43,1,0.5485436893203883,0.5229261454919351,0.4782123643264948,0.5229261454919351,0.48692363038338987,alpha-mannan=1.00,fructan=0.00,1.3609750270843506
paper_doc2vec_dbow_BRF,d2vDbow__BRF100,paper_shallow,shallow,doc2vec_dbow infer_vector (300d doc vec),OvR(BalancedRF n=100 balanced),Paper doc2vec_dbow + BRF (precomputed infer_vector for all 1030 sup).,43,1,0.7669902912621359,0.7162331309041835,0.7805561045234959,0.7162331309041835,0.7343303077234301,alginate=1.00,fructan=0.33,1.3668489456176758
paper_vanilla_lstm_fasttext_cbow,ftCbow__LSTM,paper_DL,dl,fasttext_cbow frozen Embedding (paper TextVectorization),"LSTM(100, dropout=0.6) + Dense head",Paper arch+optimizer+EarlyStopping verbatim; batch=1024/4096 for non-trans/trans.,43,1,0.5922330097087378,0.47017901323822375,0.4383137077294686,0.47017901323822375,0.441751337696163,alpha-glucan=0.92,alpha-mannan=0.00,19.193714380264282
paper_vanilla_lstm_fasttext_sg,ftSg__LSTM,paper_DL,dl,fasttext_sg frozen Embedding (paper TextVectorization),"LSTM(100, dropout=0.6) + Dense head",Paper arch+optimizer+EarlyStopping verbatim; batch=1024/4096 for non-trans/trans.,43,1,0.4223300970873786,0.3528937728937729,0.32376665415283296,0.3528937728937729,0.3226566993085705,alginate=0.90,alpha-mannan=0.00,15.037309169769287
paper_vanilla_lstm_word2vec_cbow,w2vCbow__LSTM,paper_DL,dl,word2vec_cbow frozen Embedding (paper TextVectorization),"LSTM(100, dropout=0.6) + Dense head",Paper arch+optimizer+EarlyStopping verbatim; batch=1024/4096 for non-trans/trans.,43,1,0.5485436893203883,0.46540060086112717,0.4246579729703299,0.46540060086112717,0.4309633760035931,alginate=1.00,alpha-mannan=0.00,18.958085775375366
paper_vanilla_lstm_word2vec_sg,w2vSg__LSTM,paper_DL,dl,word2vec_sg frozen Embedding (paper TextVectorization),"LSTM(100, dropout=0.6) + Dense head",Paper arch+optimizer+EarlyStopping verbatim; batch=1024/4096 for non-trans/trans.,43,1,0.5,0.40739705835100576,0.4182243531154602,0.40739705835100576,0.3952747456259184,alginate=1.00,alpha-mannan=0.00,22.909920930862427
paper_vanilla_lstm_doc2vec_dm,d2vDm__LSTM,paper_DL,dl,doc2vec_dm frozen Embedding (paper TextVectorization),"LSTM(100, dropout=0.6) + Dense head",Paper arch+optimizer+EarlyStopping verbatim; batch=1024/4096 for non-trans/trans.,43,1,0.5194174757281553,0.36047683310841205,0.31678914542405595,0.36047683310841205,0.32880838232728987,alpha-glucan=0.96,alpha-mannan=0.00,15.621313095092773
paper_lstm_with_attention_fasttext_cbow,ftCbow__LSTMattn,paper_DL,dl,fasttext_cbow frozen Embedding (paper TextVectorization),"LSTM(100, return_seq) + attention head",Paper arch+optimizer+EarlyStopping verbatim; batch=1024/4096 for non-trans/trans.,43,1,0.7766990291262136,0.7276743943191312,0.7813094604867836,0.7276743943191312,0.7329604282850338,alginate=1.00,beta-mannan=0.23,11.23473310470581
paper_lstm_with_attention_fasttext_sg,ftSg__LSTMattn,paper_DL,dl,fasttext_sg frozen Embedding (paper TextVectorization),"LSTM(100, return_seq) + attention head",Paper arch+optimizer+EarlyStopping verbatim; batch=1024/4096 for non-trans/trans.,43,1,0.7912621359223301,0.7417052245999614,0.8228829628809184,0.7417052245999614,0.7474193466900249,alginate=1.00,fructan=0.17,12.205118894577026
paper_lstm_with_attention_word2vec_cbow,w2vCbow__LSTMattn,paper_DL,dl,word2vec_cbow frozen Embedding (paper TextVectorization),"LSTM(100, return_seq) + attention head",Paper arch+optimizer+EarlyStopping verbatim; batch=1024/4096 for non-trans/trans.,43,1,0.7912621359223301,0.7363094434804962,0.7823118167064709,0.7363094434804962,0.749647470408609,alginate=1.00,fructan=0.33,12.108128070831299
paper_lstm_with_attention_word2vec_sg,w2vSg__LSTMattn,paper_DL,dl,word2vec_sg frozen Embedding (paper TextVectorization),"LSTM(100, return_seq) + attention head",Paper arch+optimizer+EarlyStopping verbatim; batch=1024/4096 for non-trans/trans.,43,1,0.8106796116504854,0.7659652737613264,0.832759469727994,0.7659652737613264,0.7819954785655595,alginate=1.00,fructan=0.33,13.492820978164673
paper_lstm_with_attention_doc2vec_dm,d2vDm__LSTMattn,paper_DL,dl,doc2vec_dm frozen Embedding (paper TextVectorization),"LSTM(100, return_seq) + attention head",Paper arch+optimizer+EarlyStopping verbatim; batch=1024/4096 for non-trans/trans.,43,1,0.7766990291262136,0.7381630759591286,0.782884417491195,0.7381630759591286,0.7500694184830605,alginate=1.00,fructan=0.33,10.8817458152771
paper_just_attention_fasttext_cbow,ftCbow__JustAttn,paper_DL,dl,fasttext_cbow frozen Embedding (paper TextVectorization),non_recurrent_attention (single attention pass),Paper arch+optimizer+EarlyStopping verbatim; batch=1024/4096 for non-trans/trans.,43,1,0.7815533980582524,0.7153372212582738,0.7716798293391433,0.7153372212582738,0.7298453528033518,alginate=1.00,fructan=0.17,17.82820415496826
paper_just_attention_fasttext_sg,ftSg__JustAttn,paper_DL,dl,fasttext_sg frozen Embedding (paper TextVectorization),non_recurrent_attention (single attention pass),Paper arch+optimizer+EarlyStopping verbatim; batch=1024/4096 for non-trans/trans.,43,1,0.7572815533980582,0.7252809507743718,0.751296746768883,0.7252809507743718,0.7249491632010429,alginate=1.00,beta-mannan=0.23,25.507863998413086
paper_just_attention_word2vec_cbow,w2vCbow__JustAttn,paper_DL,dl,word2vec_cbow frozen Embedding (paper TextVectorization),non_recurrent_attention (single attention pass),Paper arch+optimizer+EarlyStopping verbatim; batch=1024/4096 for non-trans/trans.,43,1,0.7330097087378641,0.6678180627851681,0.7805613066482632,0.6678180627851681,0.6880627858569035,alginate=1.00,beta-mannan=0.23,20.288387060165405
paper_just_attention_word2vec_sg,w2vSg__JustAttn,paper_DL,dl,word2vec_sg frozen Embedding (paper TextVectorization),non_recurrent_attention (single attention pass),Paper arch+optimizer+EarlyStopping verbatim; batch=1024/4096 for non-trans/trans.,43,1,0.7281553398058253,0.7328127209048262,0.7457760258047615,0.7328127209048262,0.7298668769502102,alginate=1.00,beta-mannan=0.31,18.16376805305481
paper_just_attention_doc2vec_dm,d2vDm__JustAttn,paper_DL,dl,doc2vec_dm frozen Embedding (paper TextVectorization),non_recurrent_attention (single attention pass),Paper arch+optimizer+EarlyStopping verbatim; batch=1024/4096 for non-trans/trans.,43,1,0.7281553398058253,0.6769575380759592,0.7720259043788454,0.6769575380759592,0.6848378499758789,alginate=0.90,alpha-mannan=0.20,15.63618803024292
paper_transformer_fasttext_cbow,ftCbow__Trans,paper_DL,dl,fasttext_cbow frozen Embedding (paper TextVectorization),Transformer 4 blocks × 4 heads × head=128 × ff=512 × dropout=0.5 → GAP → softmax,Paper arch+optimizer+EarlyStopping verbatim; batch=1024.,43,1,0.7669902912621359,0.7186886687873529,0.7082068724925867,0.7186886687873529,0.7086058299249256,alginate=1.00,fructan=0.00,76.00441908836365
paper_transformer_fasttext_sg,ftSg__Trans,paper_DL,dl,fasttext_sg frozen Embedding (paper TextVectorization),Transformer 4 blocks × 4 heads × head=128 × ff=512 × dropout=0.5 → GAP → softmax,Paper arch+optimizer+EarlyStopping verbatim; batch=1024.,43,1,0.8058252427184466,0.7756508659469183,0.8108931297574449,0.7756508659469183,0.7846230473282306,alginate=1.00,fructan=0.50,87.50559306144714
paper_transformer_word2vec_cbow,w2vCbow__Trans,paper_DL,dl,word2vec_cbow frozen Embedding (paper TextVectorization),Transformer 4 blocks × 4 heads × head=128 × ff=512 × dropout=0.5 → GAP → softmax,Paper arch+optimizer+EarlyStopping verbatim; batch=1024.,43,1,0.7669902912621359,0.7594171727395412,0.7457659324493221,0.7594171727395412,0.7387016737016737,alginate=1.00,fructan=0.33,76.10403990745544
paper_transformer_word2vec_sg,w2vSg__Trans,paper_DL,dl,word2vec_sg frozen Embedding (paper TextVectorization),Transformer 4 blocks × 4 heads × head=128 × ff=512 × dropout=0.5 → GAP → softmax,Paper arch+optimizer+EarlyStopping verbatim; batch=1024.,43,1,0.7864077669902912,0.7478526845961055,0.8008425506954918,0.7478526845961055,0.765461329974984,alginate=1.00,fructan=0.33,67.34578824043274
paper_transformer_doc2vec_dm,d2vDm__Trans,paper_DL,dl,doc2vec_dm frozen Embedding (paper TextVectorization),Transformer 4 blocks × 4 heads × head=128 × ff=512 × dropout=0.5 → GAP → softmax,Paper arch+optimizer+EarlyStopping verbatim; batch=1024.,43,1,0.7621359223300971,0.7702227523938051,0.7665714499925027,0.7702227523938051,0.7601006060216585,alginate=1.00,galactan=0.50,80.47828578948975
ours_CountVec_OvR_ET,cpu__ET500_log2,ours_shallow,shallow,"CountVec_cpu (split ',' '|' '_'; sparse counts)",OvR(ExtraTrees n=500 log2 balanced bootstrap=False),Our tuned CountVec × ExtraTrees winner.,43,2,0.9077669902912622,0.8892820994794679,0.9151748192480458,0.8892820994794679,0.8984668319244141,alginate=1.00,galactan=0.79,2.881383180618286
ours_FastText_OvR_ET,ftCbow_MM__ET500_sqrt,ours_shallow,shallow,FT_cbow mean+max concat 600d (gensim native ft.wv[t]),OvR(ExtraTrees n=500 sqrt balanced bootstrap=False),Our FastText alternative — gensim native API for n-gram OOV.,43,2,0.9029126213592233,0.8711461345671871,0.9029606677304888,0.8711461345671871,0.8846772263594613,alginate=1.00,arabinogalactan=0.71,2.925891876220703
paper_CountVec_BRF,cv__BRF100,paper_shallow,shallow,CountVec_comma_pipe (sparse counts),OvR(BalancedRF n=100 balanced),Paper baseline.,43,2,0.8592233009708737,0.8560866107576635,0.8379319854863333,0.8560866107576635,0.8426977998393124,alpha-mannan=1.00,beta-mannan=0.71,1.453859806060791
paper_fasttext_cbow_BRF,ftCbow__BRF100,paper_shallow,shallow,fasttext_cbow mean of word vectors (gensim native wv[t]),OvR(BalancedRF n=100 balanced),Paper fasttext_cbow + BRF (gensim native API; n-gram OOV for FT).,43,2,0.8543689320388349,0.8411758964719492,0.8272711085211085,0.8411758964719492,0.8285221050718353,alpha-mannan=1.00,beta-mannan=0.64,1.3567490577697754
paper_fasttext_sg_BRF,ftSg__BRF100,paper_shallow,shallow,fasttext_sg mean of word vectors (gensim native wv[t]),OvR(BalancedRF n=100 balanced),Paper fasttext_sg + BRF (gensim native API; n-gram OOV for FT).,43,2,0.8398058252427184,0.8346486006683375,0.8306083028181394,0.8346486006683375,0.8293752994772499,alginate=1.00,beta-mannan=0.64,1.4020838737487793
paper_word2vec_cbow_BRF,w2vCbow__BRF100,paper_shallow,shallow,word2vec_cbow mean of word vectors (gensim native wv[t]),OvR(BalancedRF n=100 balanced),Paper word2vec_cbow + BRF (gensim native API; n-gram OOV for FT).,43,2,0.8349514563106796,0.844220487115224,0.7973676508203362,0.844220487115224,0.8127325431815858,alginate=1.00,beta-mannan=0.64,1.3531227111816406
paper_word2vec_sg_BRF,w2vSg__BRF100,paper_shallow,shallow,word2vec_sg mean of word vectors (gensim native wv[t]),OvR(BalancedRF n=100 balanced),Paper word2vec_sg + BRF (gensim native API; n-gram OOV for FT).,43,2,0.8592233009708737,0.8581020258980786,0.8568536948156514,0.8581020258980786,0.8554946154346453,alginate=1.00,galactan=0.71,1.3870692253112793
paper_doc2vec_dm_BRF,d2vDm__BRF100,paper_shallow,shallow,doc2vec_dm infer_vector (300d doc vec),OvR(BalancedRF n=100 balanced),Paper doc2vec_dm + BRF (precomputed infer_vector for all 1030 sup).,43,2,0.587378640776699,0.573744979435769,0.6217164989715451,0.573744979435769,0.5816331686163435,alpha-mannan=0.80,alginate=0.40,1.3839240074157715
paper_doc2vec_dbow_BRF,d2vDbow__BRF100,paper_shallow,shallow,doc2vec_dbow infer_vector (300d doc vec),OvR(BalancedRF n=100 balanced),Paper doc2vec_dbow + BRF (precomputed infer_vector for all 1030 sup).,43,2,0.7815533980582524,0.8177428748152432,0.7489847824026324,0.8177428748152432,0.7709261302881819,alpha-mannan=1.00,pectin=0.62,1.3549089431762695
paper_vanilla_lstm_fasttext_cbow,ftCbow__LSTM,paper_DL,dl,fasttext_cbow frozen Embedding (paper TextVectorization),"LSTM(100, dropout=0.6) + Dense head",Paper arch+optimizer+EarlyStopping verbatim; batch=1024/4096 for non-trans/trans.,43,2,0.5145631067961165,0.4061973443223443,0.3870024506505136,0.4061973443223443,0.36716018850165194,alpha-glucan=0.88,alpha-mannan=0.00,15.891385793685913
paper_vanilla_lstm_fasttext_sg,ftSg__LSTM,paper_DL,dl,fasttext_sg frozen Embedding (paper TextVectorization),"LSTM(100, dropout=0.6) + Dense head",Paper arch+optimizer+EarlyStopping verbatim; batch=1024/4096 for non-trans/trans.,43,2,0.6262135922330098,0.5543432298695457,0.587754887091338,0.5543432298695457,0.5356089410972003,alginate=1.00,alpha-mannan=0.00,27.701442003250122
paper_vanilla_lstm_word2vec_cbow,w2vCbow__LSTM,paper_DL,dl,word2vec_cbow frozen Embedding (paper TextVectorization),"LSTM(100, dropout=0.6) + Dense head",Paper arch+optimizer+EarlyStopping verbatim; batch=1024/4096 for non-trans/trans.,43,2,0.6601941747572816,0.5969597069597069,0.5886709011709012,0.5969597069597069,0.5616539857309936,alginate=1.00,arabinogalactan=0.00,19.503557920455933
paper_vanilla_lstm_word2vec_sg,w2vSg__LSTM,paper_DL,dl,word2vec_sg frozen Embedding (paper TextVectorization),"LSTM(100, dropout=0.6) + Dense head",Paper arch+optimizer+EarlyStopping verbatim; batch=1024/4096 for non-trans/trans.,43,2,0.6456310679611651,0.5650502056423109,0.5764150271065738,0.5650502056423109,0.5577498496869636,alginate=0.90,alpha-mannan=0.00,28.826915979385376
paper_vanilla_lstm_doc2vec_dm,d2vDm__LSTM,paper_DL,dl,doc2vec_dm frozen Embedding (paper TextVectorization),"LSTM(100, dropout=0.6) + Dense head",Paper arch+optimizer+EarlyStopping verbatim; batch=1024/4096 for non-trans/trans.,43,2,0.7038834951456311,0.6504705272797379,0.6334951159951161,0.6504705272797379,0.6276428397892665,alginate=1.00,arabinogalactan=0.00,22.486593008041382
paper_lstm_with_attention_fasttext_cbow,ftCbow__LSTMattn,paper_DL,dl,fasttext_cbow frozen Embedding (paper TextVectorization),"LSTM(100, return_seq) + attention head",Paper arch+optimizer+EarlyStopping verbatim; batch=1024/4096 for non-trans/trans.,43,2,0.8203883495145631,0.7855686491870703,0.8210676977343644,0.7855686491870703,0.796338478843064,alginate=1.00,arabinogalactan=0.43,12.370458126068115
paper_lstm_with_attention_fasttext_sg,ftSg__LSTMattn,paper_DL,dl,fasttext_sg frozen Embedding (paper TextVectorization),"LSTM(100, return_seq) + attention head",Paper arch+optimizer+EarlyStopping verbatim; batch=1024/4096 for non-trans/trans.,43,2,0.8349514563106796,0.7906093760041127,0.8339111891195224,0.7906093760041127,0.8055954425691266,chitin=0.92,beta-mannan=0.50,14.214348077774048
paper_lstm_with_attention_word2vec_cbow,w2vCbow__LSTMattn,paper_DL,dl,word2vec_cbow frozen Embedding (paper TextVectorization),"LSTM(100, return_seq) + attention head",Paper arch+optimizer+EarlyStopping verbatim; batch=1024/4096 for non-trans/trans.,43,2,0.8155339805825242,0.7742784846732215,0.8246716414486022,0.7742784846732215,0.7952045954765992,alpha-glucan=0.92,galactan=0.50,12.945343971252441
paper_lstm_with_attention_word2vec_sg,w2vSg__LSTMattn,paper_DL,dl,word2vec_sg frozen Embedding (paper TextVectorization),"LSTM(100, return_seq) + attention head",Paper arch+optimizer+EarlyStopping verbatim; batch=1024/4096 for non-trans/trans.,43,2,0.8203883495145631,0.7930895347342716,0.7944148263170002,0.7930895347342716,0.7906342746829486,chitin=0.92,galactan=0.57,13.697126865386963
paper_lstm_with_attention_doc2vec_dm,d2vDm__LSTMattn,paper_DL,dl,doc2vec_dm frozen Embedding (paper TextVectorization),"LSTM(100, return_seq) + attention head",Paper arch+optimizer+EarlyStopping verbatim; batch=1024/4096 for non-trans/trans.,43,2,0.8155339805825242,0.7752606275303643,0.8176382604323781,0.7752606275303643,0.7921712660680044,host glycan=0.94,galactan=0.57,12.10502314567566
paper_just_attention_fasttext_cbow,ftCbow__JustAttn,paper_DL,dl,fasttext_cbow frozen Embedding (paper TextVectorization),non_recurrent_attention (single attention pass),Paper arch+optimizer+EarlyStopping verbatim; batch=1024/4096 for non-trans/trans.,43,2,0.8009708737864077,0.7801519825204036,0.8142978839045197,0.7801519825204036,0.7933758970589656,alginate=1.00,beta-mannan=0.57,22.35248899459839
paper_just_attention_fasttext_sg,ftSg__JustAttn,paper_DL,dl,fasttext_sg frozen Embedding (paper TextVectorization),non_recurrent_attention (single attention pass),Paper arch+optimizer+EarlyStopping verbatim; batch=1024/4096 for non-trans/trans.,43,2,0.8106796116504854,0.8171951513398882,0.8025414862914863,0.8171951513398882,0.7938872911246863,alginate=1.00,beta-mannan=0.50,27.858378887176514
paper_just_attention_word2vec_cbow,w2vCbow__JustAttn,paper_DL,dl,word2vec_cbow frozen Embedding (paper TextVectorization),non_recurrent_attention (single attention pass),Paper arch+optimizer+EarlyStopping verbatim; batch=1024/4096 for non-trans/trans.,43,2,0.7184466019417476,0.7057456943641154,0.7714800539120771,0.7057456943641154,0.7219486994637357,alginate=0.90,pectin=0.33,22.973255157470703
paper_just_attention_word2vec_sg,w2vSg__JustAttn,paper_DL,dl,word2vec_sg frozen Embedding (paper TextVectorization),non_recurrent_attention (single attention pass),Paper arch+optimizer+EarlyStopping verbatim; batch=1024/4096 for non-trans/trans.,43,2,0.8252427184466019,0.8359138631836,0.8208343768783811,0.8359138631836,0.8204641236899303,alginate=1.00,beta-mannan=0.64,29.171130895614624
paper_just_attention_doc2vec_dm,d2vDm__JustAttn,paper_DL,dl,doc2vec_dm frozen Embedding (paper TextVectorization),non_recurrent_attention (single attention pass),Paper arch+optimizer+EarlyStopping verbatim; batch=1024/4096 for non-trans/trans.,43,2,0.7524271844660194,0.7122327453248506,0.7463538354722105,0.7122327453248506,0.7181255180816585,alpha-mannan=1.00,fructan=0.33,18.991406679153442
paper_transformer_fasttext_cbow,ftCbow__Trans,paper_DL,dl,fasttext_cbow frozen Embedding (paper TextVectorization),Transformer 4 blocks × 4 heads × head=128 × ff=512 × dropout=0.5 → GAP → softmax,Paper arch+optimizer+EarlyStopping verbatim; batch=1024.,43,2,0.8203883495145631,0.8192189608636976,0.8059299900142922,0.8192189608636976,0.8089685564328594,alpha-mannan=1.00,fructan=0.67,60.690922021865845
paper_transformer_fasttext_sg,ftSg__Trans,paper_DL,dl,fasttext_sg frozen Embedding (paper TextVectorization),Transformer 4 blocks × 4 heads × head=128 × ff=512 × dropout=0.5 → GAP → softmax,Paper arch+optimizer+EarlyStopping verbatim; batch=1024.,43,2,0.8300970873786407,0.836581598226335,0.8224680997107469,0.836581598226335,0.8240029895509161,alginate=1.00,beta-glucan=0.67,90.43887615203857
paper_transformer_word2vec_cbow,w2vCbow__Trans,paper_DL,dl,word2vec_cbow frozen Embedding (paper TextVectorization),Transformer 4 blocks × 4 heads × head=128 × ff=512 × dropout=0.5 → GAP → softmax,Paper arch+optimizer+EarlyStopping verbatim; batch=1024.,43,2,0.8155339805825242,0.8044382591093117,0.7824309257333554,0.8044382591093117,0.7856324223377489,alginate=1.00,arabinogalactan=0.57,64.38814902305603
paper_transformer_word2vec_sg,w2vSg__Trans,paper_DL,dl,word2vec_sg frozen Embedding (paper TextVectorization),Transformer 4 blocks × 4 heads × head=128 × ff=512 × dropout=0.5 → GAP → softmax,Paper arch+optimizer+EarlyStopping verbatim; batch=1024.,43,2,0.8398058252427184,0.8188445472655997,0.8380023809848369,0.8188445472655997,0.8246899267113555,alginate=1.00,beta-mannan=0.64,84.62551188468933
paper_transformer_doc2vec_dm,d2vDm__Trans,paper_DL,dl,doc2vec_dm frozen Embedding (paper TextVectorization),Transformer 4 blocks × 4 heads × head=128 × ff=512 × dropout=0.5 → GAP → softmax,Paper arch+optimizer+EarlyStopping verbatim; batch=1024.,43,2,0.8300970873786407,0.795955071974809,0.8235546180399123,0.795955071974809,0.8039090252032347,host glycan=0.98,galactan=0.64,93.69357776641846
ours_CountVec_OvR_ET,cpu__ET500_log2,ours_shallow,shallow,"CountVec_cpu (split ',' '|' '_'; sparse counts)",OvR(ExtraTrees n=500 log2 balanced bootstrap=False),Our tuned CountVec × ExtraTrees winner.,43,3,0.9223300970873787,0.8852678571428573,0.9236483041313052,0.8852678571428573,0.8977365056708253,alginate=1.00,arabinogalactan=0.50,2.7017722129821777
ours_FastText_OvR_ET,ftCbow_MM__ET500_sqrt,ours_shallow,shallow,FT_cbow mean+max concat 600d (gensim native ft.wv[t]),OvR(ExtraTrees n=500 sqrt balanced bootstrap=False),Our FastText alternative — gensim native API for n-gram OOV.,43,3,0.9368932038834952,0.924454365079365,0.9349146863316119,0.924454365079365,0.9279404708570773,alginate=1.00,arabinogalactan=0.62,2.7070939540863037
paper_CountVec_BRF,cv__BRF100,paper_shallow,shallow,CountVec_comma_pipe (sparse counts),OvR(BalancedRF n=100 balanced),Paper baseline.,43,3,0.8786407766990292,0.8732715201465203,0.8666921398188906,0.8732715201465203,0.8679970732636403,alginate=1.00,galactan=0.71,1.4840610027313232
paper_fasttext_cbow_BRF,ftCbow__BRF100,paper_shallow,shallow,fasttext_cbow mean of word vectors (gensim native wv[t]),OvR(BalancedRF n=100 balanced),Paper fasttext_cbow + BRF (gensim native API; n-gram OOV for FT).,43,3,0.7961165048543689,0.8160065628815629,0.7882454200388983,0.8160065628815629,0.7862474970919889,alginate=1.00,pectin=0.65,1.4179449081420898
paper_fasttext_sg_BRF,ftSg__BRF100,paper_shallow,shallow,fasttext_sg mean of word vectors (gensim native wv[t]),OvR(BalancedRF n=100 balanced),Paper fasttext_sg + BRF (gensim native API; n-gram OOV for FT).,43,3,0.8640776699029126,0.8800137362637362,0.8475302582008745,0.8800137362637362,0.8512726136976035,alginate=1.00,alpha-glucan=0.69,1.4099111557006836
paper_word2vec_cbow_BRF,w2vCbow__BRF100,paper_shallow,shallow,word2vec_cbow mean of word vectors (gensim native wv[t]),OvR(BalancedRF n=100 balanced),Paper word2vec_cbow + BRF (gensim native API; n-gram OOV for FT).,43,3,0.8155339805825242,0.8278426434676436,0.7907910172616055,0.8278426434676436,0.8011281825671657,alginate=1.00,pectin=0.65,1.4308109283447266
paper_word2vec_sg_BRF,w2vSg__BRF100,paper_shallow,shallow,word2vec_sg mean of word vectors (gensim native wv[t]),OvR(BalancedRF n=100 balanced),Paper word2vec_sg + BRF (gensim native API; n-gram OOV for FT).,43,3,0.8252427184466019,0.8543002136752137,0.7902080902233902,0.8543002136752137,0.8096473402916234,alginate=1.00,galactan=0.64,1.4094440937042236
paper_doc2vec_dm_BRF,d2vDm__BRF100,paper_shallow,shallow,doc2vec_dm infer_vector (300d doc vec),OvR(BalancedRF n=100 balanced),Paper doc2vec_dm + BRF (precomputed infer_vector for all 1030 sup).,43,3,0.587378640776699,0.5894179894179895,0.5537428513203707,0.5894179894179895,0.561559320483113,alpha-mannan=1.00,beta-mannan=0.36,1.4523940086364746
paper_doc2vec_dbow_BRF,d2vDbow__BRF100,paper_shallow,shallow,doc2vec_dbow infer_vector (300d doc vec),OvR(BalancedRF n=100 balanced),Paper doc2vec_dbow + BRF (precomputed infer_vector for all 1030 sup).,43,3,0.7815533980582524,0.8121947496947497,0.7585339905192847,0.8121947496947497,0.7682996286371339,alginate=1.00,alpha-glucan=0.62,1.394205093383789
paper_vanilla_lstm_fasttext_cbow,ftCbow__LSTM,paper_DL,dl,fasttext_cbow frozen Embedding (paper TextVectorization),"LSTM(100, dropout=0.6) + Dense head",Paper arch+optimizer+EarlyStopping verbatim; batch=1024/4096 for non-trans/trans.,43,3,0.6650485436893204,0.5580624236874236,0.45812673856436126,0.5580624236874236,0.4790510452064742,alpha-mannan=1.00,alginate=0.00,20.119781970977783
paper_vanilla_lstm_fasttext_sg,ftSg__LSTM,paper_DL,dl,fasttext_sg frozen Embedding (paper TextVectorization),"LSTM(100, dropout=0.6) + Dense head",Paper arch+optimizer+EarlyStopping verbatim; batch=1024/4096 for non-trans/trans.,43,3,0.7378640776699029,0.6229242979242978,0.6319131960677368,0.6229242979242978,0.6157670639053617,alginate=1.00,alpha-mannan=0.00,16.42954182624817
paper_vanilla_lstm_word2vec_cbow,w2vCbow__LSTM,paper_DL,dl,word2vec_cbow frozen Embedding (paper TextVectorization),"LSTM(100, dropout=0.6) + Dense head",Paper arch+optimizer+EarlyStopping verbatim; batch=1024/4096 for non-trans/trans.,43,3,0.7184466019417476,0.5962454212454212,0.5745222416150917,0.5962454212454212,0.5734640716736882,alginate=1.00,alpha-mannan=0.00,19.587563037872314
paper_vanilla_lstm_word2vec_sg,w2vSg__LSTM,paper_DL,dl,word2vec_sg frozen Embedding (paper TextVectorization),"LSTM(100, dropout=0.6) + Dense head",Paper arch+optimizer+EarlyStopping verbatim; batch=1024/4096 for non-trans/trans.,43,3,0.7087378640776699,0.5504845848595848,0.5118183038110574,0.5504845848595848,0.5175858764749058,alginate=1.00,alpha-mannan=0.00,20.283901929855347
paper_vanilla_lstm_doc2vec_dm,d2vDm__LSTM,paper_DL,dl,doc2vec_dm frozen Embedding (paper TextVectorization),"LSTM(100, dropout=0.6) + Dense head",Paper arch+optimizer+EarlyStopping verbatim; batch=1024/4096 for non-trans/trans.,43,3,0.6359223300970874,0.5008330789580789,0.4829609946745496,0.5008330789580789,0.4843479827943618,host glycan=0.94,alpha-mannan=0.00,16.901159048080444
paper_lstm_with_attention_fasttext_cbow,ftCbow__LSTMattn,paper_DL,dl,fasttext_cbow frozen Embedding (paper TextVectorization),"LSTM(100, return_seq) + attention head",Paper arch+optimizer+EarlyStopping verbatim; batch=1024/4096 for non-trans/trans.,43,3,0.7961165048543689,0.766662851037851,0.7993088856647209,0.766662851037851,0.7772472947485501,alginate=1.00,arabinogalactan=0.50,7.92048716545105
paper_lstm_with_attention_fasttext_sg,ftSg__LSTMattn,paper_DL,dl,fasttext_sg frozen Embedding (paper TextVectorization),"LSTM(100, return_seq) + attention head",Paper arch+optimizer+EarlyStopping verbatim; batch=1024/4096 for non-trans/trans.,43,3,0.8252427184466019,0.8245917277167277,0.8033651779718713,0.8245917277167277,0.8106077319176892,alginate=1.00,arabinogalactan=0.62,11.593854904174805
paper_lstm_with_attention_word2vec_cbow,w2vCbow__LSTMattn,paper_DL,dl,word2vec_cbow frozen Embedding (paper TextVectorization),"LSTM(100, return_seq) + attention head",Paper arch+optimizer+EarlyStopping verbatim; batch=1024/4096 for non-trans/trans.,43,3,0.8398058252427184,0.814133089133089,0.8350584882774993,0.814133089133089,0.8212953613957947,alginate=1.00,fructan=0.57,10.178200006484985
paper_lstm_with_attention_word2vec_sg,w2vSg__LSTMattn,paper_DL,dl,word2vec_sg frozen Embedding (paper TextVectorization),"LSTM(100, return_seq) + attention head",Paper arch+optimizer+EarlyStopping verbatim; batch=1024/4096 for non-trans/trans.,43,3,0.8058252427184466,0.7923572954822955,0.7728692725403251,0.7923572954822955,0.7782574845323734,alginate=1.00,fructan=0.57,9.588718891143799
paper_lstm_with_attention_doc2vec_dm,d2vDm__LSTMattn,paper_DL,dl,doc2vec_dm frozen Embedding (paper TextVectorization),"LSTM(100, return_seq) + attention head",Paper arch+optimizer+EarlyStopping verbatim; batch=1024/4096 for non-trans/trans.,43,3,0.8252427184466019,0.7903617216117217,0.8205759468936255,0.7903617216117217,0.7969946533119533,alginate=1.00,arabinogalactan=0.38,9.431936979293823
paper_just_attention_fasttext_cbow,ftCbow__JustAttn,paper_DL,dl,fasttext_cbow frozen Embedding (paper TextVectorization),non_recurrent_attention (single attention pass),Paper arch+optimizer+EarlyStopping verbatim; batch=1024/4096 for non-trans/trans.,43,3,0.7427184466019418,0.6890491452991453,0.6813305839041132,0.6890491452991453,0.6687011925272971,alginate=1.00,alpha-mannan=0.00,12.147908926010132
paper_just_attention_fasttext_sg,ftSg__JustAttn,paper_DL,dl,fasttext_sg frozen Embedding (paper TextVectorization),non_recurrent_attention (single attention pass),Paper arch+optimizer+EarlyStopping verbatim; batch=1024/4096 for non-trans/trans.,43,3,0.7961165048543689,0.7860653235653237,0.7788198684032018,0.7860653235653237,0.7730606739956922,alginate=1.00,galactan=0.29,33.6395800113678
paper_just_attention_word2vec_cbow,w2vCbow__JustAttn,paper_DL,dl,word2vec_cbow frozen Embedding (paper TextVectorization),non_recurrent_attention (single attention pass),Paper arch+optimizer+EarlyStopping verbatim; batch=1024/4096 for non-trans/trans.,43,3,0.7135922330097088,0.6896329365079366,0.7623743130827978,0.6896329365079366,0.6993536861556596,alginate=1.00,galactan=0.14,9.330667972564697
paper_just_attention_word2vec_sg,w2vSg__JustAttn,paper_DL,dl,word2vec_sg frozen Embedding (paper TextVectorization),non_recurrent_attention (single attention pass),Paper arch+optimizer+EarlyStopping verbatim; batch=1024/4096 for non-trans/trans.,43,3,0.8155339805825242,0.8146863553113554,0.8267117939531734,0.8146863553113554,0.8063739580744501,alginate=1.00,galactan=0.57,23.76268219947815
paper_just_attention_doc2vec_dm,d2vDm__JustAttn,paper_DL,dl,doc2vec_dm frozen Embedding (paper TextVectorization),non_recurrent_attention (single attention pass),Paper arch+optimizer+EarlyStopping verbatim; batch=1024/4096 for non-trans/trans.,43,3,0.6941747572815534,0.6311469780219781,0.6557201286367953,0.6311469780219781,0.6386875403802312,alginate=1.00,fructan=0.00,10.667181015014648
paper_transformer_fasttext_cbow,ftCbow__Trans,paper_DL,dl,fasttext_cbow frozen Embedding (paper TextVectorization),Transformer 4 blocks × 4 heads × head=128 × ff=512 × dropout=0.5 → GAP → softmax,Paper arch+optimizer+EarlyStopping verbatim; batch=1024.,43,3,0.8058252427184466,0.7826261701261701,0.8034746371293559,0.7826261701261701,0.7775309984997066,host glycan=0.96,galactan=0.43,48.02500915527344
paper_transformer_fasttext_sg,ftSg__Trans,paper_DL,dl,fasttext_sg frozen Embedding (paper TextVectorization),Transformer 4 blocks × 4 heads × head=128 × ff=512 × dropout=0.5 → GAP → softmax,Paper arch+optimizer+EarlyStopping verbatim; batch=1024.,43,3,0.7815533980582524,0.7571581196581197,0.7656791558417675,0.7571581196581197,0.755515636569231,alginate=1.00,galactan=0.29,58.61695408821106
paper_transformer_word2vec_cbow,w2vCbow__Trans,paper_DL,dl,word2vec_cbow frozen Embedding (paper TextVectorization),Transformer 4 blocks × 4 heads × head=128 × ff=512 × dropout=0.5 → GAP → softmax,Paper arch+optimizer+EarlyStopping verbatim; batch=1024.,43,3,0.7912621359223301,0.753062678062678,0.8038722258544913,0.753062678062678,0.7626266703337787,host glycan=0.96,galactan=0.50,62.21099090576172
paper_transformer_word2vec_sg,w2vSg__Trans,paper_DL,dl,word2vec_sg frozen Embedding (paper TextVectorization),Transformer 4 blocks × 4 heads × head=128 × ff=512 × dropout=0.5 → GAP → softmax,Paper arch+optimizer+EarlyStopping verbatim; batch=1024.,43,3,0.7718446601941747,0.734241452991453,0.7552144171070002,0.734241452991453,0.7366450550707587,alginate=1.00,arabinogalactan=0.25,68.57928800582886
paper_transformer_doc2vec_dm,d2vDm__Trans,paper_DL,dl,doc2vec_dm frozen Embedding (paper TextVectorization),Transformer 4 blocks × 4 heads × head=128 × ff=512 × dropout=0.5 → GAP → softmax,Paper arch+optimizer+EarlyStopping verbatim; batch=1024.,43,3,0.7330097087378641,0.649744352869353,0.7477895686326582,0.649744352869353,0.6583427672656562,alginate=1.00,arabinogalactan=0.12,55.70719790458679
ours_CountVec_OvR_ET,cpu__ET500_log2,ours_shallow,shallow,"CountVec_cpu (split ',' '|' '_'; sparse counts)",OvR(ExtraTrees n=500 log2 balanced bootstrap=False),Our tuned CountVec × ExtraTrees winner.,43,4,0.9271844660194175,0.9112194749694752,0.9203423890923892,0.9112194749694752,0.9143258419335843,alginate=1.00,arabinogalactan=0.71,3.051016092300415
ours_FastText_OvR_ET,ftCbow_MM__ET500_sqrt,ours_shallow,shallow,FT_cbow mean+max concat 600d (gensim native ft.wv[t]),OvR(ExtraTrees n=500 sqrt balanced bootstrap=False),Our FastText alternative — gensim native API for n-gram OOV.,43,4,0.912621359223301,0.877439713064713,0.9101591862798758,0.877439713064713,0.890222147756227,alginate=1.00,arabinogalactan=0.57,3.0119900703430176
paper_CountVec_BRF,cv__BRF100,paper_shallow,shallow,CountVec_comma_pipe (sparse counts),OvR(BalancedRF n=100 balanced),Paper baseline.,43,4,0.8349514563106796,0.8161617317867317,0.802217164643635,0.8161617317867317,0.8036467194186004,alpha-mannan=1.00,arabinogalactan=0.43,1.4476141929626465
paper_fasttext_cbow_BRF,ftCbow__BRF100,paper_shallow,shallow,fasttext_cbow mean of word vectors (gensim native wv[t]),OvR(BalancedRF n=100 balanced),Paper fasttext_cbow + BRF (gensim native API; n-gram OOV for FT).,43,4,0.8495145631067961,0.8439964896214897,0.8126169573180443,0.8439964896214897,0.8226182690180948,alginate=1.00,arabinogalactan=0.57,1.4070358276367188
paper_fasttext_sg_BRF,ftSg__BRF100,paper_shallow,shallow,fasttext_sg mean of word vectors (gensim native wv[t]),OvR(BalancedRF n=100 balanced),Paper fasttext_sg + BRF (gensim native API; n-gram OOV for FT).,43,4,0.7961165048543689,0.744532203907204,0.7474102789320182,0.744532203907204,0.7405869901024623,alginate=1.00,arabinogalactan=0.14,1.367887020111084
paper_word2vec_cbow_BRF,w2vCbow__BRF100,paper_shallow,shallow,word2vec_cbow mean of word vectors (gensim native wv[t]),OvR(BalancedRF n=100 balanced),Paper word2vec_cbow + BRF (gensim native API; n-gram OOV for FT).,43,4,0.8300970873786407,0.8102457264957267,0.7785116212721093,0.8102457264957267,0.7875426546066215,alginate=1.00,arabinogalactan=0.29,1.401224136352539
paper_word2vec_sg_BRF,w2vSg__BRF100,paper_shallow,shallow,word2vec_sg mean of word vectors (gensim native wv[t]),OvR(BalancedRF n=100 balanced),Paper word2vec_sg + BRF (gensim native API; n-gram OOV for FT).,43,4,0.8252427184466019,0.8235889804639805,0.7871046866789903,0.8235889804639805,0.7982492050546467,alginate=1.00,arabinogalactan=0.57,1.4219377040863037
paper_doc2vec_dm_BRF,d2vDm__BRF100,paper_shallow,shallow,doc2vec_dm infer_vector (300d doc vec),OvR(BalancedRF n=100 balanced),Paper doc2vec_dm + BRF (precomputed infer_vector for all 1030 sup).,43,4,0.6407766990291263,0.6538408119658119,0.6218293783511175,0.6538408119658119,0.6287235860302754,chitin=0.92,arabinogalactan=0.43,1.393031120300293
paper_doc2vec_dbow_BRF,d2vDbow__BRF100,paper_shallow,shallow,doc2vec_dbow infer_vector (300d doc vec),OvR(BalancedRF n=100 balanced),Paper doc2vec_dbow + BRF (precomputed infer_vector for all 1030 sup).,43,4,0.7621359223300971,0.7625648656898657,0.7501938502673796,0.7625648656898657,0.7491160858282707,alginate=1.00,beta-mannan=0.57,1.4020271301269531
paper_vanilla_lstm_fasttext_cbow,ftCbow__LSTM,paper_DL,dl,fasttext_cbow frozen Embedding (paper TextVectorization),"LSTM(100, dropout=0.6) + Dense head",Paper arch+optimizer+EarlyStopping verbatim; batch=1024/4096 for non-trans/trans.,43,4,0.7621359223300971,0.6761088217338217,0.6836050746422123,0.6761088217338217,0.6622426419569848,alginate=1.00,fructan=0.00,18.775925874710083
paper_vanilla_lstm_fasttext_sg,ftSg__LSTM,paper_DL,dl,fasttext_sg frozen Embedding (paper TextVectorization),"LSTM(100, dropout=0.6) + Dense head",Paper arch+optimizer+EarlyStopping verbatim; batch=1024/4096 for non-trans/trans.,43,4,0.7184466019417476,0.5889667277167278,0.5606720795043164,0.5889667277167278,0.5607088546402045,alginate=1.00,beta-mannan=0.00,17.227683067321777
paper_vanilla_lstm_word2vec_cbow,w2vCbow__LSTM,paper_DL,dl,word2vec_cbow frozen Embedding (paper TextVectorization),"LSTM(100, dropout=0.6) + Dense head",Paper arch+optimizer+EarlyStopping verbatim; batch=1024/4096 for non-trans/trans.,43,4,0.7330097087378641,0.637275641025641,0.6088141025641026,0.637275641025641,0.6139346196911165,alginate=1.00,arabinogalactan=0.00,16.465570211410522
paper_vanilla_lstm_word2vec_sg,w2vSg__LSTM,paper_DL,dl,word2vec_sg frozen Embedding (paper TextVectorization),"LSTM(100, dropout=0.6) + Dense head",Paper arch+optimizer+EarlyStopping verbatim; batch=1024/4096 for non-trans/trans.,43,4,0.7718446601941747,0.7116742979242979,0.7386224957819385,0.7116742979242979,0.7147131827105065,alginate=1.00,arabinogalactan=0.14,18.329035997390747
paper_vanilla_lstm_doc2vec_dm,d2vDm__LSTM,paper_DL,dl,doc2vec_dm frozen Embedding (paper TextVectorization),"LSTM(100, dropout=0.6) + Dense head",Paper arch+optimizer+EarlyStopping verbatim; batch=1024/4096 for non-trans/trans.,43,4,0.7087378640776699,0.5816313085063085,0.7036378773413349,0.5816313085063085,0.5890899405734797,alginate=0.89,arabinogalactan=0.00,14.368754148483276
paper_lstm_with_attention_fasttext_cbow,ftCbow__LSTMattn,paper_DL,dl,fasttext_cbow frozen Embedding (paper TextVectorization),"LSTM(100, return_seq) + attention head",Paper arch+optimizer+EarlyStopping verbatim; batch=1024/4096 for non-trans/trans.,43,4,0.8155339805825242,0.7639835164835165,0.8002542262696323,0.7639835164835165,0.7725685943855751,alginate=1.00,arabinogalactan=0.29,10.959411144256592
paper_lstm_with_attention_fasttext_sg,ftSg__LSTMattn,paper_DL,dl,fasttext_sg frozen Embedding (paper TextVectorization),"LSTM(100, return_seq) + attention head",Paper arch+optimizer+EarlyStopping verbatim; batch=1024/4096 for non-trans/trans.,43,4,0.8106796116504854,0.7217022792022791,0.8428451674814316,0.7217022792022791,0.7437757013235532,alpha-glucan=0.96,fructan=0.17,11.725624084472656
paper_lstm_with_attention_word2vec_cbow,w2vCbow__LSTMattn,paper_DL,dl,word2vec_cbow frozen Embedding (paper TextVectorization),"LSTM(100, return_seq) + attention head",Paper arch+optimizer+EarlyStopping verbatim; batch=1024/4096 for non-trans/trans.,43,4,0.7912621359223301,0.7471489621489621,0.7526030736223435,0.7471489621489621,0.7410459444556784,alginate=1.00,arabinogalactan=0.14,11.714354991912842
paper_lstm_with_attention_word2vec_sg,w2vSg__LSTMattn,paper_DL,dl,word2vec_sg frozen Embedding (paper TextVectorization),"LSTM(100, return_seq) + attention head",Paper arch+optimizer+EarlyStopping verbatim; batch=1024/4096 for non-trans/trans.,43,4,0.8203883495145631,0.7283203601953603,0.752177641322013,0.7283203601953603,0.7314175788084416,alginate=1.00,arabinogalactan=0.00,12.938143968582153
paper_lstm_with_attention_doc2vec_dm,d2vDm__LSTMattn,paper_DL,dl,doc2vec_dm frozen Embedding (paper TextVectorization),"LSTM(100, return_seq) + attention head",Paper arch+optimizer+EarlyStopping verbatim; batch=1024/4096 for non-trans/trans.,43,4,0.8058252427184466,0.7424061355311354,0.7881402456345249,0.7424061355311354,0.7519393364945928,alginate=1.00,arabinogalactan=0.29,12.11675500869751
paper_just_attention_fasttext_cbow,ftCbow__JustAttn,paper_DL,dl,fasttext_cbow frozen Embedding (paper TextVectorization),non_recurrent_attention (single attention pass),Paper arch+optimizer+EarlyStopping verbatim; batch=1024/4096 for non-trans/trans.,43,4,0.8300970873786407,0.7934699328449328,0.8295387388301695,0.7934699328449328,0.8071716621862226,alginate=1.00,arabinogalactan=0.57,25.0712571144104
paper_just_attention_fasttext_sg,ftSg__JustAttn,paper_DL,dl,fasttext_sg frozen Embedding (paper TextVectorization),non_recurrent_attention (single attention pass),Paper arch+optimizer+EarlyStopping verbatim; batch=1024/4096 for non-trans/trans.,43,4,0.7766990291262136,0.765758547008547,0.7836515552559616,0.765758547008547,0.7574920812183733,alginate=1.00,beta-mannan=0.43,27.780264377593994
paper_just_attention_word2vec_cbow,w2vCbow__JustAttn,paper_DL,dl,word2vec_cbow frozen Embedding (paper TextVectorization),non_recurrent_attention (single attention pass),Paper arch+optimizer+EarlyStopping verbatim; batch=1024/4096 for non-trans/trans.,43,4,0.8106796116504854,0.7666231684981685,0.7691645342347465,0.7666231684981685,0.7621997784740794,alginate=1.00,arabinogalactan=0.00,16.364868879318237
paper_just_attention_word2vec_sg,w2vSg__JustAttn,paper_DL,dl,word2vec_sg frozen Embedding (paper TextVectorization),non_recurrent_attention (single attention pass),Paper arch+optimizer+EarlyStopping verbatim; batch=1024/4096 for non-trans/trans.,43,4,0.7330097087378641,0.6927228327228327,0.7039977559539158,0.6927228327228327,0.6884350779798476,alginate=1.00,arabinogalactan=0.00,25.45034909248352
paper_just_attention_doc2vec_dm,d2vDm__JustAttn,paper_DL,dl,doc2vec_dm frozen Embedding (paper TextVectorization),non_recurrent_attention (single attention pass),Paper arch+optimizer+EarlyStopping verbatim; batch=1024/4096 for non-trans/trans.,43,4,0.7718446601941747,0.726567969067969,0.7521308144469909,0.726567969067969,0.7322212867752546,alpha-mannan=1.00,arabinogalactan=0.14,21.643843173980713
paper_transformer_fasttext_cbow,ftCbow__Trans,paper_DL,dl,fasttext_cbow frozen Embedding (paper TextVectorization),Transformer 4 blocks × 4 heads × head=128 × ff=512 × dropout=0.5 → GAP → softmax,Paper arch+optimizer+EarlyStopping verbatim; batch=1024.,43,4,0.8203883495145631,0.7719421550671551,0.8162488977072311,0.7719421550671551,0.7880055384521064,alginate=1.00,arabinogalactan=0.43,47.7231011390686
paper_transformer_fasttext_sg,ftSg__Trans,paper_DL,dl,fasttext_sg frozen Embedding (paper TextVectorization),Transformer 4 blocks × 4 heads × head=128 × ff=512 × dropout=0.5 → GAP → softmax,Paper arch+optimizer+EarlyStopping verbatim; batch=1024.,43,4,0.8252427184466019,0.7847397741147741,0.8068332016882741,0.7847397741147741,0.7904534875180081,alginate=1.00,arabinogalactan=0.29,67.27655673027039
paper_transformer_word2vec_cbow,w2vCbow__Trans,paper_DL,dl,word2vec_cbow frozen Embedding (paper TextVectorization),Transformer 4 blocks × 4 heads × head=128 × ff=512 × dropout=0.5 → GAP → softmax,Paper arch+optimizer+EarlyStopping verbatim; batch=1024.,43,4,0.7912621359223301,0.7397481684981684,0.7547107984607985,0.7397481684981684,0.7413418315622479,alginate=1.00,arabinogalactan=0.00,61.529492139816284
paper_transformer_word2vec_sg,w2vSg__Trans,paper_DL,dl,word2vec_sg frozen Embedding (paper TextVectorization),Transformer 4 blocks × 4 heads × head=128 × ff=512 × dropout=0.5 → GAP → softmax,Paper arch+optimizer+EarlyStopping verbatim; batch=1024.,43,4,0.7961165048543689,0.7374374236874237,0.7476648351648353,0.7374374236874237,0.7399694342319746,alginate=1.00,arabinogalactan=0.00,79.49882912635803
paper_transformer_doc2vec_dm,d2vDm__Trans,paper_DL,dl,doc2vec_dm frozen Embedding (paper TextVectorization),Transformer 4 blocks × 4 heads × head=128 × ff=512 × dropout=0.5 → GAP → softmax,Paper arch+optimizer+EarlyStopping verbatim; batch=1024.,43,4,0.8106796116504854,0.7587080280830282,0.7889009813546392,0.7587080280830282,0.7692662876905015,alginate=1.00,arabinogalactan=0.00,64.17580389976501
ours_CountVec_OvR_ET,cpu__ET500_log2,ours_shallow,shallow,"CountVec_cpu (split ',' '|' '_'; sparse counts)",OvR(ExtraTrees n=500 log2 balanced bootstrap=False),Our tuned CountVec × ExtraTrees winner.,44,0,0.8980582524271845,0.8968924715635241,0.9137007142038103,0.8968924715635241,0.9031723866580023,alginate=1.00,beta-mannan=0.77,2.903168201446533
ours_FastText_OvR_ET,ftCbow_MM__ET500_sqrt,ours_shallow,shallow,FT_cbow mean+max concat 600d (gensim native ft.wv[t]),OvR(ExtraTrees n=500 sqrt balanced bootstrap=False),Our FastText alternative — gensim native API for n-gram OOV.,44,0,0.8737864077669902,0.870629498425551,0.8926405275915079,0.870629498425551,0.8778751873798488,alpha-mannan=1.00,beta-mannan=0.69,2.90444278717041
paper_CountVec_BRF,cv__BRF100,paper_shallow,shallow,CountVec_comma_pipe (sparse counts),OvR(BalancedRF n=100 balanced),Paper baseline.,44,0,0.8300970873786407,0.8302409870830924,0.8301166628154312,0.8302409870830924,0.8242783611524483,alpha-mannan=1.00,xylan=0.68,1.4582350254058838
paper_fasttext_cbow_BRF,ftCbow__BRF100,paper_shallow,shallow,fasttext_cbow mean of word vectors (gensim native wv[t]),OvR(BalancedRF n=100 balanced),Paper fasttext_cbow + BRF (gensim native API; n-gram OOV for FT).,44,0,0.8203883495145631,0.8215474583895638,0.8204890788224123,0.8215474583895638,0.8128346837500154,alginate=1.00,fructan=0.67,1.3428421020507812
paper_fasttext_sg_BRF,ftSg__BRF100,paper_shallow,shallow,fasttext_sg mean of word vectors (gensim native wv[t]),OvR(BalancedRF n=100 balanced),Paper fasttext_sg + BRF (gensim native API; n-gram OOV for FT).,44,0,0.7864077669902912,0.7840708341366236,0.760706427660515,0.7840708341366236,0.7584937459752373,alginate=1.00,beta-mannan=0.54,1.3909242153167725
paper_word2vec_cbow_BRF,w2vCbow__BRF100,paper_shallow,shallow,word2vec_cbow mean of word vectors (gensim native wv[t]),OvR(BalancedRF n=100 balanced),Paper word2vec_cbow + BRF (gensim native API; n-gram OOV for FT).,44,0,0.7766990291262136,0.7872492529400424,0.772888921096055,0.7872492529400424,0.7688661221370872,alginate=1.00,galactan=0.60,1.3951592445373535
paper_word2vec_sg_BRF,w2vSg__BRF100,paper_shallow,shallow,word2vec_sg mean of word vectors (gensim native wv[t]),OvR(BalancedRF n=100 balanced),Paper word2vec_sg + BRF (gensim native API; n-gram OOV for FT).,44,0,0.8009708737864077,0.7884804559475612,0.7707905366381315,0.7884804559475612,0.7687189092783754,alginate=1.00,chitin=0.62,1.3744947910308838
paper_doc2vec_dm_BRF,d2vDm__BRF100,paper_shallow,shallow,doc2vec_dm infer_vector (300d doc vec),OvR(BalancedRF n=100 balanced),Paper doc2vec_dm + BRF (precomputed infer_vector for all 1030 sup).,44,0,0.558252427184466,0.606004112846218,0.5652320393021611,0.606004112846218,0.5527065813267212,alpha-mannan=1.00,beta-glucan=0.36,1.3921740055084229
paper_doc2vec_dbow_BRF,d2vDbow__BRF100,paper_shallow,shallow,doc2vec_dbow infer_vector (300d doc vec),OvR(BalancedRF n=100 balanced),Paper doc2vec_dbow + BRF (precomputed infer_vector for all 1030 sup).,44,0,0.8203883495145631,0.8436847728295095,0.8134065194276864,0.8436847728295095,0.8160921288185782,alginate=1.00,beta-glucan=0.72,1.3882768154144287
paper_vanilla_lstm_fasttext_cbow,ftCbow__LSTM,paper_DL,dl,fasttext_cbow frozen Embedding (paper TextVectorization),"LSTM(100, dropout=0.6) + Dense head",Paper arch+optimizer+EarlyStopping verbatim; batch=1024/4096 for non-trans/trans.,44,0,0.5339805825242718,0.43729728969860543,0.441457643663526,0.43729728969860543,0.40552803609507504,alginate=1.00,alpha-mannan=0.00,18.748783111572266
paper_vanilla_lstm_fasttext_sg,ftSg__LSTM,paper_DL,dl,fasttext_sg frozen Embedding (paper TextVectorization),"LSTM(100, dropout=0.6) + Dense head",Paper arch+optimizer+EarlyStopping verbatim; batch=1024/4096 for non-trans/trans.,44,0,0.7330097087378641,0.7357635274082642,0.751665118535239,0.7357635274082642,0.7116698620164602,alginate=1.00,arabinogalactan=0.29,26.140109062194824
paper_vanilla_lstm_word2vec_cbow,w2vCbow__LSTM,paper_DL,dl,word2vec_cbow frozen Embedding (paper TextVectorization),"LSTM(100, dropout=0.6) + Dense head",Paper arch+optimizer+EarlyStopping verbatim; batch=1024/4096 for non-trans/trans.,44,0,0.6262135922330098,0.5126315789473684,0.5040797903116744,0.5126315789473684,0.49802280382420755,alginate=0.90,alpha-mannan=0.00,18.890319108963013
paper_vanilla_lstm_word2vec_sg,w2vSg__LSTM,paper_DL,dl,word2vec_sg frozen Embedding (paper TextVectorization),"LSTM(100, dropout=0.6) + Dense head",Paper arch+optimizer+EarlyStopping verbatim; batch=1024/4096 for non-trans/trans.,44,0,0.6747572815533981,0.5999756201400938,0.5858723973148253,0.5999756201400938,0.5820213224160593,alginate=1.00,alpha-mannan=0.00,22.47847819328308
paper_vanilla_lstm_doc2vec_dm,d2vDm__LSTM,paper_DL,dl,doc2vec_dm frozen Embedding (paper TextVectorization),"LSTM(100, dropout=0.6) + Dense head",Paper arch+optimizer+EarlyStopping verbatim; batch=1024/4096 for non-trans/trans.,44,0,0.5825242718446602,0.43846406882591094,0.3856971153846154,0.43846406882591094,0.39301965521230425,alginate=0.90,alpha-mannan=0.00,13.4915189743042
paper_lstm_with_attention_fasttext_cbow,ftCbow__LSTMattn,paper_DL,dl,fasttext_cbow frozen Embedding (paper TextVectorization),"LSTM(100, return_seq) + attention head",Paper arch+optimizer+EarlyStopping verbatim; batch=1024/4096 for non-trans/trans.,44,0,0.8398058252427184,0.8277196195617248,0.841183963095728,0.8277196195617248,0.8295859312611231,alginate=1.00,fructan=0.67,11.142199993133545
paper_lstm_with_attention_fasttext_sg,ftSg__LSTMattn,paper_DL,dl,fasttext_sg frozen Embedding (paper TextVectorization),"LSTM(100, return_seq) + attention head",Paper arch+optimizer+EarlyStopping verbatim; batch=1024/4096 for non-trans/trans.,44,0,0.8058252427184466,0.8032839309812996,0.7796015628952361,0.8032839309812996,0.7842300342300342,alginate=1.00,chitin=0.54,13.220211029052734
paper_lstm_with_attention_word2vec_cbow,w2vCbow__LSTMattn,paper_DL,dl,word2vec_cbow frozen Embedding (paper TextVectorization),"LSTM(100, return_seq) + attention head",Paper arch+optimizer+EarlyStopping verbatim; batch=1024/4096 for non-trans/trans.,44,0,0.7864077669902912,0.7739454806889018,0.7891017316017316,0.7739454806889018,0.779466572290409,alginate=1.00,chitin=0.54,12.07656979560852
paper_lstm_with_attention_word2vec_sg,w2vSg__LSTMattn,paper_DL,dl,word2vec_sg frozen Embedding (paper TextVectorization),"LSTM(100, return_seq) + attention head",Paper arch+optimizer+EarlyStopping verbatim; batch=1024/4096 for non-trans/trans.,44,0,0.8106796116504854,0.7843255976479662,0.8290965402090263,0.7843255976479662,0.7958727123707753,alginate=1.00,fructan=0.50,14.502969741821289
paper_lstm_with_attention_doc2vec_dm,d2vDm__LSTMattn,paper_DL,dl,doc2vec_dm frozen Embedding (paper TextVectorization),"LSTM(100, return_seq) + attention head",Paper arch+optimizer+EarlyStopping verbatim; batch=1024/4096 for non-trans/trans.,44,0,0.8058252427184466,0.7904335759269969,0.7967165242165243,0.7904335759269969,0.7908659423365306,alginate=1.00,galactan=0.53,12.655291080474854
paper_just_attention_fasttext_cbow,ftCbow__JustAttn,paper_DL,dl,fasttext_cbow frozen Embedding (paper TextVectorization),non_recurrent_attention (single attention pass),Paper arch+optimizer+EarlyStopping verbatim; batch=1024/4096 for non-trans/trans.,44,0,0.8058252427184466,0.7735621907332435,0.8184626257739466,0.7735621907332435,0.7824938756478569,alginate=1.00,alpha-mannan=0.50,19.222406148910522
paper_just_attention_fasttext_sg,ftSg__JustAttn,paper_DL,dl,fasttext_sg frozen Embedding (paper TextVectorization),non_recurrent_attention (single attention pass),Paper arch+optimizer+EarlyStopping verbatim; batch=1024/4096 for non-trans/trans.,44,0,0.7524271844660194,0.771205658376711,0.7631191643141676,0.771205658376711,0.7499402440259738,alpha-mannan=1.00,galactan=0.53,21.096463918685913
paper_just_attention_word2vec_cbow,w2vCbow__JustAttn,paper_DL,dl,word2vec_cbow frozen Embedding (paper TextVectorization),non_recurrent_attention (single attention pass),Paper arch+optimizer+EarlyStopping verbatim; batch=1024/4096 for non-trans/trans.,44,0,0.7572815533980582,0.6784532645716856,0.721423545494753,0.6784532645716856,0.6909551838797122,alginate=1.00,fructan=0.00,27.698788166046143
paper_just_attention_word2vec_sg,w2vSg__JustAttn,paper_DL,dl,word2vec_sg frozen Embedding (paper TextVectorization),non_recurrent_attention (single attention pass),Paper arch+optimizer+EarlyStopping verbatim; batch=1024/4096 for non-trans/trans.,44,0,0.7524271844660194,0.7640609938307307,0.72992050894167,0.7640609938307307,0.7393499803098996,alginate=1.00,beta-mannan=0.54,30.468020915985107
paper_just_attention_doc2vec_dm,d2vDm__JustAttn,paper_DL,dl,doc2vec_dm frozen Embedding (paper TextVectorization),non_recurrent_attention (single attention pass),Paper arch+optimizer+EarlyStopping verbatim; batch=1024/4096 for non-trans/trans.,44,0,0.7669902912621359,0.752799747766853,0.7566631602887323,0.752799747766853,0.7471866096866098,alginate=1.00,fructan=0.33,17.649903059005737
paper_transformer_fasttext_cbow,ftCbow__Trans,paper_DL,dl,fasttext_cbow frozen Embedding (paper TextVectorization),Transformer 4 blocks × 4 heads × head=128 × ff=512 × dropout=0.5 → GAP → softmax,Paper arch+optimizer+EarlyStopping verbatim; batch=1024.,44,0,0.8058252427184466,0.7888279593213804,0.7908768325072674,0.7888279593213804,0.7808238488315175,alpha-mannan=1.00,galactan=0.53,53.95987677574158
paper_transformer_fasttext_sg,ftSg__Trans,paper_DL,dl,fasttext_sg frozen Embedding (paper TextVectorization),Transformer 4 blocks × 4 heads × head=128 × ff=512 × dropout=0.5 → GAP → softmax,Paper arch+optimizer+EarlyStopping verbatim; batch=1024.,44,0,0.8155339805825242,0.8084036613970825,0.8388301029104804,0.8084036613970825,0.8163005654489218,alginate=1.00,chitin=0.62,73.94522619247437
paper_transformer_word2vec_cbow,w2vCbow__Trans,paper_DL,dl,word2vec_cbow frozen Embedding (paper TextVectorization),Transformer 4 blocks × 4 heads × head=128 × ff=512 × dropout=0.5 → GAP → softmax,Paper arch+optimizer+EarlyStopping verbatim; batch=1024.,44,0,0.7864077669902912,0.7600799675470729,0.7692404287059244,0.7600799675470729,0.7546765563870825,alginate=1.00,galactan=0.47,54.40885591506958
paper_transformer_word2vec_sg,w2vSg__Trans,paper_DL,dl,word2vec_sg frozen Embedding (paper TextVectorization),Transformer 4 blocks × 4 heads × head=128 × ff=512 × dropout=0.5 → GAP → softmax,Paper arch+optimizer+EarlyStopping verbatim; batch=1024.,44,0,0.8058252427184466,0.7884703344900713,0.7927911316382493,0.7884703344900713,0.7883696962595558,alginate=1.00,fructan=0.50,85.78533887863159
paper_transformer_doc2vec_dm,d2vDm__Trans,paper_DL,dl,doc2vec_dm frozen Embedding (paper TextVectorization),Transformer 4 blocks × 4 heads × head=128 × ff=512 × dropout=0.5 → GAP → softmax,Paper arch+optimizer+EarlyStopping verbatim; batch=1024.,44,0,0.7766990291262136,0.7607538075959129,0.7814738621850691,0.7607538075959129,0.745119028591648,alginate=1.00,galactan=0.27,89.11933994293213
ours_CountVec_OvR_ET,cpu__ET500_log2,ours_shallow,shallow,"CountVec_cpu (split ',' '|' '_'; sparse counts)",OvR(ExtraTrees n=500 log2 balanced bootstrap=False),Our tuned CountVec × ExtraTrees winner.,44,1,0.9320388349514563,0.9137583943833943,0.9299658869395712,0.9137583943833943,0.9187780063395827,alginate=1.00,arabinogalactan=0.57,2.9745962619781494
ours_FastText_OvR_ET,ftCbow_MM__ET500_sqrt,ours_shallow,shallow,FT_cbow mean+max concat 600d (gensim native ft.wv[t]),OvR(ExtraTrees n=500 sqrt balanced bootstrap=False),Our FastText alternative — gensim native API for n-gram OOV.,44,1,0.9368932038834952,0.9075981620718463,0.9264753061695786,0.9075981620718463,0.912484472500276,alginate=1.00,arabinogalactan=0.57,2.989866018295288
paper_CountVec_BRF,cv__BRF100,paper_shallow,shallow,CountVec_comma_pipe (sparse counts),OvR(BalancedRF n=100 balanced),Paper baseline.,44,1,0.8543689320388349,0.8563142230576442,0.8352669375831141,0.8563142230576442,0.8356129884737694,alpha-mannan=1.00,galactan=0.64,1.4835309982299805
paper_fasttext_cbow_BRF,ftCbow__BRF100,paper_shallow,shallow,fasttext_cbow mean of word vectors (gensim native wv[t]),OvR(BalancedRF n=100 balanced),Paper fasttext_cbow + BRF (gensim native API; n-gram OOV for FT).,44,1,0.8640776699029126,0.8608011213932266,0.8299189548608153,0.8608011213932266,0.8385759245423111,alginate=1.00,xylan=0.68,1.4371912479400635
paper_fasttext_sg_BRF,ftSg__BRF100,paper_shallow,shallow,fasttext_sg mean of word vectors (gensim native wv[t]),OvR(BalancedRF n=100 balanced),Paper fasttext_sg + BRF (gensim native API; n-gram OOV for FT).,44,1,0.8300970873786407,0.8157619208277103,0.8010683760683762,0.8157619208277103,0.7967883508099917,alginate=1.00,galactan=0.57,1.4206509590148926
paper_word2vec_cbow_BRF,w2vCbow__BRF100,paper_shallow,shallow,word2vec_cbow mean of word vectors (gensim native wv[t]),OvR(BalancedRF n=100 balanced),Paper word2vec_cbow + BRF (gensim native API; n-gram OOV for FT).,44,1,0.8203883495145631,0.8402063652721546,0.7886339423104131,0.8402063652721546,0.7966670875232666,alginate=1.00,galactan=0.57,1.4303359985351562
paper_word2vec_sg_BRF,w2vSg__BRF100,paper_shallow,shallow,word2vec_sg mean of word vectors (gensim native wv[t]),OvR(BalancedRF n=100 balanced),Paper word2vec_sg + BRF (gensim native API; n-gram OOV for FT).,44,1,0.8155339805825242,0.8211101873272925,0.7781737728029289,0.8211101873272925,0.791702483473629,alginate=1.00,galactan=0.57,1.4327938556671143
paper_doc2vec_dm_BRF,d2vDm__BRF100,paper_shallow,shallow,doc2vec_dm infer_vector (300d doc vec),OvR(BalancedRF n=100 balanced),Paper doc2vec_dm + BRF (precomputed infer_vector for all 1030 sup).,44,1,0.6019417475728155,0.5865657734078787,0.5423752877557225,0.5865657734078787,0.5582129651278588,alpha-mannan=1.00,galactan=0.21,1.4162521362304688
paper_doc2vec_dbow_BRF,d2vDbow__BRF100,paper_shallow,shallow,doc2vec_dbow infer_vector (300d doc vec),OvR(BalancedRF n=100 balanced),Paper doc2vec_dbow + BRF (precomputed infer_vector for all 1030 sup).,44,1,0.7475728155339806,0.7739653219587429,0.7706044737669115,0.7739653219587429,0.7642311006894341,alginate=1.00,pectin=0.62,1.3978359699249268
paper_vanilla_lstm_fasttext_cbow,ftCbow__LSTM,paper_DL,dl,fasttext_cbow frozen Embedding (paper TextVectorization),"LSTM(100, dropout=0.6) + Dense head",Paper arch+optimizer+EarlyStopping verbatim; batch=1024/4096 for non-trans/trans.,44,1,0.6213592233009708,0.5943769278966647,0.5942657288307243,0.5943769278966647,0.5602650215433431,alginate=1.00,fructan=0.00,22.171422958374023
paper_vanilla_lstm_fasttext_sg,ftSg__LSTM,paper_DL,dl,fasttext_sg frozen Embedding (paper TextVectorization),"LSTM(100, dropout=0.6) + Dense head",Paper arch+optimizer+EarlyStopping verbatim; batch=1024/4096 for non-trans/trans.,44,1,0.6990291262135923,0.5950716534927061,0.5414682539682539,0.5950716534927061,0.5549621339192097,alginate=1.00,alpha-mannan=0.00,21.37405014038086
paper_vanilla_lstm_word2vec_cbow,w2vCbow__LSTM,paper_DL,dl,word2vec_cbow frozen Embedding (paper TextVectorization),"LSTM(100, dropout=0.6) + Dense head",Paper arch+optimizer+EarlyStopping verbatim; batch=1024/4096 for non-trans/trans.,44,1,0.6844660194174758,0.5920017190411927,0.5509109049307358,0.5920017190411927,0.5635472552139218,alpha-glucan=0.88,alginate=0.00,18.474702835083008
paper_vanilla_lstm_word2vec_sg,w2vSg__LSTM,paper_DL,dl,word2vec_sg frozen Embedding (paper TextVectorization),"LSTM(100, dropout=0.6) + Dense head",Paper arch+optimizer+EarlyStopping verbatim; batch=1024/4096 for non-trans/trans.,44,1,0.7669902912621359,0.7295192709337447,0.7197439760675054,0.7295192709337447,0.7132462741367186,alginate=1.00,arabinogalactan=0.00,24.766689777374268
paper_vanilla_lstm_doc2vec_dm,d2vDm__LSTM,paper_DL,dl,doc2vec_dm frozen Embedding (paper TextVectorization),"LSTM(100, dropout=0.6) + Dense head",Paper arch+optimizer+EarlyStopping verbatim; batch=1024/4096 for non-trans/trans.,44,1,0.6359223300970874,0.5519412312833365,0.4610945113662504,0.5519412312833365,0.48204887323613693,alginate=1.00,alpha-mannan=0.00,22.512826919555664
paper_lstm_with_attention_fasttext_cbow,ftCbow__LSTMattn,paper_DL,dl,fasttext_cbow frozen Embedding (paper TextVectorization),"LSTM(100, return_seq) + attention head",Paper arch+optimizer+EarlyStopping verbatim; batch=1024/4096 for non-trans/trans.,44,1,0.7961165048543689,0.791034155902577,0.7624825542104953,0.791034155902577,0.7681454762032703,alpha-mannan=1.00,beta-mannan=0.62,10.35057020187378
paper_lstm_with_attention_fasttext_sg,ftSg__LSTMattn,paper_DL,dl,fasttext_sg frozen Embedding (paper TextVectorization),"LSTM(100, return_seq) + attention head",Paper arch+optimizer+EarlyStopping verbatim; batch=1024/4096 for non-trans/trans.,44,1,0.8398058252427184,0.8366950228134439,0.8291505193679106,0.8366950228134439,0.8247740514733604,alginate=1.00,galactan=0.64,14.599707841873169
paper_lstm_with_attention_word2vec_cbow,w2vCbow__LSTMattn,paper_DL,dl,word2vec_cbow frozen Embedding (paper TextVectorization),"LSTM(100, return_seq) + attention head",Paper arch+optimizer+EarlyStopping verbatim; batch=1024/4096 for non-trans/trans.,44,1,0.7961165048543689,0.8100535392969603,0.7808270998422978,0.8100535392969603,0.788169467645171,alginate=1.00,beta-mannan=0.62,12.402100086212158
paper_lstm_with_attention_word2vec_sg,w2vSg__LSTMattn,paper_DL,dl,word2vec_sg frozen Embedding (paper TextVectorization),"LSTM(100, return_seq) + attention head",Paper arch+optimizer+EarlyStopping verbatim; batch=1024/4096 for non-trans/trans.,44,1,0.8009708737864077,0.7723352853287064,0.833803418803419,0.7723352853287064,0.7911086527320953,alginate=1.00,alpha-mannan=0.60,11.615206956863403
paper_lstm_with_attention_doc2vec_dm,d2vDm__LSTMattn,paper_DL,dl,doc2vec_dm frozen Embedding (paper TextVectorization),"LSTM(100, return_seq) + attention head",Paper arch+optimizer+EarlyStopping verbatim; batch=1024/4096 for non-trans/trans.,44,1,0.7718446601941747,0.7690276171197225,0.7604377104377105,0.7690276171197225,0.7599457949328544,alpha-mannan=1.00,beta-mannan=0.54,11.2971510887146
paper_just_attention_fasttext_cbow,ftCbow__JustAttn,paper_DL,dl,fasttext_cbow frozen Embedding (paper TextVectorization),non_recurrent_attention (single attention pass),Paper arch+optimizer+EarlyStopping verbatim; batch=1024/4096 for non-trans/trans.,44,1,0.7330097087378641,0.6755208534155902,0.7094647636314303,0.6755208534155902,0.6771890099307041,alginate=1.00,alpha-mannan=0.20,11.326613903045654
paper_just_attention_fasttext_sg,ftSg__JustAttn,paper_DL,dl,fasttext_sg frozen Embedding (paper TextVectorization),non_recurrent_attention (single attention pass),Paper arch+optimizer+EarlyStopping verbatim; batch=1024/4096 for non-trans/trans.,44,1,0.8446601941747572,0.8359239846410899,0.8368782539380023,0.8359239846410899,0.8238790431990326,alpha-mannan=1.00,beta-mannan=0.46,35.653639793395996
paper_just_attention_word2vec_cbow,w2vCbow__JustAttn,paper_DL,dl,word2vec_cbow frozen Embedding (paper TextVectorization),non_recurrent_attention (single attention pass),Paper arch+optimizer+EarlyStopping verbatim; batch=1024/4096 for non-trans/trans.,44,1,0.8058252427184466,0.7941502795450165,0.8157930506342485,0.7941502795450165,0.793109855506336,alginate=1.00,arabinogalactan=0.57,12.403615951538086
paper_just_attention_word2vec_sg,w2vSg__JustAttn,paper_DL,dl,word2vec_sg frozen Embedding (paper TextVectorization),non_recurrent_attention (single attention pass),Paper arch+optimizer+EarlyStopping verbatim; batch=1024/4096 for non-trans/trans.,44,1,0.7815533980582524,0.7340197850395218,0.7767710322043354,0.7340197850395218,0.7440677639913128,alginate=1.00,alpha-mannan=0.20,25.71987509727478
paper_just_attention_doc2vec_dm,d2vDm__JustAttn,paper_DL,dl,doc2vec_dm frozen Embedding (paper TextVectorization),non_recurrent_attention (single attention pass),Paper arch+optimizer+EarlyStopping verbatim; batch=1024/4096 for non-trans/trans.,44,1,0.7912621359223301,0.7144952123899492,0.8117319407813169,0.7144952123899492,0.7255584337595002,alginate=1.00,fructan=0.17,18.1806640625
paper_transformer_fasttext_cbow,ftCbow__Trans,paper_DL,dl,fasttext_cbow frozen Embedding (paper TextVectorization),Transformer 4 blocks × 4 heads × head=128 × ff=512 × dropout=0.5 → GAP → softmax,Paper arch+optimizer+EarlyStopping verbatim; batch=1024.,44,1,0.8592233009708737,0.8385753646937858,0.852139355742297,0.8385753646937858,0.8376291628186263,alginate=1.00,fructan=0.67,56.79068613052368
paper_transformer_fasttext_sg,ftSg__Trans,paper_DL,dl,fasttext_sg frozen Embedding (paper TextVectorization),Transformer 4 blocks × 4 heads × head=128 × ff=512 × dropout=0.5 → GAP → softmax,Paper arch+optimizer+EarlyStopping verbatim; batch=1024.,44,1,0.8349514563106796,0.7945747782918836,0.872358825000068,0.7945747782918836,0.8236522543370239,alginate=1.00,galactan=0.64,72.89139413833618
paper_transformer_word2vec_cbow,w2vCbow__Trans,paper_DL,dl,word2vec_cbow frozen Embedding (paper TextVectorization),Transformer 4 blocks × 4 heads × head=128 × ff=512 × dropout=0.5 → GAP → softmax,Paper arch+optimizer+EarlyStopping verbatim; batch=1024.,44,1,0.8300970873786407,0.7975873979821348,0.8237959441740954,0.7975873979821348,0.807005854471485,alginate=1.00,arabinogalactan=0.57,63.16426420211792
paper_transformer_word2vec_sg,w2vSg__Trans,paper_DL,dl,word2vec_sg frozen Embedding (paper TextVectorization),Transformer 4 blocks × 4 heads × head=128 × ff=512 × dropout=0.5 → GAP → softmax,Paper arch+optimizer+EarlyStopping verbatim; batch=1024.,44,1,0.7961165048543689,0.7983456638390849,0.8014819740267312,0.7983456638390849,0.7969096405386727,alpha-glucan=0.96,beta-mannan=0.62,65.19772171974182
paper_transformer_doc2vec_dm,d2vDm__Trans,paper_DL,dl,doc2vec_dm frozen Embedding (paper TextVectorization),Transformer 4 blocks × 4 heads × head=128 × ff=512 × dropout=0.5 → GAP → softmax,Paper arch+optimizer+EarlyStopping verbatim; batch=1024.,44,1,0.7669902912621359,0.7997777697448748,0.7558845288225085,0.7997777697448748,0.7579596477091134,alginate=1.00,galactan=0.57,68.26585865020752
ours_CountVec_OvR_ET,cpu__ET500_log2,ours_shallow,shallow,"CountVec_cpu (split ',' '|' '_'; sparse counts)",OvR(ExtraTrees n=500 log2 balanced bootstrap=False),Our tuned CountVec × ExtraTrees winner.,44,2,0.883495145631068,0.8341442548679391,0.9166514041514042,0.8341442548679391,0.8611401675533671,alginate=1.00,arabinogalactan=0.43,2.9377498626708984
ours_FastText_OvR_ET,ftCbow_MM__ET500_sqrt,ours_shallow,shallow,FT_cbow mean+max concat 600d (gensim native ft.wv[t]),OvR(ExtraTrees n=500 sqrt balanced bootstrap=False),Our FastText alternative — gensim native API for n-gram OOV.,44,2,0.9174757281553398,0.8763293650793651,0.9374694364277696,0.8763293650793651,0.8873363447943281,alginate=1.00,arabinogalactan=0.29,2.8903439044952393
paper_CountVec_BRF,cv__BRF100,paper_shallow,shallow,CountVec_comma_pipe (sparse counts),OvR(BalancedRF n=100 balanced),Paper baseline.,44,2,0.8398058252427184,0.836442709337446,0.8426043523469994,0.836442709337446,0.8328695632549016,alginate=1.00,arabinogalactan=0.57,1.480241060256958
paper_fasttext_cbow_BRF,ftCbow__BRF100,paper_shallow,shallow,fasttext_cbow mean of word vectors (gensim native wv[t]),OvR(BalancedRF n=100 balanced),Paper fasttext_cbow + BRF (gensim native API; n-gram OOV for FT).,44,2,0.8203883495145631,0.7879992047426257,0.7769943703639357,0.7879992047426257,0.7766349624177246,alginate=1.00,arabinogalactan=0.29,1.4035601615905762
paper_fasttext_sg_BRF,ftSg__BRF100,paper_shallow,shallow,fasttext_sg mean of word vectors (gensim native wv[t]),OvR(BalancedRF n=100 balanced),Paper fasttext_sg + BRF (gensim native API; n-gram OOV for FT).,44,2,0.7961165048543689,0.7351644736842103,0.7534862926652143,0.7351644736842103,0.7361847495785536,alginate=1.00,arabinogalactan=0.29,1.3683269023895264
paper_word2vec_cbow_BRF,w2vCbow__BRF100,paper_shallow,shallow,word2vec_cbow mean of word vectors (gensim native wv[t]),OvR(BalancedRF n=100 balanced),Paper word2vec_cbow + BRF (gensim native API; n-gram OOV for FT).,44,2,0.8203883495145631,0.7717998521945891,0.7702264045519244,0.7717998521945891,0.7663616317295134,alginate=1.00,arabinogalactan=0.29,1.338627815246582
paper_word2vec_sg_BRF,w2vSg__BRF100,paper_shallow,shallow,word2vec_sg mean of word vectors (gensim native wv[t]),OvR(BalancedRF n=100 balanced),Paper word2vec_sg + BRF (gensim native API; n-gram OOV for FT).,44,2,0.8203883495145631,0.7825736617183986,0.8140996362932639,0.7825736617183986,0.7920933149224466,alginate=1.00,arabinogalactan=0.43,1.374790906906128
paper_doc2vec_dm_BRF,d2vDm__BRF100,paper_shallow,shallow,doc2vec_dm infer_vector (300d doc vec),OvR(BalancedRF n=100 balanced),Paper doc2vec_dm + BRF (precomputed infer_vector for all 1030 sup).,44,2,0.5631067961165048,0.5725753084634664,0.5620231863652917,0.5725753084634664,0.5563410514031631,alginate=0.80,arabinogalactan=0.29,1.403613805770874
paper_doc2vec_dbow_BRF,d2vDbow__BRF100,paper_shallow,shallow,doc2vec_dbow infer_vector (300d doc vec),OvR(BalancedRF n=100 balanced),Paper doc2vec_dbow + BRF (precomputed infer_vector for all 1030 sup).,44,2,0.7864077669902912,0.7771246626180837,0.751526380754322,0.7771246626180837,0.7609359443210076,alginate=1.00,beta-mannan=0.57,1.3757948875427246
paper_vanilla_lstm_fasttext_cbow,ftCbow__LSTM,paper_DL,dl,fasttext_cbow frozen Embedding (paper TextVectorization),"LSTM(100, dropout=0.6) + Dense head",Paper arch+optimizer+EarlyStopping verbatim; batch=1024/4096 for non-trans/trans.,44,2,0.5194174757281553,0.4034638680033417,0.307057713425638,0.4034638680033417,0.3358194387217248,alginate=1.00,alpha-mannan=0.00,14.052332878112793
paper_vanilla_lstm_fasttext_sg,ftSg__LSTM,paper_DL,dl,fasttext_sg frozen Embedding (paper TextVectorization),"LSTM(100, dropout=0.6) + Dense head",Paper arch+optimizer+EarlyStopping verbatim; batch=1024/4096 for non-trans/trans.,44,2,0.7475728155339806,0.6179318488529014,0.6422332648186454,0.6179318488529014,0.604131504103271,alginate=1.00,arabinogalactan=0.00,21.02613925933838
paper_vanilla_lstm_word2vec_cbow,w2vCbow__LSTM,paper_DL,dl,word2vec_cbow frozen Embedding (paper TextVectorization),"LSTM(100, dropout=0.6) + Dense head",Paper arch+optimizer+EarlyStopping verbatim; batch=1024/4096 for non-trans/trans.,44,2,0.5388349514563107,0.3910149171004435,0.3268145278610395,0.3910149171004435,0.33366473599979546,alginate=1.00,alpha-mannan=0.00,14.396722078323364
paper_vanilla_lstm_word2vec_sg,w2vSg__LSTM,paper_DL,dl,word2vec_sg frozen Embedding (paper TextVectorization),"LSTM(100, dropout=0.6) + Dense head",Paper arch+optimizer+EarlyStopping verbatim; batch=1024/4096 for non-trans/trans.,44,2,0.5048543689320388,0.39032171775592833,0.39971617442163115,0.39032171775592833,0.35104622932468477,alginate=1.00,alpha-mannan=0.00,14.230595111846924
paper_vanilla_lstm_doc2vec_dm,d2vDm__LSTM,paper_DL,dl,doc2vec_dm frozen Embedding (paper TextVectorization),"LSTM(100, dropout=0.6) + Dense head",Paper arch+optimizer+EarlyStopping verbatim; batch=1024/4096 for non-trans/trans.,44,2,0.6262135922330098,0.47051486890302674,0.43674014390366517,0.47051486890302674,0.4282845077422636,host glycan=0.94,alginate=0.00,18.972493171691895
paper_lstm_with_attention_fasttext_cbow,ftCbow__LSTMattn,paper_DL,dl,fasttext_cbow frozen Embedding (paper TextVectorization),"LSTM(100, return_seq) + attention head",Paper arch+optimizer+EarlyStopping verbatim; batch=1024/4096 for non-trans/trans.,44,2,0.8300970873786407,0.7722577276524644,0.8514595996344724,0.7722577276524644,0.7966328884051644,alginate=1.00,fructan=0.33,11.065234899520874
paper_lstm_with_attention_fasttext_sg,ftSg__LSTMattn,paper_DL,dl,fasttext_sg frozen Embedding (paper TextVectorization),"LSTM(100, return_seq) + attention head",Paper arch+optimizer+EarlyStopping verbatim; batch=1024/4096 for non-trans/trans.,44,2,0.8058252427184466,0.7341040100250625,0.8064799318391273,0.7341040100250625,0.7554940339254065,alginate=1.00,alpha-mannan=0.40,11.182858943939209
paper_lstm_with_attention_word2vec_cbow,w2vCbow__LSTMattn,paper_DL,dl,word2vec_cbow frozen Embedding (paper TextVectorization),"LSTM(100, return_seq) + attention head",Paper arch+optimizer+EarlyStopping verbatim; batch=1024/4096 for non-trans/trans.,44,2,0.8349514563106796,0.759232978279031,0.8487194998991733,0.759232978279031,0.7866021805409508,alginate=1.00,fructan=0.33,10.115832090377808
paper_lstm_with_attention_word2vec_sg,w2vSg__LSTMattn,paper_DL,dl,word2vec_sg frozen Embedding (paper TextVectorization),"LSTM(100, return_seq) + attention head",Paper arch+optimizer+EarlyStopping verbatim; batch=1024/4096 for non-trans/trans.,44,2,0.8300970873786407,0.7843207377417905,0.8517618194231099,0.7843207377417905,0.8074584737587833,alginate=1.00,arabinogalactan=0.57,12.968336820602417
paper_lstm_with_attention_doc2vec_dm,d2vDm__LSTMattn,paper_DL,dl,doc2vec_dm frozen Embedding (paper TextVectorization),"LSTM(100, return_seq) + attention head",Paper arch+optimizer+EarlyStopping verbatim; batch=1024/4096 for non-trans/trans.,44,2,0.8009708737864077,0.7334889306599833,0.7869783114395185,0.7334889306599833,0.7495555569817278,alginate=1.00,arabinogalactan=0.29,11.197732210159302
paper_just_attention_fasttext_cbow,ftCbow__JustAttn,paper_DL,dl,fasttext_cbow frozen Embedding (paper TextVectorization),non_recurrent_attention (single attention pass),Paper arch+optimizer+EarlyStopping verbatim; batch=1024/4096 for non-trans/trans.,44,2,0.6796116504854369,0.5849263784461153,0.6370238765362605,0.5849263784461153,0.5964104553442122,alginate=1.00,chitin=0.00,11.655246019363403
paper_just_attention_fasttext_sg,ftSg__JustAttn,paper_DL,dl,fasttext_sg frozen Embedding (paper TextVectorization),non_recurrent_attention (single attention pass),Paper arch+optimizer+EarlyStopping verbatim; batch=1024/4096 for non-trans/trans.,44,2,0.8058252427184466,0.7809660368870895,0.855069795173962,0.7809660368870895,0.8024309164645298,alginate=1.00,beta-mannan=0.50,22.005194902420044
paper_just_attention_word2vec_cbow,w2vCbow__JustAttn,paper_DL,dl,word2vec_cbow frozen Embedding (paper TextVectorization),non_recurrent_attention (single attention pass),Paper arch+optimizer+EarlyStopping verbatim; batch=1024/4096 for non-trans/trans.,44,2,0.7669902912621359,0.6961659758370283,0.7643759018759021,0.6961659758370283,0.7140335011295146,alginate=1.00,fructan=0.00,12.522353887557983
paper_just_attention_word2vec_sg,w2vSg__JustAttn,paper_DL,dl,word2vec_sg frozen Embedding (paper TextVectorization),non_recurrent_attention (single attention pass),Paper arch+optimizer+EarlyStopping verbatim; batch=1024/4096 for non-trans/trans.,44,2,0.7815533980582524,0.7631490585437953,0.8229124240692446,0.7631490585437953,0.773842674575048,alginate=1.00,galactan=0.36,18.819218158721924
paper_just_attention_doc2vec_dm,d2vDm__JustAttn,paper_DL,dl,doc2vec_dm frozen Embedding (paper TextVectorization),non_recurrent_attention (single attention pass),Paper arch+optimizer+EarlyStopping verbatim; batch=1024/4096 for non-trans/trans.,44,2,0.7475728155339806,0.6742853528050895,0.7481534217261245,0.6742853528050895,0.6956256434711966,alginate=1.00,fructan=0.17,20.856371879577637
paper_transformer_fasttext_cbow,ftCbow__Trans,paper_DL,dl,fasttext_cbow frozen Embedding (paper TextVectorization),Transformer 4 blocks × 4 heads × head=128 × ff=512 × dropout=0.5 → GAP → softmax,Paper arch+optimizer+EarlyStopping verbatim; batch=1024.,44,2,0.8058252427184466,0.7454720133667502,0.8228632478632479,0.7454720133667502,0.7595564493603709,alginate=1.00,arabinogalactan=0.29,50.218170166015625
paper_transformer_fasttext_sg,ftSg__Trans,paper_DL,dl,fasttext_sg frozen Embedding (paper TextVectorization),Transformer 4 blocks × 4 heads × head=128 × ff=512 × dropout=0.5 → GAP → softmax,Paper arch+optimizer+EarlyStopping verbatim; batch=1024.,44,2,0.7864077669902912,0.731455200501253,0.8256296299965253,0.731455200501253,0.7382751962892723,alginate=1.00,arabinogalactan=0.14,54.874393939971924
paper_transformer_word2vec_cbow,w2vCbow__Trans,paper_DL,dl,word2vec_cbow frozen Embedding (paper TextVectorization),Transformer 4 blocks × 4 heads × head=128 × ff=512 × dropout=0.5 → GAP → softmax,Paper arch+optimizer+EarlyStopping verbatim; batch=1024.,44,2,0.7912621359223301,0.7490643274853802,0.7883179189017913,0.7490643274853802,0.760194773105073,alginate=1.00,fructan=0.33,49.84027075767517
paper_transformer_word2vec_sg,w2vSg__Trans,paper_DL,dl,word2vec_sg frozen Embedding (paper TextVectorization),Transformer 4 blocks × 4 heads × head=128 × ff=512 × dropout=0.5 → GAP → softmax,Paper arch+optimizer+EarlyStopping verbatim; batch=1024.,44,2,0.8009708737864077,0.748845029239766,0.8194683908045978,0.748845029239766,0.7650193085242104,alginate=1.00,alpha-mannan=0.40,60.58905029296875
paper_transformer_doc2vec_dm,d2vDm__Trans,paper_DL,dl,doc2vec_dm frozen Embedding (paper TextVectorization),Transformer 4 blocks × 4 heads × head=128 × ff=512 × dropout=0.5 → GAP → softmax,Paper arch+optimizer+EarlyStopping verbatim; batch=1024.,44,2,0.7961165048543689,0.762158039329092,0.7917151909915586,0.762158039329092,0.7635533068543392,alginate=1.00,arabinogalactan=0.29,63.210171937942505
ours_CountVec_OvR_ET,cpu__ET500_log2,ours_shallow,shallow,"CountVec_cpu (split ',' '|' '_'; sparse counts)",OvR(ExtraTrees n=500 log2 balanced bootstrap=False),Our tuned CountVec × ExtraTrees winner.,44,3,0.9029126213592233,0.8864964896214897,0.9012702003878474,0.8864964896214897,0.8923711663686601,alginate=1.00,fructan=0.71,2.9231081008911133
ours_FastText_OvR_ET,ftCbow_MM__ET500_sqrt,ours_shallow,shallow,FT_cbow mean+max concat 600d (gensim native ft.wv[t]),OvR(ExtraTrees n=500 sqrt balanced bootstrap=False),Our FastText alternative — gensim native API for n-gram OOV.,44,3,0.8737864077669902,0.8604548229548231,0.8919804080898553,0.8604548229548231,0.8721486019684855,alginate=1.00,beta-mannan=0.71,2.9420440196990967
paper_CountVec_BRF,cv__BRF100,paper_shallow,shallow,CountVec_comma_pipe (sparse counts),OvR(BalancedRF n=100 balanced),Paper baseline.,44,3,0.8543689320388349,0.8444495319495319,0.8479921072219835,0.8444495319495319,0.8444514531540898,alpha-mannan=1.00,galactan=0.57,1.4805021286010742
paper_fasttext_cbow_BRF,ftCbow__BRF100,paper_shallow,shallow,fasttext_cbow mean of word vectors (gensim native wv[t]),OvR(BalancedRF n=100 balanced),Paper fasttext_cbow + BRF (gensim native API; n-gram OOV for FT).,44,3,0.8592233009708737,0.8517933455433454,0.8556230745375483,0.8517933455433454,0.8495581672516602,alginate=1.00,alpha-mannan=0.75,1.4035470485687256
paper_fasttext_sg_BRF,ftSg__BRF100,paper_shallow,shallow,fasttext_sg mean of word vectors (gensim native wv[t]),OvR(BalancedRF n=100 balanced),Paper fasttext_sg + BRF (gensim native API; n-gram OOV for FT).,44,3,0.8543689320388349,0.8560592185592185,0.863319894520875,0.8560592185592185,0.8519756137795622,alginate=1.00,fructan=0.57,1.374643087387085
paper_word2vec_cbow_BRF,w2vCbow__BRF100,paper_shallow,shallow,word2vec_cbow mean of word vectors (gensim native wv[t]),OvR(BalancedRF n=100 balanced),Paper word2vec_cbow + BRF (gensim native API; n-gram OOV for FT).,44,3,0.8640776699029126,0.8834261803011803,0.8635751851161059,0.8834261803011803,0.8687714687784274,alpha-mannan=1.00,beta-mannan=0.71,1.4247848987579346
paper_word2vec_sg_BRF,w2vSg__BRF100,paper_shallow,shallow,word2vec_sg mean of word vectors (gensim native wv[t]),OvR(BalancedRF n=100 balanced),Paper word2vec_sg + BRF (gensim native API; n-gram OOV for FT).,44,3,0.8640776699029126,0.8820016788766788,0.8433320363679312,0.8820016788766788,0.8595296229196187,alginate=1.00,beta-mannan=0.79,1.3633437156677246
paper_doc2vec_dm_BRF,d2vDm__BRF100,paper_shallow,shallow,doc2vec_dm infer_vector (300d doc vec),OvR(BalancedRF n=100 balanced),Paper doc2vec_dm + BRF (precomputed infer_vector for all 1030 sup).,44,3,0.5728155339805825,0.5463153744403745,0.55494708994709,0.5463153744403745,0.5281565470507005,alpha-mannan=1.00,beta-mannan=0.14,1.381817102432251
paper_doc2vec_dbow_BRF,d2vDbow__BRF100,paper_shallow,shallow,doc2vec_dbow infer_vector (300d doc vec),OvR(BalancedRF n=100 balanced),Paper doc2vec_dbow + BRF (precomputed infer_vector for all 1030 sup).,44,3,0.7475728155339806,0.753834706959707,0.7423136757315257,0.753834706959707,0.7418204911361391,alginate=1.00,beta-mannan=0.50,1.3517420291900635
paper_vanilla_lstm_fasttext_cbow,ftCbow__LSTM,paper_DL,dl,fasttext_cbow frozen Embedding (paper TextVectorization),"LSTM(100, dropout=0.6) + Dense head",Paper arch+optimizer+EarlyStopping verbatim; batch=1024/4096 for non-trans/trans.,44,3,0.7184466019417476,0.6811698717948719,0.7338446731349545,0.6811698717948719,0.6785732897551933,alginate=1.00,arabinogalactan=0.12,22.828188180923462
paper_vanilla_lstm_fasttext_sg,ftSg__LSTM,paper_DL,dl,fasttext_sg frozen Embedding (paper TextVectorization),"LSTM(100, dropout=0.6) + Dense head",Paper arch+optimizer+EarlyStopping verbatim; batch=1024/4096 for non-trans/trans.,44,3,0.6699029126213593,0.6206730769230769,0.6905447595704949,0.6206730769230769,0.6024821008917599,alginate=1.00,beta-mannan=0.00,22.33472466468811
paper_vanilla_lstm_word2vec_cbow,w2vCbow__LSTM,paper_DL,dl,word2vec_cbow frozen Embedding (paper TextVectorization),"LSTM(100, dropout=0.6) + Dense head",Paper arch+optimizer+EarlyStopping verbatim; batch=1024/4096 for non-trans/trans.,44,3,0.6601941747572816,0.5822115384615384,0.551593268169355,0.5822115384615384,0.5516959221469085,alginate=1.00,arabinogalactan=0.00,21.83126997947693
paper_vanilla_lstm_word2vec_sg,w2vSg__LSTM,paper_DL,dl,word2vec_sg frozen Embedding (paper TextVectorization),"LSTM(100, dropout=0.6) + Dense head",Paper arch+optimizer+EarlyStopping verbatim; batch=1024/4096 for non-trans/trans.,44,3,0.7378640776699029,0.6463980463980464,0.6107604405398525,0.6463980463980464,0.615446218435349,alpha-glucan=0.96,alginate=0.00,25.95892572402954
paper_vanilla_lstm_doc2vec_dm,d2vDm__LSTM,paper_DL,dl,doc2vec_dm frozen Embedding (paper TextVectorization),"LSTM(100, dropout=0.6) + Dense head",Paper arch+optimizer+EarlyStopping verbatim; batch=1024/4096 for non-trans/trans.,44,3,0.7669902912621359,0.7164758852258853,0.7047800594247163,0.7164758852258853,0.7013133221736485,alginate=1.00,arabinogalactan=0.00,19.47926688194275
paper_lstm_with_attention_fasttext_cbow,ftCbow__LSTMattn,paper_DL,dl,fasttext_cbow frozen Embedding (paper TextVectorization),"LSTM(100, return_seq) + attention head",Paper arch+optimizer+EarlyStopping verbatim; batch=1024/4096 for non-trans/trans.,44,3,0.8495145631067961,0.8246604090354092,0.8483186325731965,0.8246604090354092,0.8311888113444642,alginate=1.00,beta-mannan=0.57,10.91007685661316
paper_lstm_with_attention_fasttext_sg,ftSg__LSTMattn,paper_DL,dl,fasttext_sg frozen Embedding (paper TextVectorization),"LSTM(100, return_seq) + attention head",Paper arch+optimizer+EarlyStopping verbatim; batch=1024/4096 for non-trans/trans.,44,3,0.8592233009708737,0.8089145807895809,0.8651992255407815,0.8089145807895809,0.8224138352501216,beta-glucan=1.00,fructan=0.29,13.577463150024414
paper_lstm_with_attention_word2vec_cbow,w2vCbow__LSTMattn,paper_DL,dl,word2vec_cbow frozen Embedding (paper TextVectorization),"LSTM(100, return_seq) + attention head",Paper arch+optimizer+EarlyStopping verbatim; batch=1024/4096 for non-trans/trans.,44,3,0.8252427184466019,0.813598901098901,0.818120573551608,0.813598901098901,0.8082800533506102,alginate=1.00,beta-mannan=0.50,10.499582290649414
paper_lstm_with_attention_word2vec_sg,w2vSg__LSTMattn,paper_DL,dl,word2vec_sg frozen Embedding (paper TextVectorization),"LSTM(100, return_seq) + attention head",Paper arch+optimizer+EarlyStopping verbatim; batch=1024/4096 for non-trans/trans.,44,3,0.8495145631067961,0.8334681522181523,0.8528848082959924,0.8334681522181523,0.8356470317677215,alpha-glucan=0.96,fructan=0.57,12.597010850906372
paper_lstm_with_attention_doc2vec_dm,d2vDm__LSTMattn,paper_DL,dl,doc2vec_dm frozen Embedding (paper TextVectorization),"LSTM(100, return_seq) + attention head",Paper arch+optimizer+EarlyStopping verbatim; batch=1024/4096 for non-trans/trans.,44,3,0.8495145631067961,0.8245230463980464,0.8746795157456924,0.8245230463980464,0.8366436126896728,alginate=1.00,beta-mannan=0.57,11.22990608215332
paper_just_attention_fasttext_cbow,ftCbow__JustAttn,paper_DL,dl,fasttext_cbow frozen Embedding (paper TextVectorization),non_recurrent_attention (single attention pass),Paper arch+optimizer+EarlyStopping verbatim; batch=1024/4096 for non-trans/trans.,44,3,0.8543689320388349,0.80931394993895,0.867087858535227,0.80931394993895,0.8282711461877518,alginate=1.00,fructan=0.43,21.25470995903015
paper_just_attention_fasttext_sg,ftSg__JustAttn,paper_DL,dl,fasttext_sg frozen Embedding (paper TextVectorization),non_recurrent_attention (single attention pass),Paper arch+optimizer+EarlyStopping verbatim; batch=1024/4096 for non-trans/trans.,44,3,0.8155339805825242,0.8124885531135532,0.8290379065379067,0.8124885531135532,0.8101786331305784,alginate=1.00,beta-mannan=0.50,22.150242805480957
paper_just_attention_word2vec_cbow,w2vCbow__JustAttn,paper_DL,dl,word2vec_cbow frozen Embedding (paper TextVectorization),non_recurrent_attention (single attention pass),Paper arch+optimizer+EarlyStopping verbatim; batch=1024/4096 for non-trans/trans.,44,3,0.8058252427184466,0.7683493589743589,0.8051049609840203,0.7683493589743589,0.7768822388022829,alginate=1.00,arabinogalactan=0.50,15.996288061141968
paper_just_attention_word2vec_sg,w2vSg__JustAttn,paper_DL,dl,word2vec_sg frozen Embedding (paper TextVectorization),non_recurrent_attention (single attention pass),Paper arch+optimizer+EarlyStopping verbatim; batch=1024/4096 for non-trans/trans.,44,3,0.8252427184466019,0.8053952991452992,0.8479251510026007,0.8053952991452992,0.8161510698174069,alginate=1.00,beta-mannan=0.50,28.70905900001526
paper_just_attention_doc2vec_dm,d2vDm__JustAttn,paper_DL,dl,doc2vec_dm frozen Embedding (paper TextVectorization),non_recurrent_attention (single attention pass),Paper arch+optimizer+EarlyStopping verbatim; batch=1024/4096 for non-trans/trans.,44,3,0.7427184466019418,0.6382872914122915,0.7113194018457176,0.6382872914122915,0.6617202405130288,xylan=0.90,alpha-mannan=0.00,12.438261032104492
paper_transformer_fasttext_cbow,ftCbow__Trans,paper_DL,dl,fasttext_cbow frozen Embedding (paper TextVectorization),Transformer 4 blocks × 4 heads × head=128 × ff=512 × dropout=0.5 → GAP → softmax,Paper arch+optimizer+EarlyStopping verbatim; batch=1024.,44,3,0.8495145631067961,0.8528426434676435,0.8346651034151035,0.8528426434676435,0.8378514152379851,alginate=1.00,beta-mannan=0.64,52.73778200149536
paper_transformer_fasttext_sg,ftSg__Trans,paper_DL,dl,fasttext_sg frozen Embedding (paper TextVectorization),Transformer 4 blocks × 4 heads × head=128 × ff=512 × dropout=0.5 → GAP → softmax,Paper arch+optimizer+EarlyStopping verbatim; batch=1024.,44,3,0.8203883495145631,0.7869429181929183,0.8453368755012823,0.7869429181929183,0.7870723616258757,alginate=1.00,arabinogalactan=0.38,51.46525001525879
paper_transformer_word2vec_cbow,w2vCbow__Trans,paper_DL,dl,word2vec_cbow frozen Embedding (paper TextVectorization),Transformer 4 blocks × 4 heads × head=128 × ff=512 × dropout=0.5 → GAP → softmax,Paper arch+optimizer+EarlyStopping verbatim; batch=1024.,44,3,0.7912621359223301,0.8145680708180708,0.7824677275995735,0.8145680708180708,0.7860135474519727,alginate=1.00,beta-mannan=0.57,38.87383508682251
paper_transformer_word2vec_sg,w2vSg__Trans,paper_DL,dl,word2vec_sg frozen Embedding (paper TextVectorization),Transformer 4 blocks × 4 heads × head=128 × ff=512 × dropout=0.5 → GAP → softmax,Paper arch+optimizer+EarlyStopping verbatim; batch=1024.,44,3,0.7669902912621359,0.7809714590964592,0.7815807253307252,0.7809714590964592,0.7643640027954874,alginate=1.00,fructan=0.43,47.609614849090576
paper_transformer_doc2vec_dm,d2vDm__Trans,paper_DL,dl,doc2vec_dm frozen Embedding (paper TextVectorization),Transformer 4 blocks × 4 heads × head=128 × ff=512 × dropout=0.5 → GAP → softmax,Paper arch+optimizer+EarlyStopping verbatim; batch=1024.,44,3,0.7766990291262136,0.7673382173382174,0.7955941416307271,0.7673382173382174,0.7658087683400913,alginate=1.00,arabinogalactan=0.50,48.19371318817139
ours_CountVec_OvR_ET,cpu__ET500_log2,ours_shallow,shallow,"CountVec_cpu (split ',' '|' '_'; sparse counts)",OvR(ExtraTrees n=500 log2 balanced bootstrap=False),Our tuned CountVec × ExtraTrees winner.,44,4,0.8980582524271845,0.8405555555555555,0.9066684472934473,0.8405555555555555,0.8582971074599932,alginate=1.00,alpha-mannan=0.50,3.004279851913452
ours_FastText_OvR_ET,ftCbow_MM__ET500_sqrt,ours_shallow,shallow,FT_cbow mean+max concat 600d (gensim native ft.wv[t]),OvR(ExtraTrees n=500 sqrt balanced bootstrap=False),Our FastText alternative — gensim native API for n-gram OOV.,44,4,0.8932038834951457,0.8348809523809524,0.9235758203149508,0.8348809523809524,0.8616490384581983,alginate=1.00,alpha-mannan=0.50,2.958770990371704
paper_CountVec_BRF,cv__BRF100,paper_shallow,shallow,CountVec_comma_pipe (sparse counts),OvR(BalancedRF n=100 balanced),Paper baseline.,44,4,0.7912621359223301,0.7567457773707774,0.7554412133759959,0.7567457773707774,0.7463096181229179,host glycan=0.90,beta-mannan=0.43,1.4837729930877686
paper_fasttext_cbow_BRF,ftCbow__BRF100,paper_shallow,shallow,fasttext_cbow mean of word vectors (gensim native wv[t]),OvR(BalancedRF n=100 balanced),Paper fasttext_cbow + BRF (gensim native API; n-gram OOV for FT).,44,4,0.8203883495145631,0.7780036630036631,0.8146058108558109,0.7780036630036631,0.7797662339141126,alginate=1.00,beta-mannan=0.36,1.3974950313568115
paper_fasttext_sg_BRF,ftSg__BRF100,paper_shallow,shallow,fasttext_sg mean of word vectors (gensim native wv[t]),OvR(BalancedRF n=100 balanced),Paper fasttext_sg + BRF (gensim native API; n-gram OOV for FT).,44,4,0.8106796116504854,0.7719795482295483,0.8015308492404766,0.7719795482295483,0.7617712845852073,alginate=1.00,beta-mannan=0.43,1.4004249572753906
paper_word2vec_cbow_BRF,w2vCbow__BRF100,paper_shallow,shallow,word2vec_cbow mean of word vectors (gensim native wv[t]),OvR(BalancedRF n=100 balanced),Paper word2vec_cbow + BRF (gensim native API; n-gram OOV for FT).,44,4,0.8058252427184466,0.7798778998779,0.7777875719052189,0.7798778998779,0.7685922656536691,alginate=1.00,alpha-mannan=0.50,1.420989990234375
paper_word2vec_sg_BRF,w2vSg__BRF100,paper_shallow,shallow,word2vec_sg mean of word vectors (gensim native wv[t]),OvR(BalancedRF n=100 balanced),Paper word2vec_sg + BRF (gensim native API; n-gram OOV for FT).,44,4,0.8106796116504854,0.7983997252747254,0.7890456676741843,0.7983997252747254,0.7802168813522291,alginate=1.00,alpha-mannan=0.50,1.4067118167877197
paper_doc2vec_dm_BRF,d2vDm__BRF100,paper_shallow,shallow,doc2vec_dm infer_vector (300d doc vec),OvR(BalancedRF n=100 balanced),Paper doc2vec_dm + BRF (precomputed infer_vector for all 1030 sup).,44,4,0.6019417475728155,0.5615623728123728,0.5674380819521484,0.5615623728123728,0.5472590907571745,chitin=0.75,beta-mannan=0.21,1.3987760543823242
paper_doc2vec_dbow_BRF,d2vDbow__BRF100,paper_shallow,shallow,doc2vec_dbow infer_vector (300d doc vec),OvR(BalancedRF n=100 balanced),Paper doc2vec_dbow + BRF (precomputed infer_vector for all 1030 sup).,44,4,0.7378640776699029,0.6995665445665447,0.6826911514411513,0.6995665445665447,0.6776647241152979,alginate=1.00,beta-mannan=0.36,1.4021480083465576
paper_vanilla_lstm_fasttext_cbow,ftCbow__LSTM,paper_DL,dl,fasttext_cbow frozen Embedding (paper TextVectorization),"LSTM(100, dropout=0.6) + Dense head",Paper arch+optimizer+EarlyStopping verbatim; batch=1024/4096 for non-trans/trans.,44,4,0.5,0.356128663003663,0.3125904528478058,0.356128663003663,0.3133391563216099,host glycan=0.85,alginate=0.00,17.448293924331665
paper_vanilla_lstm_fasttext_sg,ftSg__LSTM,paper_DL,dl,fasttext_sg frozen Embedding (paper TextVectorization),"LSTM(100, dropout=0.6) + Dense head",Paper arch+optimizer+EarlyStopping verbatim; batch=1024/4096 for non-trans/trans.,44,4,0.41262135922330095,0.346712962962963,0.3263500388500388,0.346712962962963,0.308019055397572,beta-mannan=1.00,alpha-glucan=0.00,17.2497079372406
paper_vanilla_lstm_word2vec_cbow,w2vCbow__LSTM,paper_DL,dl,word2vec_cbow frozen Embedding (paper TextVectorization),"LSTM(100, dropout=0.6) + Dense head",Paper arch+optimizer+EarlyStopping verbatim; batch=1024/4096 for non-trans/trans.,44,4,0.6844660194174758,0.5866773504273504,0.5969140438994714,0.5866773504273504,0.567446904946905,alginate=1.00,alpha-mannan=0.00,21.058879375457764
paper_vanilla_lstm_word2vec_sg,w2vSg__LSTM,paper_DL,dl,word2vec_sg frozen Embedding (paper TextVectorization),"LSTM(100, dropout=0.6) + Dense head",Paper arch+optimizer+EarlyStopping verbatim; batch=1024/4096 for non-trans/trans.,44,4,0.3883495145631068,0.35441468253968256,0.2699638188608777,0.35441468253968256,0.295845665961945,alginate=1.00,alpha-glucan=0.00,21.791490077972412
paper_vanilla_lstm_doc2vec_dm,d2vDm__LSTM,paper_DL,dl,doc2vec_dm frozen Embedding (paper TextVectorization),"LSTM(100, dropout=0.6) + Dense head",Paper arch+optimizer+EarlyStopping verbatim; batch=1024/4096 for non-trans/trans.,44,4,0.5048543689320388,0.36010683760683765,0.33188284573088495,0.36010683760683765,0.3235020161405318,alpha-glucan=0.88,alginate=0.00,21.930603742599487
paper_lstm_with_attention_fasttext_cbow,ftCbow__LSTMattn,paper_DL,dl,fasttext_cbow frozen Embedding (paper TextVectorization),"LSTM(100, return_seq) + attention head",Paper arch+optimizer+EarlyStopping verbatim; batch=1024/4096 for non-trans/trans.,44,4,0.7912621359223301,0.7235653235653237,0.7845446052354789,0.7235653235653237,0.7351799183320923,alginate=1.00,arabinogalactan=0.43,10.910995960235596
paper_lstm_with_attention_fasttext_sg,ftSg__LSTMattn,paper_DL,dl,fasttext_sg frozen Embedding (paper TextVectorization),"LSTM(100, return_seq) + attention head",Paper arch+optimizer+EarlyStopping verbatim; batch=1024/4096 for non-trans/trans.,44,4,0.7815533980582524,0.7516086691086693,0.7857434640522875,0.7516086691086693,0.7476899029009002,alginate=1.00,beta-mannan=0.43,15.342636108398438
paper_lstm_with_attention_word2vec_cbow,w2vCbow__LSTMattn,paper_DL,dl,word2vec_cbow frozen Embedding (paper TextVectorization),"LSTM(100, return_seq) + attention head",Paper arch+optimizer+EarlyStopping verbatim; batch=1024/4096 for non-trans/trans.,44,4,0.7572815533980582,0.6998112535612534,0.7837004153995002,0.6998112535612534,0.7165896589305811,host glycan=0.96,beta-mannan=0.43,12.356534004211426
paper_lstm_with_attention_word2vec_sg,w2vSg__LSTMattn,paper_DL,dl,word2vec_sg frozen Embedding (paper TextVectorization),"LSTM(100, return_seq) + attention head",Paper arch+optimizer+EarlyStopping verbatim; batch=1024/4096 for non-trans/trans.,44,4,0.8058252427184466,0.7704410866910867,0.8148633941206405,0.7704410866910867,0.7688994431675384,alginate=1.00,beta-mannan=0.43,13.753082036972046
paper_lstm_with_attention_doc2vec_dm,d2vDm__LSTMattn,paper_DL,dl,doc2vec_dm frozen Embedding (paper TextVectorization),"LSTM(100, return_seq) + attention head",Paper arch+optimizer+EarlyStopping verbatim; batch=1024/4096 for non-trans/trans.,44,4,0.7475728155339806,0.7164797008547009,0.770591578399241,0.7164797008547009,0.7141569331396033,alginate=1.00,beta-mannan=0.43,10.782559871673584
paper_just_attention_fasttext_cbow,ftCbow__JustAttn,paper_DL,dl,fasttext_cbow frozen Embedding (paper TextVectorization),non_recurrent_attention (single attention pass),Paper arch+optimizer+EarlyStopping verbatim; batch=1024/4096 for non-trans/trans.,44,4,0.7184466019417476,0.6598137973137973,0.7379469032429556,0.6598137973137973,0.6631542633419979,alginate=1.00,chitin=0.08,21.593655109405518
paper_just_attention_fasttext_sg,ftSg__JustAttn,paper_DL,dl,fasttext_sg frozen Embedding (paper TextVectorization),non_recurrent_attention (single attention pass),Paper arch+optimizer+EarlyStopping verbatim; batch=1024/4096 for non-trans/trans.,44,4,0.7669902912621359,0.7210637973137973,0.7808045562355908,0.7210637973137973,0.7325548144898372,alginate=1.00,beta-mannan=0.43,28.577198028564453
paper_just_attention_word2vec_cbow,w2vCbow__JustAttn,paper_DL,dl,word2vec_cbow frozen Embedding (paper TextVectorization),non_recurrent_attention (single attention pass),Paper arch+optimizer+EarlyStopping verbatim; batch=1024/4096 for non-trans/trans.,44,4,0.7475728155339806,0.6877014652014651,0.7742278466063631,0.6877014652014651,0.7028333681124069,alginate=1.00,beta-mannan=0.36,17.790349006652832
paper_just_attention_word2vec_sg,w2vSg__JustAttn,paper_DL,dl,word2vec_sg frozen Embedding (paper TextVectorization),non_recurrent_attention (single attention pass),Paper arch+optimizer+EarlyStopping verbatim; batch=1024/4096 for non-trans/trans.,44,4,0.7427184466019418,0.7239870777370777,0.7458350458737456,0.7239870777370777,0.7139646518163142,alpha-mannan=1.00,beta-mannan=0.36,18.571742057800293
paper_just_attention_doc2vec_dm,d2vDm__JustAttn,paper_DL,dl,doc2vec_dm frozen Embedding (paper TextVectorization),non_recurrent_attention (single attention pass),Paper arch+optimizer+EarlyStopping verbatim; batch=1024/4096 for non-trans/trans.,44,4,0.7281553398058253,0.6718210724460726,0.7533665958012056,0.6718210724460726,0.6866641827940203,host glycan=0.98,galactan=0.40,17.47381281852722
paper_transformer_fasttext_cbow,ftCbow__Trans,paper_DL,dl,fasttext_cbow frozen Embedding (paper TextVectorization),Transformer 4 blocks × 4 heads × head=128 × ff=512 × dropout=0.5 → GAP → softmax,Paper arch+optimizer+EarlyStopping verbatim; batch=1024.,44,4,0.7572815533980582,0.7441384310134311,0.7629003522236605,0.7441384310134311,0.7330224944526412,alginate=1.00,alpha-mannan=0.50,58.290860176086426
paper_transformer_fasttext_sg,ftSg__Trans,paper_DL,dl,fasttext_sg frozen Embedding (paper TextVectorization),Transformer 4 blocks × 4 heads × head=128 × ff=512 × dropout=0.5 → GAP → softmax,Paper arch+optimizer+EarlyStopping verbatim; batch=1024.,44,4,0.7864077669902912,0.7571359890109891,0.783343500056826,0.7571359890109891,0.7530173842984169,alginate=1.00,alpha-mannan=0.50,65.89975810050964
paper_transformer_word2vec_cbow,w2vCbow__Trans,paper_DL,dl,word2vec_cbow frozen Embedding (paper TextVectorization),Transformer 4 blocks × 4 heads × head=128 × ff=512 × dropout=0.5 → GAP → softmax,Paper arch+optimizer+EarlyStopping verbatim; batch=1024.,44,4,0.7718446601941747,0.7542773199023199,0.7708720387668597,0.7542773199023199,0.7419393364694908,alginate=1.00,alpha-mannan=0.50,63.26039505004883
paper_transformer_word2vec_sg,w2vSg__Trans,paper_DL,dl,word2vec_sg frozen Embedding (paper TextVectorization),Transformer 4 blocks × 4 heads × head=128 × ff=512 × dropout=0.5 → GAP → softmax,Paper arch+optimizer+EarlyStopping verbatim; batch=1024.,44,4,0.7718446601941747,0.7334355921855922,0.7975288886112316,0.7334355921855922,0.7411382045457123,alginate=1.00,alpha-mannan=0.50,84.10833215713501
paper_transformer_doc2vec_dm,d2vDm__Trans,paper_DL,dl,doc2vec_dm frozen Embedding (paper TextVectorization),Transformer 4 blocks × 4 heads × head=128 × ff=512 × dropout=0.5 → GAP → softmax,Paper arch+optimizer+EarlyStopping verbatim; batch=1024.,44,4,0.7281553398058253,0.7046947496947498,0.7289334096821393,0.7046947496947498,0.6996345230990503,alginate=1.00,alpha-mannan=0.50,78.0945680141449
ours_CountVec_OvR_ET,cpu__ET500_log2,ours_shallow,shallow,"CountVec_cpu (split ',' '|' '_'; sparse counts)",OvR(ExtraTrees n=500 log2 balanced bootstrap=False),Our tuned CountVec × ExtraTrees winner.,45,0,0.8980582524271845,0.8815068119015487,0.9065647192035872,0.8815068119015487,0.889689395072252,alginate=1.00,arabinogalactan=0.57,2.902317762374878
ours_FastText_OvR_ET,ftCbow_MM__ET500_sqrt,ours_shallow,shallow,FT_cbow mean+max concat 600d (gensim native ft.wv[t]),OvR(ExtraTrees n=500 sqrt balanced bootstrap=False),Our FastText alternative — gensim native API for n-gram OOV.,45,0,0.883495145631068,0.8368082465779834,0.9183646343889752,0.8368082465779834,0.8585298997109011,alpha-glucan=1.00,arabinogalactan=0.43,2.9530270099639893
paper_CountVec_BRF,cv__BRF100,paper_shallow,shallow,CountVec_comma_pipe (sparse counts),OvR(BalancedRF n=100 balanced),Paper baseline.,45,0,0.8592233009708737,0.8191634535055589,0.8896265771265773,0.8191634535055589,0.8350961810541501,alginate=1.00,arabinogalactan=0.43,1.5100510120391846
paper_fasttext_cbow_BRF,ftCbow__BRF100,paper_shallow,shallow,fasttext_cbow mean of word vectors (gensim native wv[t]),OvR(BalancedRF n=100 balanced),Paper fasttext_cbow + BRF (gensim native API; n-gram OOV for FT).,45,0,0.8203883495145631,0.8054269086176981,0.8200124528249528,0.8054269086176981,0.8062037372678104,alginate=1.00,arabinogalactan=0.57,1.3966479301452637
paper_fasttext_sg_BRF,ftSg__BRF100,paper_shallow,shallow,fasttext_sg mean of word vectors (gensim native wv[t]),OvR(BalancedRF n=100 balanced),Paper fasttext_sg + BRF (gensim native API; n-gram OOV for FT).,45,0,0.8058252427184466,0.7905053097487308,0.8056862724585384,0.7905053097487308,0.7860321741524748,alginate=1.00,fructan=0.50,1.3676810264587402
paper_word2vec_cbow_BRF,w2vCbow__BRF100,paper_shallow,shallow,word2vec_cbow mean of word vectors (gensim native wv[t]),OvR(BalancedRF n=100 balanced),Paper word2vec_cbow + BRF (gensim native API; n-gram OOV for FT).,45,0,0.7864077669902912,0.780699344515134,0.7564474541829616,0.780699344515134,0.7554506434324958,alginate=1.00,arabinogalactan=0.57,1.4001250267028809
paper_word2vec_sg_BRF,w2vSg__BRF100,paper_shallow,shallow,word2vec_sg mean of word vectors (gensim native wv[t]),OvR(BalancedRF n=100 balanced),Paper word2vec_sg + BRF (gensim native API; n-gram OOV for FT).,45,0,0.8203883495145631,0.8091675502859714,0.8084234717163107,0.8091675502859714,0.8023283584127499,alginate=1.00,fructan=0.50,1.3925249576568604
paper_doc2vec_dm_BRF,d2vDm__BRF100,paper_shallow,shallow,doc2vec_dm infer_vector (300d doc vec),OvR(BalancedRF n=100 balanced),Paper doc2vec_dm + BRF (precomputed infer_vector for all 1030 sup).,45,0,0.5485436893203883,0.5058903267784847,0.583489195989196,0.5058903267784847,0.49030363606865485,alpha-mannan=1.00,fructan=0.17,1.337345838546753
paper_doc2vec_dbow_BRF,d2vDbow__BRF100,paper_shallow,shallow,doc2vec_dbow infer_vector (300d doc vec),OvR(BalancedRF n=100 balanced),Paper doc2vec_dbow + BRF (precomputed infer_vector for all 1030 sup).,45,0,0.7572815533980582,0.750966719683825,0.7268372855463984,0.750966719683825,0.7345614316245568,alginate=1.00,chitin=0.54,1.3968992233276367
paper_vanilla_lstm_fasttext_cbow,ftCbow__LSTM,paper_DL,dl,fasttext_cbow frozen Embedding (paper TextVectorization),"LSTM(100, dropout=0.6) + Dense head",Paper arch+optimizer+EarlyStopping verbatim; batch=1024/4096 for non-trans/trans.,45,0,0.5728155339805825,0.43721097615834453,0.3545035068290882,0.43721097615834453,0.38240657339017997,alginate=0.90,alpha-mannan=0.00,19.303697109222412
paper_vanilla_lstm_fasttext_sg,ftSg__LSTM,paper_DL,dl,fasttext_sg frozen Embedding (paper TextVectorization),"LSTM(100, dropout=0.6) + Dense head",Paper arch+optimizer+EarlyStopping verbatim; batch=1024/4096 for non-trans/trans.,45,0,0.6310679611650486,0.5621220920891974,0.6265333079458911,0.5621220920891974,0.5450942431433491,alginate=1.00,alpha-mannan=0.00,44.45930767059326
paper_vanilla_lstm_word2vec_cbow,w2vCbow__LSTM,paper_DL,dl,word2vec_cbow frozen Embedding (paper TextVectorization),"LSTM(100, dropout=0.6) + Dense head",Paper arch+optimizer+EarlyStopping verbatim; batch=1024/4096 for non-trans/trans.,45,0,0.5776699029126213,0.43929768331084124,0.4198843292257614,0.43929768331084124,0.420951368737345,host glycan=0.79,alginate=0.00,25.698006629943848
paper_vanilla_lstm_word2vec_sg,w2vSg__LSTM,paper_DL,dl,word2vec_sg frozen Embedding (paper TextVectorization),"LSTM(100, dropout=0.6) + Dense head",Paper arch+optimizer+EarlyStopping verbatim; batch=1024/4096 for non-trans/trans.,45,0,0.6796116504854369,0.5361043634727845,0.5106405655747761,0.5361043634727845,0.5128793756177433,alginate=1.00,alpha-mannan=0.00,24.55136489868164
paper_vanilla_lstm_doc2vec_dm,d2vDm__LSTM,paper_DL,dl,doc2vec_dm frozen Embedding (paper TextVectorization),"LSTM(100, dropout=0.6) + Dense head",Paper arch+optimizer+EarlyStopping verbatim; batch=1024/4096 for non-trans/trans.,45,0,0.6941747572815534,0.6740342040999936,0.6491961741961741,0.6740342040999936,0.6324520726377001,alginate=1.00,arabinogalactan=0.14,25.947789192199707
paper_lstm_with_attention_fasttext_cbow,ftCbow__LSTMattn,paper_DL,dl,fasttext_cbow frozen Embedding (paper TextVectorization),"LSTM(100, return_seq) + attention head",Paper arch+optimizer+EarlyStopping verbatim; batch=1024/4096 for non-trans/trans.,45,0,0.8106796116504854,0.7802343197737934,0.8190867786633916,0.7802343197737934,0.7909402573317666,alginate=1.00,fructan=0.50,12.904504776000977
paper_lstm_with_attention_fasttext_sg,ftSg__LSTMattn,paper_DL,dl,fasttext_sg frozen Embedding (paper TextVectorization),"LSTM(100, return_seq) + attention head",Paper arch+optimizer+EarlyStopping verbatim; batch=1024/4096 for non-trans/trans.,45,0,0.8058252427184466,0.7804810905468801,0.8092544151754678,0.7804810905468801,0.7829404865037048,alginate=1.00,fructan=0.50,16.06164002418518
paper_lstm_with_attention_word2vec_cbow,w2vCbow__LSTMattn,paper_DL,dl,word2vec_cbow frozen Embedding (paper TextVectorization),"LSTM(100, return_seq) + attention head",Paper arch+optimizer+EarlyStopping verbatim; batch=1024/4096 for non-trans/trans.,45,0,0.7815533980582524,0.7470274644945697,0.8190572736409089,0.7470274644945697,0.7562508474595667,alginate=1.00,fructan=0.33,10.686072826385498
paper_lstm_with_attention_word2vec_sg,w2vSg__LSTMattn,paper_DL,dl,word2vec_sg frozen Embedding (paper TextVectorization),"LSTM(100, return_seq) + attention head",Paper arch+optimizer+EarlyStopping verbatim; batch=1024/4096 for non-trans/trans.,45,0,0.7961165048543689,0.7425479162650216,0.8150869585241108,0.7425479162650216,0.7489822828138045,alginate=1.00,fructan=0.17,15.184332847595215
paper_lstm_with_attention_doc2vec_dm,d2vDm__LSTMattn,paper_DL,dl,doc2vec_dm frozen Embedding (paper TextVectorization),"LSTM(100, return_seq) + attention head",Paper arch+optimizer+EarlyStopping verbatim; batch=1024/4096 for non-trans/trans.,45,0,0.8058252427184466,0.7913650713321765,0.8374036169144864,0.7913650713321765,0.8002597984879715,alginate=1.00,fructan=0.50,13.119588851928711
paper_just_attention_fasttext_cbow,ftCbow__JustAttn,paper_DL,dl,fasttext_cbow frozen Embedding (paper TextVectorization),non_recurrent_attention (single attention pass),Paper arch+optimizer+EarlyStopping verbatim; batch=1024/4096 for non-trans/trans.,45,0,0.7572815533980582,0.7066670683118051,0.8046574344271713,0.7066670683118051,0.7406362156362157,alginate=1.00,beta-mannan=0.38,22.82855486869812
paper_just_attention_fasttext_sg,ftSg__JustAttn,paper_DL,dl,fasttext_sg frozen Embedding (paper TextVectorization),non_recurrent_attention (single attention pass),Paper arch+optimizer+EarlyStopping verbatim; batch=1024/4096 for non-trans/trans.,45,0,0.7766990291262136,0.7063457120365015,0.737782266752855,0.7063457120365015,0.6927084128102692,alginate=1.00,fructan=0.00,23.848071813583374
paper_just_attention_word2vec_cbow,w2vCbow__JustAttn,paper_DL,dl,word2vec_cbow frozen Embedding (paper TextVectorization),non_recurrent_attention (single attention pass),Paper arch+optimizer+EarlyStopping verbatim; batch=1024/4096 for non-trans/trans.,45,0,0.7572815533980582,0.7240489846410899,0.7930739040652833,0.7240489846410899,0.7417887051220383,alginate=1.00,chitin=0.46,17.39241123199463
paper_just_attention_word2vec_sg,w2vSg__JustAttn,paper_DL,dl,word2vec_sg frozen Embedding (paper TextVectorization),non_recurrent_attention (single attention pass),Paper arch+optimizer+EarlyStopping verbatim; batch=1024/4096 for non-trans/trans.,45,0,0.7718446601941747,0.741949063363537,0.7875603563103563,0.741949063363537,0.7432738858094309,alginate=1.00,beta-mannan=0.46,37.10069513320923
paper_just_attention_doc2vec_dm,d2vDm__JustAttn,paper_DL,dl,doc2vec_dm frozen Embedding (paper TextVectorization),non_recurrent_attention (single attention pass),Paper arch+optimizer+EarlyStopping verbatim; batch=1024/4096 for non-trans/trans.,45,0,0.6504854368932039,0.6147187279095174,0.6621812732185072,0.6147187279095174,0.6193172047879907,alginate=1.00,fructan=0.00,18.108314752578735
paper_transformer_fasttext_cbow,ftCbow__Trans,paper_DL,dl,fasttext_cbow frozen Embedding (paper TextVectorization),Transformer 4 blocks × 4 heads × head=128 × ff=512 × dropout=0.5 → GAP → softmax,Paper arch+optimizer+EarlyStopping verbatim; batch=1024.,45,0,0.7912621359223301,0.7373825991260201,0.81728056027625,0.7373825991260201,0.7597265080598414,alginate=1.00,fructan=0.33,51.459872007369995
paper_transformer_fasttext_sg,ftSg__Trans,paper_DL,dl,fasttext_sg frozen Embedding (paper TextVectorization),Transformer 4 blocks × 4 heads × head=128 × ff=512 × dropout=0.5 → GAP → softmax,Paper arch+optimizer+EarlyStopping verbatim; batch=1024.,45,0,0.7281553398058253,0.7166735749630487,0.7765598961969928,0.7166735749630487,0.7226099567140033,alginate=1.00,arabinogalactan=0.43,59.66244697570801
paper_transformer_word2vec_cbow,w2vCbow__Trans,paper_DL,dl,word2vec_cbow frozen Embedding (paper TextVectorization),Transformer 4 blocks × 4 heads × head=128 × ff=512 × dropout=0.5 → GAP → softmax,Paper arch+optimizer+EarlyStopping verbatim; batch=1024.,45,0,0.8203883495145631,0.8089696195617249,0.8219729281077782,0.8089696195617249,0.8064444591051075,alginate=1.00,fructan=0.50,73.96815896034241
paper_transformer_word2vec_sg,w2vSg__Trans,paper_DL,dl,word2vec_sg frozen Embedding (paper TextVectorization),Transformer 4 blocks × 4 heads × head=128 × ff=512 × dropout=0.5 → GAP → softmax,Paper arch+optimizer+EarlyStopping verbatim; batch=1024.,45,0,0.7864077669902912,0.744954332947754,0.8031536527654541,0.744954332947754,0.7393551161469669,alginate=1.00,fructan=0.17,80.82932472229004
paper_transformer_doc2vec_dm,d2vDm__Trans,paper_DL,dl,doc2vec_dm frozen Embedding (paper TextVectorization),Transformer 4 blocks × 4 heads × head=128 × ff=512 × dropout=0.5 → GAP → softmax,Paper arch+optimizer+EarlyStopping verbatim; batch=1024.,45,0,0.7718446601941747,0.7281617505301715,0.7950503872557647,0.7281617505301715,0.7251488030019813,alginate=1.00,arabinogalactan=0.29,80.92806911468506
ours_CountVec_OvR_ET,cpu__ET500_log2,ours_shallow,shallow,"CountVec_cpu (split ',' '|' '_'; sparse counts)",OvR(ExtraTrees n=500 log2 balanced bootstrap=False),Our tuned CountVec × ExtraTrees winner.,45,1,0.8980582524271845,0.8832959401709403,0.9134527600213875,0.8832959401709403,0.8919102547779018,alginate=1.00,galactan=0.64,2.93928599357605
ours_FastText_OvR_ET,ftCbow_MM__ET500_sqrt,ours_shallow,shallow,FT_cbow mean+max concat 600d (gensim native ft.wv[t]),OvR(ExtraTrees n=500 sqrt balanced bootstrap=False),Our FastText alternative — gensim native API for n-gram OOV.,45,1,0.8932038834951457,0.8947344322344323,0.90117118992119,0.8947344322344323,0.8939845938375351,alginate=1.00,galactan=0.71,2.9315500259399414
paper_CountVec_BRF,cv__BRF100,paper_shallow,shallow,CountVec_comma_pipe (sparse counts),OvR(BalancedRF n=100 balanced),Paper baseline.,45,1,0.8543689320388349,0.8378771849495535,0.8491089432717555,0.8378771849495535,0.8385429508455825,alginate=1.00,fructan=0.50,1.4709241390228271
paper_fasttext_cbow_BRF,ftCbow__BRF100,paper_shallow,shallow,fasttext_cbow mean of word vectors (gensim native wv[t]),OvR(BalancedRF n=100 balanced),Paper fasttext_cbow + BRF (gensim native API; n-gram OOV for FT).,45,1,0.8300970873786407,0.8389178073388598,0.8236863880885621,0.8389178073388598,0.8238218558503614,alginate=1.00,galactan=0.57,1.3789660930633545
paper_fasttext_sg_BRF,ftSg__BRF100,paper_shallow,shallow,fasttext_sg mean of word vectors (gensim native wv[t]),OvR(BalancedRF n=100 balanced),Paper fasttext_sg + BRF (gensim native API; n-gram OOV for FT).,45,1,0.8252427184466019,0.8075493220230062,0.7923684380921223,0.8075493220230062,0.7933390060382449,alginate=1.00,arabinogalactan=0.57,1.394247055053711
paper_word2vec_cbow_BRF,w2vCbow__BRF100,paper_shallow,shallow,word2vec_cbow mean of word vectors (gensim native wv[t]),OvR(BalancedRF n=100 balanced),Paper word2vec_cbow + BRF (gensim native API; n-gram OOV for FT).,45,1,0.8155339805825242,0.821593808238545,0.7922660466281748,0.821593808238545,0.8039072884091681,alginate=1.00,galactan=0.57,1.3911800384521484
paper_word2vec_sg_BRF,w2vSg__BRF100,paper_shallow,shallow,word2vec_sg mean of word vectors (gensim native wv[t]),OvR(BalancedRF n=100 balanced),Paper word2vec_sg + BRF (gensim native API; n-gram OOV for FT).,45,1,0.8543689320388349,0.8784734673221517,0.8244859307359308,0.8784734673221517,0.8421760694287911,alginate=1.00,galactan=0.64,1.362586259841919
paper_doc2vec_dm_BRF,d2vDm__BRF100,paper_shallow,shallow,doc2vec_dm infer_vector (300d doc vec),OvR(BalancedRF n=100 balanced),Paper doc2vec_dm + BRF (precomputed infer_vector for all 1030 sup).,45,1,0.616504854368932,0.6087160609857978,0.6012149662732477,0.6087160609857978,0.5898097045545475,alpha-mannan=1.00,arabinogalactan=0.14,1.3851690292358398
paper_doc2vec_dbow_BRF,d2vDbow__BRF100,paper_shallow,shallow,doc2vec_dbow infer_vector (300d doc vec),OvR(BalancedRF n=100 balanced),Paper doc2vec_dbow + BRF (precomputed infer_vector for all 1030 sup).,45,1,0.7961165048543689,0.7793235894222735,0.7618441447725335,0.7793235894222735,0.767020278179781,alginate=1.00,fructan=0.50,1.3711538314819336
paper_vanilla_lstm_fasttext_cbow,ftCbow__LSTM,paper_DL,dl,fasttext_cbow frozen Embedding (paper TextVectorization),"LSTM(100, dropout=0.6) + Dense head",Paper arch+optimizer+EarlyStopping verbatim; batch=1024/4096 for non-trans/trans.,45,1,0.7330097087378641,0.658540542060279,0.673099971213782,0.658540542060279,0.6504128418515503,alginate=1.00,fructan=0.00,27.1403751373291
paper_vanilla_lstm_fasttext_sg,ftSg__LSTM,paper_DL,dl,fasttext_sg frozen Embedding (paper TextVectorization),"LSTM(100, dropout=0.6) + Dense head",Paper arch+optimizer+EarlyStopping verbatim; batch=1024/4096 for non-trans/trans.,45,1,0.8155339805825242,0.7323890656127497,0.7814020988589955,0.7323890656127497,0.7350636004619034,alginate=1.00,arabinogalactan=0.00,25.303287029266357
paper_vanilla_lstm_word2vec_cbow,w2vCbow__LSTM,paper_DL,dl,word2vec_cbow frozen Embedding (paper TextVectorization),"LSTM(100, dropout=0.6) + Dense head",Paper arch+optimizer+EarlyStopping verbatim; batch=1024/4096 for non-trans/trans.,45,1,0.7912621359223301,0.742194950517319,0.8180786751374987,0.742194950517319,0.7525422504510376,alginate=1.00,arabinogalactan=0.29,20.548938989639282
paper_vanilla_lstm_word2vec_sg,w2vSg__LSTM,paper_DL,dl,word2vec_sg frozen Embedding (paper TextVectorization),"LSTM(100, dropout=0.6) + Dense head",Paper arch+optimizer+EarlyStopping verbatim; batch=1024/4096 for non-trans/trans.,45,1,0.7961165048543689,0.7348521544245229,0.7466974845910378,0.7348521544245229,0.7283019826483274,alginate=1.00,fructan=0.00,26.377387762069702
paper_vanilla_lstm_doc2vec_dm,d2vDm__LSTM,paper_DL,dl,doc2vec_dm frozen Embedding (paper TextVectorization),"LSTM(100, dropout=0.6) + Dense head",Paper arch+optimizer+EarlyStopping verbatim; batch=1024/4096 for non-trans/trans.,45,1,0.7087378640776699,0.5746339004562688,0.5437589559548758,0.5746339004562688,0.5405666236718012,alginate=1.00,alpha-mannan=0.00,19.608683109283447
paper_lstm_with_attention_fasttext_cbow,ftCbow__LSTMattn,paper_DL,dl,fasttext_cbow frozen Embedding (paper TextVectorization),"LSTM(100, return_seq) + attention head",Paper arch+optimizer+EarlyStopping verbatim; batch=1024/4096 for non-trans/trans.,45,1,0.8495145631067961,0.8328385466872309,0.8412906934322165,0.8328385466872309,0.8356223265274624,alginate=1.00,fructan=0.50,13.281203985214233
paper_lstm_with_attention_fasttext_sg,ftSg__LSTMattn,paper_DL,dl,fasttext_sg frozen Embedding (paper TextVectorization),"LSTM(100, return_seq) + attention head",Paper arch+optimizer+EarlyStopping verbatim; batch=1024/4096 for non-trans/trans.,45,1,0.8640776699029126,0.8385538766788767,0.853373332585289,0.8385538766788767,0.8433077790547303,alginate=1.00,fructan=0.50,15.83274793624878
paper_lstm_with_attention_word2vec_cbow,w2vCbow__LSTMattn,paper_DL,dl,word2vec_cbow frozen Embedding (paper TextVectorization),"LSTM(100, return_seq) + attention head",Paper arch+optimizer+EarlyStopping verbatim; batch=1024/4096 for non-trans/trans.,45,1,0.8203883495145631,0.8031064038300881,0.8059849821076025,0.8031064038300881,0.7975830294503307,alginate=1.00,arabinogalactan=0.43,12.838798761367798
paper_lstm_with_attention_word2vec_sg,w2vSg__LSTMattn,paper_DL,dl,word2vec_sg frozen Embedding (paper TextVectorization),"LSTM(100, return_seq) + attention head",Paper arch+optimizer+EarlyStopping verbatim; batch=1024/4096 for non-trans/trans.,45,1,0.8592233009708737,0.8455380036630037,0.8628848772710666,0.8455380036630037,0.8522570748690569,alpha-mannan=1.00,fructan=0.67,16.3818621635437
paper_lstm_with_attention_doc2vec_dm,d2vDm__LSTMattn,paper_DL,dl,doc2vec_dm frozen Embedding (paper TextVectorization),"LSTM(100, return_seq) + attention head",Paper arch+optimizer+EarlyStopping verbatim; batch=1024/4096 for non-trans/trans.,45,1,0.8446601941747572,0.8026709401709402,0.8494132701679872,0.8026709401709402,0.8134446371617597,alginate=1.00,arabinogalactan=0.29,12.144829988479614
paper_just_attention_fasttext_cbow,ftCbow__JustAttn,paper_DL,dl,fasttext_cbow frozen Embedding (paper TextVectorization),non_recurrent_attention (single attention pass),Paper arch+optimizer+EarlyStopping verbatim; batch=1024/4096 for non-trans/trans.,45,1,0.8349514563106796,0.7419566544566546,0.7814054896716187,0.7419566544566546,0.7509205086518298,alginate=1.00,alpha-mannan=0.00,30.147748231887817
paper_just_attention_fasttext_sg,ftSg__JustAttn,paper_DL,dl,fasttext_sg frozen Embedding (paper TextVectorization),non_recurrent_attention (single attention pass),Paper arch+optimizer+EarlyStopping verbatim; batch=1024/4096 for non-trans/trans.,45,1,0.7961165048543689,0.6937408424908424,0.7687587364113,0.6937408424908424,0.7044772052322646,alginate=1.00,fructan=0.00,28.578161001205444
paper_just_attention_word2vec_cbow,w2vCbow__JustAttn,paper_DL,dl,word2vec_cbow frozen Embedding (paper TextVectorization),non_recurrent_attention (single attention pass),Paper arch+optimizer+EarlyStopping verbatim; batch=1024/4096 for non-trans/trans.,45,1,0.7572815533980582,0.7138845109568793,0.8381300473405737,0.7138845109568793,0.7444451968944069,alginate=1.00,fructan=0.33,14.415210008621216
paper_just_attention_word2vec_sg,w2vSg__JustAttn,paper_DL,dl,word2vec_sg frozen Embedding (paper TextVectorization),non_recurrent_attention (single attention pass),Paper arch+optimizer+EarlyStopping verbatim; batch=1024/4096 for non-trans/trans.,45,1,0.8398058252427184,0.820187728937729,0.8290682072065052,0.820187728937729,0.8203423056428286,alginate=1.00,fructan=0.50,27.894495010375977
paper_just_attention_doc2vec_dm,d2vDm__JustAttn,paper_DL,dl,doc2vec_dm frozen Embedding (paper TextVectorization),non_recurrent_attention (single attention pass),Paper arch+optimizer+EarlyStopping verbatim; batch=1024/4096 for non-trans/trans.,45,1,0.7669902912621359,0.7054306037529723,0.7849246513720199,0.7054306037529723,0.7313269321597621,alginate=1.00,fructan=0.17,17.343436002731323
paper_transformer_fasttext_cbow,ftCbow__Trans,paper_DL,dl,fasttext_cbow frozen Embedding (paper TextVectorization),Transformer 4 blocks × 4 heads × head=128 × ff=512 × dropout=0.5 → GAP → softmax,Paper arch+optimizer+EarlyStopping verbatim; batch=1024.,45,1,0.8252427184466019,0.7823817155067155,0.8604536512869846,0.7823817155067155,0.8053760461527135,alginate=1.00,fructan=0.50,59.308030128479004
paper_transformer_fasttext_sg,ftSg__Trans,paper_DL,dl,fasttext_sg frozen Embedding (paper TextVectorization),Transformer 4 blocks × 4 heads × head=128 × ff=512 × dropout=0.5 → GAP → softmax,Paper arch+optimizer+EarlyStopping verbatim; batch=1024.,45,1,0.8203883495145631,0.771498778998779,0.8378391823000787,0.771498778998779,0.7934946484353089,alginate=1.00,arabinogalactan=0.43,67.4520058631897
paper_transformer_word2vec_cbow,w2vCbow__Trans,paper_DL,dl,word2vec_cbow frozen Embedding (paper TextVectorization),Transformer 4 blocks × 4 heads × head=128 × ff=512 × dropout=0.5 → GAP → softmax,Paper arch+optimizer+EarlyStopping verbatim; batch=1024.,45,1,0.8446601941747572,0.7949333269070111,0.866861316580228,0.7949333269070111,0.8065349044719591,alginate=1.00,galactan=0.36,62.34569430351257
paper_transformer_word2vec_sg,w2vSg__Trans,paper_DL,dl,word2vec_sg frozen Embedding (paper TextVectorization),Transformer 4 blocks × 4 heads × head=128 × ff=512 × dropout=0.5 → GAP → softmax,Paper arch+optimizer+EarlyStopping verbatim; batch=1024.,45,1,0.8155339805825242,0.7931768925518926,0.8100890186072643,0.7931768925518926,0.7935033898849689,alginate=1.00,arabinogalactan=0.57,69.68295407295227
paper_transformer_doc2vec_dm,d2vDm__Trans,paper_DL,dl,doc2vec_dm frozen Embedding (paper TextVectorization),Transformer 4 blocks × 4 heads × head=128 × ff=512 × dropout=0.5 → GAP → softmax,Paper arch+optimizer+EarlyStopping verbatim; batch=1024.,45,1,0.7864077669902912,0.7141381498618341,0.7716016554251848,0.7141381498618341,0.7294465192550706,alginate=1.00,arabinogalactan=0.14,70.96395301818848
ours_CountVec_OvR_ET,cpu__ET500_log2,ours_shallow,shallow,"CountVec_cpu (split ',' '|' '_'; sparse counts)",OvR(ExtraTrees n=500 log2 balanced bootstrap=False),Our tuned CountVec × ExtraTrees winner.,45,2,0.912621359223301,0.9013753534477219,0.9182094226579521,0.9013753534477219,0.9080354620748711,alginate=1.00,galactan=0.71,3.0092930793762207
ours_FastText_OvR_ET,ftCbow_MM__ET500_sqrt,ours_shallow,shallow,FT_cbow mean+max concat 600d (gensim native ft.wv[t]),OvR(ExtraTrees n=500 sqrt balanced bootstrap=False),Our FastText alternative — gensim native API for n-gram OOV.,45,2,0.8786407766990292,0.8607509157509158,0.8791245791245791,0.8607509157509158,0.8626888960699124,alginate=1.00,galactan=0.64,3.0057899951934814
paper_CountVec_BRF,cv__BRF100,paper_shallow,shallow,CountVec_comma_pipe (sparse counts),OvR(BalancedRF n=100 balanced),Paper baseline.,45,2,0.8495145631067961,0.8488320561017928,0.837525411035473,0.8488320561017928,0.8329894619137979,alginate=1.00,arabinogalactan=0.71,1.438424825668335
paper_fasttext_cbow_BRF,ftCbow__BRF100,paper_shallow,shallow,fasttext_cbow mean of word vectors (gensim native wv[t]),OvR(BalancedRF n=100 balanced),Paper fasttext_cbow + BRF (gensim native API; n-gram OOV for FT).,45,2,0.8009708737864077,0.8093849607994344,0.7966511033798017,0.8093849607994344,0.7916578377050403,alpha-mannan=1.00,xylan=0.58,1.3642220497131348
paper_fasttext_sg_BRF,ftSg__BRF100,paper_shallow,shallow,fasttext_sg mean of word vectors (gensim native wv[t]),OvR(BalancedRF n=100 balanced),Paper fasttext_sg + BRF (gensim native API; n-gram OOV for FT).,45,2,0.8009708737864077,0.8009555539489749,0.7845660739043092,0.8009555539489749,0.782861891633215,alginate=1.00,pectin=0.67,1.3856861591339111
paper_word2vec_cbow_BRF,w2vCbow__BRF100,paper_shallow,shallow,word2vec_cbow mean of word vectors (gensim native wv[t]),OvR(BalancedRF n=100 balanced),Paper word2vec_cbow + BRF (gensim native API; n-gram OOV for FT).,45,2,0.7912621359223301,0.796112195552985,0.7891870881965805,0.796112195552985,0.7835539462669615,chitin=0.92,xylan=0.63,1.3475749492645264
paper_word2vec_sg_BRF,w2vSg__BRF100,paper_shallow,shallow,word2vec_sg mean of word vectors (gensim native wv[t]),OvR(BalancedRF n=100 balanced),Paper word2vec_sg + BRF (gensim native API; n-gram OOV for FT).,45,2,0.7961165048543689,0.7933548213482422,0.7876684538780957,0.7933548213482422,0.7804525462996806,alginate=1.00,arabinogalactan=0.57,1.369736909866333
paper_doc2vec_dm_BRF,d2vDm__BRF100,paper_shallow,shallow,doc2vec_dm infer_vector (300d doc vec),OvR(BalancedRF n=100 balanced),Paper doc2vec_dm + BRF (precomputed infer_vector for all 1030 sup).,45,2,0.6067961165048543,0.6171587221258273,0.5800792889028182,0.6171587221258273,0.5860124970545243,alpha-mannan=0.80,beta-mannan=0.43,1.375114917755127
paper_doc2vec_dbow_BRF,d2vDbow__BRF100,paper_shallow,shallow,doc2vec_dbow infer_vector (300d doc vec),OvR(BalancedRF n=100 balanced),Paper doc2vec_dbow + BRF (precomputed infer_vector for all 1030 sup).,45,2,0.7572815533980582,0.8019570561017929,0.7499254948268105,0.8019570561017929,0.7496364746364748,alginate=1.00,pectin=0.52,1.3509130477905273
paper_vanilla_lstm_fasttext_cbow,ftCbow__LSTM,paper_DL,dl,fasttext_cbow frozen Embedding (paper TextVectorization),"LSTM(100, dropout=0.6) + Dense head",Paper arch+optimizer+EarlyStopping verbatim; batch=1024/4096 for non-trans/trans.,45,2,0.6990291262135923,0.6574801988946725,0.6281048006860701,0.6574801988946725,0.6334422187045795,alginate=1.00,fructan=0.00,22.394994974136353
paper_vanilla_lstm_fasttext_sg,ftSg__LSTM,paper_DL,dl,fasttext_sg frozen Embedding (paper TextVectorization),"LSTM(100, dropout=0.6) + Dense head",Paper arch+optimizer+EarlyStopping verbatim; batch=1024/4096 for non-trans/trans.,45,2,0.6796116504854369,0.6120849800784012,0.5987215398980105,0.6120849800784012,0.5749245464208744,alginate=1.00,alpha-mannan=0.00,24.237410068511963
paper_vanilla_lstm_word2vec_cbow,w2vCbow__LSTM,paper_DL,dl,word2vec_cbow frozen Embedding (paper TextVectorization),"LSTM(100, dropout=0.6) + Dense head",Paper arch+optimizer+EarlyStopping verbatim; batch=1024/4096 for non-trans/trans.,45,2,0.6990291262135923,0.6368651998586209,0.6382627557627557,0.6368651998586209,0.6085455375311263,alginate=1.00,alpha-mannan=0.00,18.09209394454956
paper_vanilla_lstm_word2vec_sg,w2vSg__LSTM,paper_DL,dl,word2vec_sg frozen Embedding (paper TextVectorization),"LSTM(100, dropout=0.6) + Dense head",Paper arch+optimizer+EarlyStopping verbatim; batch=1024/4096 for non-trans/trans.,45,2,0.7766990291262136,0.6878389483323694,0.7209831922096074,0.6878389483323694,0.6592014013484363,alginate=1.00,alpha-mannan=0.00,26.28880476951599
paper_vanilla_lstm_doc2vec_dm,d2vDm__LSTM,paper_DL,dl,doc2vec_dm frozen Embedding (paper TextVectorization),"LSTM(100, dropout=0.6) + Dense head",Paper arch+optimizer+EarlyStopping verbatim; batch=1024/4096 for non-trans/trans.,45,2,0.6893203883495146,0.5608099977507873,0.5313644924078412,0.5608099977507873,0.5321766043371975,host glycan=0.94,alginate=0.00,20.964537143707275
paper_lstm_with_attention_fasttext_cbow,ftCbow__LSTMattn,paper_DL,dl,fasttext_cbow frozen Embedding (paper TextVectorization),"LSTM(100, return_seq) + attention head",Paper arch+optimizer+EarlyStopping verbatim; batch=1024/4096 for non-trans/trans.,45,2,0.8252427184466019,0.8145364211811579,0.8229959979160747,0.8145364211811579,0.8122108233756841,alpha-mannan=1.00,beta-mannan=0.57,12.739828109741211
paper_lstm_with_attention_fasttext_sg,ftSg__LSTMattn,paper_DL,dl,fasttext_sg frozen Embedding (paper TextVectorization),"LSTM(100, return_seq) + attention head",Paper arch+optimizer+EarlyStopping verbatim; batch=1024/4096 for non-trans/trans.,45,2,0.8058252427184466,0.7961910786581837,0.8005441481830465,0.7961910786581837,0.7897655807316067,alginate=1.00,beta-mannan=0.57,15.24707293510437
paper_lstm_with_attention_word2vec_cbow,w2vCbow__LSTMattn,paper_DL,dl,word2vec_cbow frozen Embedding (paper TextVectorization),"LSTM(100, return_seq) + attention head",Paper arch+optimizer+EarlyStopping verbatim; batch=1024/4096 for non-trans/trans.,45,2,0.7961165048543689,0.7713681238352291,0.8239751975407713,0.7713681238352291,0.7867953820721615,alginate=1.00,arabinogalactan=0.57,11.333657026290894
paper_lstm_with_attention_word2vec_sg,w2vSg__LSTMattn,paper_DL,dl,word2vec_sg frozen Embedding (paper TextVectorization),"LSTM(100, return_seq) + attention head",Paper arch+optimizer+EarlyStopping verbatim; batch=1024/4096 for non-trans/trans.,45,2,0.8009708737864077,0.7845620863055074,0.7972832404444724,0.7845620863055074,0.7834783961062733,alginate=1.00,beta-mannan=0.64,15.596938133239746
paper_lstm_with_attention_doc2vec_dm,d2vDm__LSTMattn,paper_DL,dl,doc2vec_dm frozen Embedding (paper TextVectorization),"LSTM(100, return_seq) + attention head",Paper arch+optimizer+EarlyStopping verbatim; batch=1024/4096 for non-trans/trans.,45,2,0.8058252427184466,0.7621805716213611,0.8276633089133089,0.7621805716213611,0.7824147761926211,host glycan=0.98,arabinogalactan=0.57,12.156557083129883
paper_just_attention_fasttext_cbow,ftCbow__JustAttn,paper_DL,dl,fasttext_cbow frozen Embedding (paper TextVectorization),non_recurrent_attention (single attention pass),Paper arch+optimizer+EarlyStopping verbatim; batch=1024/4096 for non-trans/trans.,45,2,0.7524271844660194,0.6951567620975516,0.75640618089341,0.6951567620975516,0.7067263386405672,alginate=1.00,alpha-mannan=0.40,43.4780638217926
paper_just_attention_fasttext_sg,ftSg__JustAttn,paper_DL,dl,fasttext_sg frozen Embedding (paper TextVectorization),non_recurrent_attention (single attention pass),Paper arch+optimizer+EarlyStopping verbatim; batch=1024/4096 for non-trans/trans.,45,2,0.7864077669902912,0.8002971772379667,0.8127322847717583,0.8002971772379667,0.7836543735823857,alginate=1.00,beta-mannan=0.50,36.95481824874878
paper_just_attention_word2vec_cbow,w2vCbow__JustAttn,paper_DL,dl,word2vec_cbow frozen Embedding (paper TextVectorization),non_recurrent_attention (single attention pass),Paper arch+optimizer+EarlyStopping verbatim; batch=1024/4096 for non-trans/trans.,45,2,0.7281553398058253,0.7153322810230706,0.7268967978907126,0.7153322810230706,0.7073388184250734,host glycan=0.94,beta-mannan=0.50,23.322113037109375
paper_just_attention_word2vec_sg,w2vSg__JustAttn,paper_DL,dl,word2vec_sg frozen Embedding (paper TextVectorization),non_recurrent_attention (single attention pass),Paper arch+optimizer+EarlyStopping verbatim; batch=1024/4096 for non-trans/trans.,45,2,0.7815533980582524,0.7991281488978856,0.8020460065297023,0.7991281488978856,0.7779546450742103,alginate=1.00,beta-glucan=0.50,29.35053014755249
paper_just_attention_doc2vec_dm,d2vDm__JustAttn,paper_DL,dl,doc2vec_dm frozen Embedding (paper TextVectorization),non_recurrent_attention (single attention pass),Paper arch+optimizer+EarlyStopping verbatim; batch=1024/4096 for non-trans/trans.,45,2,0.7330097087378641,0.7035303402737613,0.7658119072601169,0.7035303402737613,0.7245084116131584,alpha-mannan=1.00,fructan=0.33,17.833022117614746
paper_transformer_fasttext_cbow,ftCbow__Trans,paper_DL,dl,fasttext_cbow frozen Embedding (paper TextVectorization),Transformer 4 blocks × 4 heads × head=128 × ff=512 × dropout=0.5 → GAP → softmax,Paper arch+optimizer+EarlyStopping verbatim; batch=1024.,45,2,0.8252427184466019,0.8154366284300494,0.837962701549658,0.8154366284300494,0.8197642269256297,alginate=1.00,beta-mannan=0.57,59.9278781414032
paper_transformer_fasttext_sg,ftSg__Trans,paper_DL,dl,fasttext_sg frozen Embedding (paper TextVectorization),Transformer 4 blocks × 4 heads × head=128 × ff=512 × dropout=0.5 → GAP → softmax,Paper arch+optimizer+EarlyStopping verbatim; batch=1024.,45,2,0.8252427184466019,0.782460437953859,0.8397601010101011,0.782460437953859,0.7967395349527155,alginate=1.00,arabinogalactan=0.57,74.79871678352356
paper_transformer_word2vec_cbow,w2vCbow__Trans,paper_DL,dl,word2vec_cbow frozen Embedding (paper TextVectorization),Transformer 4 blocks × 4 heads × head=128 × ff=512 × dropout=0.5 → GAP → softmax,Paper arch+optimizer+EarlyStopping verbatim; batch=1024.,45,2,0.8300970873786407,0.8139103769037979,0.8274928034081354,0.8139103769037979,0.8137130753473304,alginate=1.00,beta-mannan=0.57,64.51286101341248
paper_transformer_word2vec_sg,w2vSg__Trans,paper_DL,dl,word2vec_sg frozen Embedding (paper TextVectorization),Transformer 4 blocks × 4 heads × head=128 × ff=512 × dropout=0.5 → GAP → softmax,Paper arch+optimizer+EarlyStopping verbatim; batch=1024.,45,2,0.7718446601941747,0.7404862316046527,0.8031336593777296,0.7404862316046527,0.751221230696934,alginate=1.00,arabinogalactan=0.43,73.5674421787262
paper_transformer_doc2vec_dm,d2vDm__Trans,paper_DL,dl,doc2vec_dm frozen Embedding (paper TextVectorization),Transformer 4 blocks × 4 heads × head=128 × ff=512 × dropout=0.5 → GAP → softmax,Paper arch+optimizer+EarlyStopping verbatim; batch=1024.,45,2,0.7184466019417476,0.694509912602018,0.726609950544041,0.694509912602018,0.7008115497271019,alginate=1.00,galactan=0.43,59.74456000328064
ours_CountVec_OvR_ET,cpu__ET500_log2,ours_shallow,shallow,"CountVec_cpu (split ',' '|' '_'; sparse counts)",OvR(ExtraTrees n=500 log2 balanced bootstrap=False),Our tuned CountVec × ExtraTrees winner.,45,3,0.9271844660194175,0.9064178876678876,0.9213481620718462,0.9064178876678876,0.9116395075722141,alginate=1.00,fructan=0.57,3.102454900741577
ours_FastText_OvR_ET,ftCbow_MM__ET500_sqrt,ours_shallow,shallow,FT_cbow mean+max concat 600d (gensim native ft.wv[t]),OvR(ExtraTrees n=500 sqrt balanced bootstrap=False),Our FastText alternative — gensim native API for n-gram OOV.,45,3,0.9223300970873787,0.9012591575091574,0.9197947141819691,0.9012591575091574,0.9081525452637801,alginate=1.00,fructan=0.71,3.078342914581299
paper_CountVec_BRF,cv__BRF100,paper_shallow,shallow,CountVec_comma_pipe (sparse counts),OvR(BalancedRF n=100 balanced),Paper baseline.,45,3,0.8592233009708737,0.8608847171347173,0.8338554440728355,0.8608847171347173,0.8408621871563664,alpha-mannan=1.00,beta-mannan=0.71,1.4479143619537354
paper_fasttext_cbow_BRF,ftCbow__BRF100,paper_shallow,shallow,fasttext_cbow mean of word vectors (gensim native wv[t]),OvR(BalancedRF n=100 balanced),Paper fasttext_cbow + BRF (gensim native API; n-gram OOV for FT).,45,3,0.8883495145631068,0.8956043956043956,0.8712429257506162,0.8956043956043956,0.8785696470584242,alginate=1.00,arabinogalactan=0.75,1.3916149139404297
paper_fasttext_sg_BRF,ftSg__BRF100,paper_shallow,shallow,fasttext_sg mean of word vectors (gensim native wv[t]),OvR(BalancedRF n=100 balanced),Paper fasttext_sg + BRF (gensim native API; n-gram OOV for FT).,45,3,0.8398058252427184,0.8288079975579975,0.7908540297370085,0.8288079975579975,0.8015163239121016,alginate=1.00,beta-mannan=0.50,1.3922019004821777
paper_word2vec_cbow_BRF,w2vCbow__BRF100,paper_shallow,shallow,word2vec_cbow mean of word vectors (gensim native wv[t]),OvR(BalancedRF n=100 balanced),Paper word2vec_cbow + BRF (gensim native API; n-gram OOV for FT).,45,3,0.8349514563106796,0.8490346459096458,0.7993819406290802,0.8490346459096458,0.8144587841426681,alginate=1.00,arabinogalactan=0.62,1.373521089553833
paper_word2vec_sg_BRF,w2vSg__BRF100,paper_shallow,shallow,word2vec_sg mean of word vectors (gensim native wv[t]),OvR(BalancedRF n=100 balanced),Paper word2vec_sg + BRF (gensim native API; n-gram OOV for FT).,45,3,0.8349514563106796,0.8395604395604397,0.7969889998393699,0.8395604395604397,0.8068294287892194,alginate=1.00,arabinogalactan=0.62,1.4038889408111572
paper_doc2vec_dm_BRF,d2vDm__BRF100,paper_shallow,shallow,doc2vec_dm infer_vector (300d doc vec),OvR(BalancedRF n=100 balanced),Paper doc2vec_dm + BRF (precomputed infer_vector for all 1030 sup).,45,3,0.6067961165048543,0.6017526455026455,0.6080986591880235,0.6017526455026455,0.5934178951111387,alpha-mannan=1.00,fructan=0.29,1.3934497833251953
paper_doc2vec_dbow_BRF,d2vDbow__BRF100,paper_shallow,shallow,doc2vec_dbow infer_vector (300d doc vec),OvR(BalancedRF n=100 balanced),Paper doc2vec_dbow + BRF (precomputed infer_vector for all 1030 sup).,45,3,0.7621359223300971,0.7846166564916565,0.7270339212444474,0.7846166564916565,0.7454541943118334,alpha-mannan=1.00,beta-mannan=0.57,1.3664562702178955
paper_vanilla_lstm_fasttext_cbow,ftCbow__LSTM,paper_DL,dl,fasttext_cbow frozen Embedding (paper TextVectorization),"LSTM(100, dropout=0.6) + Dense head",Paper arch+optimizer+EarlyStopping verbatim; batch=1024/4096 for non-trans/trans.,45,3,0.6796116504854369,0.5457036019536019,0.5152603465729969,0.5457036019536019,0.523805216117608,alginate=1.00,alpha-mannan=0.00,21.356087684631348
paper_vanilla_lstm_fasttext_sg,ftSg__LSTM,paper_DL,dl,fasttext_sg frozen Embedding (paper TextVectorization),"LSTM(100, dropout=0.6) + Dense head",Paper arch+optimizer+EarlyStopping verbatim; batch=1024/4096 for non-trans/trans.,45,3,0.8300970873786407,0.7411210317460318,0.7631900901386196,0.7411210317460318,0.7330363998677708,alginate=1.00,arabinogalactan=0.00,24.345428943634033
paper_vanilla_lstm_word2vec_cbow,w2vCbow__LSTM,paper_DL,dl,word2vec_cbow frozen Embedding (paper TextVectorization),"LSTM(100, dropout=0.6) + Dense head",Paper arch+optimizer+EarlyStopping verbatim; batch=1024/4096 for non-trans/trans.,45,3,0.7766990291262136,0.6863095238095238,0.7409883106311677,0.6863095238095238,0.6791974786429021,alginate=1.00,fructan=0.00,21.403398990631104
paper_vanilla_lstm_word2vec_sg,w2vSg__LSTM,paper_DL,dl,word2vec_sg frozen Embedding (paper TextVectorization),"LSTM(100, dropout=0.6) + Dense head",Paper arch+optimizer+EarlyStopping verbatim; batch=1024/4096 for non-trans/trans.,45,3,0.7864077669902912,0.7285485347985349,0.772604821802935,0.7285485347985349,0.730514485884667,alginate=1.00,beta-mannan=0.14,35.56492805480957
paper_vanilla_lstm_doc2vec_dm,d2vDm__LSTM,paper_DL,dl,doc2vec_dm frozen Embedding (paper TextVectorization),"LSTM(100, dropout=0.6) + Dense head",Paper arch+optimizer+EarlyStopping verbatim; batch=1024/4096 for non-trans/trans.,45,3,0.6019417475728155,0.4299679487179487,0.3461708154781527,0.4299679487179487,0.3782276256113964,alginate=1.00,alpha-mannan=0.00,16.731498956680298
paper_lstm_with_attention_fasttext_cbow,ftCbow__LSTMattn,paper_DL,dl,fasttext_cbow frozen Embedding (paper TextVectorization),"LSTM(100, return_seq) + attention head",Paper arch+optimizer+EarlyStopping verbatim; batch=1024/4096 for non-trans/trans.,45,3,0.8689320388349514,0.8542735042735042,0.8472603785103786,0.8542735042735042,0.845407607642052,alginate=1.00,arabinogalactan=0.38,13.368582963943481
paper_lstm_with_attention_fasttext_sg,ftSg__LSTMattn,paper_DL,dl,fasttext_sg frozen Embedding (paper TextVectorization),"LSTM(100, return_seq) + attention head",Paper arch+optimizer+EarlyStopping verbatim; batch=1024/4096 for non-trans/trans.,45,3,0.8446601941747572,0.7914186507936508,0.8414195152038402,0.7914186507936508,0.785133745150619,alginate=1.00,fructan=0.14,14.393829107284546
paper_lstm_with_attention_word2vec_cbow,w2vCbow__LSTMattn,paper_DL,dl,word2vec_cbow frozen Embedding (paper TextVectorization),"LSTM(100, return_seq) + attention head",Paper arch+optimizer+EarlyStopping verbatim; batch=1024/4096 for non-trans/trans.,45,3,0.8398058252427184,0.7986988705738707,0.8334243065867386,0.7986988705738707,0.8111856969286948,alginate=1.00,arabinogalactan=0.38,13.548166990280151
paper_lstm_with_attention_word2vec_sg,w2vSg__LSTMattn,paper_DL,dl,word2vec_sg frozen Embedding (paper TextVectorization),"LSTM(100, return_seq) + attention head",Paper arch+optimizer+EarlyStopping verbatim; batch=1024/4096 for non-trans/trans.,45,3,0.8398058252427184,0.8167735042735043,0.8156451881451882,0.8167735042735043,0.8143504825440643,alginate=1.00,arabinogalactan=0.50,13.406371116638184
paper_lstm_with_attention_doc2vec_dm,d2vDm__LSTMattn,paper_DL,dl,doc2vec_dm frozen Embedding (paper TextVectorization),"LSTM(100, return_seq) + attention head",Paper arch+optimizer+EarlyStopping verbatim; batch=1024/4096 for non-trans/trans.,45,3,0.8300970873786407,0.7952648046398046,0.8027582351477128,0.7952648046398046,0.7886151374280451,alginate=1.00,arabinogalactan=0.25,12.091860055923462
paper_just_attention_fasttext_cbow,ftCbow__JustAttn,paper_DL,dl,fasttext_cbow frozen Embedding (paper TextVectorization),non_recurrent_attention (single attention pass),Paper arch+optimizer+EarlyStopping verbatim; batch=1024/4096 for non-trans/trans.,45,3,0.7718446601941747,0.746195818070818,0.7752038349077823,0.746195818070818,0.7469625706980358,alginate=1.00,fructan=0.43,14.965089082717896
paper_just_attention_fasttext_sg,ftSg__JustAttn,paper_DL,dl,fasttext_sg frozen Embedding (paper TextVectorization),non_recurrent_attention (single attention pass),Paper arch+optimizer+EarlyStopping verbatim; batch=1024/4096 for non-trans/trans.,45,3,0.8203883495145631,0.805631868131868,0.8234863575059652,0.805631868131868,0.8109149966484974,alginate=1.00,arabinogalactan=0.50,22.693369150161743
paper_just_attention_word2vec_cbow,w2vCbow__JustAttn,paper_DL,dl,word2vec_cbow frozen Embedding (paper TextVectorization),non_recurrent_attention (single attention pass),Paper arch+optimizer+EarlyStopping verbatim; batch=1024/4096 for non-trans/trans.,45,3,0.8640776699029126,0.8430250305250305,0.8619234707944385,0.8430250305250305,0.8469842080309644,alginate=1.00,fructan=0.57,24.926499843597412
paper_just_attention_word2vec_sg,w2vSg__JustAttn,paper_DL,dl,word2vec_sg frozen Embedding (paper TextVectorization),non_recurrent_attention (single attention pass),Paper arch+optimizer+EarlyStopping verbatim; batch=1024/4096 for non-trans/trans.,45,3,0.8300970873786407,0.8382593101343101,0.82751514454413,0.8382593101343101,0.8302142586625432,alginate=1.00,beta-mannan=0.71,24.90634775161743
paper_just_attention_doc2vec_dm,d2vDm__JustAttn,paper_DL,dl,doc2vec_dm frozen Embedding (paper TextVectorization),non_recurrent_attention (single attention pass),Paper arch+optimizer+EarlyStopping verbatim; batch=1024/4096 for non-trans/trans.,45,3,0.7864077669902912,0.7765580484330484,0.7820276996949497,0.7765580484330484,0.7673093351671838,fructan=1.00,alpha-mannan=0.50,15.933164834976196
paper_transformer_fasttext_cbow,ftCbow__Trans,paper_DL,dl,fasttext_cbow frozen Embedding (paper TextVectorization),Transformer 4 blocks × 4 heads × head=128 × ff=512 × dropout=0.5 → GAP → softmax,Paper arch+optimizer+EarlyStopping verbatim; batch=1024.,45,3,0.8495145631067961,0.8305059523809525,0.8474100746135047,0.8305059523809525,0.8309756171645759,alginate=1.00,arabinogalactan=0.38,55.88971304893494
paper_transformer_fasttext_sg,ftSg__Trans,paper_DL,dl,fasttext_sg frozen Embedding (paper TextVectorization),Transformer 4 blocks × 4 heads × head=128 × ff=512 × dropout=0.5 → GAP → softmax,Paper arch+optimizer+EarlyStopping verbatim; batch=1024.,45,3,0.8106796116504854,0.8028159340659339,0.7758859234320932,0.8028159340659339,0.7822641566070918,alginate=1.00,arabinogalactan=0.38,69.93122291564941
paper_transformer_word2vec_cbow,w2vCbow__Trans,paper_DL,dl,word2vec_cbow frozen Embedding (paper TextVectorization),Transformer 4 blocks × 4 heads × head=128 × ff=512 × dropout=0.5 → GAP → softmax,Paper arch+optimizer+EarlyStopping verbatim; batch=1024.,45,3,0.8398058252427184,0.7984317765567766,0.8274077748165549,0.7984317765567766,0.7922549911619289,alginate=1.00,fructan=0.29,71.20989918708801
paper_transformer_word2vec_sg,w2vSg__Trans,paper_DL,dl,word2vec_sg frozen Embedding (paper TextVectorization),Transformer 4 blocks × 4 heads × head=128 × ff=512 × dropout=0.5 → GAP → softmax,Paper arch+optimizer+EarlyStopping verbatim; batch=1024.,45,3,0.8106796116504854,0.7826465201465203,0.8306496164392584,0.7826465201465203,0.7906503491976049,alginate=1.00,fructan=0.29,77.31065487861633
paper_transformer_doc2vec_dm,d2vDm__Trans,paper_DL,dl,doc2vec_dm frozen Embedding (paper TextVectorization),Transformer 4 blocks × 4 heads × head=128 × ff=512 × dropout=0.5 → GAP → softmax,Paper arch+optimizer+EarlyStopping verbatim; batch=1024.,45,3,0.8689320388349514,0.8594322344322344,0.8670468508975823,0.8594322344322344,0.8607727497890935,alginate=1.00,beta-glucan=0.71,94.62816214561462
ours_CountVec_OvR_ET,cpu__ET500_log2,ours_shallow,shallow,"CountVec_cpu (split ',' '|' '_'; sparse counts)",OvR(ExtraTrees n=500 log2 balanced bootstrap=False),Our tuned CountVec × ExtraTrees winner.,45,4,0.8883495145631068,0.8478365384615386,0.8955459522990483,0.8478365384615386,0.8552554645396099,alginate=1.00,arabinogalactan=0.43,3.0316920280456543
ours_FastText_OvR_ET,ftCbow_MM__ET500_sqrt,ours_shallow,shallow,FT_cbow mean+max concat 600d (gensim native ft.wv[t]),OvR(ExtraTrees n=500 sqrt balanced bootstrap=False),Our FastText alternative — gensim native API for n-gram OOV.,45,4,0.8932038834951457,0.8510309829059829,0.9066253576670243,0.8510309829059829,0.8614232449649116,alginate=1.00,arabinogalactan=0.43,2.9467990398406982
paper_CountVec_BRF,cv__BRF100,paper_shallow,shallow,CountVec_comma_pipe (sparse counts),OvR(BalancedRF n=100 balanced),Paper baseline.,45,4,0.8009708737864077,0.7896431115181116,0.7907978972787295,0.7896431115181116,0.776330671661731,alpha-mannan=1.00,arabinogalactan=0.57,1.4415040016174316
paper_fasttext_cbow_BRF,ftCbow__BRF100,paper_shallow,shallow,fasttext_cbow mean of word vectors (gensim native wv[t]),OvR(BalancedRF n=100 balanced),Paper fasttext_cbow + BRF (gensim native API; n-gram OOV for FT).,45,4,0.8300970873786407,0.8072909035409035,0.8170835101404742,0.8072909035409035,0.8033660873334784,alginate=1.00,arabinogalactan=0.57,1.3710410594940186
paper_fasttext_sg_BRF,ftSg__BRF100,paper_shallow,shallow,fasttext_sg mean of word vectors (gensim native wv[t]),OvR(BalancedRF n=100 balanced),Paper fasttext_sg + BRF (gensim native API; n-gram OOV for FT).,45,4,0.7864077669902912,0.7836660561660561,0.7636941812213552,0.7836660561660561,0.7594725279806961,alginate=1.00,arabinogalactan=0.43,1.3802878856658936
paper_word2vec_cbow_BRF,w2vCbow__BRF100,paper_shallow,shallow,word2vec_cbow mean of word vectors (gensim native wv[t]),OvR(BalancedRF n=100 balanced),Paper word2vec_cbow + BRF (gensim native API; n-gram OOV for FT).,45,4,0.7912621359223301,0.807894536019536,0.7754973902886789,0.807894536019536,0.7870289020335708,alginate=1.00,arabinogalactan=0.57,1.3528618812561035
paper_word2vec_sg_BRF,w2vSg__BRF100,paper_shallow,shallow,word2vec_sg mean of word vectors (gensim native wv[t]),OvR(BalancedRF n=100 balanced),Paper word2vec_sg + BRF (gensim native API; n-gram OOV for FT).,45,4,0.8058252427184466,0.819629884004884,0.7867629592629592,0.819629884004884,0.7945813019981817,alginate=1.00,xylan=0.65,1.3825929164886475
paper_doc2vec_dm_BRF,d2vDm__BRF100,paper_shallow,shallow,doc2vec_dm infer_vector (300d doc vec),OvR(BalancedRF n=100 balanced),Paper doc2vec_dm + BRF (precomputed infer_vector for all 1030 sup).,45,4,0.5970873786407767,0.5675724969474969,0.560482262565596,0.5675724969474969,0.5539129826243951,chitin=0.92,beta-mannan=0.21,1.3793261051177979
paper_doc2vec_dbow_BRF,d2vDbow__BRF100,paper_shallow,shallow,doc2vec_dbow infer_vector (300d doc vec),OvR(BalancedRF n=100 balanced),Paper doc2vec_dbow + BRF (precomputed infer_vector for all 1030 sup).,45,4,0.7475728155339806,0.7179136141636141,0.6886414007894285,0.7179136141636141,0.6939888897085075,alginate=1.00,arabinogalactan=0.29,1.3707818984985352
paper_vanilla_lstm_fasttext_cbow,ftCbow__LSTM,paper_DL,dl,fasttext_cbow frozen Embedding (paper TextVectorization),"LSTM(100, dropout=0.6) + Dense head",Paper arch+optimizer+EarlyStopping verbatim; batch=1024/4096 for non-trans/trans.,45,4,0.587378640776699,0.4799740537240538,0.4301440875740075,0.4799740537240538,0.44446191154834785,alginate=1.00,alpha-mannan=0.00,20.42885708808899
paper_vanilla_lstm_fasttext_sg,ftSg__LSTM,paper_DL,dl,fasttext_sg frozen Embedding (paper TextVectorization),"LSTM(100, dropout=0.6) + Dense head",Paper arch+optimizer+EarlyStopping verbatim; batch=1024/4096 for non-trans/trans.,45,4,0.6456310679611651,0.5455731074481075,0.5764318918629263,0.5455731074481075,0.5429786731432635,alginate=1.00,arabinogalactan=0.00,26.69063973426819
paper_vanilla_lstm_word2vec_cbow,w2vCbow__LSTM,paper_DL,dl,word2vec_cbow frozen Embedding (paper TextVectorization),"LSTM(100, dropout=0.6) + Dense head",Paper arch+optimizer+EarlyStopping verbatim; batch=1024/4096 for non-trans/trans.,45,4,0.5679611650485437,0.43638736263736266,0.3747051559551559,0.43638736263736266,0.3852390856247799,chitin=1.00,alginate=0.00,21.08712387084961
paper_vanilla_lstm_word2vec_sg,w2vSg__LSTM,paper_DL,dl,word2vec_sg frozen Embedding (paper TextVectorization),"LSTM(100, dropout=0.6) + Dense head",Paper arch+optimizer+EarlyStopping verbatim; batch=1024/4096 for non-trans/trans.,45,4,0.7378640776699029,0.7053250915750916,0.7245386557886557,0.7053250915750916,0.703632861391482,alginate=1.00,arabinogalactan=0.14,25.646137714385986
paper_vanilla_lstm_doc2vec_dm,d2vDm__LSTM,paper_DL,dl,doc2vec_dm frozen Embedding (paper TextVectorization),"LSTM(100, dropout=0.6) + Dense head",Paper arch+optimizer+EarlyStopping verbatim; batch=1024/4096 for non-trans/trans.,45,4,0.6747572815533981,0.614520757020757,0.5746973705307039,0.614520757020757,0.5796370870445049,alginate=1.00,arabinogalactan=0.00,21.01425075531006
paper_lstm_with_attention_fasttext_cbow,ftCbow__LSTMattn,paper_DL,dl,fasttext_cbow frozen Embedding (paper TextVectorization),"LSTM(100, return_seq) + attention head",Paper arch+optimizer+EarlyStopping verbatim; batch=1024/4096 for non-trans/trans.,45,4,0.8349514563106796,0.7892849511599512,0.8411998132586369,0.7892849511599512,0.8063079732266747,alginate=1.00,fructan=0.50,15.719377756118774
paper_lstm_with_attention_fasttext_sg,ftSg__LSTMattn,paper_DL,dl,fasttext_sg frozen Embedding (paper TextVectorization),"LSTM(100, return_seq) + attention head",Paper arch+optimizer+EarlyStopping verbatim; batch=1024/4096 for non-trans/trans.,45,4,0.8155339805825242,0.7906043956043959,0.8423857905589491,0.7906043956043959,0.8030905664965138,alginate=1.00,fructan=0.50,17.037389039993286
paper_lstm_with_attention_word2vec_cbow,w2vCbow__LSTMattn,paper_DL,dl,word2vec_cbow frozen Embedding (paper TextVectorization),"LSTM(100, return_seq) + attention head",Paper arch+optimizer+EarlyStopping verbatim; batch=1024/4096 for non-trans/trans.,45,4,0.8155339805825242,0.7915071733821734,0.8360606256666041,0.7915071733821734,0.8053968644316378,alginate=1.00,beta-mannan=0.57,13.406137943267822
paper_lstm_with_attention_word2vec_sg,w2vSg__LSTMattn,paper_DL,dl,word2vec_sg frozen Embedding (paper TextVectorization),"LSTM(100, return_seq) + attention head",Paper arch+optimizer+EarlyStopping verbatim; batch=1024/4096 for non-trans/trans.,45,4,0.8106796116504854,0.7769238400488402,0.8135776380388449,0.7769238400488402,0.7828888203576635,alginate=1.00,fructan=0.33,18.26614499092102
paper_lstm_with_attention_doc2vec_dm,d2vDm__LSTMattn,paper_DL,dl,doc2vec_dm frozen Embedding (paper TextVectorization),"LSTM(100, return_seq) + attention head",Paper arch+optimizer+EarlyStopping verbatim; batch=1024/4096 for non-trans/trans.,45,4,0.8203883495145631,0.7992544261294262,0.8123387116901268,0.7992544261294262,0.7998450181667224,alginate=1.00,galactan=0.60,16.641644716262817
paper_just_attention_fasttext_cbow,ftCbow__JustAttn,paper_DL,dl,fasttext_cbow frozen Embedding (paper TextVectorization),non_recurrent_attention (single attention pass),Paper arch+optimizer+EarlyStopping verbatim; batch=1024/4096 for non-trans/trans.,45,4,0.8155339805825242,0.7907615995115994,0.8304407582665562,0.7907615995115994,0.8021635217642479,alginate=1.00,fructan=0.50,25.179392099380493
paper_just_attention_fasttext_sg,ftSg__JustAttn,paper_DL,dl,fasttext_sg frozen Embedding (paper TextVectorization),non_recurrent_attention (single attention pass),Paper arch+optimizer+EarlyStopping verbatim; batch=1024/4096 for non-trans/trans.,45,4,0.7815533980582524,0.783240231990232,0.7611312298812299,0.783240231990232,0.7640722381738715,alginate=1.00,arabinogalactan=0.57,31.761711835861206
paper_just_attention_word2vec_cbow,w2vCbow__JustAttn,paper_DL,dl,word2vec_cbow frozen Embedding (paper TextVectorization),non_recurrent_attention (single attention pass),Paper arch+optimizer+EarlyStopping verbatim; batch=1024/4096 for non-trans/trans.,45,4,0.7912621359223301,0.7864041514041514,0.801940727249764,0.7864041514041514,0.7855956385382146,alginate=1.00,arabinogalactan=0.57,29.5921847820282
paper_just_attention_word2vec_sg,w2vSg__JustAttn,paper_DL,dl,word2vec_sg frozen Embedding (paper TextVectorization),non_recurrent_attention (single attention pass),Paper arch+optimizer+EarlyStopping verbatim; batch=1024/4096 for non-trans/trans.,45,4,0.7718446601941747,0.7809058302808304,0.7630498221482457,0.7809058302808304,0.7626155986290365,alginate=1.00,arabinogalactan=0.57,32.100778102874756
paper_just_attention_doc2vec_dm,d2vDm__JustAttn,paper_DL,dl,doc2vec_dm frozen Embedding (paper TextVectorization),non_recurrent_attention (single attention pass),Paper arch+optimizer+EarlyStopping verbatim; batch=1024/4096 for non-trans/trans.,45,4,0.7330097087378641,0.6769696275946275,0.7138463718820862,0.6769696275946275,0.6788953915257453,alginate=1.00,alpha-mannan=0.25,27.66404390335083
paper_transformer_fasttext_cbow,ftCbow__Trans,paper_DL,dl,fasttext_cbow frozen Embedding (paper TextVectorization),Transformer 4 blocks × 4 heads × head=128 × ff=512 × dropout=0.5 → GAP → softmax,Paper arch+optimizer+EarlyStopping verbatim; batch=1024.,45,4,0.7864077669902912,0.7905418192918193,0.7778919340973219,0.7905418192918193,0.7751736557502813,alginate=1.00,beta-mannan=0.64,59.72840595245361
paper_transformer_fasttext_sg,ftSg__Trans,paper_DL,dl,fasttext_sg frozen Embedding (paper TextVectorization),Transformer 4 blocks × 4 heads × head=128 × ff=512 × dropout=0.5 → GAP → softmax,Paper arch+optimizer+EarlyStopping verbatim; batch=1024.,45,4,0.8300970873786407,0.7847000915750916,0.8382918529364608,0.7847000915750916,0.8045879550259345,alginate=1.00,fructan=0.50,93.56948208808899
paper_transformer_word2vec_cbow,w2vCbow__Trans,paper_DL,dl,word2vec_cbow frozen Embedding (paper TextVectorization),Transformer 4 blocks × 4 heads × head=128 × ff=512 × dropout=0.5 → GAP → softmax,Paper arch+optimizer+EarlyStopping verbatim; batch=1024.,45,4,0.7961165048543689,0.7992246642246642,0.7757713139518948,0.7992246642246642,0.7843750170170419,alginate=1.00,arabinogalactan=0.57,76.52260208129883
paper_transformer_word2vec_sg,w2vSg__Trans,paper_DL,dl,word2vec_sg frozen Embedding (paper TextVectorization),Transformer 4 blocks × 4 heads × head=128 × ff=512 × dropout=0.5 → GAP → softmax,Paper arch+optimizer+EarlyStopping verbatim; batch=1024.,45,4,0.8543689320388349,0.8166460622710622,0.8268874344609639,0.8166460622710622,0.8186410280071854,alginate=1.00,beta-mannan=0.57,119.36475706100464
paper_transformer_doc2vec_dm,d2vDm__Trans,paper_DL,dl,doc2vec_dm frozen Embedding (paper TextVectorization),Transformer 4 blocks × 4 heads × head=128 × ff=512 × dropout=0.5 → GAP → softmax,Paper arch+optimizer+EarlyStopping verbatim; batch=1024.,45,4,0.7961165048543689,0.7907326007326007,0.7756835677094297,0.7907326007326007,0.763992993756533,alginate=1.00,arabinogalactan=0.29,86.70209002494812
ours_CountVec_OvR_ET,cpu__ET500_log2,ours_shallow,shallow,"CountVec_cpu (split ',' '|' '_'; sparse counts)",OvR(ExtraTrees n=500 log2 balanced bootstrap=False),Our tuned CountVec × ExtraTrees winner.,46,0,0.8932038834951457,0.868104797249534,0.9061524894858227,0.868104797249534,0.8838661066602244,alginate=1.00,fructan=0.50,3.064924955368042
ours_FastText_OvR_ET,ftCbow_MM__ET500_sqrt,ours_shallow,shallow,FT_cbow mean+max concat 600d (gensim native ft.wv[t]),OvR(ExtraTrees n=500 sqrt balanced bootstrap=False),Our FastText alternative — gensim native API for n-gram OOV.,46,0,0.8932038834951457,0.8665663357110724,0.9128952079742308,0.8665663357110724,0.8850632210926329,alginate=1.00,fructan=0.50,3.0832109451293945
paper_CountVec_BRF,cv__BRF100,paper_shallow,shallow,CountVec_comma_pipe (sparse counts),OvR(BalancedRF n=100 balanced),Paper baseline.,46,0,0.8495145631067961,0.8271318119015487,0.8659633190883191,0.8271318119015487,0.8395925706794928,alginate=1.00,arabinogalactan=0.57,1.447997808456421
paper_fasttext_cbow_BRF,ftCbow__BRF100,paper_shallow,shallow,fasttext_cbow mean of word vectors (gensim native wv[t]),OvR(BalancedRF n=100 balanced),Paper fasttext_cbow + BRF (gensim native API; n-gram OOV for FT).,46,0,0.8009708737864077,0.7655741918899815,0.7910153185515504,0.7655741918899815,0.7714934609504701,alpha-mannan=1.00,galactan=0.47,1.3867850303649902
paper_fasttext_sg_BRF,ftSg__BRF100,paper_shallow,shallow,fasttext_sg mean of word vectors (gensim native wv[t]),OvR(BalancedRF n=100 balanced),Paper fasttext_sg + BRF (gensim native API; n-gram OOV for FT).,46,0,0.8203883495145631,0.7860145154553049,0.784708576447707,0.7860145154553049,0.778903772901558,alginate=1.00,fructan=0.33,1.3982651233673096
paper_word2vec_cbow_BRF,w2vCbow__BRF100,paper_shallow,shallow,word2vec_cbow mean of word vectors (gensim native wv[t]),OvR(BalancedRF n=100 balanced),Paper word2vec_cbow + BRF (gensim native API; n-gram OOV for FT).,46,0,0.8155339805825242,0.8029709690893901,0.8059538153741053,0.8029709690893901,0.7935614854056317,alginate=1.00,galactan=0.47,1.382615089416504
paper_word2vec_sg_BRF,w2vSg__BRF100,paper_shallow,shallow,word2vec_sg mean of word vectors (gensim native wv[t]),OvR(BalancedRF n=100 balanced),Paper word2vec_sg + BRF (gensim native API; n-gram OOV for FT).,46,0,0.8398058252427184,0.8177331550028918,0.8330707966609502,0.8177331550028918,0.8197079019172042,alginate=1.00,galactan=0.53,1.3784680366516113
paper_doc2vec_dm_BRF,d2vDm__BRF100,paper_shallow,shallow,doc2vec_dm infer_vector (300d doc vec),OvR(BalancedRF n=100 balanced),Paper doc2vec_dm + BRF (precomputed infer_vector for all 1030 sup).,46,0,0.5776699029126213,0.5353240874622454,0.5919686830539543,0.5353240874622454,0.5117502968046447,chitin=0.85,galactan=0.07,1.407170057296753
paper_doc2vec_dbow_BRF,d2vDbow__BRF100,paper_shallow,shallow,doc2vec_dbow infer_vector (300d doc vec),OvR(BalancedRF n=100 balanced),Paper doc2vec_dbow + BRF (precomputed infer_vector for all 1030 sup).,46,0,0.7621359223300971,0.7201013350684403,0.7059212441437506,0.7201013350684403,0.6996789759394803,alginate=1.00,galactan=0.40,1.3928818702697754
paper_vanilla_lstm_fasttext_cbow,ftCbow__LSTM,paper_DL,dl,fasttext_cbow frozen Embedding (paper TextVectorization),"LSTM(100, dropout=0.6) + Dense head",Paper arch+optimizer+EarlyStopping verbatim; batch=1024/4096 for non-trans/trans.,46,0,0.6553398058252428,0.5071502474134053,0.493877391492523,0.5071502474134053,0.4892230858692428,alginate=1.00,alpha-mannan=0.00,21.46616220474243
paper_vanilla_lstm_fasttext_sg,ftSg__LSTM,paper_DL,dl,fasttext_sg frozen Embedding (paper TextVectorization),"LSTM(100, dropout=0.6) + Dense head",Paper arch+optimizer+EarlyStopping verbatim; batch=1024/4096 for non-trans/trans.,46,0,0.7475728155339806,0.6083898448043185,0.6116922511222754,0.6083898448043185,0.6042290436558622,alginate=1.00,alpha-mannan=0.00,26.727375984191895
paper_vanilla_lstm_word2vec_cbow,w2vCbow__LSTM,paper_DL,dl,word2vec_cbow frozen Embedding (paper TextVectorization),"LSTM(100, dropout=0.6) + Dense head",Paper arch+optimizer+EarlyStopping verbatim; batch=1024/4096 for non-trans/trans.,46,0,0.6407766990291263,0.478380687295161,0.4228754925629925,0.478380687295161,0.4411738053010998,host glycan=0.90,alginate=0.00,21.139374017715454
paper_vanilla_lstm_word2vec_sg,w2vSg__LSTM,paper_DL,dl,word2vec_sg frozen Embedding (paper TextVectorization),"LSTM(100, dropout=0.6) + Dense head",Paper arch+optimizer+EarlyStopping verbatim; batch=1024/4096 for non-trans/trans.,46,0,0.6310679611650486,0.42388635852451634,0.3619494221056721,0.42388635852451634,0.37953094331469456,alpha-glucan=1.00,alginate=0.00,16.814992904663086
paper_vanilla_lstm_doc2vec_dm,d2vDm__LSTM,paper_DL,dl,doc2vec_dm frozen Embedding (paper TextVectorization),"LSTM(100, dropout=0.6) + Dense head",Paper arch+optimizer+EarlyStopping verbatim; batch=1024/4096 for non-trans/trans.,46,0,0.5922330097087378,0.44611645299145297,0.4196203635499121,0.44611645299145297,0.400187086593425,alpha-glucan=0.92,alpha-mannan=0.00,17.554028034210205
paper_lstm_with_attention_fasttext_cbow,ftCbow__LSTMattn,paper_DL,dl,fasttext_cbow frozen Embedding (paper TextVectorization),"LSTM(100, return_seq) + attention head",Paper arch+optimizer+EarlyStopping verbatim; batch=1024/4096 for non-trans/trans.,46,0,0.8203883495145631,0.773266780733886,0.818033586783587,0.773266780733886,0.7899909140713529,alginate=1.00,fructan=0.33,12.685978174209595
paper_lstm_with_attention_fasttext_sg,ftSg__LSTMattn,paper_DL,dl,fasttext_sg frozen Embedding (paper TextVectorization),"LSTM(100, return_seq) + attention head",Paper arch+optimizer+EarlyStopping verbatim; batch=1024/4096 for non-trans/trans.,46,0,0.8009708737864077,0.7287422080843133,0.784131563804885,0.7287422080843133,0.74536020896315,alginate=1.00,fructan=0.33,16.676530122756958
paper_lstm_with_attention_word2vec_cbow,w2vCbow__LSTMattn,paper_DL,dl,word2vec_cbow frozen Embedding (paper TextVectorization),"LSTM(100, return_seq) + attention head",Paper arch+optimizer+EarlyStopping verbatim; batch=1024/4096 for non-trans/trans.,46,0,0.8058252427184466,0.7545434901355953,0.8263612462528872,0.7545434901355953,0.7814186014040666,alginate=1.00,fructan=0.33,11.698791742324829
paper_lstm_with_attention_word2vec_sg,w2vSg__LSTMattn,paper_DL,dl,word2vec_sg frozen Embedding (paper TextVectorization),"LSTM(100, return_seq) + attention head",Paper arch+optimizer+EarlyStopping verbatim; batch=1024/4096 for non-trans/trans.,46,0,0.7621359223300971,0.678771206863312,0.7989526214526214,0.678771206863312,0.7007973069717753,alpha-glucan=1.00,fructan=0.17,13.316125869750977
paper_lstm_with_attention_doc2vec_dm,d2vDm__LSTMattn,paper_DL,dl,doc2vec_dm frozen Embedding (paper TextVectorization),"LSTM(100, return_seq) + attention head",Paper arch+optimizer+EarlyStopping verbatim; batch=1024/4096 for non-trans/trans.,46,0,0.7912621359223301,0.7452078915236809,0.7591227648245192,0.7452078915236809,0.7425787080357318,alginate=1.00,fructan=0.17,14.670808792114258
paper_just_attention_fasttext_cbow,ftCbow__JustAttn,paper_DL,dl,fasttext_cbow frozen Embedding (paper TextVectorization),non_recurrent_attention (single attention pass),Paper arch+optimizer+EarlyStopping verbatim; batch=1024/4096 for non-trans/trans.,46,0,0.7669902912621359,0.71523793458004,0.8175036417577647,0.71523793458004,0.7496935576224791,alginate=1.00,fructan=0.33,19.655889987945557
paper_just_attention_fasttext_sg,ftSg__JustAttn,paper_DL,dl,fasttext_sg frozen Embedding (paper TextVectorization),non_recurrent_attention (single attention pass),Paper arch+optimizer+EarlyStopping verbatim; batch=1024/4096 for non-trans/trans.,46,0,0.7864077669902912,0.7585499003920056,0.8089788819568232,0.7585499003920056,0.7733134132031191,alginate=1.00,galactan=0.60,32.24719309806824
paper_just_attention_word2vec_cbow,w2vCbow__JustAttn,paper_DL,dl,word2vec_cbow frozen Embedding (paper TextVectorization),non_recurrent_attention (single attention pass),Paper arch+optimizer+EarlyStopping verbatim; batch=1024/4096 for non-trans/trans.,46,0,0.7815533980582524,0.7610684162328899,0.792797832098035,0.7610684162328899,0.771573680948681,alginate=1.00,fructan=0.33,20.953945875167847
paper_just_attention_word2vec_sg,w2vSg__JustAttn,paper_DL,dl,word2vec_sg frozen Embedding (paper TextVectorization),non_recurrent_attention (single attention pass),Paper arch+optimizer+EarlyStopping verbatim; batch=1024/4096 for non-trans/trans.,46,0,0.7815533980582524,0.7485172868067606,0.8123850574712642,0.7485172868067606,0.7657542244292603,host glycan=0.92,xylan=0.58,22.60127091407776
paper_just_attention_doc2vec_dm,d2vDm__JustAttn,paper_DL,dl,doc2vec_dm frozen Embedding (paper TextVectorization),non_recurrent_attention (single attention pass),Paper arch+optimizer+EarlyStopping verbatim; batch=1024/4096 for non-trans/trans.,46,0,0.7961165048543689,0.727536670201144,0.8504216171398834,0.727536670201144,0.7508095050374463,alginate=1.00,fructan=0.17,22.708793878555298
paper_transformer_fasttext_cbow,ftCbow__Trans,paper_DL,dl,fasttext_cbow frozen Embedding (paper TextVectorization),Transformer 4 blocks × 4 heads × head=128 × ff=512 × dropout=0.5 → GAP → softmax,Paper arch+optimizer+EarlyStopping verbatim; batch=1024.,46,0,0.8106796116504854,0.790657091446565,0.8158028433890502,0.790657091446565,0.7895091170576145,alginate=1.00,fructan=0.33,74.22802424430847
paper_transformer_fasttext_sg,ftSg__Trans,paper_DL,dl,fasttext_sg frozen Embedding (paper TextVectorization),Transformer 4 blocks × 4 heads × head=128 × ff=512 × dropout=0.5 → GAP → softmax,Paper arch+optimizer+EarlyStopping verbatim; batch=1024.,46,0,0.8106796116504854,0.7363063106484159,0.8304087361504856,0.7363063106484159,0.763121657282976,alginate=1.00,fructan=0.17,79.27272486686707
paper_transformer_word2vec_cbow,w2vCbow__Trans,paper_DL,dl,word2vec_cbow frozen Embedding (paper TextVectorization),Transformer 4 blocks × 4 heads × head=128 × ff=512 × dropout=0.5 → GAP → softmax,Paper arch+optimizer+EarlyStopping verbatim; batch=1024.,46,0,0.8155339805825242,0.7433840209498105,0.8706136276718174,0.7433840209498105,0.7867989637512963,alginate=1.00,fructan=0.33,69.71355867385864
paper_transformer_word2vec_sg,w2vSg__Trans,paper_DL,dl,word2vec_sg frozen Embedding (paper TextVectorization),Transformer 4 blocks × 4 heads × head=128 × ff=512 × dropout=0.5 → GAP → softmax,Paper arch+optimizer+EarlyStopping verbatim; batch=1024.,46,0,0.7378640776699029,0.6713543875714928,0.7950935326750543,0.6713543875714928,0.7149202477423464,host glycan=0.94,fructan=0.33,73.43743109703064
paper_transformer_doc2vec_dm,d2vDm__Trans,paper_DL,dl,doc2vec_dm frozen Embedding (paper TextVectorization),Transformer 4 blocks × 4 heads × head=128 × ff=512 × dropout=0.5 → GAP → softmax,Paper arch+optimizer+EarlyStopping verbatim; batch=1024.,46,0,0.8009708737864077,0.7579890029561082,0.7986927081679048,0.7579890029561082,0.7728411102511012,alginate=1.00,fructan=0.33,77.99725914001465
ours_CountVec_OvR_ET,cpu__ET500_log2,ours_shallow,shallow,"CountVec_cpu (split ',' '|' '_'; sparse counts)",OvR(ExtraTrees n=500 log2 balanced bootstrap=False),Our tuned CountVec × ExtraTrees winner.,46,1,0.8932038834951457,0.8635607448107447,0.8927712953136165,0.8635607448107447,0.8722299221858583,alginate=1.00,arabinogalactan=0.57,3.0620930194854736
ours_FastText_OvR_ET,ftCbow_MM__ET500_sqrt,ours_shallow,shallow,FT_cbow mean+max concat 600d (gensim native ft.wv[t]),OvR(ExtraTrees n=500 sqrt balanced bootstrap=False),Our FastText alternative — gensim native API for n-gram OOV.,46,1,0.9077669902912622,0.9008658665895508,0.9123799729682083,0.9008658665895508,0.9043601670145939,alginate=1.00,beta-mannan=0.77,2.9914257526397705
paper_CountVec_BRF,cv__BRF100,paper_shallow,shallow,CountVec_comma_pipe (sparse counts),OvR(BalancedRF n=100 balanced),Paper baseline.,46,1,0.8640776699029126,0.8705463177173703,0.8581501314153758,0.8705463177173703,0.853962606095502,alginate=1.00,arabinogalactan=0.57,1.468369960784912
paper_fasttext_cbow_BRF,ftCbow__BRF100,paper_shallow,shallow,fasttext_cbow mean of word vectors (gensim native wv[t]),OvR(BalancedRF n=100 balanced),Paper fasttext_cbow + BRF (gensim native API; n-gram OOV for FT).,46,1,0.8349514563106796,0.8543308591992802,0.8250197180321405,0.8543308591992802,0.8295841428914503,alginate=1.00,beta-mannan=0.69,1.4087989330291748
paper_fasttext_sg_BRF,ftSg__BRF100,paper_shallow,shallow,fasttext_sg mean of word vectors (gensim native wv[t]),OvR(BalancedRF n=100 balanced),Paper fasttext_sg + BRF (gensim native API; n-gram OOV for FT).,46,1,0.8155339805825242,0.8236374590321959,0.7925394135591503,0.8236374590321959,0.7981920240539777,alginate=1.00,beta-mannan=0.62,1.4143390655517578
paper_word2vec_cbow_BRF,w2vCbow__BRF100,paper_shallow,shallow,word2vec_cbow mean of word vectors (gensim native wv[t]),OvR(BalancedRF n=100 balanced),Paper word2vec_cbow + BRF (gensim native API; n-gram OOV for FT).,46,1,0.8300970873786407,0.854480150697256,0.829883658008658,0.854480150697256,0.8333460643544441,alginate=1.00,beta-mannan=0.62,1.4140808582305908
paper_word2vec_sg_BRF,w2vSg__BRF100,paper_shallow,shallow,word2vec_sg mean of word vectors (gensim native wv[t]),OvR(BalancedRF n=100 balanced),Paper word2vec_sg + BRF (gensim native API; n-gram OOV for FT).,46,1,0.8106796116504854,0.8381241565452093,0.8001561175634065,0.8381241565452093,0.8135127224635094,alginate=1.00,galactan=0.64,1.403061866760254
paper_doc2vec_dm_BRF,d2vDm__BRF100,paper_shallow,shallow,doc2vec_dm infer_vector (300d doc vec),OvR(BalancedRF n=100 balanced),Paper doc2vec_dm + BRF (precomputed infer_vector for all 1030 sup).,46,1,0.5922330097087378,0.5919709931880984,0.6133725789975789,0.5919709931880984,0.5775217505000318,alpha-mannan=1.00,beta-glucan=0.40,1.3626422882080078
paper_doc2vec_dbow_BRF,d2vDbow__BRF100,paper_shallow,shallow,doc2vec_dbow infer_vector (300d doc vec),OvR(BalancedRF n=100 balanced),Paper doc2vec_dbow + BRF (precomputed infer_vector for all 1030 sup).,46,1,0.7864077669902912,0.7930689303386672,0.7484208469405838,0.7930689303386672,0.7625205472392173,alginate=1.00,beta-mannan=0.54,1.3603599071502686
paper_vanilla_lstm_fasttext_cbow,ftCbow__LSTM,paper_DL,dl,fasttext_cbow frozen Embedding (paper TextVectorization),"LSTM(100, dropout=0.6) + Dense head",Paper arch+optimizer+EarlyStopping verbatim; batch=1024/4096 for non-trans/trans.,46,1,0.7427184466019418,0.6230699746160272,0.6307004885952255,0.6230699746160272,0.6169642387785919,alginate=1.00,alpha-mannan=0.00,24.417012929916382
paper_vanilla_lstm_fasttext_sg,ftSg__LSTM,paper_DL,dl,fasttext_sg frozen Embedding (paper TextVectorization),"LSTM(100, dropout=0.6) + Dense head",Paper arch+optimizer+EarlyStopping verbatim; batch=1024/4096 for non-trans/trans.,46,1,0.7475728155339806,0.6091131675342202,0.5908398850472021,0.6091131675342202,0.5854798389120591,alginate=1.00,alpha-mannan=0.00,25.35647988319397
paper_vanilla_lstm_word2vec_cbow,w2vCbow__LSTM,paper_DL,dl,word2vec_cbow frozen Embedding (paper TextVectorization),"LSTM(100, dropout=0.6) + Dense head",Paper arch+optimizer+EarlyStopping verbatim; batch=1024/4096 for non-trans/trans.,46,1,0.6699029126213593,0.475167526187263,0.41135885105247844,0.475167526187263,0.436001367632679,alpha-glucan=0.92,alginate=0.00,21.069939851760864
paper_vanilla_lstm_word2vec_sg,w2vSg__LSTM,paper_DL,dl,word2vec_sg frozen Embedding (paper TextVectorization),"LSTM(100, dropout=0.6) + Dense head",Paper arch+optimizer+EarlyStopping verbatim; batch=1024/4096 for non-trans/trans.,46,1,0.6941747572815534,0.5595440524387892,0.5306260560196092,0.5595440524387892,0.5381715792556726,alginate=1.00,alpha-mannan=0.00,24.93757700920105
paper_vanilla_lstm_doc2vec_dm,d2vDm__LSTM,paper_DL,dl,doc2vec_dm frozen Embedding (paper TextVectorization),"LSTM(100, dropout=0.6) + Dense head",Paper arch+optimizer+EarlyStopping verbatim; batch=1024/4096 for non-trans/trans.,46,1,0.6553398058252428,0.6087796012467065,0.5993277383417136,0.6087796012467065,0.5992761131803671,alginate=1.00,arabinogalactan=0.00,24.215396881103516
paper_lstm_with_attention_fasttext_cbow,ftCbow__LSTMattn,paper_DL,dl,fasttext_cbow frozen Embedding (paper TextVectorization),"LSTM(100, return_seq) + attention head",Paper arch+optimizer+EarlyStopping verbatim; batch=1024/4096 for non-trans/trans.,46,1,0.7912621359223301,0.7950688018122228,0.79736445307566,0.7950688018122228,0.7897444675717372,alginate=1.00,beta-mannan=0.46,15.526519060134888
paper_lstm_with_attention_fasttext_sg,ftSg__LSTMattn,paper_DL,dl,fasttext_sg frozen Embedding (paper TextVectorization),"LSTM(100, return_seq) + attention head",Paper arch+optimizer+EarlyStopping verbatim; batch=1024/4096 for non-trans/trans.,46,1,0.8203883495145631,0.7866920506394192,0.8373755109624675,0.7866920506394192,0.7995246186039026,alginate=1.00,arabinogalactan=0.43,15.857412099838257
paper_lstm_with_attention_word2vec_cbow,w2vCbow__LSTMattn,paper_DL,dl,word2vec_cbow frozen Embedding (paper TextVectorization),"LSTM(100, return_seq) + attention head",Paper arch+optimizer+EarlyStopping verbatim; batch=1024/4096 for non-trans/trans.,46,1,0.8252427184466019,0.8200253839727525,0.8208128664879903,0.8200253839727525,0.8134063820596329,alginate=1.00,beta-mannan=0.46,14.965702056884766
paper_lstm_with_attention_word2vec_sg,w2vSg__LSTMattn,paper_DL,dl,word2vec_sg frozen Embedding (paper TextVectorization),"LSTM(100, return_seq) + attention head",Paper arch+optimizer+EarlyStopping verbatim; batch=1024/4096 for non-trans/trans.,46,1,0.8009708737864077,0.7924872276845961,0.8048333918689955,0.7924872276845961,0.7916833888433272,alginate=1.00,arabinogalactan=0.43,13.66599416732788
paper_lstm_with_attention_doc2vec_dm,d2vDm__LSTMattn,paper_DL,dl,doc2vec_dm frozen Embedding (paper TextVectorization),"LSTM(100, return_seq) + attention head",Paper arch+optimizer+EarlyStopping verbatim; batch=1024/4096 for non-trans/trans.,46,1,0.8446601941747572,0.8469603897564424,0.839445860098034,0.8469603897564424,0.8355814931431631,alginate=1.00,arabinogalactan=0.57,16.764627933502197
paper_just_attention_fasttext_cbow,ftCbow__JustAttn,paper_DL,dl,fasttext_cbow frozen Embedding (paper TextVectorization),non_recurrent_attention (single attention pass),Paper arch+optimizer+EarlyStopping verbatim; batch=1024/4096 for non-trans/trans.,46,1,0.8300970873786407,0.8026966052952894,0.850554478201537,0.8026966052952894,0.8170586438233497,alginate=1.00,alpha-mannan=0.60,22.53606677055359
paper_just_attention_fasttext_sg,ftSg__JustAttn,paper_DL,dl,fasttext_sg frozen Embedding (paper TextVectorization),non_recurrent_attention (single attention pass),Paper arch+optimizer+EarlyStopping verbatim; batch=1024/4096 for non-trans/trans.,46,1,0.8155339805825242,0.801442508514877,0.8166710060092415,0.801442508514877,0.8030506435760895,alginate=1.00,beta-mannan=0.46,23.644044160842896
paper_just_attention_word2vec_cbow,w2vCbow__JustAttn,paper_DL,dl,word2vec_cbow frozen Embedding (paper TextVectorization),non_recurrent_attention (single attention pass),Paper arch+optimizer+EarlyStopping verbatim; batch=1024/4096 for non-trans/trans.,46,1,0.7864077669902912,0.7447931125891651,0.7769913156207015,0.7447931125891651,0.7527516055548317,alginate=1.00,fructan=0.33,27.482120990753174
paper_just_attention_word2vec_sg,w2vSg__JustAttn,paper_DL,dl,word2vec_sg frozen Embedding (paper TextVectorization),non_recurrent_attention (single attention pass),Paper arch+optimizer+EarlyStopping verbatim; batch=1024/4096 for non-trans/trans.,46,1,0.7766990291262136,0.7554875570336096,0.7766258292988208,0.7554875570336096,0.7563415384236984,alginate=1.00,beta-mannan=0.46,25.630523920059204
paper_just_attention_doc2vec_dm,d2vDm__JustAttn,paper_DL,dl,doc2vec_dm frozen Embedding (paper TextVectorization),non_recurrent_attention (single attention pass),Paper arch+optimizer+EarlyStopping verbatim; batch=1024/4096 for non-trans/trans.,46,1,0.7961165048543689,0.7564518668466037,0.7607140461559797,0.7564518668466037,0.7535965248034214,alginate=1.00,arabinogalactan=0.29,25.2569100856781
paper_transformer_fasttext_cbow,ftCbow__Trans,paper_DL,dl,fasttext_cbow frozen Embedding (paper TextVectorization),Transformer 4 blocks × 4 heads × head=128 × ff=512 × dropout=0.5 → GAP → softmax,Paper arch+optimizer+EarlyStopping verbatim; batch=1024.,46,1,0.8592233009708737,0.8417436620397147,0.8775789942509892,0.8417436620397147,0.851955214875383,alginate=1.00,arabinogalactan=0.57,71.94057607650757
paper_transformer_fasttext_sg,ftSg__Trans,paper_DL,dl,fasttext_sg frozen Embedding (paper TextVectorization),Transformer 4 blocks × 4 heads × head=128 × ff=512 × dropout=0.5 → GAP → softmax,Paper arch+optimizer+EarlyStopping verbatim; batch=1024.,46,1,0.7912621359223301,0.7481294984255511,0.7941104473218656,0.7481294984255511,0.7478128804226646,alginate=1.00,arabinogalactan=0.29,93.66456508636475
paper_transformer_word2vec_cbow,w2vCbow__Trans,paper_DL,dl,word2vec_cbow frozen Embedding (paper TextVectorization),Transformer 4 blocks × 4 heads × head=128 × ff=512 × dropout=0.5 → GAP → softmax,Paper arch+optimizer+EarlyStopping verbatim; batch=1024.,46,1,0.7961165048543689,0.7956899861834071,0.7778408412806909,0.7956899861834071,0.7770597291409279,alginate=1.00,arabinogalactan=0.43,75.87558913230896
paper_transformer_word2vec_sg,w2vSg__Trans,paper_DL,dl,word2vec_sg frozen Embedding (paper TextVectorization),Transformer 4 blocks × 4 heads × head=128 × ff=512 × dropout=0.5 → GAP → softmax,Paper arch+optimizer+EarlyStopping verbatim; batch=1024.,46,1,0.8398058252427184,0.820733283529336,0.8591236068895644,0.820733283529336,0.826927219255193,alginate=1.00,fructan=0.50,98.43286776542664
paper_transformer_doc2vec_dm,d2vDm__Trans,paper_DL,dl,doc2vec_dm frozen Embedding (paper TextVectorization),Transformer 4 blocks × 4 heads × head=128 × ff=512 × dropout=0.5 → GAP → softmax,Paper arch+optimizer+EarlyStopping verbatim; batch=1024.,46,1,0.8058252427184466,0.8012216840177366,0.7996517768399919,0.8012216840177366,0.7882720659316406,alginate=1.00,beta-mannan=0.46,92.6893482208252
ours_CountVec_OvR_ET,cpu__ET500_log2,ours_shallow,shallow,"CountVec_cpu (split ',' '|' '_'; sparse counts)",OvR(ExtraTrees n=500 log2 balanced bootstrap=False),Our tuned CountVec × ExtraTrees winner.,46,2,0.9029126213592233,0.8826827887025255,0.9016929983596649,0.8826827887025255,0.8899105679736169,alginate=1.00,arabinogalactan=0.57,3.0005838871002197
ours_FastText_OvR_ET,ftCbow_MM__ET500_sqrt,ours_shallow,shallow,FT_cbow mean+max concat 600d (gensim native ft.wv[t]),OvR(ExtraTrees n=500 sqrt balanced bootstrap=False),Our FastText alternative — gensim native API for n-gram OOV.,46,2,0.8980582524271845,0.8577021479982007,0.9119402248078718,0.8577021479982007,0.8785158983079876,alginate=1.00,arabinogalactan=0.43,3.0712850093841553
paper_CountVec_BRF,cv__BRF100,paper_shallow,shallow,CountVec_comma_pipe (sparse counts),OvR(BalancedRF n=100 balanced),Paper baseline.,46,2,0.8300970873786407,0.8002319099029626,0.8277274755107101,0.8002319099029626,0.8034042293056851,alpha-mannan=1.00,arabinogalactan=0.57,1.4683067798614502
paper_fasttext_cbow_BRF,ftCbow__BRF100,paper_shallow,shallow,fasttext_cbow mean of word vectors (gensim native wv[t]),OvR(BalancedRF n=100 balanced),Paper fasttext_cbow + BRF (gensim native API; n-gram OOV for FT).,46,2,0.8203883495145631,0.8145332883490779,0.7967317262873529,0.8145332883490779,0.8005795516212183,alginate=1.00,arabinogalactan=0.43,1.373013973236084
paper_fasttext_sg_BRF,ftSg__BRF100,paper_shallow,shallow,fasttext_sg mean of word vectors (gensim native wv[t]),OvR(BalancedRF n=100 balanced),Paper fasttext_sg + BRF (gensim native API; n-gram OOV for FT).,46,2,0.8009708737864077,0.7892867987275882,0.7807629994330761,0.7892867987275882,0.7775183392898876,alginate=1.00,arabinogalactan=0.57,1.3766319751739502
paper_word2vec_cbow_BRF,w2vCbow__BRF100,paper_shallow,shallow,word2vec_cbow mean of word vectors (gensim native wv[t]),OvR(BalancedRF n=100 balanced),Paper word2vec_cbow + BRF (gensim native API; n-gram OOV for FT).,46,2,0.7912621359223301,0.7849609199280252,0.7810087549497049,0.7849609199280252,0.772188742856874,alpha-mannan=1.00,arabinogalactan=0.43,1.381998062133789
paper_word2vec_sg_BRF,w2vSg__BRF100,paper_shallow,shallow,word2vec_sg mean of word vectors (gensim native wv[t]),OvR(BalancedRF n=100 balanced),Paper word2vec_sg + BRF (gensim native API; n-gram OOV for FT).,46,2,0.8203883495145631,0.8189678121586016,0.8140781093906094,0.8189678121586016,0.8064831651545646,alginate=1.00,arabinogalactan=0.57,1.4164400100708008
paper_doc2vec_dm_BRF,d2vDm__BRF100,paper_shallow,shallow,doc2vec_dm infer_vector (300d doc vec),OvR(BalancedRF n=100 balanced),Paper doc2vec_dm + BRF (precomputed infer_vector for all 1030 sup).,46,2,0.5776699029126213,0.5736656143564037,0.5820855874711445,0.5736656143564037,0.5668449069467042,beta-glucan=0.79,beta-mannan=0.36,1.3868107795715332
paper_doc2vec_dbow_BRF,d2vDbow__BRF100,paper_shallow,shallow,doc2vec_dbow infer_vector (300d doc vec),OvR(BalancedRF n=100 balanced),Paper doc2vec_dbow + BRF (precomputed infer_vector for all 1030 sup).,46,2,0.7718446601941747,0.7859341864276074,0.7434477681920137,0.7859341864276074,0.7504272596823749,alginate=0.90,pectin=0.67,1.4154036045074463
paper_vanilla_lstm_fasttext_cbow,ftCbow__LSTM,paper_DL,dl,fasttext_cbow frozen Embedding (paper TextVectorization),"LSTM(100, dropout=0.6) + Dense head",Paper arch+optimizer+EarlyStopping verbatim; batch=1024/4096 for non-trans/trans.,46,2,0.7378640776699029,0.6958632157316368,0.7173132636890402,0.6958632157316368,0.6948727261170052,alginate=1.00,arabinogalactan=0.29,25.38380479812622
paper_vanilla_lstm_fasttext_sg,ftSg__LSTM,paper_DL,dl,fasttext_sg frozen Embedding (paper TextVectorization),"LSTM(100, dropout=0.6) + Dense head",Paper arch+optimizer+EarlyStopping verbatim; batch=1024/4096 for non-trans/trans.,46,2,0.8058252427184466,0.7497244312704838,0.7860598228475194,0.7497244312704838,0.7590356546571358,alginate=1.00,arabinogalactan=0.14,31.30685591697693
paper_vanilla_lstm_word2vec_cbow,w2vCbow__LSTM,paper_DL,dl,word2vec_cbow frozen Embedding (paper TextVectorization),"LSTM(100, dropout=0.6) + Dense head",Paper arch+optimizer+EarlyStopping verbatim; batch=1024/4096 for non-trans/trans.,46,2,0.6116504854368932,0.4543124638519376,0.39185525826830186,0.4543124638519376,0.41326227772599533,beta-mannan=0.86,alginate=0.00,21.043746948242188
paper_vanilla_lstm_word2vec_sg,w2vSg__LSTM,paper_DL,dl,word2vec_sg frozen Embedding (paper TextVectorization),"LSTM(100, dropout=0.6) + Dense head",Paper arch+optimizer+EarlyStopping verbatim; batch=1024/4096 for non-trans/trans.,46,2,0.7330097087378641,0.6230415783047362,0.6312686595014182,0.6230415783047362,0.6135031967960526,alginate=1.00,alpha-mannan=0.00,21.988948822021484
paper_vanilla_lstm_doc2vec_dm,d2vDm__LSTM,paper_DL,dl,doc2vec_dm frozen Embedding (paper TextVectorization),"LSTM(100, dropout=0.6) + Dense head",Paper arch+optimizer+EarlyStopping verbatim; batch=1024/4096 for non-trans/trans.,46,2,0.6747572815533981,0.5629528548936443,0.5527571394619449,0.5629528548936443,0.5336212504569979,host glycan=0.90,alginate=0.00,24.805609941482544
paper_lstm_with_attention_fasttext_cbow,ftCbow__LSTMattn,paper_DL,dl,fasttext_cbow frozen Embedding (paper TextVectorization),"LSTM(100, return_seq) + attention head",Paper arch+optimizer+EarlyStopping verbatim; batch=1024/4096 for non-trans/trans.,46,2,0.8640776699029126,0.8359466775914143,0.8601793353817954,0.8359466775914143,0.8444773589091289,alginate=1.00,arabinogalactan=0.57,14.993841886520386
paper_lstm_with_attention_fasttext_sg,ftSg__LSTMattn,paper_DL,dl,fasttext_sg frozen Embedding (paper TextVectorization),"LSTM(100, return_seq) + attention head",Paper arch+optimizer+EarlyStopping verbatim; batch=1024/4096 for non-trans/trans.,46,2,0.8543689320388349,0.8258161830859199,0.8383266765204106,0.8258161830859199,0.8292134557014964,alginate=1.00,arabinogalactan=0.43,15.826835870742798
paper_lstm_with_attention_word2vec_cbow,w2vCbow__LSTMattn,paper_DL,dl,word2vec_cbow frozen Embedding (paper TextVectorization),"LSTM(100, return_seq) + attention head",Paper arch+optimizer+EarlyStopping verbatim; batch=1024/4096 for non-trans/trans.,46,2,0.8446601941747572,0.8258077887025256,0.8225895632145632,0.8258077887025256,0.8222773557815075,alginate=1.00,arabinogalactan=0.43,15.617482900619507
paper_lstm_with_attention_word2vec_sg,w2vSg__LSTMattn,paper_DL,dl,word2vec_sg frozen Embedding (paper TextVectorization),"LSTM(100, return_seq) + attention head",Paper arch+optimizer+EarlyStopping verbatim; batch=1024/4096 for non-trans/trans.,46,2,0.8203883495145631,0.7680776058736584,0.8246556574517099,0.7680776058736584,0.7870814338379312,alginate=1.00,arabinogalactan=0.43,15.030504941940308
paper_lstm_with_attention_doc2vec_dm,d2vDm__LSTMattn,paper_DL,dl,doc2vec_dm frozen Embedding (paper TextVectorization),"LSTM(100, return_seq) + attention head",Paper arch+optimizer+EarlyStopping verbatim; batch=1024/4096 for non-trans/trans.,46,2,0.8252427184466019,0.7868776910224278,0.8062401883830456,0.7868776910224278,0.7939412068868453,alginate=1.00,arabinogalactan=0.29,16.240883350372314
paper_just_attention_fasttext_cbow,ftCbow__JustAttn,paper_DL,dl,fasttext_cbow frozen Embedding (paper TextVectorization),non_recurrent_attention (single attention pass),Paper arch+optimizer+EarlyStopping verbatim; batch=1024/4096 for non-trans/trans.,46,2,0.8155339805825242,0.8032650536597904,0.8094420232053211,0.8032650536597904,0.7991571839037009,alginate=1.00,beta-mannan=0.64,23.179993152618408
paper_just_attention_fasttext_sg,ftSg__JustAttn,paper_DL,dl,fasttext_sg frozen Embedding (paper TextVectorization),non_recurrent_attention (single attention pass),Paper arch+optimizer+EarlyStopping verbatim; batch=1024/4096 for non-trans/trans.,46,2,0.8252427184466019,0.8178374220808431,0.84906045751634,0.8178374220808431,0.8134735982618349,alginate=1.00,arabinogalactan=0.57,30.582343101501465
paper_just_attention_word2vec_cbow,w2vCbow__JustAttn,paper_DL,dl,word2vec_cbow frozen Embedding (paper TextVectorization),non_recurrent_attention (single attention pass),Paper arch+optimizer+EarlyStopping verbatim; batch=1024/4096 for non-trans/trans.,46,2,0.8446601941747572,0.8065185399395925,0.8539020303415228,0.8065185399395925,0.8230197688543721,host glycan=0.96,fructan=0.67,19.871535778045654
paper_just_attention_word2vec_sg,w2vSg__JustAttn,paper_DL,dl,word2vec_sg frozen Embedding (paper TextVectorization),non_recurrent_attention (single attention pass),Paper arch+optimizer+EarlyStopping verbatim; batch=1024/4096 for non-trans/trans.,46,2,0.8203883495145631,0.7827888631835999,0.8380342488624953,0.7827888631835999,0.7991986324780543,alginate=1.00,beta-mannan=0.57,32.559935092926025
paper_just_attention_doc2vec_dm,d2vDm__JustAttn,paper_DL,dl,doc2vec_dm frozen Embedding (paper TextVectorization),non_recurrent_attention (single attention pass),Paper arch+optimizer+EarlyStopping verbatim; batch=1024/4096 for non-trans/trans.,46,2,0.7766990291262136,0.7238373979821349,0.763433476926124,0.7238373979821349,0.734108691911841,alginate=1.00,arabinogalactan=0.29,22.167150259017944
paper_transformer_fasttext_cbow,ftCbow__Trans,paper_DL,dl,fasttext_cbow frozen Embedding (paper TextVectorization),Transformer 4 blocks × 4 heads × head=128 × ff=512 × dropout=0.5 → GAP → softmax,Paper arch+optimizer+EarlyStopping verbatim; batch=1024.,46,2,0.8300970873786407,0.78165991902834,0.8110879643232584,0.78165991902834,0.7922287169591536,alginate=1.00,arabinogalactan=0.29,77.33312606811523
paper_transformer_fasttext_sg,ftSg__Trans,paper_DL,dl,fasttext_sg frozen Embedding (paper TextVectorization),Transformer 4 blocks × 4 heads × head=128 × ff=512 × dropout=0.5 → GAP → softmax,Paper arch+optimizer+EarlyStopping verbatim; batch=1024.,46,2,0.8349514563106796,0.789087422080843,0.8225142203131531,0.789087422080843,0.8000847377136037,alginate=1.00,arabinogalactan=0.29,113.11499786376953
paper_transformer_word2vec_cbow,w2vCbow__Trans,paper_DL,dl,word2vec_cbow frozen Embedding (paper TextVectorization),Transformer 4 blocks × 4 heads × head=128 × ff=512 × dropout=0.5 → GAP → softmax,Paper arch+optimizer+EarlyStopping verbatim; batch=1024.,46,2,0.7961165048543689,0.741054278324015,0.7480662172857069,0.741054278324015,0.7411145672025814,alginate=1.00,arabinogalactan=0.00,76.59058976173401
paper_transformer_word2vec_sg,w2vSg__Trans,paper_DL,dl,word2vec_sg frozen Embedding (paper TextVectorization),Transformer 4 blocks × 4 heads × head=128 × ff=512 × dropout=0.5 → GAP → softmax,Paper arch+optimizer+EarlyStopping verbatim; batch=1024.,46,2,0.8106796116504854,0.7673914754835808,0.8244893790849673,0.7673914754835808,0.7841672647877918,alginate=1.00,arabinogalactan=0.43,96.20641899108887
paper_transformer_doc2vec_dm,d2vDm__Trans,paper_DL,dl,doc2vec_dm frozen Embedding (paper TextVectorization),Transformer 4 blocks × 4 heads × head=128 × ff=512 × dropout=0.5 → GAP → softmax,Paper arch+optimizer+EarlyStopping verbatim; batch=1024.,46,2,0.8058252427184466,0.7756971354668721,0.7897571907550899,0.7756971354668721,0.7781464576954552,alginate=1.00,arabinogalactan=0.43,107.34319615364075
ours_CountVec_OvR_ET,cpu__ET500_log2,ours_shallow,shallow,"CountVec_cpu (split ',' '|' '_'; sparse counts)",OvR(ExtraTrees n=500 log2 balanced bootstrap=False),Our tuned CountVec × ExtraTrees winner.,46,3,0.9029126213592233,0.8934523809523808,0.9060057768734681,0.8934523809523808,0.8968896783665925,alginate=1.00,alpha-mannan=0.75,2.9121737480163574
ours_FastText_OvR_ET,ftCbow_MM__ET500_sqrt,ours_shallow,shallow,FT_cbow mean+max concat 600d (gensim native ft.wv[t]),OvR(ExtraTrees n=500 sqrt balanced bootstrap=False),Our FastText alternative — gensim native API for n-gram OOV.,46,3,0.8883495145631068,0.8815361721611721,0.8956537897386262,0.8815361721611721,0.8858381932262609,alginate=1.00,alpha-mannan=0.75,2.9730639457702637
paper_CountVec_BRF,cv__BRF100,paper_shallow,shallow,CountVec_comma_pipe (sparse counts),OvR(BalancedRF n=100 balanced),Paper baseline.,46,3,0.8398058252427184,0.8571619352869352,0.8346422912599384,0.8571619352869352,0.8414970591038903,alginate=1.00,pectin=0.70,1.4902291297912598
paper_fasttext_cbow_BRF,ftCbow__BRF100,paper_shallow,shallow,fasttext_cbow mean of word vectors (gensim native wv[t]),OvR(BalancedRF n=100 balanced),Paper fasttext_cbow + BRF (gensim native API; n-gram OOV for FT).,46,3,0.7815533980582524,0.755860805860806,0.7447094096143484,0.755860805860806,0.7422044220034837,alginate=1.00,alpha-mannan=0.50,1.3682918548583984
paper_fasttext_sg_BRF,ftSg__BRF100,paper_shallow,shallow,fasttext_sg mean of word vectors (gensim native wv[t]),OvR(BalancedRF n=100 balanced),Paper fasttext_sg + BRF (gensim native API; n-gram OOV for FT).,46,3,0.8203883495145631,0.8358211233211233,0.7782867527352821,0.8358211233211233,0.7945704539523782,alginate=1.00,beta-glucan=0.67,1.3916420936584473
paper_word2vec_cbow_BRF,w2vCbow__BRF100,paper_shallow,shallow,word2vec_cbow mean of word vectors (gensim native wv[t]),OvR(BalancedRF n=100 balanced),Paper word2vec_cbow + BRF (gensim native API; n-gram OOV for FT).,46,3,0.8155339805825242,0.8146405677655678,0.7937593596214655,0.8146405677655678,0.7908053523393844,alginate=1.00,alpha-mannan=0.50,1.3830599784851074
paper_word2vec_sg_BRF,w2vSg__BRF100,paper_shallow,shallow,word2vec_sg mean of word vectors (gensim native wv[t]),OvR(BalancedRF n=100 balanced),Paper word2vec_sg + BRF (gensim native API; n-gram OOV for FT).,46,3,0.8252427184466019,0.8384882478632479,0.7918288777499304,0.8384882478632479,0.8054797361894441,alginate=1.00,beta-glucan=0.67,1.3963277339935303
paper_doc2vec_dm_BRF,d2vDm__BRF100,paper_shallow,shallow,doc2vec_dm infer_vector (300d doc vec),OvR(BalancedRF n=100 balanced),Paper doc2vec_dm + BRF (precomputed infer_vector for all 1030 sup).,46,3,0.5485436893203883,0.5190921347171348,0.5229210791429683,0.5190921347171348,0.5021552923975862,chitin=0.67,beta-mannan=0.21,1.3672301769256592
paper_doc2vec_dbow_BRF,d2vDbow__BRF100,paper_shallow,shallow,doc2vec_dbow infer_vector (300d doc vec),OvR(BalancedRF n=100 balanced),Paper doc2vec_dbow + BRF (precomputed infer_vector for all 1030 sup).,46,3,0.7378640776699029,0.7592338217338218,0.7328175847243994,0.7592338217338218,0.7351121423443207,alginate=1.00,alpha-mannan=0.50,1.36893892288208
paper_vanilla_lstm_fasttext_cbow,ftCbow__LSTM,paper_DL,dl,fasttext_cbow frozen Embedding (paper TextVectorization),"LSTM(100, dropout=0.6) + Dense head",Paper arch+optimizer+EarlyStopping verbatim; batch=1024/4096 for non-trans/trans.,46,3,0.6310679611650486,0.5212377899877899,0.4749550887651881,0.5212377899877899,0.48072453861980097,alpha-glucan=0.88,alpha-mannan=0.00,17.814952850341797
paper_vanilla_lstm_fasttext_sg,ftSg__LSTM,paper_DL,dl,fasttext_sg frozen Embedding (paper TextVectorization),"LSTM(100, dropout=0.6) + Dense head",Paper arch+optimizer+EarlyStopping verbatim; batch=1024/4096 for non-trans/trans.,46,3,0.6796116504854369,0.5343114061864062,0.502026258897976,0.5343114061864062,0.5095753081038513,alpha-glucan=0.96,alpha-mannan=0.00,21.579442977905273
paper_vanilla_lstm_word2vec_cbow,w2vCbow__LSTM,paper_DL,dl,word2vec_cbow frozen Embedding (paper TextVectorization),"LSTM(100, dropout=0.6) + Dense head",Paper arch+optimizer+EarlyStopping verbatim; batch=1024/4096 for non-trans/trans.,46,3,0.6310679611650486,0.5156300875050875,0.4926541335532564,0.5156300875050875,0.4874687999842626,alpha-glucan=0.92,arabinogalactan=0.00,19.240177154541016
paper_vanilla_lstm_word2vec_sg,w2vSg__LSTM,paper_DL,dl,word2vec_sg frozen Embedding (paper TextVectorization),"LSTM(100, dropout=0.6) + Dense head",Paper arch+optimizer+EarlyStopping verbatim; batch=1024/4096 for non-trans/trans.,46,3,0.6456310679611651,0.5188682844932845,0.5421344508031815,0.5188682844932845,0.4980693105033067,alginate=1.00,alpha-mannan=0.00,16.73548412322998
paper_vanilla_lstm_doc2vec_dm,d2vDm__LSTM,paper_DL,dl,doc2vec_dm frozen Embedding (paper TextVectorization),"LSTM(100, dropout=0.6) + Dense head",Paper arch+optimizer+EarlyStopping verbatim; batch=1024/4096 for non-trans/trans.,46,3,0.4320388349514563,0.268883547008547,0.17558068920064027,0.268883547008547,0.204677227803266,pectin=0.85,alginate=0.00,14.715988874435425
paper_lstm_with_attention_fasttext_cbow,ftCbow__LSTMattn,paper_DL,dl,fasttext_cbow frozen Embedding (paper TextVectorization),"LSTM(100, return_seq) + attention head",Paper arch+optimizer+EarlyStopping verbatim; batch=1024/4096 for non-trans/trans.,46,3,0.8106796116504854,0.8049679487179487,0.8086167756137268,0.8049679487179487,0.7967522071750338,alginate=1.00,fructan=0.57,13.927729845046997
paper_lstm_with_attention_fasttext_sg,ftSg__LSTMattn,paper_DL,dl,fasttext_sg frozen Embedding (paper TextVectorization),"LSTM(100, return_seq) + attention head",Paper arch+optimizer+EarlyStopping verbatim; batch=1024/4096 for non-trans/trans.,46,3,0.7912621359223301,0.772050518925519,0.7949511619796708,0.772050518925519,0.7704821286741891,alginate=1.00,alpha-mannan=0.50,15.048235893249512
paper_lstm_with_attention_word2vec_cbow,w2vCbow__LSTMattn,paper_DL,dl,word2vec_cbow frozen Embedding (paper TextVectorization),"LSTM(100, return_seq) + attention head",Paper arch+optimizer+EarlyStopping verbatim; batch=1024/4096 for non-trans/trans.,46,3,0.7961165048543689,0.7931318681318683,0.772956926222481,0.7931318681318683,0.7764414434431229,alginate=1.00,fructan=0.43,14.957100629806519
paper_lstm_with_attention_word2vec_sg,w2vSg__LSTMattn,paper_DL,dl,word2vec_sg frozen Embedding (paper TextVectorization),"LSTM(100, return_seq) + attention head",Paper arch+optimizer+EarlyStopping verbatim; batch=1024/4096 for non-trans/trans.,46,3,0.7864077669902912,0.797882326007326,0.7647159887511393,0.797882326007326,0.7764182848084781,alginate=1.00,galactan=0.64,16.743907928466797
paper_lstm_with_attention_doc2vec_dm,d2vDm__LSTMattn,paper_DL,dl,doc2vec_dm frozen Embedding (paper TextVectorization),"LSTM(100, return_seq) + attention head",Paper arch+optimizer+EarlyStopping verbatim; batch=1024/4096 for non-trans/trans.,46,3,0.8009708737864077,0.7799374236874237,0.7926465904087387,0.7799374236874237,0.7822795221900843,alginate=1.00,fructan=0.57,13.708968162536621
paper_just_attention_fasttext_cbow,ftCbow__JustAttn,paper_DL,dl,fasttext_cbow frozen Embedding (paper TextVectorization),non_recurrent_attention (single attention pass),Paper arch+optimizer+EarlyStopping verbatim; batch=1024/4096 for non-trans/trans.,46,3,0.7669902912621359,0.7390148046398046,0.7486615672245894,0.7390148046398046,0.7376474149495533,alginate=1.00,fructan=0.43,18.617475986480713
paper_just_attention_fasttext_sg,ftSg__JustAttn,paper_DL,dl,fasttext_sg frozen Embedding (paper TextVectorization),non_recurrent_attention (single attention pass),Paper arch+optimizer+EarlyStopping verbatim; batch=1024/4096 for non-trans/trans.,46,3,0.7912621359223301,0.7918803418803421,0.7851159060731906,0.7918803418803421,0.7851985811566183,alginate=1.00,galactan=0.57,34.95512795448303
paper_just_attention_word2vec_cbow,w2vCbow__JustAttn,paper_DL,dl,word2vec_cbow frozen Embedding (paper TextVectorization),non_recurrent_attention (single attention pass),Paper arch+optimizer+EarlyStopping verbatim; batch=1024/4096 for non-trans/trans.,46,3,0.6990291262135923,0.6672631766381767,0.7512633908803265,0.6672631766381767,0.6832180523515947,alginate=0.89,arabinogalactan=0.38,15.893667936325073
paper_just_attention_word2vec_sg,w2vSg__JustAttn,paper_DL,dl,word2vec_sg frozen Embedding (paper TextVectorization),non_recurrent_attention (single attention pass),Paper arch+optimizer+EarlyStopping verbatim; batch=1024/4096 for non-trans/trans.,46,3,0.8203883495145631,0.8021100427350426,0.8060491822991823,0.8021100427350426,0.7978883092448257,alginate=1.00,beta-mannan=0.64,33.27288293838501
paper_just_attention_doc2vec_dm,d2vDm__JustAttn,paper_DL,dl,doc2vec_dm frozen Embedding (paper TextVectorization),non_recurrent_attention (single attention pass),Paper arch+optimizer+EarlyStopping verbatim; batch=1024/4096 for non-trans/trans.,46,3,0.7281553398058253,0.6224994912494911,0.7417892156862745,0.6224994912494911,0.661190517801426,host glycan=0.96,alpha-mannan=0.00,13.09958291053772
paper_transformer_fasttext_cbow,ftCbow__Trans,paper_DL,dl,fasttext_cbow frozen Embedding (paper TextVectorization),Transformer 4 blocks × 4 heads × head=128 × ff=512 × dropout=0.5 → GAP → softmax,Paper arch+optimizer+EarlyStopping verbatim; batch=1024.,46,3,0.8009708737864077,0.8029647435897437,0.7879030691530692,0.8029647435897437,0.78455663676452,alginate=1.00,fructan=0.43,63.252798318862915
paper_transformer_fasttext_sg,ftSg__Trans,paper_DL,dl,fasttext_sg frozen Embedding (paper TextVectorization),Transformer 4 blocks × 4 heads × head=128 × ff=512 × dropout=0.5 → GAP → softmax,Paper arch+optimizer+EarlyStopping verbatim; batch=1024.,46,3,0.7766990291262136,0.7645604395604395,0.7999821523505734,0.7645604395604395,0.7628450554236085,alginate=1.00,fructan=0.29,78.28694772720337
paper_transformer_word2vec_cbow,w2vCbow__Trans,paper_DL,dl,word2vec_cbow frozen Embedding (paper TextVectorization),Transformer 4 blocks × 4 heads × head=128 × ff=512 × dropout=0.5 → GAP → softmax,Paper arch+optimizer+EarlyStopping verbatim; batch=1024.,46,3,0.7912621359223301,0.7856036324786325,0.7864313640435933,0.7856036324786325,0.774230494247793,alginate=1.00,fructan=0.57,73.39005398750305
paper_transformer_word2vec_sg,w2vSg__Trans,paper_DL,dl,word2vec_sg frozen Embedding (paper TextVectorization),Transformer 4 blocks × 4 heads × head=128 × ff=512 × dropout=0.5 → GAP → softmax,Paper arch+optimizer+EarlyStopping verbatim; batch=1024.,46,3,0.7233009708737864,0.6975885225885227,0.7521139739889741,0.6975885225885227,0.7084630027635108,alginate=1.00,galactan=0.50,61.46349310874939
paper_transformer_doc2vec_dm,d2vDm__Trans,paper_DL,dl,doc2vec_dm frozen Embedding (paper TextVectorization),Transformer 4 blocks × 4 heads × head=128 × ff=512 × dropout=0.5 → GAP → softmax,Paper arch+optimizer+EarlyStopping verbatim; batch=1024.,46,3,0.7621359223300971,0.7586958180708181,0.7376640581397385,0.7586958180708181,0.7412020458446941,alginate=1.00,arabinogalactan=0.50,79.0614230632782
ours_CountVec_OvR_ET,cpu__ET500_log2,ours_shallow,shallow,"CountVec_cpu (split ',' '|' '_'; sparse counts)",OvR(ExtraTrees n=500 log2 balanced bootstrap=False),Our tuned CountVec × ExtraTrees winner.,46,4,0.912621359223301,0.89953373015873,0.9148532948532947,0.89953373015873,0.9026193816222475,alginate=1.00,beta-mannan=0.57,2.9060051441192627
ours_FastText_OvR_ET,ftCbow_MM__ET500_sqrt,ours_shallow,shallow,FT_cbow mean+max concat 600d (gensim native ft.wv[t]),OvR(ExtraTrees n=500 sqrt balanced bootstrap=False),Our FastText alternative — gensim native API for n-gram OOV.,46,4,0.9077669902912622,0.8812797619047618,0.9171833885069178,0.8812797619047618,0.8921005691839025,alginate=1.00,arabinogalactan=0.57,2.939893960952759
paper_CountVec_BRF,cv__BRF100,paper_shallow,shallow,CountVec_comma_pipe (sparse counts),OvR(BalancedRF n=100 balanced),Paper baseline.,46,4,0.8737864077669902,0.85707036019536,0.8559940482399483,0.85707036019536,0.8448946181036515,alginate=1.00,beta-mannan=0.43,1.4952077865600586
paper_fasttext_cbow_BRF,ftCbow__BRF100,paper_shallow,shallow,fasttext_cbow mean of word vectors (gensim native wv[t]),OvR(BalancedRF n=100 balanced),Paper fasttext_cbow + BRF (gensim native API; n-gram OOV for FT).,46,4,0.8689320388349514,0.8743521062271062,0.8655454466986976,0.8743521062271062,0.8587321607191255,alginate=1.00,beta-mannan=0.57,1.3900632858276367
paper_fasttext_sg_BRF,ftSg__BRF100,paper_shallow,shallow,fasttext_sg mean of word vectors (gensim native wv[t]),OvR(BalancedRF n=100 balanced),Paper fasttext_sg + BRF (gensim native API; n-gram OOV for FT).,46,4,0.8592233009708737,0.86123778998779,0.8110038938199694,0.86123778998779,0.8266352240436908,alginate=1.00,beta-mannan=0.57,1.3794867992401123
paper_word2vec_cbow_BRF,w2vCbow__BRF100,paper_shallow,shallow,word2vec_cbow mean of word vectors (gensim native wv[t]),OvR(BalancedRF n=100 balanced),Paper word2vec_cbow + BRF (gensim native API; n-gram OOV for FT).,46,4,0.8349514563106796,0.8281631562881563,0.8234624319730703,0.8281631562881563,0.816202157247706,alginate=1.00,galactan=0.53,1.395111322402954
paper_word2vec_sg_BRF,w2vSg__BRF100,paper_shallow,shallow,word2vec_sg mean of word vectors (gensim native wv[t]),OvR(BalancedRF n=100 balanced),Paper word2vec_sg + BRF (gensim native API; n-gram OOV for FT).,46,4,0.8349514563106796,0.8259516178266177,0.8305786125639067,0.8259516178266177,0.8234328787221658,alginate=1.00,beta-mannan=0.57,1.3841516971588135
paper_doc2vec_dm_BRF,d2vDm__BRF100,paper_shallow,shallow,doc2vec_dm infer_vector (300d doc vec),OvR(BalancedRF n=100 balanced),Paper doc2vec_dm + BRF (precomputed infer_vector for all 1030 sup).,46,4,0.6504854368932039,0.624473951973952,0.6004095963138517,0.624473951973952,0.600042306621254,alpha-mannan=1.00,arabinogalactan=0.29,1.3714957237243652
paper_doc2vec_dbow_BRF,d2vDbow__BRF100,paper_shallow,shallow,doc2vec_dbow infer_vector (300d doc vec),OvR(BalancedRF n=100 balanced),Paper doc2vec_dbow + BRF (precomputed infer_vector for all 1030 sup).,46,4,0.7669902912621359,0.7748168498168497,0.7481899704326175,0.7748168498168497,0.748869738109852,alginate=1.00,beta-mannan=0.36,1.402405023574829
paper_vanilla_lstm_fasttext_cbow,ftCbow__LSTM,paper_DL,dl,fasttext_cbow frozen Embedding (paper TextVectorization),"LSTM(100, dropout=0.6) + Dense head",Paper arch+optimizer+EarlyStopping verbatim; batch=1024/4096 for non-trans/trans.,46,4,0.5679611650485437,0.4198290598290599,0.39639128109872795,0.4198290598290599,0.38588172160848755,alginate=1.00,alpha-mannan=0.00,18.061380863189697
paper_vanilla_lstm_fasttext_sg,ftSg__LSTM,paper_DL,dl,fasttext_sg frozen Embedding (paper TextVectorization),"LSTM(100, dropout=0.6) + Dense head",Paper arch+optimizer+EarlyStopping verbatim; batch=1024/4096 for non-trans/trans.,46,4,0.7427184466019418,0.6171283577533577,0.6749158987536181,0.6171283577533577,0.6132986298094663,alginate=1.00,alpha-mannan=0.00,26.11389684677124
paper_vanilla_lstm_word2vec_cbow,w2vCbow__LSTM,paper_DL,dl,word2vec_cbow frozen Embedding (paper TextVectorization),"LSTM(100, dropout=0.6) + Dense head",Paper arch+optimizer+EarlyStopping verbatim; batch=1024/4096 for non-trans/trans.,46,4,0.3786407766990291,0.21331374643874643,0.14617175666296936,0.21331374643874643,0.15861434240400932,alpha-glucan=0.85,alpha-mannan=0.00,13.970578908920288
paper_vanilla_lstm_word2vec_sg,w2vSg__LSTM,paper_DL,dl,word2vec_sg frozen Embedding (paper TextVectorization),"LSTM(100, dropout=0.6) + Dense head",Paper arch+optimizer+EarlyStopping verbatim; batch=1024/4096 for non-trans/trans.,46,4,0.6456310679611651,0.5541910866910866,0.566934939495915,0.5541910866910866,0.5221428951880044,alginate=1.00,alpha-mannan=0.00,24.224395990371704
paper_vanilla_lstm_doc2vec_dm,d2vDm__LSTM,paper_DL,dl,doc2vec_dm frozen Embedding (paper TextVectorization),"LSTM(100, dropout=0.6) + Dense head",Paper arch+optimizer+EarlyStopping verbatim; batch=1024/4096 for non-trans/trans.,46,4,0.5339805825242718,0.380254884004884,0.34505221094075256,0.380254884004884,0.3445617212612458,chitin=0.92,alginate=0.00,23.260572910308838
paper_lstm_with_attention_fasttext_cbow,ftCbow__LSTMattn,paper_DL,dl,fasttext_cbow frozen Embedding (paper TextVectorization),"LSTM(100, return_seq) + attention head",Paper arch+optimizer+EarlyStopping verbatim; batch=1024/4096 for non-trans/trans.,46,4,0.8009708737864077,0.7732226800976801,0.8199342908553436,0.7732226800976801,0.771753754660088,alginate=1.00,arabinogalactan=0.29,13.71641492843628
paper_lstm_with_attention_fasttext_sg,ftSg__LSTMattn,paper_DL,dl,fasttext_sg frozen Embedding (paper TextVectorization),"LSTM(100, return_seq) + attention head",Paper arch+optimizer+EarlyStopping verbatim; batch=1024/4096 for non-trans/trans.,46,4,0.8398058252427184,0.8146314102564102,0.8206084194642548,0.8146314102564102,0.8091986412622639,alginate=1.00,beta-mannan=0.29,19.113455057144165
paper_lstm_with_attention_word2vec_cbow,w2vCbow__LSTMattn,paper_DL,dl,word2vec_cbow frozen Embedding (paper TextVectorization),"LSTM(100, return_seq) + attention head",Paper arch+optimizer+EarlyStopping verbatim; batch=1024/4096 for non-trans/trans.,46,4,0.8155339805825242,0.7992132173382173,0.8368815189893621,0.7992132173382173,0.8021630091882078,alginate=1.00,beta-mannan=0.36,14.28137493133545
paper_lstm_with_attention_word2vec_sg,w2vSg__LSTMattn,paper_DL,dl,word2vec_sg frozen Embedding (paper TextVectorization),"LSTM(100, return_seq) + attention head",Paper arch+optimizer+EarlyStopping verbatim; batch=1024/4096 for non-trans/trans.,46,4,0.8155339805825242,0.8034989316239316,0.8291879787977567,0.8034989316239316,0.8017058849606018,alginate=1.00,beta-mannan=0.43,15.129451990127563
paper_lstm_with_attention_doc2vec_dm,d2vDm__LSTMattn,paper_DL,dl,doc2vec_dm frozen Embedding (paper TextVectorization),"LSTM(100, return_seq) + attention head",Paper arch+optimizer+EarlyStopping verbatim; batch=1024/4096 for non-trans/trans.,46,4,0.8058252427184466,0.7793414224664224,0.8148099027409371,0.7793414224664224,0.7808190765677153,alginate=1.00,beta-mannan=0.36,13.826635122299194
paper_just_attention_fasttext_cbow,ftCbow__JustAttn,paper_DL,dl,fasttext_cbow frozen Embedding (paper TextVectorization),non_recurrent_attention (single attention pass),Paper arch+optimizer+EarlyStopping verbatim; batch=1024/4096 for non-trans/trans.,46,4,0.7621359223300971,0.7660569291819291,0.751633286868794,0.7660569291819291,0.7490666987156372,alginate=1.00,galactan=0.27,15.631562948226929
paper_just_attention_fasttext_sg,ftSg__JustAttn,paper_DL,dl,fasttext_sg frozen Embedding (paper TextVectorization),non_recurrent_attention (single attention pass),Paper arch+optimizer+EarlyStopping verbatim; batch=1024/4096 for non-trans/trans.,46,4,0.7864077669902912,0.797822039072039,0.8082782530425051,0.797822039072039,0.7705838404080333,alginate=1.00,beta-mannan=0.21,30.0705349445343
paper_just_attention_word2vec_cbow,w2vCbow__JustAttn,paper_DL,dl,word2vec_cbow frozen Embedding (paper TextVectorization),non_recurrent_attention (single attention pass),Paper arch+optimizer+EarlyStopping verbatim; batch=1024/4096 for non-trans/trans.,46,4,0.8009708737864077,0.7771405677655677,0.8394237201708467,0.7771405677655677,0.7888681258938098,alginate=1.00,beta-mannan=0.36,19.069493055343628
paper_just_attention_word2vec_sg,w2vSg__JustAttn,paper_DL,dl,word2vec_sg frozen Embedding (paper TextVectorization),non_recurrent_attention (single attention pass),Paper arch+optimizer+EarlyStopping verbatim; batch=1024/4096 for non-trans/trans.,46,4,0.7718446601941747,0.7830006105006104,0.7799274634096062,0.7830006105006104,0.747432187822648,alginate=1.00,beta-mannan=0.21,29.974006175994873
paper_just_attention_doc2vec_dm,d2vDm__JustAttn,paper_DL,dl,doc2vec_dm frozen Embedding (paper TextVectorization),non_recurrent_attention (single attention pass),Paper arch+optimizer+EarlyStopping verbatim; batch=1024/4096 for non-trans/trans.,46,4,0.7864077669902912,0.7885760073260073,0.7889026543631807,0.7885760073260073,0.7655502792092922,alginate=1.00,beta-mannan=0.29,20.32699704170227
paper_transformer_fasttext_cbow,ftCbow__Trans,paper_DL,dl,fasttext_cbow frozen Embedding (paper TextVectorization),Transformer 4 blocks × 4 heads × head=128 × ff=512 × dropout=0.5 → GAP → softmax,Paper arch+optimizer+EarlyStopping verbatim; batch=1024.,46,4,0.8155339805825242,0.8044513125763126,0.8172644485144486,0.8044513125763126,0.8030842024928534,alginate=1.00,beta-mannan=0.50,76.31148386001587
paper_transformer_fasttext_sg,ftSg__Trans,paper_DL,dl,fasttext_sg frozen Embedding (paper TextVectorization),Transformer 4 blocks × 4 heads × head=128 × ff=512 × dropout=0.5 → GAP → softmax,Paper arch+optimizer+EarlyStopping verbatim; batch=1024.,46,4,0.8640776699029126,0.8501167582417583,0.8695824993929756,0.8501167582417583,0.8466313677083849,alginate=1.00,galactan=0.53,108.72383999824524
paper_transformer_word2vec_cbow,w2vCbow__Trans,paper_DL,dl,word2vec_cbow frozen Embedding (paper TextVectorization),Transformer 4 blocks × 4 heads × head=128 × ff=512 × dropout=0.5 → GAP → softmax,Paper arch+optimizer+EarlyStopping verbatim; batch=1024.,46,4,0.7864077669902912,0.7757593101343101,0.7601941581785693,0.7757593101343101,0.7542289113866673,alginate=1.00,arabinogalactan=0.14,65.29902005195618
paper_transformer_word2vec_sg,w2vSg__Trans,paper_DL,dl,word2vec_sg frozen Embedding (paper TextVectorization),Transformer 4 blocks × 4 heads × head=128 × ff=512 × dropout=0.5 → GAP → softmax,Paper arch+optimizer+EarlyStopping verbatim; batch=1024.,46,4,0.8398058252427184,0.8288873626373626,0.831814986913671,0.8288873626373626,0.8200013900671795,alginate=1.00,fructan=0.50,95.62050580978394
paper_transformer_doc2vec_dm,d2vDm__Trans,paper_DL,dl,doc2vec_dm frozen Embedding (paper TextVectorization),Transformer 4 blocks × 4 heads × head=128 × ff=512 × dropout=0.5 → GAP → softmax,Paper arch+optimizer+EarlyStopping verbatim; batch=1024.,46,4,0.8009708737864077,0.7871092796092797,0.7785564653211713,0.7871092796092797,0.7757892057298662,alginate=1.00,arabinogalactan=0.43,88.05161905288696
